        1902           3          40
           3        3592           3
          12         141           2
          11          69           2
      48      -1.000       0.000
     141       0.000       0.000
     142       1.000       0.221
     227       2.000       0.442
    1578       3.000       0.663
     140       4.000       0.884
    1538       5.000       1.105
     143       6.000       1.326
     265       7.000       1.548
    1660       8.000       1.769
    1259       9.000       1.990
    1872      10.000       2.211
      47      11.000       2.432
     280      12.000       2.653
      49      13.000       2.874
    1321      14.000       3.372
    1322      15.000       3.791
    1160      16.000       4.038
    1158      17.000       4.365
    1044      18.000       4.614
    1258      19.000       5.163
    1885      20.000       5.400
     139      21.000       6.089
    1471      22.000       6.380
    1890      23.000       6.739
     144      24.000       6.761
     906      25.000       7.110
    1336      26.000       7.435
    1340      27.000       8.270
    1159      28.000       9.163
    1477      29.000       9.658
    1157      30.000      10.239
    1043      31.000      10.542
     868      32.000      10.730
    1079      33.000      10.699
     138      34.000      10.765
     217      35.000      10.657
    1793      36.000      10.864
      50      37.000      10.940
    1898      38.000      11.053
    1827      39.000      11.251
     291      40.000      11.464
    1732      41.000      11.573
    1293      42.000      11.250
     706      43.000      11.113
     993      44.000      10.844
    1778      45.000      10.311
    1542      46.000       9.798
     855      47.000       9.499
     867      48.000       9.499
    1143      48.000      -5.000
      46      -1.000      -5.000
    1701      -0.435       0.000
    1459       0.333       0.074
     145       0.667       0.147
     146       1.333       0.295
    1111       1.667       0.368
     976       2.333       0.516
     680       2.667       0.589
     788       3.333       0.737
    1824       3.667       0.810
     506       4.333       0.958
    1117       4.667       1.031
     854       5.333       1.179
     737       5.667       1.252
    1324       6.333       1.400
    1008       6.667       1.474
     137       7.333       1.622
     289       7.667       1.695
    1150       8.333       1.843
     147       8.667       1.916
    1788       9.333       2.064
     252       9.667       2.137
    1562      10.333       2.285
     888      10.667       2.358
     747      11.333       2.506
     505      11.667       2.579
    1794      12.333       2.727
     485      12.667       2.800
    1118      13.333       3.040
     856      13.667       3.206
     736      14.333       3.512
     709      14.667       3.651
     781      15.333       3.873
    1005      15.667       3.956
     136      16.333       4.147
    1586      16.667       4.256
    1572      17.333       4.448
     256      17.667       4.531
     148      18.333       4.797
    1677      18.667       4.980
    1251      19.333       5.242
    1064      19.667       5.321
    1063      20.333       5.630
    1567      20.667       5.859
     484      21.333       6.186
    1713      21.667       6.283
     391      22.333       6.500
    1119      22.667       6.619
    1573      23.500       6.750
     608      24.333       6.877
     708      24.667       6.994
     782      25.333       7.218
    1006      25.667       7.327
      45      26.333       7.713
    1083      26.667       7.992
    1669      27.333       8.568
     149      27.667       8.865
    1287      28.333       9.328
    1607      28.667       9.493
    1286      29.333       9.852
    1768      29.667      10.045
    1659      30.333      10.340
     486      30.667      10.441
     392      31.333      10.605
     378      31.667      10.667
    1648      32.500      10.715
     379      33.500      10.732
    1685      34.333      10.729
     470      34.667      10.693
     607      35.333      10.726
    1509      35.667      10.795
    1007      36.500      10.902
    1080      37.333      10.978
     135      37.667      11.015
    1865      38.333      11.119
    1733      38.667      11.185
     150      39.333      11.322
    1289      39.667      11.393
    1288      40.333      11.500
     710      40.667      11.537
     224      41.333      11.465
     488      41.667      11.358
     487      42.333      11.204
    1583      42.667      11.159
     376      43.333      11.023
     377      43.667      10.934
     386      44.333      10.666
     753      44.667      10.489
     467      45.333      10.140
     469      45.667       9.969
    1264      46.333       9.698
    1082      46.667       9.599
    1081      47.435       9.499
    1098      48.000       8.532
     134      48.000       7.566
     218      48.000       6.599
     151      48.000       5.633
    1808      48.000       4.666
    1725      48.000       3.699
    1658      48.000       2.733
     983      48.000       1.766
     619      48.000       0.800
    1365      48.000      -0.167
     489      48.000      -1.134
    1327      48.000      -2.100
    1341      48.000      -3.067
     372      48.000      -4.033
     375      47.000      -5.000
    1560      46.000      -5.000
     466      45.000      -5.000
    1374      44.000      -5.000
     468      43.000      -5.000
     471      42.000      -5.000
    1878      41.000      -5.000
     641      40.000      -5.000
    1418      39.000      -5.000
    1099      38.000      -5.000
    1185      37.000      -5.000
    1184      36.000      -5.000
      44      35.000      -5.000
     152      34.000      -5.000
    1680      33.000      -5.000
     642      32.000      -5.000
    1738      31.000      -5.000
     982      30.000      -5.000
     981      29.000      -5.000
     620      28.000      -5.000
    1369      27.000      -5.000
     658      26.000      -5.000
     882      25.000      -5.000
    1100      24.000      -5.000
     369      23.000      -5.000
     371      22.000      -5.000
    1215      21.000      -5.000
    1822      20.000      -5.000
    1497      19.000      -5.000
    1832      18.000      -5.000
     365      17.000      -5.000
     479      16.000      -5.000
     480      15.000      -5.000
    1815      14.000      -5.000
    1234      13.000      -5.000
    1187      12.000      -5.000
    1186      11.000      -5.000
    1426      10.000      -5.000
     267       9.000      -5.000
     133       8.000      -5.000
     153       7.000      -5.000
    1156       6.000      -5.000
    1691       5.000      -5.000
    1818       4.000      -5.000
    1370       3.000      -5.000
     866       2.000      -5.000
     865       1.000      -5.000
     731       0.000      -5.000
     244      -1.000      -4.000
     749      -1.000      -3.000
     883      -1.000      -2.000
    1101      -1.000      -1.000
     364      39.255      11.017
     368      37.549      10.695
     373      35.274      10.380
    1216      29.014       9.313
     849      22.294       6.086
    1439      27.069       7.845
     358      44.377      10.326
     481      42.114      10.941
     482      31.521      10.400
    1742      18.654       4.619
     662      25.988       7.091
    1188      24.267       6.530
    1189      17.583       4.220
    1676      47.204       3.213
    1382      38.519      -4.225
     132      33.286      10.358
     154      45.691       9.605
    1662      20.406       5.309
    1014      34.446      -4.158
    1897      30.483      -4.223
     899      16.256       3.818
    1371      14.629       3.300
     751      13.273       2.669
     750      26.458      -4.191
     907      12.216       2.394
    1383      10.920       2.086
    1449       9.571       1.826
    1250       8.255       1.548
    1438       6.896       1.227
     363      22.569      -4.188
    1320      19.477      -4.175
    1469      40.510      11.211
    1710       5.566       0.905
     987      47.166       0.322
    1481      41.529      -4.166
    1649      16.656      -4.163
     356       4.226       0.609
     357       3.242       0.405
     483       2.190       0.200
     611       1.228      -0.036
    1707      13.501      -4.150
    1253      47.168       6.144
    1190      10.641      -4.148
    1667      29.993       9.867
    1764       7.498      -4.089
     242      43.106      10.775
      43      34.486      10.404
     155      36.278      10.520
    1069       4.408      -4.138
    1645      19.546       4.951
    1571      44.502      -4.172
    1473       2.472      -4.067
    1668      21.300       5.840
     991      38.255      10.759
     652      46.389       9.299
     544      28.069       8.750
    1577      41.415      11.114
     275       0.235      -0.189
    1564      15.578       3.640
     929      23.197       6.420
    1437      24.566      -4.072
     354      28.565      -4.130
    1446      32.467      -4.083
     990      36.550      -4.101
     985      47.236      -1.652
    1686      24.929       6.774
     984      11.558       2.253
     623      10.227       1.974
     353       8.864       1.693
     355      44.994       9.868
     361       6.222       1.119
     622       7.565       1.366
     683       4.903       0.778
    1254      13.989       2.986
     787      16.923       3.987
    1741      -0.290      -2.465
    1362      39.881      11.136
     131      30.555      10.112
     130      43.738      10.592
    1771      32.214      10.368
     156      47.296       8.131
    1642      46.428      -4.036
     542      26.360       7.310
     762      26.300       6.905
     653      25.964       6.700
    1700      26.314       6.503
     992      25.959       6.281
     763      26.329       6.082
     545      25.950       5.851
     543      26.354       5.638
     674      25.948       5.399
    1751      26.363       5.173
     786      26.773       5.422
     928      25.955       4.928
    1886      26.786       4.937
    1545      27.208       5.197
     351      27.221       4.695
    1191      27.663       4.963
     986      27.677       4.441
     879      28.130       4.719
    1265      28.147       4.178
     878      28.618       4.467
    1631      27.695       3.910
     352      28.627       3.906
    1703      29.108       4.205
    1883      29.122       3.625
    1650      29.627       3.937
     717      29.643       3.343
     746      30.147       3.660
    1360      30.128       4.250
    1255      30.647       3.978
    1256      30.618       4.561
     287      31.138       4.294
      42      31.167       3.709
     157      31.658       3.998
     541      31.629       4.580
     540      32.165       4.327
     729      32.193       3.671
     654      32.692       4.051
    1401      32.651       4.677
    1131      33.191       4.413
    1035      33.232       3.807
    1466      33.729       4.152
    1561      33.688       4.752
    1470      34.224       4.501
     671      34.276       3.895
     848      34.779       4.248
    1154      34.836       3.623
    1155      35.347       3.984
     350      35.280       4.593
    1323      35.848       4.319
     349      35.923       3.718
    1823      36.444       4.092
    1740      36.296       4.748
     759      36.958       4.473
    1791      36.996       3.824
     758      37.553       4.225
     933      37.477       4.867
    1610      38.083       4.612
    1084      38.151       3.956
    1033      38.701       4.373
     932      38.621       5.019
     797      39.230       4.792
     798      39.396       4.046
    1361      39.156       5.431
    1556      39.747       5.158
    1257      39.655       5.851
     129      40.262       5.560
    1854      29.124       3.026
     158      29.667       2.730
    1780      39.082       6.117
     539      29.123       2.404
     538      40.183       6.247
     741      40.744       6.020
    1602      40.883       5.435
     292      29.723       2.090
    1731      28.581       4.992
    1400      40.675       6.636
    1407      41.228       6.426
    1752      29.120       1.744
    1039      41.157       7.019
     635      41.720       6.794
    1292      40.598       7.235
    1244      29.755       1.418
     916      41.634       7.380
     915      42.178       7.161
     347      42.288       6.572
    1613      42.739       6.929
    1366      42.862       6.341
     348      29.136       1.063
    1391      28.518       1.399
    1034      28.526       0.703
     597      27.905       1.051
    1387      29.740       0.713
     592      30.367       1.101
    1743      42.095       7.744
    1048      30.370       0.361
    1524      31.044       0.776
     938      27.913       0.339
     778      27.284       0.695
     739      43.348       6.716
    1506      43.462       6.096
    1328      31.036       0.024
     211      31.697       0.424
    1335      25.535       5.162
    1334      25.539       4.683
     128      25.126       4.926
      51      25.120       4.439
     159      24.703       4.684
     536      24.695       4.193
     537      24.265       4.437
    1405      24.265       3.942
    1670      23.829       4.188
     160      23.831       3.684
     261      23.395       3.938
     161      23.385       3.424
    1404      23.843       3.161
    1406      23.380       2.892
     774      22.917       3.165
     670      22.907       2.622
     535      22.443       2.909
    1381      22.423       2.354
     777      22.899       2.055
     660      22.403       1.775
     346      21.904       2.081
     345      21.869       1.517
    1237      21.367       1.806
     850      22.889       1.494
    1417      21.334       1.227
    1655      20.825       1.521
    1498      20.811       0.909
     578      20.281       1.228
     591      20.257       0.592
     609      19.726       0.932
    1671      25.087       4.002
    1837      21.465       0.556
    1529      19.704       0.300
     738      19.163       0.636
     666      19.145      -0.000
     966      18.604       0.345
    1889      18.610       0.965
    1036      18.066       0.683
      41      20.867       2.069
     127      17.999       0.065
    1683      17.514       0.418
     264      17.553       1.011
     534      17.018       0.751
    1502      16.971       0.160
    1403      16.473       0.497
    1021      16.419      -0.098
     162      15.911       0.237
    1402      15.867      -0.367
     163      15.344      -0.024
     775      19.710      -0.352
    1592      15.911       0.891
     532      27.287      -0.038
     530      26.635       0.325
     713      15.328      -0.646
     529      14.785      -0.275
     343      14.839       0.322
    1654      14.286       0.083
     344      14.223      -0.524
    1194      13.713      -0.153
     890      13.651      -0.763
    1830      13.136      -0.392
     911      13.077      -0.994
    1431      12.574      -0.622
     576      26.595       1.041
     577      30.392      -0.381
    1468      26.648      -0.419
     640      25.985      -0.050
     720      12.640      -0.029
     733      12.100      -0.256
     594      12.006      -0.855
     606      11.530      -0.469
     829      41.574       7.945
    1718      41.995       8.291
    1144      41.517       8.485
     126      41.928       8.793
      40      42.388       8.622
    1392      41.465       8.979
     533      31.679      -0.341
     922      32.362       0.064
    1750      16.472      -0.647
     245      19.760       1.545
    1022      27.905      -0.364
     164      23.421       4.390
    1622      13.786       0.398
     959      41.069       8.683
     531      41.016       9.166
     528      40.630       8.883
    1354      40.578       9.350
     526      40.201       9.076
     342      43.967       6.510
     341      43.857       7.101
    1672      44.075       5.844
    1813      43.543       5.417
    1163      44.200       5.147
     977      43.626       4.691
    1690      26.665       6.716
    1430      11.434      -1.076
    1527      10.963      -0.684
     910      22.473       3.437
     574      32.339       0.829
     575      33.003       0.482
     596      33.046      -0.295
     842      33.698       0.136
    1232      27.633       5.475
     770      17.076       1.327
     909      17.570       1.581
     573      17.128       1.876
    1510      17.586       2.113
    1296      25.999      -0.805
    1692      25.343      -0.426
     212      44.466       6.923
     125      44.355       7.495
     655      11.065      -0.106
     923      10.501      -0.305
    1432      10.399      -0.889
     165       9.938      -0.499
    1841       9.828      -1.081
    1423       9.353      -0.687
    1475       9.250      -1.287
    1478       8.766      -0.883
     527      19.109      -0.673
     525      33.751      -0.659
     521      34.415      -0.217
    1531      34.355       0.570
     339      35.069       0.214
     340      35.137      -0.569
    1783      35.798      -0.117
     980      19.722      -1.050
    1162      25.334       0.315
     673      34.317       3.260
     806      35.746       0.672
    1124      36.466       0.348
    1630      36.531      -0.455
     979      37.194       0.013
     571      37.121       0.815
    1279      37.845       0.488
    1280      37.935      -0.325
     844      38.596       0.164
     843      38.695      -0.665
    1233      39.367      -0.166
    1440      39.265       0.668
     569      40.038       0.345
     568      40.144      -0.504
     995      40.822       0.014
    1451      40.712       0.858
     124      41.496       0.532
     924      41.369       1.356
     925      42.165       1.025
     166      42.287       0.204
    1378      42.980       0.715
    1895      43.092      -0.132
     225      34.167       5.094
    1212      33.646       5.339
    1579      34.113       5.662
    1436      33.610       5.897
     519      34.059       6.210
     520      33.577       6.443
     338      34.008       6.744
     337      33.542       6.969
    1368      33.966       7.259
    1367      34.426       7.043
    1161      34.383       7.546
    1812      34.829       7.340
     757      33.510       7.477
     524      33.084       7.196
    1123      34.791       7.825
    1603      35.227       7.625
     518      33.053       7.699
    1698      32.634       7.423
     570      35.189       8.105
    1281      35.633       7.912
    1875      32.599       7.920
    1500      32.189       7.644
    1861      35.658       7.419
     941      36.069       7.703
     931      36.040       8.197
    1627      36.469       7.995
     565      34.764       8.298
     561      36.515       7.506
    1745      36.911       7.799
    1078      36.857       8.282
      39      37.295       8.095
     926      37.245       8.568
    1211      37.671       8.385
     167      32.222       7.161
    1688      31.781       7.379
     168      31.746       7.856
     274      31.345       7.597
    1681      31.372       7.117
    1599      30.944       7.339
     517      30.919       7.814
    1501      30.514       7.561
     336      30.537       7.082
     335      30.105       7.307
     546      30.127       6.823
     602      29.699       7.053
     548      37.622       8.847
    1761      38.034       8.691
    1550      33.013       8.192
     908      36.976       7.300
    1490      35.145       8.568
     904      36.835       8.756
    1363      38.104       8.206
     497      30.500       8.030
     891      30.890       8.279
    1282      32.570       8.403
    1474      34.735       8.753
     873      34.548       5.982
     871      29.680       7.531
    1260      29.274       7.282
    1674      30.563       6.590
     872      36.563       6.993
    1108      42.321       9.105
     557      42.770       8.930
     564      37.959       9.153
     560      23.855       2.612
     123      40.152       9.529
     258      30.140       6.324
    1755      12.220       0.309
    1786      14.157      -1.146
     169      10.284      -1.489
     170      25.958       4.430
    1350      26.671      -1.191
    1121      11.925      -1.480
     920      44.317       4.411
     516      43.725       3.950
     724      19.052      -1.397
     333      39.788       9.266
     334      39.805       8.825
     547       8.667      -1.490
    1454       8.204      -1.076
     550      24.272       4.927
     549       8.304      -0.494
    1805       7.751      -0.677
    1637       7.630      -1.259
     332       7.183      -0.850
     692       7.051      -1.427
     813       6.598      -1.023
     495       6.466      -1.611
     496       6.005      -1.198
     555      40.938      -0.845
     595      24.677      -0.047
     792      24.692      -0.789
     664      24.009      -0.406
     870      24.028      -1.165
    1245      37.567       9.297
    1109      41.369       9.416
    1377      44.396       3.621
     556      29.288       6.803
     572      28.863       7.034
    1302       9.153      -1.929
      38       9.485      -0.145
    1122      17.162       2.384
     171      16.722       2.166
    1785      17.604       2.607
     229      18.023       2.351
    1029      18.036       2.834
     887      43.782       0.406
     665      43.909      -0.473
     796      43.212      -1.016
     331      38.012      -1.163
    1318       5.874      -1.788
    1410       5.433      -1.358
     552      43.023       4.232
     551      23.359      -0.774
     722      37.756       1.279
    1071      32.967       8.674
    1301      40.507       9.764
     329      10.609       0.247
     494      35.096       9.005
     693      33.074      -1.100
     833      37.041       6.781
     473      18.450       2.583
    1495      18.463       3.060
     554      18.873       2.812
     601      40.247      -1.367
     791      40.612       1.682
     715      29.265       7.751
     937      34.900       2.981
    1769      41.254       2.149
     213      27.891       1.801
    1714      18.885       3.286
     122      19.291       3.040
    1305      19.303       3.508
    1515      19.705       3.265
    1359      44.953       7.357
     172      30.491       8.488
    1142      30.866       8.730
    1348      39.739       9.704
    1514      21.997       3.192
     912      22.023       3.702
     913      21.593       3.472
     330      21.597       3.967
    1653      21.996       4.194
    1797      21.591       4.429
    1032      21.207       4.215
     553      21.983       4.645
    1425      32.956       1.235
    1727      32.317       1.570
    1299      25.990      -1.598
     328      32.522       8.870
     327       5.564      -0.788
    1457       5.001      -0.945
     394       4.858      -1.512
     841       4.435      -1.091
     942       4.280      -1.647
     472       3.858      -1.232
    1433       3.701      -1.803
     558       3.273      -1.376
     728       3.114      -1.958
    1283       2.639      -1.407
     744      44.844       7.982
    1167      19.706       3.739
    1129      42.708       9.396
     121      43.137       9.231
      37      44.962       4.833
    1329       2.506      -2.107
    1067       2.031      -1.623
    1884      37.054       1.597
     173      25.158       5.412
    1789      34.701       9.184
     273       6.763      -0.534
    1535      39.382       9.446
     914      23.380      -1.594
     947      22.701      -1.157
    1651      37.903       9.565
    1019      24.686       0.783
    1408      33.153       6.171
     973       7.880      -0.129
     559      33.807      -1.479
    1412      28.875       6.553
    1697      28.456       6.786
    1300      28.446       7.262
     325      34.349       8.944
     326      44.037      -1.372
    1243      20.111       3.490
     388      43.116       3.479
     393      28.045       7.021
    1110      36.610       6.466
    1127      19.699      -1.796
    1665       7.539      -1.854
    1045      43.219       8.756
     562      43.587       9.068
     851      37.446       7.098
    1010      37.532       6.569
     852      30.584       6.092
    1636      43.320      -1.895
     257      20.373      -1.425
     120      20.362      -2.208
     593      34.317       9.369
     822      30.244       2.441
    1777      39.334       9.872
     174      45.087       6.699
    1868      30.146       5.822
    1339      42.412       3.767
     948      43.659       1.270
    1520      44.471       0.952
    1664       6.343      -2.249
     972      42.370       5.943
    1050      16.757       2.656
     919      16.330       2.447
     563       1.890      -2.283
     579      34.360       2.606
    1492      38.523       8.583
     324      38.560       8.042
     323      24.332       2.897
    1352       4.036      -0.675
    1428      44.741      -0.811
     385      44.885      -1.723
     387       4.690      -2.100
     459      19.019      -2.161
    1800      18.367      -1.737
     745      18.323      -2.534
    1460      17.649      -2.098
    1331      18.486       3.525
    1046      37.520       9.716
     566      20.127       3.951
    1726      24.359       2.346
    1011      24.849       2.630
    1030      41.045      -1.714
    1505      40.344      -2.259
     119      17.614       3.078
     600      37.675       2.049
     661      37.952       6.892
    1319      21.205       4.649
     175      22.683      -1.931
     230      43.055       9.683
    1057      42.650       9.843
    1820      26.694      -1.997
    1666      32.924       9.139
     918       2.917      -0.888
    1593      40.513       2.463
     917      39.684      10.126
     567      45.600       7.147
     580      24.047      -2.004
     583       8.361       0.052
     321      35.048       9.421
     322      35.424       9.247
    1049       3.590      -2.392
     366       5.150      -0.413
     374       5.660      -0.265
     384      33.101      -1.935
    1388      38.991       9.624
    1902      38.952      10.043
    1519      12.666       0.534
     360      12.302       0.843
     319      12.704       1.052
    1059      11.131       0.438
    1332      10.710       0.759
    1058      11.154       0.943
    1343      28.069       7.488
    1409      34.960       2.323
    1737      30.471       8.931
    1223      30.105       8.697
    1847      30.839       9.169
      36      31.239       8.974
     695      12.337       1.344
     875      12.769       1.529
     784      32.895       1.989
     176      19.708       2.758
    1618      22.708      -0.388
    1152      22.076      -0.866
    1663       7.995       0.377
     740       8.429       0.545
    1479       7.465       0.198
     605      28.459       6.299
     581      28.882       6.060
     582      33.374       8.533
     584      13.165       1.195
     320      13.213       1.686
     949      13.579       1.466
    1647      10.143       0.554
     370      13.617       1.921
     362      13.980       1.680
     380      37.850       9.962
    1587      25.379       1.046
    1804      16.261       1.962
     318      15.899       2.257
     359      32.283       2.283
     317      15.951       2.720
    1784      15.545       2.543
    1333      15.480       2.081
    1851      15.125       2.356
    1779      15.067       1.900
    1068      32.470       9.319
    1476      14.027       2.112
     988      31.699       1.910
     226      37.192       9.469
    1673      37.145       9.875
     118      36.834       9.622
    1584      25.981      -2.423
     839       1.413      -1.796
    1197      18.865       2.316
     177      39.864       1.990
     272      40.645       8.389
     748      36.980       2.348
     612      33.968       9.134
     587      33.954       9.555
     589      28.447       7.727
    1338      43.680       8.581
     585      44.053       8.904
     586      43.291       8.255
    1313      19.284       3.971
    1566      22.381       4.426
    1041      22.370       4.870
     381      21.987       5.080
    1450      22.363       5.300
     886      22.733       5.093
     382      22.726       5.514
    1528      23.086       5.316
     316      44.358       1.802
    1486      45.135       1.509
     315      43.959       9.378
     936      44.418       9.221
    1704      31.211       9.417
     476      35.385       9.657
    1864      35.747       9.488
    1102      35.714       9.880
     935      35.795       9.087
    1461      25.574       6.075
    1107      32.098       8.585
      35       1.579      -1.170
    1130       0.980      -1.306
    1866      38.973       8.341
     921      39.018       7.841
    1229      10.778       1.231
     810      11.181       1.392
     178      42.319       4.516
    1534      41.727       4.064
    1040      20.838       4.436
    1448      17.718      -1.324
     588      28.578       2.722
     590      33.862      -2.330
     599      45.738       6.464
     598      22.020       5.479
    1291      36.345       1.894
    1342      34.846       6.816
    1762      21.618       5.273
    1833      23.929       6.409
    1633      24.207       6.163
     383      23.853       6.033
     675      24.143       5.765
    1620      27.633       7.309
    1487      27.643       6.794
     389      45.216       0.651
     314      20.997      -1.820
    1543      21.039      -2.634
     312      20.516       3.710
     934      20.509       3.239
    1539      33.611       1.731
     446      21.566       2.948
    1855      47.239       9.131
    1532      42.514       2.999
     783      33.822       2.909
     682      36.119       6.689
    1238      36.169       6.145
     117      36.646       5.796
     290      32.353      -1.547
     869      32.376      -2.394
    1055      31.605      -1.997
     809      38.423       1.769
     179      38.306       2.532
     234      31.007       6.359
    1536      31.044       5.859
     643      31.477       6.128
     603      34.561      -1.856
     604      31.614       9.220
     681      38.787      -1.515
    1424      38.088      -2.026
     955      37.316      -1.658
     367      37.369      -2.537
    1125      36.622      -2.146
    1802      24.506       5.932
     821      39.683       2.857
     390      40.410       3.243
    1298      28.083       7.939
    1798      36.141       9.695
    1132      38.035       6.346
    1133      39.024       9.206
    1766      27.355      -1.570
     311      27.421      -2.402
     313      28.050      -1.850
     310      35.022       9.820
     617      37.575       6.012
     460      17.604      -2.911
     447      16.917      -2.458
    1337      36.744      10.012
     845      31.678       2.599
     694      23.906       2.081
     807      26.802       4.414
    1821      12.875       1.966
    1661      23.776       5.648
      34      31.655      -2.827
    1326      30.867      -2.443
    1056      30.109       4.808
    1325      11.322      -1.733
     180      11.871      -2.172
    1317      11.157      -2.475
     725      11.720      -2.959
     644      12.481      -2.631
     672      29.688       8.002
    1351      29.278       8.212
     808      15.177       2.800
    1269      14.755       2.645
     956      38.896      -2.388
    1385       8.547      -2.131
    1025       9.042      -2.602
    1763      30.082       9.119
     820      29.706       8.894
     458       5.702      -2.448
    1018       6.206      -2.943
    1272      38.235       9.826
    1003       5.287       0.085
    1719       4.818      -0.059
    1393       5.749       0.223
     309      15.404       1.613
    1589      14.997       1.419
     308      31.517       5.607
     503      31.964       5.887
     461       8.245      -2.801
    1285       8.991      -3.365
    1877      46.368       7.017
    1073      35.511       2.757
    1072       0.504      -4.160
    1489      35.682       6.356
     962      35.724       5.820
     219      45.045       2.347
    1675      45.779       2.056
     116      45.719       2.918
    1842      39.402       8.134
    1629      39.492       7.626
    1551      39.098       7.321
    1628      39.924       7.923
     181      32.914       9.554
     271      28.482       8.179
     726      39.591       7.092
     727      45.603      -1.058
    1224      45.725      -2.009
     853      46.042       7.605
     963       9.702      -2.338
    1226      37.085      10.311
    1225      24.856       1.959
     498      25.374       2.333
    1047      25.364       2.928
    1695      25.884       2.657
    1414      25.873       3.238
    1576      26.394       2.974
    1002      26.413       2.373
    1512      26.933       2.699
    1001      26.373       3.550
    1394      42.976      10.107
    1004      42.582      10.259
     307      42.264      10.007
     944      43.386       9.964
     306       1.200      -2.496
     504      34.289       9.784
     523      33.939      10.023
     830       6.906      -2.711
    1722      23.082       5.783
    1678      43.289       2.749
    1609       8.086       0.819
     637       8.515       0.970
    1028       8.886       0.649
     115      26.952       2.086
      33      32.024       5.365
     288       5.508      -3.175
    1724      41.136      -2.642
     254      40.431      -3.124
     114       2.362      -2.807
    1608      18.354      -3.330
     182      28.461       5.836
    1307      20.855       4.847
    1309      20.491       4.606
     732      29.700       9.303
     805      34.654      -2.702
     989      33.614       9.683
     930      12.317      -3.325
    1290      32.451       5.641
    1880      38.474       6.682
    1227      38.206       7.737
    1314      44.943      -2.633
    1384      38.177      10.209
    1463      11.888       1.109
    1546      11.986       1.615
     898      41.724      -1.175
    1315      29.716       6.066
     999      29.692       5.579
     997      14.023       1.211
    1000      44.511       8.753
    1522      44.877       9.071
    1182      30.873      -1.581
     305      30.102      -2.029
    1544      28.027       6.086
     303      38.654       9.352
     636      30.607       5.091
     721      31.886       6.407
    1876      20.367      -3.057
    1887      21.050      -3.476
     789      21.676      -3.093
     639      20.087       5.090
     638      31.579       9.650
    1494      31.152       9.872
     113      30.097      -2.875
      32      29.214      -2.591
     112      29.366      -1.628
     111      12.914       2.568
     183      27.247       7.023
     240      27.266       6.589
    1308      45.205       6.034
    1465      45.809       5.771
     897       6.108      -0.079
    1899       6.197       0.361
    1723      33.993       8.704
    1849      28.218      -2.749
     214      42.701       2.278
    1582      24.446       5.503
    1682      32.804       2.737
     266      25.295      -1.997
    1427      25.304      -2.837
    1062      13.122       2.317
    1901      20.924      -1.067
    1574       6.039      -3.682
    1061      14.371       1.907
     996      36.664      10.444
     998      44.321       9.665
     773      42.228      10.394
    1570      41.891      10.174
     616      41.935       9.767
    1568      42.531      10.614
     302      38.092       5.779
     304      11.548       0.729
     300       1.176      -0.717
    1276       1.753      -0.634
    1278       0.612      -0.875
    1277       0.378      -1.415
     718      -0.021      -0.929
     659      13.122      -3.266
    1274      13.233      -2.206
      31      13.870      -2.767
     184       2.125      -1.020
    1852       2.228      -0.520
    1558      -0.101      -0.354
    1717      22.942       4.220
     780      41.898      10.611
    1530      41.531      10.352
    1364      41.660       4.764
    1346      41.052       4.343
    1330      27.434      -3.228
     110      21.990      -0.077
     109      22.716       0.348
      30      11.609      -3.720
     108      22.672       5.928
     298      32.483       9.727
    1834      36.083      10.154
     490      35.662      10.253
     296      30.980       2.287
    1345      47.216       7.175
    1814       8.945       1.157
     772       9.286       0.884
    1355       9.308       1.220
     760       9.650       1.160
     425       9.674       0.704
    1552      43.757       8.091
     396      43.382       7.827
     398      42.880       7.924
     301      13.569       2.348
     395      35.326      -2.229
     299      35.442      -3.128
    1275      34.333       1.964
    1748      34.985       1.662
    1730      28.899       5.612
     719      25.591       6.883
     815      31.126       3.008
    1104      15.374       1.122
     185      34.866      10.371
    1053      32.851      10.345
    1052      45.863      -3.132
    1464      27.473       2.387
    1591      27.465       3.025
    1395      21.222       5.062
    1344      20.845       5.258
     216      20.884       3.486
     107      20.882       2.996
      29      20.483       2.758
     297      22.177       0.678
     294      21.340      -0.155
     295       0.795      -0.450
     293      33.923      -3.297
     943      43.856       9.804
     610      37.785      10.371
    1541       3.442      -0.823
     407       3.070      -0.438
     400       3.569      -0.330
     402       3.993      -0.187
     397       3.643       0.167
     399      43.314      10.383
    1397      17.600      -3.726
     714      29.341      -3.444
     874      13.990       2.571
    1758      39.087       2.292
    1657      38.872       3.006
     418      44.220       2.685
     816      44.941       8.577
    1103      45.343       8.904
    1139      45.472       8.415
     186      45.831       8.744
     901      35.261       6.045
    1051      35.268       5.500
     241      35.806       5.252
    1715      21.688       5.693
    1879       6.548       0.108
     900       6.632       0.522
     105      34.668      10.033
     106      14.001      -1.941
    1472      14.611      -2.425
     221      14.525      -3.234
    1126      15.258      -2.894
      28      15.335      -2.098
    1526      15.142      -3.808
     408       4.568      -0.548
     404       7.001       0.316
     406       6.979       0.651
     401      12.411       1.771
     403      23.106       4.896
    1444      23.441       5.145
     626      14.371       2.365
    1398       7.692       0.675
    1614      25.915       3.831
    1399       8.861      -0.240
    1641      41.769      10.999
     413      41.489      10.747
     414      41.175      10.516
    1844      41.193      10.143
    1140      40.822      10.324
     426      40.821      10.675
    1871      40.495      10.488
     187      39.169       6.753
     743      16.127      -2.550
    1553      15.988      -1.697
    1839      36.316       2.659
    1565      10.347       1.057
    1554      10.422       1.469
    1075      31.646       8.771
     742       3.461      -4.157
    1838       3.930      -3.460
     104       3.085      -3.362
     103       7.334      -0.354
    1513      18.892       3.743
     410      18.515       3.969
     409      18.149       3.781
     405      18.911       4.155
    1356      19.248       4.402
    1270      19.663       4.255
     477      20.110       4.399
    1070      18.185       4.205
    1826      13.180       0.269
    1445      36.666      -3.065
    1416      37.417      -3.423
     927      10.791       1.691
    1760      10.056       1.307
     416      41.102       7.593
     412      40.529       7.818
     415      17.188       2.857
    1803      16.800       3.102
    1422      17.204       3.304
     419      17.569       3.494
     421      16.812       3.575
     188      16.452       3.321
     734      33.749      10.400
     765      28.863       7.967
    1024      28.869       8.413
    1857      29.261       8.692
    1151      28.871       8.777
     767      18.022       3.353
    1376      32.021       9.478
     522      14.334       2.783
     276      11.263       1.823
      27      36.827       9.205
     411      36.471       9.415
     493      40.924       9.575
    1097       9.517      -4.166
    1357       9.997      -3.447
    1831      36.992       3.116
    1845      32.010       9.955
     896      16.392       2.909
    1825      16.068       3.165
    1179      15.615       3.030
     946      15.235       3.210
    1617      31.061       1.524
     894      39.168       1.488
    1458      35.357      10.016
     417      20.332       1.802
    1462      19.814       2.158
    1284      19.291       1.876
    1652      10.060       0.013
     423      41.071       3.638
     420      47.215       5.132
     422       9.057       0.208
     189      40.085       9.942
     621      40.071      10.384
     766      39.629      10.518
     939      39.285      10.273
     246      38.905      10.429
    1549      44.740       9.507
     768      45.216       9.409
     444      36.379       9.951
     515      18.058       1.287
     102      18.528       1.562
     684       1.935      -0.158
     685      41.855       9.325
     858      39.402       8.589
    1499      16.523       1.085
     688      16.147       1.455
    1178      22.368       5.699
     895      29.692       8.458
    1585      23.851       4.623
     864      21.885       6.036
    1316      26.418       1.750
     222      19.135       1.345
     893      23.343      -0.030
     101      23.364       0.645
     433      24.002       0.330
     905      24.012       0.987
    1873      24.511       1.426
    1754      36.435       8.471
     427      36.395       8.968
     424      36.012       8.679
    1246      35.582       8.380
     475      34.674       9.602
     190      21.395       2.410
    1303      25.954       0.682
     885      47.198       4.177
     940      46.445       4.613
    1753      46.316       3.626
    1452      45.640       4.235
    1192      29.364       9.100
    1312      30.100       7.780
     429      39.943       1.172
    1491      45.482       7.789
     686      13.386       0.749
     687      21.588       4.859
     691      37.464      10.110
     859       1.465      -4.165
     862      27.271       1.408
     689      32.226       2.992
    1621      31.675       3.329
    1013      32.732       3.395
     863      34.352       8.034
    1819      18.434      -1.004
      26      21.284       5.454
     100      33.936       7.755
    1757       5.394       0.522
    1772      23.511      -4.152
    1137      23.000      -3.320
    1138      23.902      -3.363
     428      11.649       0.183
    1273      14.316       0.715
    1247      17.068      -1.660
    1248      29.605       4.503
     191      28.483       8.661
    1389      25.407       1.692
    1390      23.490       5.895
    1856      25.564      -4.174
    1173      33.166       5.018
    1171      33.322       8.994
    1172      40.127       6.863
    1193      46.790       9.192
    1829      46.465       8.878
     430      38.218       3.263
     434      43.496       9.521
    1626      30.429       9.341
     690      30.800       9.572
    1295      42.946       4.970
     860      38.570      10.202
     861      33.505       8.056
     779      27.402       8.157
     270      30.094      -1.153
    1106      29.319      -0.773
    1575      28.658      -1.332
    1268      38.582      10.586
      25      38.881      10.858
    1656      47.004       8.739
    1136      26.022      -3.350
     903      31.309       8.067
    1537      31.438      -4.195
     431      46.608       8.351
    1787      42.301       5.238
    1262      29.072       4.728
     814      32.149       8.120
    1533      26.717       7.563
     847      26.771       7.105
     192      27.724       8.475
    1442      12.109       2.024
    1689      33.489      -4.176
    1729      19.031       4.752
     474      35.490      -4.096
    1170      28.860       7.504
    1169      31.106       4.832
    1420       6.161      -0.594
    1421      36.416       1.139
    1709      24.816       3.179
     432      22.948       3.686
     435      22.484       3.949
    1569       8.524      -4.192
     884      33.982       8.260
     892      39.944      10.762
    1134      39.576      10.873
     889      40.214      10.981
    1026      33.614       0.919
    1799      27.464       7.761
    1441      47.221       2.215
     215      37.633       2.817
    1811      34.693       5.416
      99      34.710       4.833
     902      47.196       1.244
     730      46.474       0.762
     679      46.329      -0.170
    1261      14.899       0.897
    1540      14.546       1.246
    1419      41.626       5.481
     677      12.506      -1.881
     669      20.296      -0.712
     667      35.898      10.518
     193      39.466      -4.200
     251       3.197       0.009
    1728       2.805      -0.054
     438      38.509       0.976
     440      41.078      11.225
     442      47.200      -0.655
    1093      27.180       5.690
    1168      28.106       5.236
     448      17.207       3.717
    1563      38.676       8.933
     614      29.681      -0.055
     436      17.883      -0.599
     437      17.144      -0.871
    1396      38.356       7.226
    1027      37.894      10.734
    1304      26.879       3.291
    1164      26.830       3.863
    1135      22.066      -1.522
    1735      20.472       4.205
      98      25.557       5.633
      24      25.203       5.882
    1271      25.210       6.276
     771      45.504      -4.136
     707      46.887      -3.173
     678      42.501      -4.146
     500      41.947      -3.158
     650      42.975      -3.289
     502      42.680      -2.431
     676      43.496      -4.148
     668      44.041      -3.260
     651      32.390       6.179
     194      33.304       9.389
    1615      33.066       5.598
    1091      19.751       4.635
     439      32.660       6.920
     441       4.095       0.233
     443      28.045       6.549
    1092      13.637       2.803
    1600      24.858       6.091
     449      36.892       5.150
     452      41.555       9.947
     454      18.033       1.833
     499      15.323      -1.321
    1266      14.693      -1.638
    1208      20.811       0.236
    1744      38.944      -3.366
    1453      30.101       8.244
     263      33.123       6.697
    1705      41.125      10.882
    1721      26.740       5.879
     228      30.404       1.797
    1054      15.913       3.724
      97      35.668       1.397
    1207      37.359       7.607
     857      40.483      -4.056
    1202      31.655      -1.145
     501       4.955       0.359
     649       4.514       0.289
     647      35.872      -0.905
     769      39.802       3.508
    1228      40.274       4.006
     776      40.430       4.812
     195      35.678       6.893
    1810      22.638       6.300
    1031      14.333      -4.113
    1105       5.853       0.622
     954      24.742       5.173
     445      24.059       5.314
    1456      39.635       6.487
     450      16.643       1.645
    1770      29.712       6.568
    1375      41.792       3.322
     456      28.549       2.089
     451      37.212      10.669
     453      15.957      -3.455
     455      20.957       5.648
    1447      34.463       6.518
    1267      16.594       3.913
    1411      15.372       0.560
    1882      31.698       1.177
      95      24.597       6.657
      23      43.714      10.199
      96      30.642       3.369
      94      31.274       8.523
      22      21.955       2.649
      93      27.619       6.332
    1206      20.448      -4.027
    1756      23.384      -2.528
    1205      44.136      -2.271
    1203       1.001      -3.366
     648      37.220       9.028
    1217      40.077       7.429
     754      41.609      -0.309
    1204      44.641      10.132
    1840      25.579       6.470
    1220      44.596       0.087
    1219      35.472       8.822
     196      38.175      -2.905
     253      31.704       8.320
     953      46.023       8.194
    1547      37.271      -0.803
     951      30.969       6.855
    1874      14.946       3.434
    1128      40.221       8.619
    1372       8.624       1.385
    1311      10.564       2.033
    1605      11.230       2.180
     618      12.563       2.484
     457      28.604       3.317
     478      28.088       3.082
    1210       9.895       1.903
     462      25.338      -1.185
     831      33.777       3.546
    1597      18.529      -0.311
     260      31.821       6.904
      92       9.233       1.764
    1774      29.340       9.482
    1349      32.361      -0.727
    1708       7.897       1.443
    1817      41.122       8.174
    1209      37.737       7.913
     755      22.748       4.654
    1218      36.106       9.334
    1239      34.476      -1.021
    1640      39.466      -1.013
    1699       7.230       1.300
    1386       6.538       1.141
    1221      34.135      10.458
     197      38.619       9.796
    1235       5.897       1.000
    1236       5.230       0.853
     952      42.315       9.579
    1548      36.100       7.200
     950      11.682       1.889
     970      25.897       2.023
     971      25.205       6.918
    1373      33.138      -2.783
    1862      34.363       8.499
    1042       4.600       0.671
     464       2.912       0.313
     491       3.558       0.522
     463      30.170       3.061
    1294      30.907      -3.385
    1891       2.564       0.264
     799      26.372       4.120
     613       7.805       1.090
     832      37.518       5.470
     836      -0.074      -3.438
      21      23.386       2.338
     220      36.155       5.641
      91      28.527       0.011
    1696      37.084       6.239
    1734      27.150       7.434
      20      35.410       3.365
     834      26.706      -2.823
    1222      19.307       2.493
    1240      27.500      -4.210
     223      32.420      -3.189
    1601      29.294       6.312
     285      20.099       3.004
    1828      45.352       9.766
    1455      27.294      -0.771
     198      18.454       2.094
    1358      24.271       3.436
     975      44.139       8.426
    1816      28.158       3.636
    1644      26.373       4.667
    1809      38.796       3.712
     994      27.139       6.167
    1580      10.886      -3.301
     838      10.310      -2.644
    1801      16.844      -3.243
    1893      33.902       2.350
    1767      30.903      10.199
     828      24.695       3.703
     825      19.680      -2.559
     465      19.011      -2.917
     492      -0.294      -1.630
    1310      39.241      10.655
     823      14.316       3.153
     801      21.588      -4.081
     800      14.919       3.068
    1843      41.746       6.187
     835      42.406      -0.639
     837      46.413       6.268
      90      14.752      -0.925
      89      41.141       2.899
    1241      18.479      -4.193
    1736      29.551       5.044
    1716      44.581       6.268
      88      25.541       4.200
      19      20.827       3.994
      87      25.327       3.583
     231      45.394      -0.162
      86      42.857      10.509
     199      42.834       8.441
     255      26.675       6.305
    1739      22.954       6.164
     961      25.903       1.343
     974      41.895       2.579
     615      46.028       9.434
    1619      36.598      -1.253
     645      10.865      -1.290
     509       5.254      -3.951
    1604      28.683       9.082
    1077      42.914       5.667
     827      32.062       9.041
     840      23.426       5.524
     824      43.432      10.741
     507      29.119       0.369
     508       8.096      -1.669
    1085      27.249       4.159
     802       0.779      -1.966
     812      21.750      -2.139
     811      39.565      -1.887
    1037      31.422       6.628
     957       4.747      -3.365
     958       4.273      -2.740
    1850       5.290      -1.954
    1242      15.812       1.785
    1429       1.847      -3.407
     269      35.217      -1.371
      18      13.580      -1.377
     200      17.260       4.100
    1634      42.527      -1.525
    1611      34.253       1.271
    1612      14.739       2.155
     960      12.524      -1.233
    1858      11.895       2.336
    1639      45.721       4.992
     511      29.672       9.677
     513      24.672      -1.592
     624      38.071       5.230
     510       6.751      -3.439
    1180       7.508      -3.221
    1867      37.590       3.534
    1120      24.819       5.665
    1153      12.435      -4.131
     945       1.587       0.050
     663      24.548       6.307
    1249      29.500      -4.252
    1712       9.726      -1.685
     804      28.033       2.492
     803      23.532       6.265
    1177      39.659      -2.752
    1038       3.895       0.566
    1625       6.979      -2.065
    1559      11.591       1.507
    1746      21.215       3.746
    1230      35.244       7.103
    1684      30.037       9.500
    1480      30.412       9.765
      85      34.984       0.934
      84      39.404       9.027
     201      12.484       2.148
    1859      29.294       5.828
    1076       6.519      -4.259
     965       4.410      -0.112
    1012      34.294      10.139
    1588      33.292       3.156
     735       3.030      -2.602
    1624       7.570      -2.538
     512      17.859       4.017
     514      22.331       1.240
     625      42.050       1.814
     646       5.062      -2.651
    1074      10.715      -1.977
     233      42.914       1.498
    1415       7.460       0.991
     284      30.124       5.327
    1806      42.557       7.518
    1632      39.815       4.563
     826      38.532       6.159
    1853      32.170       4.863
     881      20.268      -0.048
     880      32.659       5.188
    1195      36.436       3.423
    1347      37.843       7.412
    1511      20.114       2.598
    1231      23.423       1.792
     232      46.466       2.637
    1557      44.685       5.599
      17      45.677       9.193
      83      31.888      10.410
     202      43.616       2.036
     259      30.590       5.605
    1581      31.589       5.101
    1020      30.955      -0.763
     964      31.079       5.353
     752      40.514      10.827
     629      46.442      -1.276
     631      42.771      10.852
     633      41.825      -2.023
    1183      38.281       9.457
     627      35.919       3.184
     628      32.980       9.990
    1252      36.441      10.228
    1060      31.235      10.270
      80      40.790      11.017
      15      46.462       5.487
      81      24.685      -2.424
      16      -0.538      -0.453
    1485      44.972       3.207
     235      35.947      -1.736
    1782      28.322       8.987
    1116      38.543      10.902
    1796      15.268       3.549
    1213      42.458       8.090
    1196      39.819       8.375
    1214       4.107      -2.136
    1606      37.552      -4.261
    1892      17.401      -0.202
     277      35.631       2.115
    1484      43.780       3.256
     236      37.396      10.425
      82       6.305       0.809
     203       8.197       1.209
    1198      27.571       5.894
    1594      18.355       4.494
    1199      32.284       6.676
    1643      35.261       6.586
    1596      17.552       3.874
     656      46.538      -2.368
     630      44.046      10.418
     632       6.746       0.891
     634      38.604       5.626
    1863      27.958      -1.082
     790      21.575       6.008
     723       2.661      -0.458
    1201      40.415      10.144
    1017      19.269       4.956
      79      15.944      -0.978
      78      40.270       8.171
      14       1.466      -0.315
    1115      11.472       1.136
    1113      43.224       7.377
    1900      35.567      10.534
    1483      19.673      -3.393
    1773      15.812       3.401
    1765      22.471      -2.747
      77      38.109      10.511
      76      27.297       3.617
      13       0.892      -0.091
      75      20.642       5.541
     204      24.652      -3.152
     262      28.099       8.353
    1200      30.259      10.065
    1595      44.965       3.975
    1860      33.649       9.290
     764      32.725       6.465
     657      13.832      -3.489
     698      16.881      -0.332
     716      23.435       1.234
    1353      45.003      -3.483
     696      46.612       7.758
     818      42.445      10.911
     817      17.859       4.317
     819      20.525       4.986
    1870      16.166       3.512
    1016      33.470      10.027
    1112      46.492       1.696
    1114       8.137      -3.534
    1888      38.659       7.548
     278      40.240      10.688
      74      40.836       9.955
    1488      38.354       9.028
     237      20.131       4.769
     205      36.892      10.653
    1297      14.591       2.990
    1792       1.876       0.180
    1598      24.004       1.557
    1638       7.113       0.949
    1023      41.142      -3.423
    1687      47.332      -2.472
     793      43.489      -2.689
     700      15.751      -4.285
     697      20.885       2.547
     699      36.011      -2.640
    1846      19.436       4.674
    1065      20.466       2.311
     795      22.840       0.939
     794       0.484      -2.672
    1015      24.886       6.452
    1181      34.874       6.289
    1835      29.281       5.444
    1175      28.027       5.650
    1165      40.802      11.294
    1694       9.801       1.568
    1482      27.736       3.431
    1848      13.590       1.074
    1493      45.262       5.406
      12      35.038      10.124
      73      12.984      -1.538
      72      40.190      11.265
     206      21.230       3.230
     978      10.140       1.669
    1467      18.920       4.465
    1896       2.397      -0.121
     704       0.190      -2.001
     711      33.673       8.860
     756      44.527       8.344
     702      28.618      -3.406
     701      47.237      -3.887
    1174       8.549       1.677
     761       9.974       0.956
     969      35.214       5.061
    1066      28.735      -2.033
     967      34.784      -3.463
     968      36.056      -3.500
    1523      18.861       1.883
    1646      46.792       6.651
    1176      33.093      -3.511
    1749       1.110      -0.334
    1166      39.000       8.780
    1496       2.450      -3.426
     238      44.224      10.050
    1781      43.804       7.631
     279      -0.268      -4.268
      11       9.317       0.535
      52      32.756       5.989
    1795      27.422       1.914
    1525      22.899       6.460
    1009      30.622       2.823
    1759      14.690       1.698
     703      28.495       5.406
     705      20.857      -0.410
     712      29.027      -0.210
     846      33.388       2.478
    1145      12.789       2.291
    1881       0.558      -0.175
    1635      45.512       3.567
    1148      10.147      -2.027
    1147      11.500      -4.453
    1443      22.076       5.787
    1306      34.922       5.773
    1693      35.689       4.795
    1434      24.353       1.871
    1435      41.255       9.779
     282       9.608      -2.879
    1503      18.610       4.299
    1702      45.825       1.194
     239      23.251       6.106
      10      30.045      -3.621
      69      31.525      10.036
      70      41.245       5.910
      71      38.767       7.003
     207      44.237       7.995
     208      23.732       5.322
     286      23.842       5.018
    1590      47.429       8.737
    1776      16.486       3.639
     785      16.603      -1.254
    1836      36.380       5.281
    1094      23.448       4.774
     876      41.111       4.912
     877      28.970       5.157
    1146      26.979       6.783
    1413       7.303       0.599
    1149       2.514      -0.859
    1379      37.132       5.756
     243      25.233       6.629
    1507      18.999      -3.602
    1869      17.835       3.697
    1508      39.797      -3.500
     281      30.806       9.909
    1504      11.951       0.634
    1516      21.487      -0.701
     283      23.090       4.563
     247       6.426      -0.273
      68      33.254       9.719
       9       9.081       1.459
      67      27.757       8.091
     209      15.506       3.360
    1555      28.566      -0.625
    1089      22.317      -3.477
    1706       9.653       0.271
    1095      39.541      11.164
    1087      26.824      -3.560
    1086      16.536      -1.999
    1088      17.512      -4.463
    1380       7.999      -2.199
    1623       5.827      -4.342
    1518       3.539      -2.968
     248      36.525       9.720
    1517      13.879       0.823
      65       8.698       0.268
      64      28.014      -3.629
       8      42.256      10.693
       7      32.504      10.171
      66      13.299       2.035
      63      31.786      -3.528
      62       5.121       0.628
       6       6.949      -0.117
     210      21.797       1.038
    1090      46.089       9.046
    1775      21.207       2.772
    1263      15.716       1.364
    1711      36.088       9.024
    1790      25.002       1.397
    1141      25.263      -3.510
    1894      41.636       9.638
    1521      21.479      -1.401
      61      29.062       9.007
      60       4.252      -0.381
       5      19.827       4.912
      59      38.826       6.481
       1      33.717       8.493
    1679      46.189       8.587
    1096      39.284       3.423
     249      24.134      -2.694
    1747       9.461       1.510
    1616      38.344      10.441
     250      44.616       9.807
    1720      13.000       0.771
    1807      11.433       2.036
     268      14.303       1.528
      58       0.346      -0.495
      53      38.124      -3.606
       2       1.665      -2.858
       4      45.868       0.374
      57      47.621       9.080
      56      27.810       7.716
       3      10.433       1.774
      55      26.945       6.512
      54      29.872      -0.584
         419         426         456
         612         575         611
         456         455         419
        1290        1258        1287
         398         361         399
        1158        1159        1189
         297         296         263
         839         838         804
        1180        1179        1209
        1411        1410        1379
        1874        1873        1887
         612         642         607
         607         605         612
        1312        1344        1313
         966         930         965
        1442        1410        1411
         439         403         440
         804         835         839
         995         958         994
        1803        1830        1831
        1209        1211        1180
        1366        1334        1332
         139         160         162
        1116        1081        1083
        1763        1736        1735
        1717        1740        1712
         453         490         454
        1202        1199        1171
          57          72          73
        1189        1188        1158
          57          43          58
        1235        1266        1265
         402         403         439
         239         246         272
         964         930         966
        1871        1885        1884
         263         296         268
         347         346         384
        1318        1347        1314
         117          97          99
        1289        1258        1290
        1793        1765        1766
         534         531         498
        1098        1097        1064
          39          40          55
        1643        1671        1640
         376         338         375
         139         162         157
         994        1032         995
        1782        1810        1806
        1561        1565        1594
        1083        1081        1045
         247         216         217
        1170        1142        1172
         959         958         995
        1305        1274        1304
         843         878         875
        1201        1171        1200
        1565        1597        1594
          45          30          32
         489         490         453
        1455        1454        1490
         434         395         433
         271         239         272
         641         676         675
         214         187         215
        1343        1344        1312
         707         705         673
         767         762         733
         773         741         775
        1098        1064        1090
        1400        1422        1431
         675         640         641
        1162        1164        1132
        1416        1448        1415
         217         216         189
         331         368         366
        1428        1396        1395
        1265        1236        1235
         430         393         432
        1585        1615        1614
         498         531         496
         312         346         347
        1803        1831        1804
        1683        1651        1650
        1537        1539        1505
        1400        1431        1401
        1264        1236        1267
        1064        1097        1063
         389         388         350
        1050        1089        1087
        1813        1818        1843
        1854        1873        1874
         933         897         898
        1321        1322        1355
        1171        1199        1169
        1585        1614        1584
        1463        1429        1462
        1782        1809        1810
        1687        1717        1712
        1314        1288        1318
         646         612         611
         366         330         331
         347         386         385
        1332        1365        1366
         602         601         565
        1790        1762        1788
        1845        1844        1814
        1170        1140        1142
          99          97          80
         846         845         811
        1313        1344        1345
         355         356         321
         695         727         694
         593         628         596
        1483        1514        1516
         736         735         769
         875         910         880
        1766        1765        1737
        1814        1844        1815
         433         395         394
         596         628         632
        1117        1081        1116
         612         605         575
        1643        1674        1671
        1395        1427        1428
          52          53          36
        1505        1504        1537
        1861        1837        1836
         841         843         875
        1114        1081        1117
         932         897         933
         388         349         350
         185         187         214
         875         880         846
        1481        1446        1445
        1385        1416        1415
        1487        1488        1452
         491         527         516
         575         574         611
        1443        1478        1476
        1050        1088        1089
         379         378         417
         376         374         338
        1735        1736        1707
          45          44          30
        1508        1543        1542
        1463        1457        1429
        1050        1087        1049
        1507        1508        1542
        1509        1478        1477
         734         727         759
          58          43          46
         733         766         767
          21          11          14
         232         261         264
         769         735         765
         304         339         338
         877         878         843
         773         775         808
        1429        1423        1396
          89          88          70
         673         674         707
         156         135         157
        1425        1393        1394
        1730        1756        1731
        1443        1441        1410
        1811        1813        1839
          70          54          69
         880         845         846
          67          66          51
         534         568         570
        1429        1396        1428
        1835        1815        1846
        1587        1556        1590
         526         527         491
        1730        1731        1702
         728         727         695
         430         392         393
        1305        1300        1274
         924         958         959
         417         378         415
         210         239         238
         304         305         339
         742         708         743
         582         547         578
        1421        1454        1455
        1360        1393        1361
          71          57          73
        1786        1781        1759
         394         356         355
        1656        1688        1690
         157         135         139
         946         945         910
        1782        1806        1780
        1361        1327        1360
         264         263         232
         384         386         347
        1335        1331        1305
         795         762         794
         147         170         145
         565         601         600
         492         455         456
        1835        1808        1815
         281         273         308
        1542        1541        1507
         694         662         695
        1829        1830        1803
         452         455         488
         248         273         281
         646         642         612
         731         730         763
         110          91          93
        1839        1813        1842
         284         251         253
          69          87          70
        1385        1354        1388
        1615        1646        1614
        1476        1441        1443
         488         487         452
          11           7          14
        1459        1424        1425
        1766        1767        1795
         981         945         946
         570         567         534
         338         339         375
        1312        1306        1336
         468         471         505
        1487        1520        1488
          51          66          50
         804         838         816
        1034        1070        1035
        1267        1236        1265
         505         504         468
        1070        1071        1035
        1090        1064        1053
        1140        1111        1142
        1837        1862        1858
        1650        1651        1618
        1200        1171        1170
         759         768         734
        1759        1781        1754
         759         727         728
        1464        1465        1495
         109          91         110
         238         239         270
        1311        1341        1342
        1443        1410        1442
         176         175         151
        1132        1164        1163
         244         242         214
         609         600         636
        1328        1327        1296
         739         705         707
         572         600         609
        1100        1099        1065
        1663        1697        1695
        1131        1096        1130
         985         984        1020
         611         574         576
        1590        1556        1589
         151         175         154
        1227        1226        1195
         720         688         721
        1458        1424        1459
        1735        1707        1706
        1355        1322        1350
         843         809         807
        1162        1132        1131
        1593        1619        1589
        1836        1859        1860
        1096        1095        1130
        1842        1813        1843
        1532        1565        1561
        1789        1762        1790
        1655        1688        1656
        1647        1646        1615
         707         674         708
         721         688         690
        1809        1836        1810
        1188        1187        1158
         992         996        1030
         948         984         985
        1234        1236        1264
        1534        1565        1532
          70          88          85
          54          38          53
        1616        1622        1591
         843         807         842
        1439        1438        1473
        1129        1096        1132
        1360        1327        1328
         730         762         763
        1445        1446        1413
         210         216         239
        1706        1707        1673
         966        1001         964
         539         574         538
         496         460         498
        1315        1293        1324
        1812        1811        1838
         253         286         284
         534         567         531
         349         315         350
        1432        1466        1433
        1313        1341        1311
        1836        1860        1861
         142         122         143
         145         126         147
        1886        1878        1893
        1640        1671        1641
         314         315         349
        1132        1096        1131
        1282        1306        1312
        1227        1195        1225
        1650        1682        1683
        1439        1474        1469
         875         878         910
        1685        1657        1692
        1471        1438        1437
         468         503         466
         332         333         369
        1109        1111        1140
        1657        1624        1656
        1134        1133        1098
        1217        1247        1248
         964        1001         975
         910         878         912
        1615        1627        1647
         596         561         560
         690         688         657
         381         420         390
         847         840         812
          51          54          67
        1653        1686        1654
        1049        1087        1055
         844         808         810
        1248        1247        1277
          69          53          52
         561         527         526
        1595        1627        1612
        1656        1689        1657
        1861        1862        1837
        1650        1618        1617
         924         923         958
         794         762         767
          31          43          29
         743         708         710
        1507        1541        1506
        1832        1855        1856
        1616        1613        1644
        1482        1514        1483
         121         122         142
         604         605         607
        1361        1393        1395
        1617        1618        1588
         682         683         650
        1432        1464        1466
         964         975         940
         582         580         547
        1674        1651        1684
        1712        1740        1739
          55          42          56
         560         593         596
        1065        1099        1077
        1422        1391        1392
        1738        1767        1766
         849         815         816
         896         897         932
        1516        1515        1483
         260         228         259
         742         707         708
        1509        1510        1478
         816         838         849
         993         992        1030
        1501        1534        1532
         297         263         264
        1788        1762        1761
         812         840         805
        1835        1859        1836
        1158        1187        1157
        1804        1831        1832
        1342        1374        1372
         571         563         535
        1760        1761        1734
        1533        1501        1500
        1692        1715        1685
         129         110         131
        1452        1488        1453
          73          92          90
         161         185         159
        1439        1473        1474
        1340        1311        1342
        1394        1367        1399
         274         242         275
         382         420         381
        1301        1333        1332
         392         425         387
         430         425         392
         321         356         322
         197         170         198
        1589        1560        1593
        1439        1469        1435
        1285        1293        1315
        1379        1380        1411
         459         460         496
        1856        1877        1857
        1832        1856        1833
        1495        1465        1496
         657         689         690
         259         228         229
        1312        1336        1343
        1353        1387        1354
        1663        1695        1662
        1652        1657        1685
         731         697         730
         996        1035        1030
          50          66          65
         607         642         641
        1394        1393        1360
        1401        1431        1432
        1554        1556        1587
         661         662         694
        1432        1433        1402
         214         243         244
         842         808         844
        1437        1438        1407
        1872        1885        1871
        1227        1258        1257
        1752        1726        1725
        1150        1179        1180
         417         451         453
        1815        1844        1846
        1445        1480        1481
        1340        1342        1372
        1653        1654        1621
         560         561         526
         825         826         858
        1313        1311        1283
         947         912         911
        1045        1044        1082
        1812        1840        1814
          58          72          57
         219         193         221
         131         150         129
        1806        1834        1829
         293         260         292
        1652        1685        1653
        1531        1530        1498
        1498        1529        1531
         252         284         285
        1758        1731        1757
        1352        1354        1385
        1574        1604        1603
         321         322         285
        1791        1818        1813
        1492        1457        1463
        1386        1387        1353
           8          16          15
        1490        1491        1455
        1695        1724        1723
        1201        1202        1171
        1179        1182        1209
         451         486         453
          51          38          54
         599         563         571
         369         367         332
         200         173         174
        1644        1648        1616
        1774        1801        1799
        1393        1424        1395
        1447        1482        1483
         164         142         166
         645         679         680
        1477        1478        1443
          70          87          89
         283         252         285
         145         169         168
        1420        1421        1390
        1495        1494        1464
         468         504         503
        1774        1799        1773
         338         374         337
        1283        1311        1281
        1533        1534        1501
        1276        1282        1251
          42          57          56
        1438        1472        1473
        1500        1501        1470
         661         629         662
        1758        1785        1759
        1125        1124        1155
         341         306         340
         275         242         244
        1677        1675        1645
          92         109         111
         917         941         952
         911         878         877
         229         228         200
         711         713         745
        1725        1751        1752
         680         713         711
         152         151         130
         395         356         394
         673         705         671
         890         923         924
         639         640         673
        1836        1837        1810
          97          78          80
        1133        1097        1098
         680         679         712
         858         826         859
         170         169         145
         169         195         168
        1340        1372        1356
        1296        1327        1299
         161         187         185
        1632        1664        1663
          11          10           4
        1809        1808        1835
        1697        1724        1695
        1410        1441        1409
         466         503         499
        1732        1759        1754
        1180        1207        1177
        1831        1854        1855
         685         668         702
        1257        1226        1227
        1329        1334        1362
        1723        1748        1746
         109         129         130
         564         600         572
        1732        1731        1758
        1705        1734        1706
         763         762         795
        1780        1806        1802
         876         842         844
        1854        1874        1855
        1733        1760        1734
        1806        1810        1834
        1675        1644        1645
         912         878         911
        1802        1806        1829
          46          43          31
        1420        1454        1421
        1591        1622        1592
        1055        1087        1092
        1257        1258        1289
        1366        1367        1334
        1754        1781        1755
         374         412         411
         811         845         812
        1724        1749        1750
         702         668         701
         109         130         111
        1653        1685        1686
         889         890         856
          46          31          44
        1583        1612        1585
         173         150         174
        1128        1154        1159
        1643        1651        1674
        1055        1092        1091
        1802        1829        1803
         932         931         896
        1335        1364        1331
          44          31          30
        1723        1746        1722
         374         373         337
        1734        1761        1735
          92         111         108
        1476        1508        1507
          71          73          90
         733         762         730
        1755        1782        1780
        1301        1303        1333
         388         426         419
        1672        1706        1673
        1590        1621        1617
        1620        1653        1621
         698         697         731
          79          78          97
        1760        1787        1761
         174         201         200
        1462        1428        1461
        1044        1047        1082
        1583        1582        1612
          17          28          16
        1758        1783        1785
         538         574         575
        1812        1814        1785
          42          41          28
        1314        1347        1346
        1732        1758        1759
        1008        1047        1044
         993         956         992
        1522        1559        1523
         331         367         368
        1655        1649        1681
        1612        1582        1595
        1050        1051        1088
         671         705         672
         197         169         170
        1558        1592        1559
         695         662         663
        1342        1373        1374
         754         786         755
         940         975         974
         287         254         256
        1399        1426        1394
        1673        1707        1701
        1703        1732        1728
        1755        1781        1782
        1286        1316        1291
        1856        1876        1877
        1242        1211        1239
        1804        1832        1805
         159         185         184
        1577        1607        1604
        1388        1416        1385
        1705        1733        1734
         292         260         259
        1652        1624        1657
        1672        1705        1706
        1621        1654        1650
        1172        1142        1167
        1632        1633        1664
        1122        1151        1120
        1701        1730        1702
         529         530         564
         570         568         604
        1431        1465        1464
          37          38          24
         520         554         553
         737         711         744
        1587        1617        1588
         989        1027        1026
        1614        1646        1645
        1733        1737        1760
         896         930         895
        1151        1181        1152
        1153        1151        1122
         663         662         630
        1286        1291        1259
         530         565         564
        1701        1707        1730
        1369        1391        1400
         198         170         171
         744         711         745
        1871        1851        1872
        1504        1536        1537
        1616        1649        1622
         240         273         248
        1592        1623        1593
        1456        1465        1431
          38          25          24
          17          29          28
         376         412         374
        1588        1618        1611
        1686        1687        1654
        1435        1469        1436
        1590        1620        1621
         117         119         138
        1586        1616        1591
        1489        1523        1519
        1467        1497        1498
        1785        1786        1759
        1641        1672        1642
        1620        1652        1653
         339         306         341
         173         149         150
         482         491         516
        1467        1498        1471
        1587        1590        1617
         836         869         868
        1886        1885        1872
        1152        1182        1179
         330         361         325
        1522        1558        1559
         141         142         164
        1077        1099        1111
         116          97         117
        1702        1731        1703
         191         193         219
        1074        1038        1037
        1856        1857        1833
        1611        1618        1643
        1694        1695        1723
         323         355         320
        1489        1522        1523
        1558        1591        1592
        1611        1643        1640
         339         341         375
        1261        1285        1254
         241         242         274
        1206        1236        1234
         284         321         285
        1592        1622        1623
        1474        1505        1500
         285         322         319
         250         252         283
        1498        1497        1529
         567         566         531
        1405        1436        1434
         200         201         229
        1403        1434        1420
        1469        1500        1470
         828         861         827
         555         521         523
        1479        1449        1485
        1422        1456        1431
        1239        1211        1209
        1421        1455        1445
         955         956         921
         562         597         598
        1712        1682        1687
        1786        1808        1781
         252         251         284
         225         224         196
         989        1026        1025
         720         752         729
         677         642         646
         341         379         375
        1554        1587        1555
         341         378         379
        1732        1754        1728
        1321        1317        1322
        1783        1812        1785
        1473        1504        1474
        1213        1182        1212
        1394        1426        1425
        1783        1811        1812
         251         220         222
          55          41          42
         247         246         216
        1402        1433        1406
        1315        1348        1316
         535         502         537
        1159        1154        1184
         912         946         910
        1887        1888        1874
         842         807         808
         876         877         842
         917         952         951
        1392        1391        1359
         308         316         281
        1436        1470        1468
        1734        1735        1706
         138         140         161
         700         727         734
        1433        1467        1437
        1453        1489        1486
        1451        1483        1487
        1282        1312        1283
        1187        1165        1157
         270         269         238
        1106        1072        1105
        1451        1487        1452
         104         106         124
        1389        1420        1390
        1447        1483        1451
        1153        1183        1181
         857         891         867
        1267        1299        1295
          84          85         103
        1390        1421        1412
         902         891         925
         336         373         362
        1639        1607        1638
         375         379         413
         140         141         163
        1735        1762        1763
        1862        1879        1858
        1012        1051        1050
         362         373         400
         949         948         913
          35          51          50
        1408        1439        1435
        1003        1001         966
         856         890         886
         185         214         213
         807         809         774
         156         157         181
         862         861         828
         796         797         764
         948         985         950
        1330        1363        1359
         483         482         516
        1299        1330        1326
        1476        1507        1475
          85         104         103
        1407        1438        1408
        1403        1405        1434
         140         163         161
          19          11          20
        1254        1285        1255
        1195        1226        1222
        1406        1437        1407
        1694        1723        1722
         184         185         213
        1469        1474        1500
        1614        1613        1584
        1204        1206        1234
          46          44          60
        1389        1403        1420
        1405        1435        1436
        1337        1358        1369
        1474        1504        1505
        1672        1673        1642
        1255        1285        1286
        1320        1354        1352
         138         161         159
        1128        1159        1158
        1436        1469        1470
        1414        1447        1417
         166         193         191
         655         656         687
         184         213         212
         661         694         666
        1329        1362        1328
         141         164         163
        1264        1295        1294
        1499        1501        1532
         644         645         610
         834         857         867
        1082        1083        1045
        1026        1063        1062
          67          54          70
        1594        1625        1595
          84         103         102
        1621        1650        1617
         134         156         155
        1251        1282        1252
        1412        1421        1445
         164         166         191
        1281        1311        1310
          34          35          50
         462         499         461
        1217        1248        1246
         221         252         250
         121         142         141
        1412        1445        1413
        1408        1438        1439
        1546        1543        1510
          59          45          62
         322         357         354
         111         130         132
        1592        1593        1559
        1406        1433        1437
        1632        1663        1662
        1362        1394        1360
        1310        1311        1340
        1356        1389        1357
        1470        1501        1499
        1004         969        1006
        1264        1267        1295
         812         805         777
        1401        1432        1402
        1499        1532        1524
        1641        1671        1672
         889         923         890
         454         490         491
         911         877         876
        1297        1328        1296
         462         466         499
        1561        1594        1562
         500         502         535
        1040        1001        1003
        1330        1361        1363
        1252        1282        1283
          67          70          85
        1234        1264        1263
         432         468         466
         320         287         323
         408         369         407
         311         276         278
         424         462         461
        1127        1128        1158
         638         671         672
         248         281         280
        1230        1229        1260
         219         221         250
        1246        1248        1276
         424         461         423
        1114        1145        1115
        1310        1340        1323
        1400        1391        1422
        1177        1207        1178
        1832        1833        1805
         353         392         387
         459         496         495
         533         538         569
         636         638         670
         607         641         606
        1556        1560        1589
        1587        1588        1555
        1622        1655        1623
        1267        1296        1299
        1331        1300        1305
         120         121         141
        1540        1574        1573
        1079        1081        1114
         136         138         159
         130         149         152
         212         241         240
        1259        1291        1287
         319         322         354
        1252        1283        1281
         283         285         319
         101         102         121
        1246        1276        1251
        1809        1835        1836
          83          84         102
         716         749         747
         400         373         411
        1872        1878        1886
        1301        1332        1302
        1325        1307        1294
        1255        1286        1259
        1467        1471        1437
        1011        1012        1050
        1006        1045        1043
        1444        1449        1479
        1250        1219        1221
         632         666         665
        1127        1158        1157
        1297        1329        1328
         609         636         644
         411         412         446
        1178        1207        1208
         269         267         237
         565         600         564
         158         159         184
         678         680         711
        1505        1533        1500
         694         727         700
        1489        1519        1486
        1810        1837        1834
         745         746         779
         639         673         671
          90          92         108
         645         678         643
         867         891         902
        1447        1446        1482
        1612        1627        1615
         729         761         760
        1453        1488        1489
        1153        1181        1151
        1832        1831        1855
        1757        1784        1783
         411         373         374
         992         956         955
         650         683         681
         821         854         822
        1212        1182        1181
        1440        1476        1475
        1594        1595        1562
        1189        1219        1188
         132         154         148
        1011        1050        1049
         648         617         650
        1361        1395        1363
        1585        1612        1615
        1121        1152        1149
         216         188         189
         812         845         847
         995        1034         996
        1178        1208        1205
        1384        1385        1415
         521         487         488
        1436        1468        1434
         972         960         997
        1150        1180        1177
        1433        1466        1467
         813         806         841
         632         661         666
         553         554         588
          49          50          65
        1204        1234        1233
         636         670         644
         929         930         964
          42          43          57
        1362        1367        1394
         128         111         132
         609         644         610
         703         711         737
        1432        1431        1464
        1302        1334        1329
        1603        1602        1574
         134         135         156
         631         632         665
         769         803         802
        1708        1738        1737
          77          62          79
         631         665         664
         214         242         213
         721         752         720
        1447        1451        1417
        1723        1747        1748
         499         533         497
        1290        1321        1320
         638         672         670
         895         930         929
         357         395         396
         666         694         700
        1346        1379        1378
        1159        1190        1189
        1838        1841        1812
         413         418         448
        1170        1141        1140
          65          66          83
        1764        1791        1784
        1462        1429        1428
         764         797         765
         434         435         395
        1299        1326        1295
         319         354         353
         658         669         691
        1026        1027        1063
        1636        1607        1639
         496         531         530
         745         779         778
         337         373         336
        1763        1789        1791
         839         835         868
        1363        1392        1359
        1038         999        1037
        1157        1165        1134
         678         711         703
          99         119         117
        1470        1499        1468
        1079        1114        1080
        1348        1349        1316
         600         601         636
        1102        1101        1137
         533         569         532
        1168        1135        1136
         155         156         180
         672         705         706
         921         956         954
          59          44          45
         180         156         181
        1557        1586        1591
        1312        1313        1283
         283         319         318
         626         658         659
         250         283         282
         219         250         249
        1330        1359        1326
         164         191         190
        1091        1127        1126
         191         219         218
        1713        1739        1738
        1032        1056        1069
        1413        1446        1414
         924         959         955
         610         645         643
         104         124         123
        1362        1360        1328
         301         303         336
         706         739         740
        1389        1390        1357
         495         530         529
         777         805         771
        1703        1731        1732
         637         639         671
         181         182         209
         591         626         627
        1627        1659        1647
        1198        1229        1230
        1221        1219        1189
        1061        1026        1062
         645         680         678
         414         448         449
        1532        1561        1524
         589         591         624
         666         700         699
         974        1011        1010
         706         705         739
         606         640         639
         357         396         393
        1586        1613        1616
        1482        1446        1481
         603         606         639
         929         964         940
         418         453         454
         959         995         996
         570         607         606
          73          91          92
         183         184         212
         700         734         733
         770         769         802
        1253        1257        1284
         180         181         208
         677         676         642
         944         980         957
        1415        1449        1444
        1340        1356        1323
        1356        1372        1389
        1523        1556        1519
         414         413         448
         422         423         459
         669         678         703
         418         417         453
         124         145         144
         430         432         466
        1183        1212        1181
         988         952         989
         157         162         182
        1662        1695        1694
         458         459         495
         211         212         240
        1332        1334        1302
         385         424         423
         326         336         362
         589         624         623
         303         304         337
          34          21          35
        1092        1123        1128
        1091        1092        1127
         215         243         214
        1070        1033        1069
        1745        1746        1773
         284         320         321
        1160        1163        1191
         523         521         488
        1411        1415        1444
        1264        1294        1263
        1120        1151        1121
         980        1017         994
         181         157         182
         499         503         533
         736         769         770
         253         251         222
         860         896         895
         154         179         172
         573         609         610
         385         386         424
        1235        1206        1205
         660         657         627
         959         996         992
         758         786         754
         808         775         810
         608         610         643
         303         270         304
         920         924         955
        1425        1424        1393
        1319        1320        1352
        1208        1235        1205
        1087        1089        1123
         216         246         239
         195         223         222
         792         793         825
         888         922         889
        1396        1423        1392
        1171        1169        1141
         326         301         336
        1553        1584        1586
        1337        1307        1325
         325         361         360
         569         605         604
         217         240         248
        1519        1556        1554
          20          11          21
        1471        1472        1438
        1039        1000        1028
          96          79          98
         909         944         922
        1370        1400        1401
        1061        1062        1094
        1475        1507        1506
         974         975        1011
         813         841         846
         591         627         624
         538         575         569
        1369        1358        1391
         778         779         813
        1234        1263        1233
        1468        1454        1434
        1722        1746        1745
         643         678         669
         644         679         645
          84          67          85
         778         813         811
        1371        1401        1402
           4           7          11
         454         482         448
        1197        1229        1198
         623         656         655
         792         825         824
         399         361         366
         506         471         470
         770         802         804
         635         643         669
         449         482         483
         944         957         922
        1235        1236        1206
        1086        1073        1107
         988         989        1025
         980         994         957
         140         120         141
         824         857         834
         920         955         921
        1404        1408        1435
        1166        1197        1198
         954         991         990
         177         200         205
         739         773         740
         993        1030        1031
         380         419         416
        1045        1081        1043
         442         408         407
         744         778         777
         718         736         750
        1285        1315        1286
        1287        1317        1290
          49          34          50
         277         311         312
         538         504         539
         213         241         212
         128         132         148
         993        1031        1029
         633         631         664
          20          21          34
         247         248         280
         257         225         226
         916         917         951
        1375        1402        1406
        1017        1032         994
         967         969        1004
         855         889         856
         886         920         887
        1041        1043        1079
        1490        1454        1468
         494         495         529
         108         111         128
        1216        1247        1217
        1552        1585        1584
        1028        1000         990
         991        1028         990
         780         749         781
        1261        1293        1285
        1528        1495        1526
         626         659         627
        1265        1297        1296
         991        1029        1028
         505         471         506
        1715        1714        1685
         855         888         889
        1539        1538        1505
         279         280         314
         181         209         208
         320         355         321
         937         960         972
        1540        1541        1574
         658         691         659
         744         745         778
        1039        1037        1000
         969        1005        1006
        1346        1347        1379
          19          10          11
        1004        1006        1043
         714         683         716
         669         703         691
         120         101         121
         357         393         354
         499         497         461
         588         589         623
         582         617         616
         543         509         544
         536         564         572
         915         948         950
         848         849         882
        1006        1044        1045
         650         649         682
         443         408         442
        1298        1302        1329
         915         950         944
        1299        1327        1330
        1097        1095        1063
        1127        1157        1126
         158         136         159
         418         454         448
         101          83         102
         805         840         821
         638         637         671
         627         657         624
        1011        1049        1010
         258         236         268
         303         337         336
         416         419         452
         771         788         756
         788         821         789
         957         923         922
          58          46          60
         744         777         771
         737         744         771
         822         855         823
        1737        1765        1760
        1430        1399        1398
         737         771         756
         276         243         245
         442         439         475
           9          16           8
         667         664         698
        1074        1037        1039
         423         460         459
         825         857         824
         182         210         209
         666         699         665
         179         203         207
         447         414         449
         496         530         495
         734         766         733
        1837        1858        1834
         579         544         546
         304         338         337
        1377        1407        1408
        1271        1301        1302
         102         122         121
         780         781         814
        1376        1406        1407
         825         858         857
         886         890         920
         641         640         606
         585         562         598
         407         402         439
        1170        1171        1141
         944         950         980
         997        1036        1009
         989         976        1013
         517         516         550
        1080        1114        1115
         579         546         581
         376         375         413
         448         482         449
        1042        1079        1080
         714         716         747
         622         623         655
         888         909         922
         604         568         569
         319         353         318
         991         993        1029
         933         969         967
         803         836         802
         615         582         616
         749         751         781
         241         273         240
        1392        1423        1422
           1           5           3
        1785        1814        1786
         932         933         967
         283         318         282
         481         449         483
         648         650         681
         274         273         241
        1504        1503        1536
        1677        1645        1676
         700         733         699
        1155        1124        1143
        1754        1755        1729
         533         532         497
         148         154         172
        1025        1026        1061
         250         282         249
         658         635         669
         771         805         788
         531         565         530
         778         811         777
        1149        1179        1150
         664         697         698
        1029        1065        1028
         307         314         342
         954         956         991
        1687        1682        1654
         685         702         718
         271         305         304
        1630        1598        1600
         591         590         626
         827         861         860
         357         356         395
         413         379         418
         405         369         408
         377         380         416
         951         952         988
         219         249         218
         959         992         955
          56          57          71
        1354        1387        1388
        1825        1826        1850
         916         883         917
         958         923         957
         672         706         704
         327         326         362
         533         503         538
         164         190         163
         822         854         855
         788         805         821
         920         921         887
         925         960         937
         519         520         553
         952         976         989
         728         729         760
         703         737         724
         791         792         824
         821         822         789
         450         452         485
         130         151         132
         195         196         223
         104         123         103
         442         407         439
        1834        1853        1829
         191         218         190
        1034        1035         996
        1121        1151        1152
         909         915         944
         813         846         811
         462         430         466
         801         824         834
         991         956         993
         661         628         629
         737         756         724
         183         158         184
        1784        1811        1783
         723         754         755
        1755        1780        1753
        1622        1649        1655
         637         603         639
         849         883         882
         415         451         417
         736         770         750
         223         253         222
         199         179         207
         914         949         913
        1157        1134        1126
        1065        1077        1039
         227         236         258
        1561        1562        1525
         278         313         311
         603         570         606
        1826        1851        1850
         570         604         607
         624         656         623
          85          88         104
        1506        1541        1540
         663         687         696
         747         749         780
         760         761         792
        1141        1169        1139
         841         875         846
        1048        1073        1086
        1784        1813        1811
         868         835         836
         437         411         446
        1523        1560        1556
         363         362         400
        1673        1701        1668
        1127        1092        1128
         169         196         195
         681         683         714
         913         948         915
         616         617         648
        1136        1102        1138
         855         856         823
         477         442         475
        1136        1100        1102
         422         385         423
         458         422         459
        1780        1802        1779
         406         368         405
         598         597         633
        1321        1353        1320
         902         925         937
         631         596         632
        1855        1875        1856
         779         806         813
         523         557         555
         233         205         234
        1181        1182        1152
        1372        1374        1403
         405         408         441
        1241        1237        1210
         854         840         874
         124         144         123
         172         179         199
         494         458         495
        1663        1696        1697
         254         224         256
        1476        1478        1508
         792         761         793
        1321        1355        1353
         972         997        1009
         475         509         510
        1703        1728        1700
        1011         975        1012
         203         232         207
         573         572         609
         477         475         510
         608         573         610
         861         897         896
         635         608         643
         543         544         579
         699         697         665
         209         237         208
        1853        1873        1854
        1657        1691        1692
        1489        1488        1522
         145         168         144
         791         760         792
         659         692         660
         536         529         564
         706         740         738
         454         491         482
        1702        1703        1670
        1008        1044        1005
         441         408         443
        1590        1589        1620
         590         625         626
        1092        1087        1123
        1034        1033        1070
         497         460         461
        1588        1611        1581
        1672        1671        1705
         811         812         777
         588         554         589
        1138        1102        1137
         238         237         209
         124         126         145
         920         890         924
        1701        1702        1669
         204         177         205
         265         234         266
        1009        1036        1048
          45          61          62
        1384        1352        1385
         366         368         404
        1558        1557        1591
         436         431         396
        1149        1150        1119
         667         633         664
         443         442         477
         199         207         227
        1032        1033         995
         399         366         404
        1745        1773        1772
        1389        1372        1403
        1827        1828        1801
        1390        1412        1381
        1733        1708        1737
         659         660         627
        1451        1452        1418
         963         998         961
        1315        1316        1286
         481         447         449
        1411        1384        1415
        1802        1803        1776
         954         990         953
         453         486         489
        1738        1766        1737
        1319        1290        1320
         585         550         562
        1017        1056        1032
         517         483         516
         624         657         656
        1136        1099        1100
         728         696         729
          28          29          42
        1641        1642        1610
        1499        1524        1490
         414         376         413
        1059        1022        1058
        1121        1149        1118
         801         791         824
        1412        1413        1382
         406         405         441
        1758        1757        1783
         788         789         757
        1405        1404        1435
        1519        1554        1517
         211         183         212
         418         379         417
         622         588         623
        1640        1641        1609
         180         208         206
        1267        1265        1296
         779         772         806
         303         269         270
         821         840         854
         658         625         635
         963        1000         998
        1611        1640        1608
          92          91         109
         404         368         406
        1178        1205        1175
         723         722         754
        1065        1039        1028
         638         601         637
        1597        1625        1594
        1595        1582        1562
         900         866         865
        1297        1298        1329
        1337        1325        1358
        1251        1252        1221
         544         512         546
        1452        1453        1419
         270         239         271
        1246        1251        1220
         217         211         240
        1252        1281        1250
        1345        1341        1313
        1513        1514        1482
         874         840         847
         855         854         888
         703         724         691
        1391        1358        1359
        1356        1357        1324
        1042        1041        1079
         730         697         699
        1139        1153        1122
        1554        1555        1518
        1077        1074        1039
         446         412         447
        1204        1233        1203
        1041        1004        1043
         351         381         390
        1814        1815        1786
         238         269         237
        1395        1396        1363
        1281        1310        1280
        1453        1486        1450
        1150        1177        1147
        1217        1246        1215
        1177        1178        1148
        1370        1369        1400
        1678        1647        1679
        1310        1323        1292
         672         704         670
         663         655         687
        1371        1370        1401
        1413        1414        1383
         307         279         314
         258         268         291
          60          44          59
        1137        1101        1106
        1375        1371        1402
         247         217         248
         207         236         227
         144         167         143
        1414        1417        1386
         647         649         617
         921         954         919
         922         923         889
         155         180         178
         702         735         736
         498         460         497
         363         327         362
        1269        1272        1242
         718         702         736
         377         342         380
         270         271         304
        1176        1206        1204
         327         293         326
        1114        1117        1145
         279         247         280
         437         400         411
         528         556         522
        1623        1624        1593
        1298        1271        1302
        1036        1073        1048
        1205        1206        1176
         176         152         177
          36          53          37
        1557        1553        1586
        1027        1064        1063
         226         225         197
         196         224         223
         450         416         452
          79          97          98
         886         887         853
         168         167         144
        1678        1646        1647
         880         910         914
        1414        1446        1447
         940         974         939
        1330        1327        1361
        1708        1713        1738
         848         815         849
          96          77          79
        1049        1055        1016
         788         757         756
        1135        1099        1136
         822         823         790
         519         485         520
         851         884         850
          83          66          84
         265         233         234
         500         528         493
        1129        1132        1160
         929         940         905
        1713        1712        1739
        1020        1021         985
        1176        1204        1174
          33          20          34
        1404        1377        1408
        1895        1886        1896
         856         886         852
         226         197         198
        1434        1454        1420
         626         625         658
        1376        1375        1406
        1167        1135        1168
        1120        1121        1085
         851         885         884
        1757        1764        1784
         690         722         723
        1069        1056        1093
         974        1010         973
         635         625         599
        1531        1529        1563
        1111        1108        1077
        1676        1646        1678
        1440        1441        1476
         189         188         162
         781         815         814
         895         929         899
         589         555         591
        1359        1358        1326
          77          59          62
         860         895         863
        1055        1091        1054
         233         204         205
        1764        1763        1791
         353         387         348
        1216        1217        1186
         706         738         704
        1091        1126        1090
         507         541         508
         990        1000         963
        1553        1552        1584
         465         500         463
         860         861         896
         756         725         724
         190         187         163
        1255        1259        1228
        1377        1376        1407
         994         958         957
         990         963         953
         541         577         542
        1259        1287        1256
        1353        1354        1320
        1072        1067        1035
         770         804         782
        1510        1543        1508
        1012        1001        1040
        1708        1704        1674
         745         713         746
         541         548         577
        1625        1626        1595
        1552        1583        1585
         710         675         709
        1152        1179        1149
         637         601         602
         123         122         103
         685         718         686
         176         151         152
         532         534         498
         500         535         528
         354         392         353
         301         267         269
         232         236         207
        1254        1255        1224
        1168        1136        1138
        1599        1598        1630
        1024         987        1022
         833         862         828
         578         614         582
         559         594         558
        1160        1132        1163
         718         750         719
         633         597         631
          32          19          20
         868         869         903
         881         913         915
        1398        1366        1397
         707         741         739
         195         222         194
         909         881         915
         943         978         942
         827         860         829
         950         987         980
         822         790         789
        1153        1169        1183
         447         412         414
         479         513         512
        1169        1199        1183
         653         685         654
         298         264         294
         328         294         295
         515         481         483
         210         238         209
         651         618         619
         757         725         756
         195         194         168
         510         509         543
         773         774         740
          82          65          83
         879         880         914
         402         370         364
         759         728         760
          15          27          26
         665         697         664
         785         755         787
         551         517         550
         753         723         755
         278         276         245
         921         919         887
         314         349         342
         200         228         205
         865         866         833
        1297        1266        1298
         587         553         588
         721         690         723
        1884        1885        1895
         879         914         913
        1459        1425        1460
        1595        1626        1627
         854         874         888
        1399        1367        1366
         208         235         206
         137         116         136
         480         446         447
         409         371         372
         881         847         879
         204         176         177
        1661        1629        1660
         294         262         295
         652         619         621
        1746        1774        1773
         657         688         656
         954         953         919
          64          49          65
         634         598         633
         501         494         529
         701         667         698
        1088        1051        1078
         636         601         638
         371         335         372
         383         347         385
         213         242         241
         881         879         913
         537         536         572
         300         266         293
         630         622         655
         620         585         598
         695         663         696
         732         698         731
         358         323         324
         873         868         903
        1093        1056        1060
        1563        1527        1528
        1561        1525        1524
         401         363         400
         856         852         823
         764         731         763
        1295        1325        1294
          81          99          80
         197         196         169
         461         460         423
        1094        1096        1129
         298         332         297
         328         298         294
         884         859         850
         298         297         264
        1811        1839        1838
         180         206         178
         832         801         834
         215         187         190
         886         853         852
         345         312         347
        1644        1613        1614
         818         787         820
        1111        1099        1135
        1191        1195        1222
         516         527         550
        1149        1119        1118
        1035        1067        1030
        1126        1134        1098
         332         331         297
         177         173         200
         472         437         446
         562         527         561
        1014        1052        1013
        1294        1277        1263
         865         834         867
         562         561         597
         299         265         266
         154         175         179
         900         867         902
        1824        1799        1825
         275         244         277
        1562        1548        1525
         796         763         795
         391         390         428
         724         692         691
         310         277         312
         299         329         295
         429         428         464
         935         902         937
         556         523         522
         794         767         800
         791         759         760
         908         903         938
         289         256         288
         352         351         390
         597         561         596
        1644        1614        1645
         525         489         524
         554         521         555
         887         885         853
        1038        1076        1073
        1397        1365        1368
        1276        1306        1282
        1600        1571        1572
         552         519         553
        1398        1399        1366
        1499        1490        1468
         340         307         342
        1253        1226        1257
         725         692         724
         428         457         464
        1078        1112        1088
         733         730         699
        1142        1111        1135
         327         300         293
         528         522         493
        1803        1804        1777
        1262        1231        1232
         311         346         312
        1378        1410        1409
         299         295         265
        1570        1537        1569
         618         584         619
         943         979         978
         691         692         659
         541         542         508
         415         377         416
         143         122         123
         540         505         506
         329         364         328
         970         937         972
         789         758         757
        1121        1118        1085
         635         599         608
        1674        1684        1708
        1150        1147        1119
         965         932         967
         470         436         469
         481         480         447
        1002         967        1004
        1049        1016        1010
        1301        1270        1272
          30          18          19
        1131        1130        1161
         576         539         540
         277         276         311
         233         231         204
         193         220         221
         888         874         909
         329         328         295
         484         450         485
        1390        1381        1357
        1192        1166        1198
        1275        1245        1262
        1645        1646        1676
         770         782         750
         517         515         483
         704         679         670
         437         401         400
          47          61          45
         728         695         696
         577         578         542
         500         493         463
         591         555         590
         390         420         428
         340         378         341
        1572        1539        1570
         963         961         928
         300         299         266
         507         514         541
         353         348         318
        1200        1170        1172
        1430        1426        1399
         559         595         594
        1205        1176        1175
        1268        1241        1271
         785         753         755
        1451        1418        1417
         465         502         500
         208         237         235
        1681        1688        1655
        1356        1324        1323
        1322        1317        1291
        1139        1169        1153
         722         726         754
        1106        1101        1072
        1304        1273        1275
        1078        1042        1080
        1103        1069        1093
         546         580         581
        1000        1037         998
         753         721         723
         380         349         388
         663         630         655
        1113        1080        1115
        1527        1495        1528
         407         370         402
         401         410         372
        1754        1729        1728
         325         302         330
         589         554         555
         940         939         905
         615         580         582
         585         551         550
         414         412         376
        1178        1175        1148
         444         476         440
        1100        1068        1102
        1204        1203        1174
        1724        1747        1723
         225         196         197
         532         498         497
         410         444         409
        1177        1148        1147
         264         261         294
         163         187         161
         818         785         787
         853         851         820
         401         372         363
         617         649         650
         651         647         618
        1850        1851        1871
         667         634         633
        1144        1115        1146
         919         885         887
         909         874         881
        1089        1124        1125
         631         597         596
         282         278         249
        1673        1668        1642
         895         899         863
         853         885         851
         632         628         661
         573         537         572
        1588        1581        1555
         480         472         446
         974         973         939
         551         549         517
         235         259         229
         444         440         409
         929         905         899
        1007         972        1009
         685         686         654
          84          66          67
        1298        1266        1268
         622         587         588
         118          98         116
         853         820         852
        1252        1250        1221
        1557        1521        1520
         833         866         862
        1251        1221        1220
        1246        1220        1215
        1674        1704        1671
         718         719         686
        1223        1198        1230
        1519        1517        1486
         637         602         603
        1233        1216        1203
         696         720         729
         587         552         553
        1403        1374        1405
        1281        1280        1250
         515         514         481
         103         122         102
        1269        1300        1272
         963         928         953
        1142        1135        1167
        1693        1658        1661
         307         272         279
         536         501         529
        1565        1596        1597
         640         674         673
         852         819         823
         804         816         782
         860         863         829
         410         409         372
         232         263         236
         494         457         458
         851         850         818
         670         679         644
         470         471         436
         652         651         619
         433         394         397
         578         547         542
         823         819         790
         377         340         342
         653         668         685
        1084        1048        1086
         480         507         472
        1338        1337        1369
         790         758         789
         883         906         917
         779         746         772
        1055        1054        1016
        1217        1215        1186
        1300        1303        1272
        1310        1292        1280
        1825        1799        1826
        1593        1560        1559
         507         508         473
         387         384         348
        1577        1606        1607
        1289        1288        1257
        1046        1009        1048
         162         188         182
         344         343         309
        1412        1382        1381
         422         383         385
         978         977         942
         218         215         190
         881         874         847
         450         415         416
         755         786         787
         634         620         598
         334         365         329
        1756        1736        1764
         519         484         485
         508         479         473
         866         898         862
         517         549         515
         298         333         332
        1091        1090        1054
         803         837         836
         295         262         265
         235         229         206
        1126        1098        1090
         105          89          86
        1351        1319        1352
         961         926         928
         732         701         698
         903         904         938
         328         333         298
         949         982         986
         481         514         480
         380         388         419
         764         732         731
        1520        1521        1488
         142         165         166
         642         676         641
         851         818         820
        1455        1480        1445
         472         438         437
         265         262         233
         620         586         585
        1265        1266        1297
         630         595         622
         158         137         136
         738         712         704
         801         768         791
        1210        1237        1207
         873         839         868
         796         764         763
         619         586         621
         115          96          98
         930         931         965
         787         819         820
        1679        1659        1693
         507         473         472
         865         832         834
         587         559         552
         710         708         675
         364         333         328
         210         188         216
         750         751         719
         322         356         357
        1413        1383        1382
        1010         979         973
        1449        1484        1485
         712         679         704
         908         873         903
         900         865         867
        1452        1419        1418
         970         935         937
        1750        1747        1724
        1017        1024        1056
         701         668         667
         153         131         133
         935         900         902
          49          33          34
        1675        1648        1644
         652         682         651
         501         464         494
         634         653         620
        1041        1002        1004
        1725        1726        1697
         363         335         327
         429         391         428
        1239        1213        1244
         101          82          83
         217         189         211
         866         901         898
         782         751         750
         171         147         146
         523         488         522
         144         143         123
        1600        1598        1571
         383         345         347
         155         178         153
        1316        1349        1350
        1442        1411        1444
        1005        1044        1006
        1046        1008        1007
        1488        1521        1522
        1366        1365        1397
         832         799         801
        1453        1450        1419
         266         260         293
         109         110         129
         138         119         140
        1141        1139        1110
        1255        1228        1224
        1414        1386        1383
        1574        1575        1604
         764         765         732
        1298        1268        1271
         391         352         390
         233         262         231
         865         833         832
         465         463         429
         372         335         363
        1534        1567        1565
        1065        1066        1100
          36          37          23
         667         668         634
         653         654         621
         501         465         464
         537         502         536
          76          60          59
        1671        1704        1705
        1304        1274        1273
          32          47          45
         345         310         312
         654         652         621
         653         621         620
         493         456         463
        1233        1247        1216
         391         389         352
        1755        1753        1729
         559         558         524
         970         936         935
         559         524         552
         622         595         587
        1568        1535        1564
        1477        1444        1479
         820         819         852
        1002         965         967
        1709        1675        1677
        1631        1599        1630
         558         560         525
        1259        1256        1228
         327         335         300
        1554        1518        1517
         116         117         136
        1030        1067        1031
        1710        1680        1709
        1611        1608        1581
        1827        1801        1800
        1007         970         972
        1122        1120        1086
        1721        1692        1720
        1263        1247        1233
         437         438         401
        1720        1691        1719
        1719        1690        1718
        1711        1681        1710
         310         275         277
        1701        1669        1668
         767         799         800
          81         100          99
        1780        1779        1753
         585         586         551
        1742        1715        1721
        1323        1293        1292
         873         872         839
         905         870         899
         467         431         436
        1002         966         965
         405         367         369
         833         828         800
        1589        1619        1620
        1769        1741        1742
        1269        1242        1239
         828         827         794
         134         155         133
          75          58          60
        1139        1122        1107
        1641        1610        1609
         827         829         795
         560         526         525
         558         525         524
        1770        1743        1769
        1046        1007        1009
        1334        1367        1362
         999         962         998
        1640        1609        1608
         575         605         569
        1241        1270        1271
        1478        1510        1508
        1078        1040        1042
         115         134         114
        1703        1700        1670
        1120        1085        1084
        1113        1078        1080
        1118        1082        1085
        1771        1744        1770
        1604        1575        1577
        1781        1807        1782
        1014        1013         977
         489         518         524
        1520        1551        1557
        1331        1303        1300
         396         435         436
         933         968         969
        1702        1670        1669
         194         167         168
        1796        1768        1771
         256         290         287
         833         800         832
        1375        1343        1371
         383         382         345
         829         796         795
        1823        1795        1796
         401         438         410
        1647        1659        1679
         465         429         464
         827         795         794
         473         438         472
         464         457         494
         828         794         800
        1513        1549        1514
        1144        1113        1115
        1370        1338        1369
         977         941         942
        1573        1602        1601
         480         514         507
        1802        1776        1779
        1493        1492        1463
          76          94          75
         393         392         354
        1192        1161        1166
         171         170         147
        1820        1793        1822
         540         539         505
         791         768         759
         603         567         570
        1821        1792        1820
        1144        1143        1113
        1274        1269        1244
         535         563         528
        1035        1071        1072
        1062        1096        1094
         973         938         939
        1084        1046        1048
         310         309         275
         389         350         352
         796         830         797
        1284        1288        1314
        1176        1174        1146
         542         513         508
        1725        1698        1727
        1043        1081        1079
         973         943         938
         943         942         908
        1766        1794        1793
        1377        1345        1376
        1847        1816        1821
         536         502         501
        1509        1544        1510
         847         845         879
        1016         979        1010
         509         474         476
         371         365         334
        1229        1249        1260
        1849        1819        1848
         178         174         153
         309         308         274
         301         269         303
        1848        1817        1847
        1405        1374        1404
         508         513         479
         160         186         162
        1120        1084        1086
         857         858         891
        1147        1116        1119
         137         118         116
        1232        1202        1201
         424         425         462
         364         365         402
        1141        1110        1140
        1867        1843        1849
        1576        1546        1580
        1176        1146        1175
        1262        1245        1231
          82          64          65
         953         918         919
         739         741         773
         943         908         938
          88         107         106
         569         568         532
         882         883         916
        1865        1842        1867
         452         487         485
        1277        1247        1263
        1139        1107        1110
        1655        1656        1623
        1338        1309        1308
        1223        1192        1198
        1273        1245        1275
        1090        1053        1054
         872         906         883
        1863        1839        1865
         440         474         439
         776         742         743
         488         455         492
          23          24          13
         618         583         584
        1122        1086        1107
         296         302         268
         381         343         344
         249         245         218
        1163        1195        1191
        1864        1838        1863
         475         474         509
         299         334         329
        1324        1348        1315
         621         586         620
        1180        1210        1207
        1866        1841        1864
        1319        1289        1290
        1062        1095        1096
         831         837         803
         104          88         106
          74          91          73
        1216        1186        1185
         309         274         275
        1868        1845        1866
         115         114          96
          33          32          20
        1053        1014        1015
         155         153         133
         594         593         558
        1869        1844        1868
         817         784         785
         307         306         272
         308         273         274
         547         513         542
        1571        1539        1572
         793         784         817
        1216        1185        1203
        1870        1846        1869
        1524        1491        1490
        1601        1633        1632
        1338        1308        1337
         885         918         884
         919         918         885
        1174        1144        1146
        1422        1423        1456
         118         115          98
         801         799         768
        1192        1162        1161
        1029        1066        1065
        1428        1427        1461
        1115        1145        1146
         129         149         130
        1789        1818        1791
        1017         987        1024
         458         421         422
        1548        1513        1512
        1570        1539        1537
        1881        1860        1880
        1269        1239        1244
        1067        1068        1031
         634         668         653
        1287        1258        1256
        1882        1861        1881
         134         133         114
          14          25          21
        1384        1351        1352
          68          69          52
         143         165         142
         587         595         559
          64          48          49
        1221        1189        1220
        1239        1209        1213
        1635        1636        1667
         928         918         953
          86          87          68
        1209        1182        1213
         137         139         118
         722         693         726
         340         306         307
        1186        1156        1185
        1292        1261        1260
         552         518         519
        1696        1698        1725
        1274        1244        1273
        1883        1862        1882
         899         864         863
         973         979         943
         519         518         484
        1418        1387        1417
        1005         971        1008
        1894        1879        1883
        1130        1133        1161
        1104        1070        1103
        1897        1887        1894
        1042        1003        1041
        1183        1214        1212
         371         334         335
         330         296         331
        1261        1254        1230
          96          95          77
        1254        1224        1223
        1513        1482        1481
         800         799         832
        1727        1698        1699
         602         567         603
        1037         999         998
          77          76          59
        1110        1109        1140
        1548        1512        1525
         975        1001        1012
        1292        1293        1261
         501         502         465
        1162        1131        1161
         656         688         687
         836         835         802
        1292        1260        1280
         235         267         259
          76          75          60
        1553        1516        1552
         558         593         560
         457         421         458
        1324        1293        1323
        1256        1227        1225
        1073        1076        1107
        1581        1547        1555
          94          93          75
         278         245         249
         652         684         682
        1256        1225        1228
        1072        1071        1105
        1040        1003        1042
         806         772         774
        1803        1777        1776
        1685        1714        1686
        1668        1637        1642
          82          81          64
         686         684         654
         218         245         215
         565         566         602
        1658        1629        1661
        1036        1038        1073
         183         160         158
         281         315         280
         120         100         101
        1826        1828        1851
        1729        1699        1728
         950         985         987
        1351        1318        1319
         537         571         535
         877         843         842
        1023         986        1019
        1261        1230        1260
        1254        1223        1230
         335         334         300
         522         492         493
          81          80          63
         761         784         793
         654         684         652
        1889        1875        1874
        1212        1243        1213
         422         421         383
        1763        1762        1789
        1846        1859        1835
         970         971         936
        1103        1070        1069
        1119        1083        1118
        1718        1688        1711
        1376        1344        1375
         858         893         891
         687         688         720
         300         334         299
        1697        1726        1724
        1175        1145        1148
        1056        1024        1060
         377         378         340
         879         845         880
         410         445         444
        1277        1278        1248
        1100        1066        1068
        1804        1805        1778
         332         367         331
          81          63          64
         456         427         463
          13          14           6
        1713        1683        1712
         524         518         552
        1272        1303        1301
         326         292         301
        1486        1484        1450
         509         511         544
        1379        1410        1378
        1351        1347        1318
        1383        1350        1382
          49          48          33
        1513        1481        1512
        1536        1503        1535
         870         864         899
         445         478         444
          77          95          76
         463         427         429
        1546        1579        1580
        1371        1339        1370
         488         492         522
         742         741         707
        1041        1003        1002
        1477        1442        1444
         515         548         514
         599         571         608
        1417        1387        1386
         692         693         660
        1015        1014         978
          32          30          19
        1088        1124        1089
         158         160         137
         391         427         389
        1498        1502        1471
         719         717         686
        1213        1243        1244
        1203        1173        1174
        1518        1511        1485
        1231        1202        1232
         941         907         942
         493         492         456
        1404        1373        1377
        1603        1604        1636
        1658        1625        1629
         900         901         866
        1046        1047        1008
          18          10          19
         908         907         873
         618         613         583
         884         894         859
        1477        1443        1442
        1419        1388        1418
         294         261         262
         473         445         438
         282         313         278
        1059        1024        1022
        1880        1859        1870
        1002        1003         966
         729         752         761
         429         427         391
         942         907         908
        1144        1173        1143
         873         907         872
         438         445         410
        1060        1024        1059
        1318        1289        1319
         279         246         247
         939         904         905
         293         292         326
         819         786         790
        1511        1509        1479
        1858        1873        1853
        1610        1605        1580
         383         421         382
        1797        1798        1824
        1772        1798        1797
        1574        1602        1573
         514         548         541
         829         830         796
        1118        1083        1082
        1250        1249        1219
        1774        1775        1800
         323         359         355
        1518        1485        1517
         675         674         640
         549         548         515
        1555        1547        1518
           6           7           2
        1693        1659        1658
           2           4           1
        1082        1047        1085
         348         313         318
         257         255         225
        1105        1071        1104
        1636        1639        1667
        1542        1575        1541
         512         478         479
        1116        1083        1119
         936         901         935
        1343        1336        1339
        1731        1756        1757
        1085        1047        1084
         220         192         194
         905         904         870
        1235        1238        1266
          30          31          18
         573         571         537
        1874        1875        1855
         935         901         900
         101         100          82
         938         904         939
         928         894         918
        1271        1270        1301
        1578        1544        1547
        1605        1577        1576
        1700        1666        1667
        1174        1173        1144
        1525        1491        1524
        1699        1698        1666
        1146        1145        1175
         342         349         380
         479         478         445
        1724        1726        1749
         863         830         829
         221         220         251
         586         584         551
        1583        1549        1582
        1514        1550        1516
        1357        1348        1324
        1248        1279        1276
         440         403         409
         892         893         858
        1511        1479        1485
         810         775         776
        1375        1344        1343
        1709        1680        1675
        1642        1637        1610
         910         945         914
         662         629         630
        1610        1580        1609
        1345        1344        1376
        1608        1578        1581
        1541        1575        1574
          76          95          94
        1681        1680        1710
         476         511         509
        1692        1691        1720
         629         628         594
        1719        1691        1690
         450         451         415
        1343        1339        1371
        1084        1047        1046
         686         717         684
        1721        1715        1692
         355         359         394
         114          95          96
         980         987        1017
         701         735         702
        1526        1496        1493
        1509        1477        1479
         479         445         473
        1388        1387        1418
         237         267         235
         962         927         961
        1332        1333        1365
         790         786         758
        1741        1715        1742
        1666        1665        1635
        1148        1117        1147
         132         151         154
        1185        1173        1203
        1370        1339        1338
          26          40          39
         131         113         133
        1338        1339        1309
         137         160         139
        1272        1270        1242
         234         228         260
         115         135         134
         288         255         257
        1665        1698        1696
        1769        1743        1741
         864         830         863
        1007         971         970
         947         946         912
         262         261         231
         468         467         471
          89          87          86
        1425        1426        1460
        1791        1813        1784
        1353        1355        1386
        1744        1743        1770
        1036         999        1038
         774         772         740
          75          74          58
         551         584         549
         675         676         709
        1495        1496        1526
        1415        1448        1449
         862         897         861
         280         315         314
         329         365         364
        1771        1768        1744
         716         748         749
        1256        1258        1227
         787         786         819
        1605        1576        1580
        1377        1373        1345
        1728        1699        1700
        1795        1768        1796
         814         815         848
        1487        1515        1520
        1669        1638        1668
        1008         971        1007
         625         592         599
         381         344         382
        1569        1536        1568
         162         186         189
        1423        1457        1456
        1562        1582        1548
        1228        1196        1224
         546         545         580
          63          48          64
         415         378         377
        1700        1667        1670
         749         748         751
        1339        1336        1309
         444         478         476
         619         584         586
         818         817         785
         583         613         577
          89         107          88
        1629        1625        1597
        1782        1807        1809
        1707        1736        1730
        1820        1792        1793
         550         527         562
         682         715         683
        1577        1542        1576
        1374        1373        1404
        1318        1288        1289
         318         313         282
        1816        1792        1821
          37          24          23
        1147        1117        1116
           9          17          16
        1578        1547        1581
        1847        1817        1816
        1549        1550        1514
        1547        1544        1511
        1053        1015        1054
        1690        1688        1718
        1711        1688        1681
         896         931         930
        1819        1817        1848
         284         286         320
        1696        1725        1697
         918         894         884
         758         726         757
        1192        1193        1162
        1849        1843        1819
        1107        1076        1110
        1683        1682        1712
        1054        1015        1016
        1215        1184        1186
         793         826         825
        1638        1637        1668
        1057        1020        1023
         436         435         469
         693         689         660
        1666        1635        1667
        1842        1843        1867
        1753        1727        1729
        1224        1193        1223
        1016        1015         979
         941         976         952
        1787        1788        1761
        1865        1839        1842
         229         201         206
        1665        1696        1664
         617         614         647
        1776        1752        1779
        1223        1193        1192
        1274        1300        1269
         808         807         773
        1280        1249        1250
          82         100          81
         491         490         526
        1145        1117        1148
         608         571         573
          68          87          69
        1899        1889        1898
        1069        1033        1032
         687         720         696
        1558        1521        1557
        1857        1852        1833
        1665        1634        1635
         178         201         174
        1838        1839        1863
         234         260         266
         979        1015         978
        1464        1494        1466
        1727        1699        1729
         136         117         138
        1864        1841        1838
         548         583         577
         526         490         525
         989        1013        1027
        1730        1736        1756
        1568        1536        1535
        1512        1491        1525
        1857        1872        1852
        1161        1133        1166
        1845        1841        1866
         949         984         948
        1225        1196        1228
        1868        1844        1845
         732         735         701
         457         420         421
         949         945         982
         139         135         118
         971         968         936
          93          74          75
          62          78          79
         222         220         194
        1846        1844        1869
        1350        1322        1316
         350         317         352
        1733        1704        1708
         223         254         253
        1746        1748        1774
         366         361         330
         301         292         267
        1110        1076        1109
        1665        1664        1634
         236         263         268
         118         135         115
        1861        1860        1881
         432         467         468
         520         521         554
         395         435         396
        1518        1547        1511
        1492        1465        1456
        1857        1878        1872
        1273        1243        1245
        1326        1325        1295
        1882        1862        1861
        1533        1566        1534
        1795        1794        1766
         503         504         538
          13          24          14
         898         897         862
        1686        1716        1687
          93         112         110
         205         228         234
        1224        1196        1193
        1816        1787        1792
        1517        1484        1486
         244         243         276
        1883        1879        1862
         289         290         256
        1244        1243        1273
         995        1033        1034
         660         689         657
        1887        1879        1894
         291         302         325
        1316        1322        1291
        1197        1187        1218
         998         962         961
         221         251         252
        1778        1750        1777
        1610        1637        1605
        1804        1778        1777
        1109        1108        1111
        1365        1364        1368
        1870        1859        1846
        1544        1545        1510
         272         305         271
        1814        1840        1845
         926         894         928
        1173        1155        1143
          29          22          31
        1860        1859        1880
          54          53          69
        1134        1165        1133
        1635        1603        1636
        1197        1218        1229
         595         629         594
        1815        1808        1786
        1618        1651        1643
         421         420         382
        1537        1536        1569
        1483        1515        1487
        1185        1155        1173
        1510        1545        1546
        1700        1699        1666
         153         150         131
         100         119          99
        1739        1767        1738
         310         344         309
         358         359         323
        1473        1503        1504
        1450        1416        1419
        1767        1740        1768
         152         173         177
        1631        1628        1599
        1123        1154        1128
         272         246         279
         287         290         323
         859         826         850
         917         906         941
         369         370         407
        1604        1607        1636
          15          16          27
           3           5           9
         584         583         549
        1133        1165        1166
        1186        1184        1156
         987         985        1022
         754         726         758
        1005         968         971
        1411        1380        1384
         997         999        1036
         147         127         146
         114         113          95
        1535        1503        1502
         484         451         450
        1505        1538        1533
         120         119         100
        1799        1801        1826
         806         809         841
         469         435         434
         189         186         211
         394         359         397
        1290        1317        1321
         348         346         313
         352         317         351
        1681        1649        1680
        1101        1068        1067
        1038        1075        1076
        1727        1751        1725
         428         420         457
         753         752         721
        1363        1396        1392
         125         107         105
         776         775         742
        1089        1125        1123
         528         563         556
         244         276         277
        1805        1800        1778
         682         649         651
         267         292         259
         785         784         753
         317         315         281
         781         783         815
         630         629         595
        1605        1606        1577
         333         370         369
        1535        1530        1564
        1900        1890        1899
        1484        1448        1450
         382         344         345
         850         817         818
         409         403         371
         997         962         999
        1567        1566        1598
        1078        1051        1040
        1419        1416        1388
        1485        1484        1517
         140         119         120
        1040        1051        1012
        1627        1626        1659
         826         817         850
         581         580         615
         462         425         430
        1624        1619        1593
          35          25          38
         765         798         769
        1183        1199        1214
         933         934         968
        1609        1579        1608
        1660        1628        1631
        1502        1530        1535
         782         783         751
         683         715         716
         393         431         432
         166         192         193
         765         735         732
        1260        1249        1280
        1207        1237        1208
          95         113          94
         753         784         752
         225         255         224
        1557        1551        1553
        1358        1325        1326
          14           7           6
        1156        1155        1185
        1656        1624        1623
        1833        1827        1805
           4           5           1
        1351        1380        1347
        1386        1355        1383
         520         487         521
        1761        1762        1735
          35          38          51
        1460        1426        1430
         752         784         761
         306         305         272
        1511        1544        1509
        1577        1575        1542
        1602        1633        1601
        1218        1187        1188
         133         113         114
         484         486         451
        1670        1639        1669
         757         726         725
         525         490         489
         331         296         297
        1654        1682        1650
        1580        1579        1609
        1666        1698        1665
         599         592         563
         245         243         215
         978        1014         977
        1823        1794        1795
         960         962         997
        1793        1794        1822
        1102        1068        1101
        1333        1364        1365
          53          38          37
        1350        1349        1382
         768         766         734
         206         201         178
        1456        1457        1492
        1664        1696        1663
        1257        1288        1284
        1634        1603        1635
         387         386         384
         960         927         962
         751         748         719
        1215        1190        1184
        1189        1190        1220
        1584        1613        1586
        1143        1112        1113
         849         871         883
        1563        1529        1527
        1608        1579        1578
         106         126         124
          98          97         116
         891         893         925
         323         290         324
         365         403         402
         439         474         475
         709         676         677
        1659        1626        1658
         582         614         617
        1381        1348        1357
         268         302         291
        1620        1619        1652
        1831        1830        1854
         773         807         774
        1634        1602        1603
        1708        1684        1713
        1559        1560        1523
        1101        1067        1072
         518         486         484
        1466        1497        1467
        1130        1095        1097
        1342        1341        1373
         368         367         405
         179         175         203
         489         486         518
        1667        1639        1670
         371         403         365
         986         984         949
         983         946         947
         513         545         512
        1628        1596        1599
        1800        1801        1774
         231         230         202
        1229        1218        1249
        1520        1515        1551
        1748        1775        1774
        1779        1751        1753
        1764        1736        1763
        1347        1380        1379
         539         504         505
         903         869         904
        1461        1427        1458
        1669        1639        1638
         183         186         160
        1104        1071        1070
          21          25          35
        1858        1853        1834
         193         192         220
        1629        1628        1660
         793         817         826
        1516        1550        1552
         512         545         546
        1020         986        1023
         722         689         693
        1582        1549        1548
         726         693         725
        1805        1827        1800
         775         741         742
        1901        1891        1900
         107         127         106
        1331        1364        1333
         927         893         926
         799         766         768
        1897        1888        1887
           3           9           8
         590         592         625
        1064        1052        1053
        1249        1218        1219
        1241        1240        1270
         105         107          89
         717         748         716
         146         127         125
         549         583         548
         740         772         738
        1896        1893        1902
        1750        1749        1777
        1853        1830        1829
         969         968        1005
         872         871         839
         231         202         204
        1063        1095        1062
        1208        1238        1235
           2           7           4
        1564        1530        1531
         708         674         675
        1752        1751        1779
        1058        1021        1057
          94         112          93
        1599        1567        1598
          24          25          14
        1817        1788        1816
         751         783         781
          93          91          74
        1242        1240        1211
        1898        1888        1897
        1777        1749        1776
        1753        1751        1727
         531         566         565
         769         798         803
        1684        1651        1683
         590         557         592
         471         467         436
         725         693         692
         712         713         680
         125         127         107
         419         455         452
         901         934         898
        1792        1765        1793
        1852        1827        1833
         592         557         556
        1816        1788        1787
        1449        1448        1484
        1383        1355        1350
        1243        1214        1245
        1493        1496        1492
         580         545         547
        1787        1765        1792
         424         386         425
        1022        1021        1058
         898         934         933
        1542        1543        1576
        1534        1566        1567
        1872        1851        1852
          33          47          32
        1776        1749        1752
        1597        1628        1629
         684         715         682
         320         286         287
         774         809         806
         350         315         317
         174         150         153
         802         835         804
         577         613         578
        1824        1798        1799
        1291        1317        1287
         904         869         870
         313         346         311
         182         188         210
        1130        1097        1133
        1057        1021        1020
        1195        1194        1225
         576         574         539
        1424        1427        1395
        1211        1210        1180
        1616        1648        1649
        1843        1818        1819
        1458        1427        1424
        1018         981         983
        1019         982        1018
         389         426         388
        1382        1349        1381
           4          10           5
        1013        1052        1027
        1384        1380        1351
        1597        1596        1628
        1749        1726        1752
        1512        1480        1491
         925         893         927
         476         474         440
         324         290         289
         396         431         393
         204         202         176
         345         344         310
         192         165         167
         647         613         618
        1503        1472        1502
        1598        1566        1571
         961         927         926
        1527        1494        1495
        1773        1798        1772
        1409        1441        1440
        1705        1704        1733
        1822        1794        1823
         166         165         192
         532         568         534
         716         715         717
        1889        1888        1898
        1750        1775        1748
         925         927         960
          17          22          29
        1381        1349        1348
        1184        1190        1159
         223         224         254
        1739        1740        1767
         364         370         333
        1879        1873        1858
        1270        1240        1242
         485         487         520
         772         746         738
        1522        1521        1558
         202         230         203
         256         255         288
        1294        1307        1277
         147         126         127
         232         230         261
         425         386         387
         914         945         949
        1031        1066        1029
           9          12          17
        1373        1341        1345
        1077        1108        1074
          55          40          41
         544         511         512
         203         230         232
        1760        1765        1787
        1222        1226        1253
         690         689         722
         985        1021        1022
        1368        1364        1335
        1166        1165        1197
        1309        1279        1308
         797         831         803
         815         783         816
         613         614         578
         836         837         869
        1890        1889        1899
        1658        1626        1625
        1748        1747        1750
         869         837         870
          16          28          27
         894         892         859
         738         746         712
        1196        1164        1193
         427         426         389
         150         149         129
        1649        1648        1680
        1498        1530        1502
        1245        1214        1231
         941         906         907
        1156        1154        1125
         859         892         858
        1491        1480        1455
        1895        1885        1886
         883         871         872
        1801        1828        1826
         556         557         523
         651         649         647
        1193        1164        1162
        1429        1457        1423
        1583        1550        1549
        1548        1549        1513
        1212        1214        1243
        1799        1798        1773
        1634        1633        1602
        1527        1497        1494
        1902        1892        1901
         647         614         613
        1553        1551        1516
        1308        1307        1337
        1124        1112        1143
        1496        1465        1492
         397         359         358
         351         343         381
        1875        1876        1856
          62          61          78
         555         557         590
        1768        1740        1744
           5          12           9
        1652        1619        1624
        1690        1689        1656
        1074        1075        1038
          73          72          74
        1874        1888        1889
         965         931         932
         797         798         765
         309         343         308
        1877        1878        1857
        1819        1790        1817
         384         346         348
         131         112         113
          18          12          10
         110         112         131
          29          43          42
        1817        1790        1788
        1546        1545        1579
          48          47          33
         767         766         799
        1225        1194        1196
        1241        1210        1240
         936         934         901
         211         186         183
         803         798         797
        1900        1891        1890
        1893        1878        1892
        1567        1596        1565
         594         628         593
        1818        1790        1819
        1219        1218        1188
         816         783         782
        1607        1606        1638
        1841        1840        1812
         351         316         343
        1268        1237        1241
         167         165         143
         986         982        1019
          80          78          63
        1156        1125        1155
        1890        1875        1889
         343         316         308
        1744        1717        1743
        1113        1112        1078
          10          12           5
         287         286         254
        1713        1684        1683
         839         871         838
         717         715         684
        1494        1497        1466
         194         192         167
        1125        1154        1123
        1778        1775        1750
        1027        1052        1064
        1743        1716        1741
        1053        1052        1014
        1248        1278        1279
         254         286         253
        1566        1538        1571
         982         945         981
        1576        1543        1546
        1184        1154        1156
          74          72          58
         926         892         894
         968         934         936
        1571        1538        1539
        1896        1886        1893
        1163        1194        1195
        1266        1238        1268
        1214        1199        1231
         864         831         830
        1336        1306        1309
        1901        1892        1891
        1450        1448        1416
         224         255         256
        1638        1606        1637
        1757        1756        1764
          28          41          27
         456         426         427
         977         976         941
        1309        1306        1279
         512         511         478
        1333        1303        1331
          78          61          63
        1220        1190        1215
        1892        1878        1877
         841         809         843
        1552        1550        1583
        1680        1648        1675
        1473        1472        1503
        1481        1480        1512
         261         230         231
         330         302         296
        1308        1278        1307
          31          22          18
        1717        1716        1743
         864         837         831
          48          61          47
        1887        1873        1879
        1854        1830        1853
        1578        1545        1544
         907         906         872
         830         831         797
        1231        1199        1202
        1893        1892        1902
         870         837         864
         113         112          94
        1307        1278        1277
        1579        1545        1578
        1164        1194        1163
        1076        1075        1109
         547         545         513
         602         566         567
         719         748         717
         478         511         476
        1808        1807        1781
         563         592         556
          63          61          48
        1268        1238        1237
         176         202         175
          12          22          17
        1533        1538        1566
         127         126         106
        1197        1165        1187
        1795        1767        1768
        1664        1633        1634
        1686        1714        1716
        1018         982         981
        1789        1790        1818
          18          22          12
        1279        1306        1276
         981         946         983
        1716        1714        1741
         339         305         306
        1891        1876        1890
        1890        1876        1875
        1637        1606        1605
        1237        1238        1208
        1068        1066        1031
         152         149         173
         746         713         712
        1691        1689        1690
        1845        1840        1841
        1741        1714        1715
        1852        1828        1827
        1529        1497        1527
        1851        1828        1852
        1687        1716        1717
        1877        1876        1891
        1020         984         986
        1502        1472        1471
        1800        1775        1778
         317         316         351
        1657        1689        1691
        1599        1596        1567
         175         202         203
        1088        1112        1124
        1196        1194        1164
        1809        1807        1808
        1013         976         977
         281         316         317
          27          40          26
         926         893         892
        1240        1210        1211
        1279        1278        1308
        1109        1075        1108
        1891        1892        1877
        1551        1515        1516
        1744        1740        1717
         432         431         467
         838         871         849
          41          40          27
        1108        1075        1074
         360         361         398
        1884        1895
        1895        1896
        1896        1902
        1902        1901
        1901        1900
        1900        1899
        1899        1898
        1898        1897
        1897        1894
        1894        1883
        1883        1882
        1882        1881
        1881        1880
        1880        1870
        1870        1869
        1869        1868
        1868        1866
        1866        1864
        1864        1863
        1863        1865
        1865        1867
        1867        1849
        1849        1848
        1848        1847
        1847        1821
        1821        1820
        1820        1822
        1822        1823
        1823        1796
        1796        1771
        1771        1770
        1770        1769
        1769        1742
        1742        1721
        1721        1720
        1720        1719
        1719        1718
        1718        1711
        1711        1710
        1710        1709
        1709        1677
        1677        1676
        1676        1678
        1678        1679
        1679        1693
        1693        1661
        1661        1660
        1660        1631
        1631        1630
        1630        1600
        1600        1572
        1572        1570
        1570        1569
        1569        1568
        1568        1564
        1564        1531
        1531        1563
        1563        1528
        1528        1526
        1526        1493
        1493        1463
        1463        1462
        1462        1461
        1461        1458
        1458        1459
        1459        1460
        1460        1430
        1430        1398
        1398        1397
        1397        1368
        1368        1335
        1335        1305
        1305        1304
        1304        1275
        1275        1262
        1262        1232
        1232        1201
        1201        1200
        1200        1172
        1172        1167
        1167        1168
        1168        1138
        1138        1137
        1137        1106
        1106        1105
        1105        1104
        1104        1103
        1103        1093
        1093        1060
        1060        1059
        1059        1058
        1058        1057
        1057        1023
        1023        1019
        1019        1018
        1018         983
         983         947
         947         911
         911         876
         876         844
         844         810
         810         776
         776         743
         743         710
         710         709
         709         677
         677         646
         646         611
         611         576
         576         540
         540         506
         506         470
         470         469
         469         434
         434         433
         433         397
         397         358
         358         324
         324         289
         289         288
         288         257
         257         226
         226         198
         198         171
         171         146
         146         125
         125         105
         105          86
          86          68
          68          52
          52          36
          36          23
          23          13
          13           6
           6           2
           2           1
           1           3
           3           8
           8          15
          15          26
          26          39
          39          55
          55          56
          56          71
          71          90
          90         108
         108         128
         128         148
         148         172
         172         199
         199         227
         227         258
         258         291
         291         325
         325         360
         360         398
         398         399
         399         404
         404         406
         406         441
         441         443
         443         477
         477         510
         510         543
         543         579
         579         581
         581         615
         615         616
         616         648
         648         681
         681         714
         714         747
         747         780
         780         814
         814         848
         848         882
         882         916
         916         951
         951         988
         988        1025
        1025        1061
        1061        1094
        1094        1129
        1129        1160
        1160        1191
        1191        1222
        1222        1253
        1253        1284
        1284        1314
        1314        1346
        1346        1378
        1378        1409
        1409        1440
        1440        1475
        1475        1506
        1506        1540
        1540        1573
        1573        1601
        1601        1632
        1632        1662
        1662        1694
        1694        1722
        1722        1745
        1745        1772
        1772        1797
        1797        1824
        1824        1825
        1825        1850
        1850        1871
        1871        1884
        1823
        1705
        3236
        3407
        3220
        3074
        2906
        3256
        2526
        2523
        2517
        2495
        2490
        2671
        2470
        2462
        2456
        2448
        2442
        2431
        2421
        2410
        2394
        2398
        2386
        2366
        2362
        3334
        2342
        2336
        2325
        2311
        2301
        2292
        2280
        2283
        2284
        2599
        2285
        2275
        2267
        1358
        1721
        1635
        2177
        2088
        1835
        3096
        2268
        1378
        1923
        1986
        1941
        2831
        2263
        3245
        1719
        1860
        1243
        2773
        2357
          98
         585
        3203
         265
        1825
        3120
        1300
        1784
        1921
        3370
         199
          56
        2006
        1973
        1937
        2406
          58
        1991
         626
        1711
        1772
        1526
        1644
         757
        2708
        2525
        2008
        1859
        2679
        1571
        3248
        2882
        2583
        3310
        3309
        3190
         440
         863
         537
         337
        2748
        2433
         348
        1760
        3168
         722
         102
         260
        1964
        1948
        1192
        1957
        3046
          63
        2103
        3413
        1857
        3321
        1913
        2794
        1226
        1707
         648
        2213
        3233
        3059
        2147
        2507
        2499
         127
        2243
        2435
        2616
        2702
        2704
        1350
        3226
         459
        1810
        2787
          45
         363
        1388
         573
         941
        1236
        1221
        1363
        1485
        1542
        1437
        1642
        2980
        1160
        3592
           5
        1544
        1593
        1575
        1516
        1541
        1498
        1804
        1502
        1334
        3088
        1346
        1462
        1355
        1460
        1338
        1447
        1321
        2825
        1273
        2420
        1227
        1385
        1199
        1364
        1170
        1869
        1698
        1125
        1883
        3367
        1093
        2377
         593
        1006
        1939
        3332
         956
        1171
        1445
         901
        2354
        2472
         850
        1110
         799
        1180
        1545
        2690
        2689
        1899
        1390
        2041
          36
