11878  3 11829
3  23346 3
12  175 2
11  233 2
1   -10.0 209.274
2   0.0 209.274
3   1.9381 209.555
4   3.9097 209.938
5   5.8512 210.392
6   7.7771 210.812
7   9.6569 211.262
8   11.6803 211.793
9   13.6079 212.299
10   15.5309 212.755
11   17.4216 213.264
12   19.3608 213.776
13   21.2611 214.295
14   23.2251 214.78
15   25.1518 215.268
16   27.0993 215.788
17   29.0435 216.248
18   30.9869 216.701
19   32.9798 217.151
20   34.8999 217.578
21   36.9022 217.954
22   38.8433 218.403
23   40.8202 218.641
24   42.7922 219.169
25   44.7033 219.489
26   46.6596 219.521
27   48.6466 219.877
28   50.6351 220.211
29   52.3324 221.056
30   54.124 221.957
31   56.051 222.458
32   57.956 223.042
33   59.951 223.413
34   61.9459 223.629
35   63.8654 223.61
36   65.922 223.616
37   67.8947 223.526
38   69.9722 223.729
39   71.9409 223.826
40   73.9275 223.903
41   75.9345 224.126
42   77.9004 224.362
43   79.8525 224.607
44   81.8426 224.49
45   83.869 224.368
46   85.7817 224.127
47   87.7705 223.613
48   89.7986 223.12
49   91.6428 222.831
50   110.0 222.831
51   110.0 160.0
52   -10.0 160.0
53   -9.023815716301625 209.274
54   -8.076219403164421 209.274
55   -7.156374077747315 209.274
56   -6.263466807775442 209.274
57   -5.396708821337823 209.274
58   -4.555334249539097 209.274
59   -3.738599898317857 209.274
60   -2.945783973552286 209.274
61   -2.176186093835851 209.274
62   -1.429126292790349 209.274
63   -0.7039444973294202 209.274
64   0.646033333332542 209.3676666666666
65   1.292066666664146 209.461333333333
66   2.595299999996971 209.6826666666661
67   3.252499999999685 209.8103333333333
68   4.556866666664886 210.0893333333329
69   5.204033333332374 210.2406666666664
70   6.493166666666166 210.5319999999999
71   7.135133333330741 210.6719999999994
72   8.403699999997722 210.9619999999994
73   9.030299999999107 211.1119999999998
74   10.3313666666666 211.439
75   11.0058333333308 211.6159999999993
76   12.32283333333887 211.9616666666681
77   12.96536666665723 212.1303333333309
78   14.24890000000447 212.4510000000011
79   14.88989999999094 212.6029999999978
80   16.16113333333183 212.9246666666663
81   16.79136666666408 213.0943333333326
82   18.06799999999738 213.434666666666
83   18.71440000000118 213.6053333333336
84   19.9942333333314 213.9489999999995
85   20.62766666666473 214.1219999999995
86   21.91576666666512 214.4566666666663
87   22.57043333332703 214.6183333333318
88   23.86733333332743 214.9426666666652
89   24.50956666667257 215.1053333333348
90   25.80096666666288 215.4413333333323
91   26.45013333333194 215.6146666666663
92   27.74736666666341 215.9413333333326
93   28.39543333333265 216.0946666666665
94   29.69129999999937 216.3989999999999
95   30.33910000000308 216.5500000000007
96   31.65119999999732 216.8509999999994
97   32.31550000000004 217.001
98   33.61983333333475 217.2933333333337
99   34.25986666665996 217.4356666666652
100   35.56733333333133 217.7033333333329
101   36.23476666666868 217.8286666666671
102   37.54923333333499 218.103666666667
103   38.19626666665447 218.2533333333305
104   39.50226666666818 218.4823333333335
105   40.16123333333181 218.5616666666665
106   41.47753333333331 218.817
107   42.1348666666667 218.993
108   43.42923333333214 219.2756666666665
109   44.06626666666517 219.3823333333331
110   45.35539999999614 219.4996666666666
111   46.00749999999552 219.5103333333333
112   47.32193333333109 219.6396666666663
113   47.98426666666353 219.7583333333328
114   49.30943333333154 219.988333333333
115   49.97226666666306 220.0996666666661
116   51.20086666665965 220.4926666666632
117   51.76663333333592 220.7743333333346
118   52.92959999999961 221.3563333333331
119   53.52679999999818 221.6566666666658
120   54.76633333333658 222.1240000000008
121   55.40866666666083 222.2909999999985
122   56.68600000000104 222.652666666667
123   57.32099999999643 222.8473333333322
124   58.62099999999565 223.1656666666659
125   59.28599999999898 223.2893333333332
126   60.61596666666327 223.4849999999996
127   61.28093333333125 223.5569999999998
128   62.58573333333049 223.6226666666667
129   63.22556666666674 223.6163333333333
130   64.55093333334071 223.612
131   65.23646666666946 223.614
132   66.57956666666935 223.5859999999999
133   67.23713333333065 223.5560000000001
134   68.58720000000073 223.5936666666668
135   69.27969999999377 223.6613333333327
136   70.62843333333426 223.7613333333334
137   71.28466666666574 223.7936666666666
138   72.60309999999637 223.8516666666665
139   73.26529999999808 223.8773333333332
140   74.59649999999746 223.977333333333
141   75.26550000000253 224.051666666667
142   76.58979999999906 224.2046666666666
143   77.2450999999964 224.2833333333329
144   78.55110000000069 224.4436666666668
145   79.20179999999385 224.5253333333326
146   80.51586666665224 224.5680000000009
147   81.17923333334224 224.5289999999995
148   82.51806666666505 224.4493333333334
149   83.19353333332943 224.4086666666669
150   84.5065666666612 224.2876666666673
151   85.14413333332787 224.207333333334
152   86.44463333332853 223.9556666666679
153   87.10756666666627 223.7843333333334
154   88.44653333333378 223.4486666666666
155   89.12256666666622 223.2843333333334
156   90.41333333333158 223.0236666666669
157   91.02806666666841 222.9273333333331
158   92.34289738304666 222.831
159   93.05443765228472 222.831
160   93.77760754192043 222.831
161   94.51259747926935 222.831
162   95.25960065537257 222.831
163   96.01881315062442 222.831
164   96.7904348082988 222.831
165   97.57466827272643 222.831
166   98.37171980646622 222.831
167   99.18179871602959 222.831
168   100.0051181713033 222.831
169   100.8418945987645 222.831
170   101.6923476674265 222.831
171   102.5567012075079 222.831
172   103.4351822095726 222.831
173   104.3280216103997 222.831
174   105.2354542548504 222.831
175   106.1577184781401 222.831
176   107.0950566884397 222.831
177   108.0477155045144 222.831
178   109.0159451324925 222.831
179   110.0 221.8336825396901
180   110.0 220.8363650793799
181   110.0 219.8390476190587
182   110.0 218.8417301587376
183   110.0 217.8444126984228
184   110.0 216.847095238113
185   110.0 215.8497777778031
186   110.0 214.8524603174932
187   110.0 213.8551428571762
188   110.0 212.857825396855
189   110.0 211.8605079365358
190   110.0 210.8631904762259
191   110.0 209.865873015916
192   110.0 208.8685555556061
193   110.0 207.8712380952936
194   110.0 206.8739206349724
195   110.0 205.8766031746513
196   110.0 204.8792857143388
197   110.0 203.8819682540289
198   110.0 202.8846507937191
199   110.0 201.8873333334092
200   110.0 200.8900158730899
201   110.0 199.8926984127687
202   110.0 198.8953809524518
203   110.0 197.8980634921419
204   110.0 196.900746031832
205   110.0 195.9034285715221
206   110.0 194.9061111112073
207   110.0 193.9087936508861
208   110.0 192.911476190565
209   110.0 191.9141587302548
210   110.0 190.9168412699449
211   110.0 189.919523809624
212   110.0 188.9222063493137
213   110.0 187.9248888889925
214   110.0 186.9275714286713
215   110.0 185.9302539683502
216   110.0 184.932936508029
217   110.0 183.9356190477078
218   110.0 182.9383015873867
219   110.0 181.9409841270655
220   110.0 180.9436666667444
221   110.0 179.9463492064232
222   110.0 178.949031746102
223   110.0 177.9517142857809
224   110.0 176.9543968254597
225   110.0 175.9570793651386
226   110.0 174.9597619048174
227   110.0 173.9624444444962
228   110.0 172.9651269841751
229   110.0 171.9678095238539
230   110.0 170.9704920635328
231   110.0 169.9731746032116
232   110.0 168.9758571428904
233   110.0 167.9785396825693
234   110.0 166.9812222222481
235   110.0 165.983904761927
236   110.0 164.9865873016058
237   110.0 163.9892698412846
238   110.0 162.9919523809635
239   110.0 161.9946349206423
240   110.0 160.9973174603211
241   108.9999999999979 160.0
242   107.9999999999959 160.0
243   106.9999999999938 160.0
244   105.9999999999918 160.0
245   104.9999999999897 160.0
246   103.9999999999877 160.0
247   102.9999999999856 160.0
248   101.9999999999835 160.0
249   100.9999999999815 160.0
250   99.99999999997942 160.0
251   98.99999999997738 160.0
252   97.99999999997532 160.0
253   96.99999999997326 160.0
254   95.99999999997121 160.0
255   94.99999999996915 160.0
256   93.99999999996709 160.0
257   92.99999999996503 160.0
258   91.99999999996297 160.0
259   90.99999999996092 160.0
260   89.99999999995886 160.0
261   88.9999999999568 160.0
262   87.99999999995475 160.0
263   86.99999999995269 160.0
264   85.99999999995063 160.0
265   84.99999999994859 160.0
266   83.99999999994652 160.0
267   82.99999999994446 160.0
268   81.9999999999424 160.0
269   80.99999999994034 160.0
270   79.9999999999383 160.0
271   78.99999999993624 160.0
272   77.99999999993491 160.0
273   76.99999999993989 160.0
274   75.99999999994967 160.0
275   74.99999999995947 160.0
276   73.99999999996925 160.0
277   72.99999999997902 160.0
278   71.99999999998882 160.0
279   70.99999999999861 160.0
280   70.00000000000838 160.0
281   69.00000000001818 160.0
282   68.00000000002797 160.0
283   67.00000000003774 160.0
284   66.00000000004754 160.0
285   65.00000000005733 160.0
286   64.00000000006692 160.0
287   63.00000000007338 160.0
288   62.00000000007724 160.0
289   61.0000000000811 160.0
290   60.00000000008497 160.0
291   59.00000000008884 160.0
292   58.0000000000927 160.0
293   57.00000000009657 160.0
294   56.00000000010044 160.0
295   55.0000000001043 160.0
296   54.00000000010817 160.0
297   53.00000000011203 160.0
298   52.0000000001159 160.0
299   51.00000000011977 160.0
300   50.00000000012224 160.0
301   49.00000000012157 160.0
302   48.00000000011951 160.0
303   47.00000000011745 160.0
304   46.00000000011539 160.0
305   45.00000000011333 160.0
306   44.00000000011129 160.0
307   43.00000000010922 160.0
308   42.00000000010715 160.0
309   41.00000000010508 160.0
310   40.00000000010303 160.0
311   39.00000000010097 160.0
312   38.00000000009891 160.0
313   37.00000000009683 160.0
314   36.00000000009479 160.0
315   35.00000000009273 160.0
316   34.00000000009067 160.0
317   33.0000000000886 160.0
318   32.00000000008654 160.0
319   31.00000000008448 160.0
320   30.00000000008242 160.0
321   29.00000000008038 160.0
322   28.0000000000783 160.0
323   27.00000000007623 160.0
324   26.00000000007417 160.0
325   25.00000000007212 160.0
326   24.00000000007006 160.0
327   23.000000000068 160.0
328   22.00000000006592 160.0
329   21.00000000006388 160.0
330   20.00000000006182 160.0
331   19.00000000005976 160.0
332   18.0000000000577 160.0
333   17.00000000005564 160.0
334   16.00000000005357 160.0
335   15.00000000005151 160.0
336   14.00000000004947 160.0
337   13.00000000004741 160.0
338   12.00000000004533 160.0
339   11.00000000004326 160.0
340   10.00000000004121 160.0
341   9.000000000039151 160.0
342   8.00000000003709 160.0
343   7.000000000035016 160.0
344   6.000000000032969 160.0
345   5.000000000030909 160.0
346   4.000000000028848 160.0
347   3.000000000026787 160.0
348   2.000000000024727 160.0
349   1.000000000022666 160.0
350   2.060573933704291e-11 160.0
351   -0.9999999999814548 160.0
352   -1.999999999983515 160.0
353   -2.99999999998559 160.0
354   -3.999999999987651 160.0
355   -4.999999999989697 160.0
356   -5.999999999991758 160.0
357   -6.999999999993818 160.0
358   -7.999999999995893 160.0
359   -8.99999999999794 160.0
360   -10.0 160.9854800000013
361   -10.0 161.9709600000027
362   -10.0 162.956440000004
363   -10.0 163.9419200000053
364   -10.0 164.9274000000067
365   -10.0 165.912880000006
366   -10.0 166.8983599999982
367   -10.0 167.8838399999885
368   -10.0 168.8693199999787
369   -10.0 169.8547999999711
370   -10.0 170.8402799999702
371   -10.0 171.8257599999716
372   -10.0 172.8112399999729
373   -10.0 173.7967199999742
374   -10.0 174.7821999999734
375   -10.0 175.7676799999658
376   -10.0 176.753159999956
377   -10.0 177.7386399999463
378   -10.0 178.7241199999385
379   -10.0 179.7095999999378
380   -10.0 180.6950799999392
381   -10.0 181.6805599999405
382   -10.0 182.6660399999418
383   -10.0 183.6515199999432
384   -10.0 184.6369999999445
385   -10.0 185.6224799999458
386   -10.0 186.6079599999472
387   -10.0 187.5934399999485
388   -10.0 188.5789199999498
389   -10.0 189.5643999999511
390   -10.0 190.5498799999525
391   -10.0 191.5353599999538
392   -10.0 192.5208399999552
393   -10.0 193.5063199999565
394   -10.0 194.4917999999578
395   -10.0 195.4772799999656
396   -10.0 196.4627599999716
397   -10.0 197.4482399999729
398   -10.0 198.4337199999789
399   -10.0 199.4191999999867
400   -10.0 200.404679999988
401   -10.0 201.3901599999894
402   -10.0 202.3756399999907
403   -10.0 203.361119999992
404   -10.0 204.3465999999933
405   -10.0 205.3320799999947
406   -10.0 206.317559999996
407   -10.0 207.3030399999973
408   -10.0 208.2885199999987
409   51.14429574173935 219.8708498648431
410   66.9601697912423 222.9167977549394
411   72.9314715761733 223.2264598814655
412   21.11244108220875 213.7599713916162
413   40.59095048601666 218.0542426120606
414   34.06006061563144 216.792450567313
415   15.99185195289164 212.1719034228141
416   82.10656506620629 223.919129771826
417   89.3140271971058 222.6492092134011
418   28.21299137650495 215.4408241995291
419   77.50853139138817 160.8600469272747
420   64.49904803846914 160.8342524365181
421   109.1416050883404 192.4217353157522
422   10.84532788838043 210.9862648302176
423   56.50434817908721 160.8649391034127
424   48.55244658147674 160.9731432125432
425   40.51675326187746 160.8560499617521
426   33.48226318526144 160.840710557722
427   26.50070315332875 160.809845942495
428   19.39064680430762 160.8492961417296
429   47.10850883126996 219.0175634932336
430   -9.152266344980003 186.2101981153702
431   109.2171545531735 199.4451073972176
432   59.05501235115366 222.6865589278898
433   6.309787314841532 209.8004677761331
434   84.62143991995913 160.8958058713312
435   109.1406639671274 185.4242588313938
436   91.99284869152335 222.258413008183
437   12.41095110398009 160.8558862392869
438   70.48958874450526 160.8967687300755
439   76.92554831124706 223.6178504714229
440   -9.196057847883713 192.0328036311104
441   -9.021600800984046 180.2483929968143
442   90.50756417155382 160.9627939704187
443   109.0999989989318 205.4214697530368
444   2.343714856685671 209.1169029872005
445   109.1307692562649 179.4501863394427
446   95.70219379731755 222.094025591977
447   6.419215031574347 160.8610800864605
448   63.56290468322161 223.0589892508602
449   24.19523384678544 214.5062110582334
450   -9.136807104233604 175.230238565274
451   55.87566368133143 221.8199503687964
452   95.50107585074468 160.8667159596679
453   -9.179781867729343 196.9048702776738
454   109.1180546136866 174.4509693484893
455   109.184246288519 210.3371093188864
456   -0.3603212568991311 208.7048011893899
457   69.6829184753597 223.1121518510673
458   1.470593880935128 160.8507287395828
459   99.59626750616331 222.1246656069964
460   37.37237719786052 217.4728538701676
461   86.65858381660914 223.2850952759486
462   43.92975131749477 218.764653711325
463   -9.237619253320156 170.4614142538022
464   31.44744131899817 216.2073976452581
465   60.44949293920042 160.8388271398637
466   44.48616268585074 160.885947174633
467   52.50261308837041 160.8649752025782
468   99.50484105505717 160.7963981967389
469   109.2036284247877 170.4146739556836
470   18.53037164140957 212.9400855262463
471   -9.15741852848405 200.8818480987418
472   13.41645761292019 211.7016786372924
473   109.1623961056281 214.3508974463775
474   -3.331796794035967 208.6416754813751
475   -2.61320328115694 160.8735455288441
476   103.0185831799271 222.1135413806333
477   103.4153386950665 160.979562945939
478   8.30903009163384 210.4376548014908
479   -9.132914590900842 166.3602563598639
480   53.4788967598228 220.9704128254605
481   109.1836306605862 166.4298260614593
482   74.99187338361561 223.4751234294752
483   109.116875901916 202.4384533144069
484   -9.10952673575234 189.0978588004505
485   78.92163246240662 223.9705314962164
486   109.1594572380917 196.4568505127311
487   -9.15619393776595 183.159927370938
488   109.1817989779011 189.3849219021819
489   29.5033027258408 160.8656130927816
490   23.47488349704131 160.8511001651861
491   67.47497655460478 160.8571251993762
492   37.49669627552221 160.8656304933178
493   16.46435705856502 160.8969845010686
494   73.50878450099746 160.8603365898472
495   80.4990048244467 160.864740100891
496   9.56206571010725 160.8301987696264
497   109.1345550213494 182.4421331977648
498   87.55899652285872 160.843604050759
499   -9.150499431078053 203.7510096680815
500   49.04513353248777 219.3989304289818
501   4.389149163366556 209.4354270345352
502   109.1886828840889 217.3753519587025
503   26.27566106998613 214.9658051753769
504   60.95400495764815 222.9883639455289
505   84.1628555484067 223.8262387815243
506   -5.515679588627706 160.8425865273703
507   -5.866529009282637 208.5403229249764
508   105.7106176204764 222.0504450736617
509   106.6247433306324 160.8995447160044
510   45.71334464387557 218.9293443210467
511   41.95862047106593 218.335732634579
512   -9.183902720879718 163.4053112117843
513   90.64354330805787 222.4252190989725
514   93.42608695278977 222.2319110509075
515   36.01267618687097 217.1895846744848
516   -1.802307321946572 208.63961529478
517   57.15817610373271 222.1726964950504
518   68.338639883849 222.9696396866495
519   64.89828034574856 223.058218248807
520   1.041601262760933 208.8319600735971
521   87.9602177667334 222.9599892569118
522   109.1679322651658 163.4395358967024
523   97.09927009908446 222.0689582645297
524   101.2194465968792 222.1346609271752
525   -9.212026777621638 198.929995124628
526   22.99730693344768 214.0946149170238
527   -9.139505086182126 205.8005376918966
528   -9.150311672403259 194.9905194548409
529   109.134687535312 207.4031050432997
530   109.1626701740234 212.4660598387492
531   109.1490446409771 219.3587205841561
532   109.1954304367166 194.4064872853714
533   62.52503035425728 160.8803521457847
534   58.50268995555007 160.864183072599
535   42.61485317570212 160.9473130313646
536   35.49997353891389 160.8403846783219
537   31.50487667197708 160.8091203760937
538   21.49932029646661 160.8516428041047
539   50.3839934380576 160.9950429885685
540   54.50269136024865 160.8641901386042
541   46.49610393759716 160.7889981941791
542   75.45273984616276 160.8633414401315
543   14.53337445379197 160.7994314382317
544   38.6670646184557 217.8033437810805
545   3.510913243178218 160.7999822080978
546   -0.5003410594704824 160.8656642294905
547   82.49749083263745 160.8655077026479
548   109.1496816037554 187.4018128647082
549   101.5556908974492 160.9776519666088
550   93.50079846211364 160.8414214595844
551   97.50032585125999 160.8660311592597
552   109.1901237509287 177.4434445130985
553   -9.101392793560102 178.2378854739534
554   109.1937685438129 168.4224852556743
555   109.1645680529059 172.5207745322572
556   -9.222224692651384 173.3503358392087
557   -8.933439717666703 168.4355967262784
558   17.32554075623868 212.6680445818121
559   52.26265750640528 220.3951532267345
560   12.12592666797424 211.3319951304752
561   30.16204533517445 215.960016288888
562   19.87629942013018 213.3035431170434
563   80.80878256251631 223.9809995625016
564   32.76881176054903 216.507156149347
565   71.61569134310768 223.2622818745925
566   9.489389472402603 210.6074843490471
567   14.64203174357188 211.9462602695103
568   -7.610372806998662 208.5771814750502
569   85.39334595922699 223.6150177367251
570   62.19704226887985 223.0292021982271
571   107.52364650101 222.0416201178793
572   -7.472550922748607 160.8086739821138
573   54.63438049840455 221.4502532200288
574   108.4441111378815 160.8597154790237
575   -9.022189222981858 207.7556261247173
576   -9.228853842764547 161.491020082853
577   109.1824539091825 221.33018397724
578   50.57497675911218 219.6073104760647
579   51.10535585642285 219.2323360606574
580   50.54617569041012 218.9456924401868
581   51.06731227826226 218.5875059714517
582   50.50660551737823 218.2985946919916
583   51.02950717741821 217.9413081872557
584   50.4747557055578 217.6503517815045
585   50.98984898908218 217.2921536541803
586   50.43421838148804 216.9993769035879
587   50.97235917223331 216.6389453746531
588   50.39918119032212 216.3443888201332
589   50.91593617608399 215.982341349348
590   50.35629784625912 215.6828350432323
591   50.86590354872024 215.3215213294127
592   50.2997056518582 215.0237204805454
593   50.82246295101196 214.6572623804892
594   50.26223259584891 214.3735181932865
595   50.77797861863267 213.9915307706385
596   50.22347046750469 213.6970269052911
597   50.73812371252099 213.3181499672575
598   50.170806433302 213.0127513043514
599   50.73039986570951 212.637467575945
600   50.12594303832452 212.3332022462785
601   50.69556254628181 211.9564968447337
602   50.08270073169004 211.6501370454159
603   50.65520846910086 211.2703948220137
604   50.03863329805128 210.9628669315725
605   50.61450995234874 210.580820122313
606   49.99419733170322 210.2715439223142
607   50.57354076271412 209.8872120001001
608   49.98184995404532 209.5740064849613
609   50.52850842796143 209.1896435236204
610   49.94161499639785 208.8740533286786
611   50.49061921535964 208.4885539524246
612   49.85952477787816 208.1736392256576
613   50.43843147193674 207.7822636092644
614   49.80473597258831 207.4649740677711
615   50.38837414087809 207.0719782272684
616   49.78957783623407 206.7507036031296
617   50.34990921988283 206.3569461427682
618   49.74922392274764 206.0336726635886
619   50.32219032881225 205.638121616127
620   49.67797937470242 205.314123151136
621   50.28006130989488 204.9137548145966
622   49.6272873330331 204.5888638645171
623   50.23639194680153 204.1860387264953
624   49.58177222663672 203.8597426576953
625   50.88958752204957 204.5127224067379
626   50.84706989329226 203.7814398234848
627   51.50409676478277 204.1104813455889
628   51.48288957780296 203.4085177235208
629   52.12552334669307 203.7115771641282
630   52.10387697431067 203.0066926334079
631   52.74672743819173 203.3068600506194
632   52.70217052025576 202.5631578525943
633   53.36538929885575 202.8925451502832
634   53.30545390255628 202.1250610057397
635   53.98716825097845 202.4765189297272
636   53.92647702649405 201.7065959432501
637   54.61378449728992 202.0622694336147
638   54.57389492473855 201.2736516041467
639   55.37415824258493 201.7451198241559
640   53.88999362060177 200.8510038020653
641   55.24093906814963 200.8690063675689
642   55.96729315090235 201.223283753612
643   55.86748083653936 200.4702543632229
644   56.54571896274611 200.7954782634194
645   56.48068303298062 200.0524983615332
646   57.16061000204668 200.3948587046951
647   57.11006205777883 199.6344206945228
648   57.79594096450266 199.977681838049
649   57.74810544464282 199.212125520982
650   58.43755774295276 199.5560478241971
651   58.39226079070488 198.7868651659427
652   59.08333108237586 199.132077018686
653   59.04080902486685 198.3624440550375
654   59.73347867051319 198.7066179647413
655   58.34197915751614 198.0112344483102
656   59.68999399654681 197.9324045603632
657   60.38756108515717 198.2784111436021
658   60.3460657866132 197.5021186160063
659   61.04507104275085 197.8481503100781
660   61.00661657037483 197.0712816682039
661   61.70703102905794 197.4154864238375
662   61.66841575236445 196.6340468809131
663   62.37340568109447 196.979197075349
664   62.3367018656308 196.1979848228215
665   63.04323405405552 196.5412766301752
666   63.00619159382592 195.7556430656779
667   63.71928734823116 196.1048348094392
668   63.66862536022777 195.2951987761092
669   64.3948306795946 195.6594594278145
670   62.94127481104566 194.9295102405921
671   64.34097104189364 194.8438215216834
672   65.07239321200194 195.2098975551853
673   65.01981174576369 194.3909549824213
674   65.75592409225288 194.760294922368
675   65.70285177393399 193.9448330056588
676   66.43966394786862 194.3105966280999
677   66.49038369752918 195.1305909288159
678   67.17432577038004 194.6840422368949
679   67.22479805590777 195.4996158749315
680   67.91374132867713 195.0488318900765
681   67.89557783015736 194.2488594761926
682   68.61620935969475 194.6058439276647
683   68.65184312583386 195.4214932320404
684   69.35005428695754 194.9707128967673
685   69.30237630342782 194.1383684559065
686   70.04602670249993 194.5144156653034
687   70.08099791751383 195.3434064763434
688   70.78761313576123 194.8889079023511
689   70.7463393774082 194.0565951261953
690   71.49338584422637 194.4362867145151
691   71.53485654034203 195.2698627221458
692   72.24110749267153 194.8174409868932
693   72.28433620469345 195.6563777109546
694   72.99105286610606 195.2016980268824
695   72.94768607581719 194.3593485033521
696   73.69384135278855 194.7534203665174
697   73.74075706769625 195.5886581327792
698   73.63015917446332 193.9107557352358
699   74.44701682729381 195.1349192565346
700   74.49149954108256 195.9733989946965
701   75.19606465395742 195.5248343267052
702   75.25458428750905 196.3355065533444
703   75.94956942319129 195.905347647437
704   76.000746198517 196.7302091306437
705   76.70030957113616 196.2905009421706
706   76.758177814441 197.1017132841908
707   77.45175771676135 196.6732306954059
708   77.51036944672873 197.4827261995959
709   61.08730616383367 198.6321931518799
710   78.20319637825756 197.0553284043453
711   78.11972913650284 196.2048181527283
712   78.25247417766204 197.8828310809819
713   76.76202697127337 197.8306171734742
714   78.95182476102605 197.4421586247167
715   79.00933067527708 198.2529846635774
716   48.97068676078283 204.2647281444564
717   48.92208383852714 203.5385895244609
718   48.31215224738376 203.9412071483529
719   48.26282918401577 203.2123914771086
720   47.65156175257205 203.6154738768197
721   47.5884133201086 202.9118749912788
722   47.00081715610611 203.2653081526877
723   46.91883615341075 202.5969445699514
724   46.3213784957472 202.9123385843956
725   46.26735984935772 202.2316362368552
726   45.64125972331688 202.6009885530999
727   45.59727967641894 201.9051268296989
728   44.98785062688695 202.2988894523702
729   44.92998032463957 201.580778258312
730   44.31895115242965 201.9733376943219
731   44.27086055205332 201.2292394365234
732   43.64980480322227 201.6393072020726
733   43.60118020306252 200.8928077628314
734   42.9779437023189 201.3058295425647
735   42.93020421304595 200.555281477859
736   42.3034952639923 200.9720236419573
737   42.25397597834636 200.2221087067222
738   41.64387853359109 200.6624413351131
739   41.48741644728404 199.8887581822139
740   42.22883089161871 199.4777327149275
741   41.52896197523667 199.1260211424132
742   42.1837755637909 198.7096610364939
743   41.48185474258706 198.3636957864379
744   42.11665259182384 197.9384528256845
745   41.42811161541876 197.5962126908747
746   42.08901709288674 197.1443833570162
747   41.37811466061662 196.8199601488138
748   42.02328744530153 196.3818164488201
749   41.31296641888081 196.0710891542972
750   40.67419405468456 196.4830786917034
751   40.61875220431742 195.7163449355785
752   39.97411912546529 196.1376456531951
753   39.91033723355538 195.3837496820378
754   39.27035781298358 195.7942377713702
755   39.205643589015 195.0403287668524
756   38.56543636481724 195.4488092695802
757   38.51032364234192 194.6750134856845
758   37.86166749451335 195.0987442949921
759   41.92299482719693 195.5312163530515
760   37.79686006189277 194.340477880968
761   37.15300454747047 194.7527262185818
762   37.08650743515757 193.9956408086975
763   36.44266447178161 194.4050376355867
764   36.37055242788148 193.6461225852489
765   35.73065605577065 194.0554334157593
766   37.7902812494381 193.6835427470174
767   35.67340435393315 193.2629738140986
768   35.01961303112334 193.6993265981608
769   34.98764872896833 192.9328327864008
770   34.30947717042967 193.3503611628829
771   34.2671077729315 192.5840837521752
772   33.59291377660661 192.9988545275009
773   33.53020608906073 192.2009167251818
774   32.87309474623647 192.6363836592812
775   32.82784083674964 191.8680584731615
776   32.15359317983546 192.2841516902965
777   32.0977544397926 191.4911892259361
778   31.42978888446817 191.9299086429499
779   31.36027726086123 191.1268134729717
780   30.70308669099171 191.5728810171663
781   30.63398678688637 190.7992456415645
782   29.97683900927138 191.2208456195421
783   33.47448588502867 191.4906564582942
784   29.88384073810542 190.4478475123875
785   29.24621307603004 190.8648497805272
786   29.1682317104669 190.0563481279003
787   28.51784617759276 190.5019719878738
788   28.4482827103252 189.7213273038842
789   27.78693206253608 190.146526169183
790   27.75144501089785 189.2336255978494
791   27.05726144015447 189.7650982185146
792   27.00336523880699 188.9585849836782
793   26.31764559670419 189.4161018248518
794   26.26269942221905 188.5911175163043
795   25.57285289253083 189.0513850869406
796   29.12649404410528 189.2116239343107
797   25.51710299461377 188.2208477617887
798   24.82188856801625 188.6848967878017
799   79.70302425221675 197.8227750620113
800   79.74606933919267 198.6591076781344
801   24.76804001614835 187.8491520266778
802   24.07067363135636 188.3154722718
803   57.29679650236737 201.1414391505066
804   51.27848838849918 212.3589282095967
805   24.0148036850038 187.4762603800027
806   23.31105107946015 187.9457951131946
807   80.45070417503135 198.2092338903294
808   80.49275355582986 199.0488198582276
809   23.26034769331868 187.0995041956191
810   22.55179856615738 187.5710849582404
811   22.60690840082629 188.417698162641
812   21.84504131111972 188.0444584570336
813   21.78773302032862 187.1948777161347
814   21.07881963840376 187.6713085048366
815   81.19814149440883 198.5944200479264
816   81.24213755001779 199.4322826679848
817   27.11045602852911 190.5958464976151
818   21.02038601807833 186.8179618989357
819   20.30991132436395 187.2967723915929
820   20.3588640917714 188.1347524593237
821   19.59743021722203 187.7769348353348
822   19.53659159678617 186.9208305149098
823   18.82109069894747 187.4053229491244
824   18.7600406248595 186.5420677675366
825   24.72106225309017 187.0116363461276
826   81.94954749457963 198.9767585864234
827   81.98787910882689 199.8153147873226
828   81.28632359364424 200.2687870250662
829   82.02582874037032 200.6491967057263
830   81.33011407679862 201.0986113688707
831   31.46150685684019 192.7311209103565
832   82.06611778968843 201.4761993166336
833   18.04410164395844 187.0268648474152
834   17.98145687191061 186.1607898356393
835   18.10857176045209 187.8910006108863
836   82.75978553338021 201.0291734265169
837   35.09200386940849 194.4534263770313
838   81.3784731227885 201.9256311481663
839   82.7998643603504 201.8543267718833
840   17.32986012185802 187.5156427845072
841   17.39302696621799 188.3760078558362
842   83.49181551352798 201.4103537770054
843   83.53019406266603 202.2323183197978
844   16.61519030040589 188.0022960685226
845   16.67794533610215 188.8612011100034
846   84.22387234925216 201.7892201868832
847   84.262582386888 202.6125729306569
848   81.89998486555882 198.1348672855604
849   15.90174395992915 188.4888098363189
850   15.96399639201677 189.345739052548
851   84.9568163086268 202.1668113646541
852   84.9975094497647 202.9901767948357
853   15.18917155797328 188.9740320463647
854   15.25029680053421 189.831076610655
855   85.68904216829664 202.5457621750105
856   85.72562960258507 203.3686119024673
857   85.0379223653319 203.8095588994832
858   14.48641830754582 189.4713410186466
859   14.37902467654937 188.6625678189655
860   14.53808606975643 190.3148691025934
861   85.76221947997136 204.1868023762851
862   85.07718280103015 204.6235493652922
863   86.45067482638473 203.7480956309047
864   13.75904559621591 190.01521615693
865   13.83452540681124 190.8090753090221
866   14.59852443329105 191.1658899474647
867   86.48760287521073 204.5627642037121
868   87.17465607746391 204.1245755670677
869   13.88943393357231 191.6363258745267
870   14.61938644745799 192.0137625318722
871   13.13915874283897 191.2912960644674
872   87.21014316066561 204.9395756946548
873   87.91267124948823 204.4729621844402
874   13.19183785494582 192.1176064368424
875   12.44153288664511 191.7702244535394
876   87.9360102041193 205.3110244840004
877   12.49125437038448 192.5912897921704
878   11.73932956935246 192.2406405782467
879   88.64040917682837 204.8440965939027
880   41.67970754583067 201.3927952351936
881   88.66190097208859 205.6874007543249
882   11.79940599431855 193.0730869246596
883   11.04848103796052 192.7235493985623
884   89.35123835235966 205.2525754369262
885   89.31513239288103 204.4339299255889
886   89.4146982799862 206.0695109587951
887   88.69521457391458 206.5114661422984
888   45.03362691238764 202.9579262900079
889   11.1033180749096 193.5502916185325
890   10.38411525620085 193.1846802945414
891   10.28582767627431 192.2696806181991
892   90.11316517329136 205.6309680960104
893   49.46519004758779 209.980337696264
894   89.45041991301426 206.8837621686702
895   88.7451205411577 207.3111808079337
896   10.41791076569326 194.0223794065661
897   11.16606460657172 194.3822829500268
898   9.613130300073994 193.6092703713401
899   89.48475421269117 207.6884486974676
900   88.77004074845446 208.1150296807622
901   10.47936712631327 194.8532806868911
902   11.22413010971909 195.2098516037854
903   51.4644629542088 215.6416600701456
904   89.51323193308392 208.4870939188526
905   88.80318453343216 208.8974576062017
906   10.54648244708715 195.6749215412033
907   11.28300788101219 196.0289075815709
908   89.51063849846213 209.2782323101166
909   88.83963639612159 209.703536804314
910   10.6132897283262 196.4890473752795
911   11.34296350001778 196.8396141768952
912   54.00416554548333 203.2030388138068
913   51.13360987215484 209.4696476383462
914   90.22301952011662 208.8700397496987
915   90.21333006788645 209.651986687636
916   90.88241023734658 209.2353608881037
917   46.28771656742854 201.4547279355676
918   10.67785432944443 197.2972746223602
919   11.40331572479565 197.6427667433481
920   9.95468630348303 196.9582888139003
921   90.91027787514801 210.0246384411473
922   91.57954735140048 209.6003207410761
923   41.01093320722165 201.069856542153
924   41.05314757277979 201.8078990825313
925   40.39606525982165 201.4994018047591
926   40.43071516545993 202.2247697436526
927   39.77450498567477 201.9154647072367
928   39.79477421312943 202.6180761283615
929   39.1442954114303 202.3155115964428
930   39.17795458667322 203.0361298354
931   38.53300958307321 202.7380066007322
932   38.55478875211452 203.4383712622812
933   37.90425773750725 203.1301362313783
934   37.95015033472741 203.8634893304683
935   37.29005667412029 203.5406434040251
936   38.56621502532784 204.1745297620978
937   37.33838350673355 204.2740855088813
938   36.68088137439398 203.9515362166889
939   36.72700809030278 204.6823557477324
940   36.07242078422928 204.3603120614937
941   36.1175344329848 205.0869043786293
942   35.46450028765093 204.7645993239255
943   10.0133808678243 197.7551043023586
944   9.29314380234795 197.4180158926143
945   91.61067253509407 210.3963809584887
946   92.2874440136458 209.9725389280484
947   35.51238454554003 205.490191084609
948   34.85995509202876 205.1687227019715
949   36.16195532164016 205.8124132236294
950   49.59616248935892 212.7266177403374
951   9.351278760479985 198.2116358027342
952   8.630077883336039 197.8744151881397
953   34.81098103455437 204.4428338781472
954   34.20540323646431 204.847138391348
955   34.15738285636596 204.1198768357609
956   33.55047099248279 204.5254665682162
957   33.50211156608795 203.7970872523735
958   32.89570492209094 204.2043253092677
959   32.94457158167512 204.9316886303879
960   32.28979210828626 204.6110518644828
961   32.2404438253452 203.8842118833241
962   31.63500832819328 204.2911499611971
963   31.58483873273887 203.5627707855052
964   30.97826198349028 203.9704096539322
965   30.92700702104004 203.2431335793539
966   30.32810423644904 203.6341383084235
967   30.27041210433466 202.9187674919685
968   29.67035199456972 203.3096164468017
969   29.6107812668 202.5953049148883
970   29.00191054309841 203.0024184634853
971   28.9607876297805 202.2860842923493
972   28.34009719775618 202.6844419850949
973   28.30627717253406 201.9541572625615
974   27.67856337224138 202.3603056361912
975   27.72651696351395 203.0953498747735
976   27.07227279300384 202.7541832794008
977   27.01296936356256 202.0311929970538
978   26.40900830245451 202.4246026539607
979   26.35414324566698 201.7154026159604
980   25.74167396399735 202.1012622616938
981   25.68548710200347 201.3846720722
982   25.05849259346951 201.797193020729
983   25.03307869435963 201.053315233228
984   24.38476132415411 201.4735451051839
985   24.33796192761024 200.7305520543201
986   23.70613871645058 201.1467858187569
987   23.75775496995999 201.8958147111819
988   23.08210646716614 201.5687597972356
989   26.46397485067491 203.1979881621185
990   23.13685831252888 202.3157446088339
991   22.46235958102948 201.9904346722716
992   30.41203548424081 204.3560765359885
993   23.67996953978144 200.407677764032
994   92.32038810622456 210.7749958303702
995   93.00026152645151 210.3448099221737
996   91.66573587069351 211.1671700493135
997   35.55907914297513 206.2131623366336
998   36.20629918359252 206.5340699103313
999   22.51723813490311 202.7348514807428
1000   21.84510041377239 202.4108603077415
1001   8.68852638867457 198.6682094051566
1002   7.964558758483107 198.3268307624507
1003   85.6531844003455 201.7173745019791
1004   93.03257858871405 211.1530550686314
1005   93.71606209442851 210.7200003421142
1006   42.66326865023161 195.940019659562
1007   42.62872699344238 195.1807391924299
1008   43.33007182642252 195.5266812754085
1009   43.28392137338682 194.7441266700907
1010   43.99192068663307 195.0963032837641
1011   43.94224977505699 194.3076027326243
1012   44.65401155603452 194.6617183269322
1013   44.6124260243548 193.8839147494771
1014   45.31653556733364 194.2264267207802
1015   45.27656261126373 193.446580411675
1016   45.97962183977084 193.788433844438
1017   45.93218385576937 192.9911241761279
1018   45.10256932974674 192.6034320232234
1019   45.86374694396572 192.181832853286
1020   45.16072480858463 191.8276553473517
1021   45.83324283616609 191.3806701896168
1022   45.15413182075059 191.0156828451747
1023   45.79161758051157 190.5706546339984
1024   45.05568283643287 190.2064642502806
1025   45.75144720135079 189.7612407610251
1026   45.05276149964283 189.3859430263174
1027   45.69424249100607 188.935065960706
1028   44.94938324079218 188.5660045350504
1029   45.65365270688365 188.1065252980739
1030   44.88905531114799 187.7375769912448
1031   45.60444812576903 187.2755678176196
1032   44.84950048014812 186.9143699489345
1033   45.54284291653205 186.4429500821511
1034   44.78007935753596 186.103277948277
1035   45.48823347702353 185.6075385442991
1036   44.7149197331917 185.2562923968907
1037   45.43403327368648 184.7648479726707
1038   44.67172311583818 184.389289230893
1039   46.19673965479986 185.1366818461799
1040   46.15525583215219 184.3056438086115
1041   46.91150717380727 184.6709194233769
1042   46.87029259266239 183.8331689227684
1043   47.6274115775492 184.2009557649873
1044   47.57583481171501 183.3444385264712
1045   48.34389041766495 183.726276234157
1046   48.29170285276622 182.8657656006391
1047   49.06414275628513 183.2511741243383
1048   49.01187549396808 182.3874057933256
1049   49.78767055188229 182.7747663619697
1050   48.30372228015893 181.9749178678546
1051   49.73525898100529 181.907624202276
1052   50.51383089481547 182.296682023442
1053   50.457677595405 181.4338054692558
1054   51.23146231426567 181.8182903490604
1055   51.17291148112667 180.9507456798616
1056   51.96194821608541 181.3324134686442
1057   51.89886009751909 180.4594000320617
1058   52.70688585105253 180.8466066076871
1059   52.65730847989917 179.9710332503573
1060   53.44995750480147 180.367169076769
1061   51.81136129161709 179.5838747657177
1062   53.38491570638328 179.4851741171643
1063   54.19012754242588 179.8812160817528
1064   54.12524452321868 178.9906822830273
1065   54.93200013128958 179.3890143195101
1066   46.51317632700297 190.9332284462701
1067   51.26336693158426 182.6878933319709
1068   54.87823787173518 178.4968568748299
1069   55.67959110527784 178.8970470660136
1070   55.7319689432919 179.7886166055342
1071   56.47867931635464 179.2982403595242
1072   56.42753487275771 178.4043417210864
1073   57.22921920351192 178.8068857573407
1074   57.17866563384007 177.9121255831758
1075   57.98184083646062 178.3153818471483
1076   58.02888712108283 179.2071298715096
1077   58.77899676712879 178.707765969915
1078   58.73837561211094 177.8236502658223
1079   59.54159988472856 178.2252704496202
1080   59.51209103142754 179.149475983807
1081   60.29728483116674 178.6732638004834
1082   60.29169493142403 177.7387608266278
1083   61.09262792409343 178.1609348024266
1084   61.05571487788183 177.2412709419046
1085   61.86511795786956 177.653050369767
1086   61.90738535216319 178.5687184763185
1087   62.67397394909668 178.0649444366508
1088   62.71985523228367 178.9687953408054
1089   63.48155684243856 178.4750798137656
1090   63.43628886596105 177.5705828576889
1091   64.2434926316591 177.983334998709
1092   64.27724166072824 178.8703994462041
1093   65.0268480611643 178.359285518659
1094   65.00470485528886 177.4888958237262
1095   65.80995001432228 177.8995457446664
1096   65.81631562498376 178.8362312448143
1097   66.61464442557487 178.325061690513
1098   66.58100161094282 177.4200686825023
1099   67.388230671806 177.8315715542093
1100   67.41427058058 178.9328731807095
1101   68.19380130192168 178.2825361470189
1102   68.15982035296722 177.3539137497377
1103   68.96461883780155 177.7679549587572
1104   68.98561577300835 178.8625299938066
1105   69.77026710079815 178.2148281888388
1106   69.73939034032593 177.285658283549
1107   70.54405810964249 177.7002143266276
1108   70.58185428989295 178.604688018683
1109   71.35565064069013 178.1184893417406
1110   71.31589058739053 177.2031306910657
1111   72.12634387250151 177.6279980927393
1112   72.16688208121064 178.5425765433535
1113   72.93638652009372 178.0527626077572
1114   72.97410456216934 178.9662096546843
1115   73.74568093270952 178.477878264842
1116   73.78177637587781 179.390513601597
1117   74.55486369098091 178.9028517891475
1118   74.51889605414797 177.9882694416578
1119   75.32922339659264 178.4155123355029
1120   75.36390083198972 179.3298365753218
1121   76.13928925200662 178.8431347676256
1122   76.17394000517454 179.7578480114995
1123   76.94972750811044 179.2700205840308
1124   76.98369892813426 180.1848311636021
1125   77.76026984401861 179.6978713380764
1126   77.72614671444181 178.780033522544
1127   78.53903958489617 179.2093830913214
1128   78.57246579134006 180.1278550353839
1129   79.35224414738838 179.6395859660195
1130   79.38645230036784 180.5591363747707
1131   80.1656634149465 180.0702955572721
1132   80.19990483993143 180.9900650906944
1133   80.97914956680069 180.5010515115646
1134   81.01290471943551 181.4211539286131
1135   81.79405208827353 180.9331735419204
1136   81.76011978962578 180.0102182482478
1137   82.57618822448396 180.4429717264407
1138   82.60949255950638 181.3665106889553
1139   83.39252171966565 180.8764490680357
1140   83.42553639651138 181.8002671860587
1141   84.20390152189239 181.3194953328077
1142   84.24102821956747 182.2357498666834
1143   85.02219492614859 181.7495949704835
1144   85.05553803345975 182.670028126041
1145   85.83656826795044 182.187902580216
1146   85.86818097059796 183.1064231778302
1147   86.65315419592362 182.6223069083836
1148   86.68643611910781 183.5405862933909
1149   86.62728249921504 181.6857368034815
1150   87.4708828133903 183.056600634211
1151   87.50830948982147 183.9742315042271
1152   88.29311890018711 183.4843543611902
1153   88.3277690923547 184.4078241615307
1154   89.11230253894168 183.9179694748989
1155   89.1464566588827 184.8426208893862
1156   82.54353783819371 179.5176440022546
1157   89.93193974251948 184.3508244682118
1158   89.96559486807121 185.2777959369801
1159   90.75378127298264 184.7865884601815
1160   90.80571516821267 185.713620178601
1161   90.71956036941862 183.855913562622
1162   91.54458474611779 184.2940298492961
1163   91.51003315194204 183.3588630576454
1164   92.33724442104017 183.7988634940046
1165   92.30459409570129 182.8627159205951
1166   93.1342076281247 183.3053575955317
1167   93.100403694206 182.3637568352572
1168   43.9500373312371 184.8803486189743
1169   43.90931815895699 184.0082088468879
1170   43.19991096824164 184.4787794039107
1171   43.14694928578925 183.6239504717985
1172   42.41539803852727 184.0997872130064
1173   42.37746406639073 183.2425578479343
1174   41.62935301249529 183.7281809411403
1175   41.6057251595127 182.861310172757
1176   40.87626914110491 183.345013932179
1177   40.83736895066562 182.4784565683341
1178   40.12230073637862 182.9559353145255
1179   40.06896757787737 182.0929447504909
1180   40.79611753965978 181.6166119428295
1181   40.01250553378554 181.2270452474389
1182   40.74663624359103 180.7471382777934
1183   39.95352021286183 180.3556715478866
1184   40.68487994393789 179.8700876386202
1185   39.8937331818429 179.4789664027164
1186   40.62941829998658 178.9904298761762
1187   39.83785191447077 178.5984933970877
1188   39.09977493466299 179.089112348003
1189   39.04310374502662 178.2051098716634
1190   38.30437733537639 178.6987759858005
1191   38.2371102308556 177.8298984801635
1192   37.5038882247529 178.3096160894462
1193   40.57544007439554 178.1070654761654
1194   37.4360099749061 177.4384259914576
1195   36.70174971798406 177.917141729254
1196   36.63225644532528 177.0460738590324
1197   35.89731545997265 177.5232101682443
1198   35.82763320281746 176.6493077385684
1199   35.09057759908758 177.1275409910711
1200   37.27947708789061 176.5652901388116
1201   35.01941391146225 176.2532587628364
1202   34.28034289467554 176.730746157844
1203   34.20951398983058 175.8535527948069
1204   33.46803636993053 176.3324077792313
1205   33.40912010373772 175.4277412991816
1206   32.65806061987299 175.9267950095293
1207   32.59768448415816 175.0194547832719
1208   31.83669303078328 175.5287333938548
1209   86.70939149447975 184.4445987227541
1210   90.01118489689867 186.2031853447253
1211   90.84058123978332 186.6372926913164
1212   31.77879442973526 174.6149149005482
1213   31.01624363150694 175.1261200620673
1214   93.93358789291325 182.8087569926566
1215   93.89995609095055 181.8635337498151
1216   34.07183906517606 174.9354673697466
1217   90.04728792610258 187.1255963038128
1218   90.86486782235212 187.5756973844805
1219   30.95786798210179 174.2091586753477
1220   30.193791138799 174.7197652785585
1221   80.23761169731682 181.9011260236683
1222   94.7341922217145 182.3071742874964
1223   94.70128970866416 181.3617403728285
1224   94.76743854848144 183.2548989477223
1225   32.71685191241036 176.8330035101285
1226   30.114586991225 173.8419346521003
1227   29.36462016398298 174.3206210173591
1228   35.97136662695979 178.3881206581823
1229   90.07212872324081 188.0475274121864
1230   90.88757730979053 188.504097982794
1231   93.86452862288954 180.9177221346712
1232   94.66657374420267 180.4150106100443
1233   93.82979386113739 179.9704288377529
1234   94.63317628746182 179.4667303636145
1235   93.79516563694216 179.0208719273225
1236   94.59878955609096 178.5154219488511
1237   93.75964064405925 178.0687170367396
1238   94.56861332751019 177.5622990973228
1239   93.72415336009473 177.1138600423428
1240   94.53519171408658 176.6058325782386
1241   93.68848741800639 176.1566509117004
1242   94.50161160826515 175.647304380935
1243   93.65149095491404 175.1970865076503
1244   94.46823511956961 174.68660172271
1245   93.6154395170567 174.2350493918858
1246   21.89869105533622 203.153469974587
1247   21.22928637040174 202.8301892469599
1248   21.17293692671315 202.0867578285753
1249   20.5539390117416 202.5077840316859
1250   20.49901102104616 201.7605114558017
1251   8.010908709181269 199.130574467446
1252   7.302245897682734 198.7870694287193
1253   8.705297931732002 199.5045667016151
1254   19.88039086462226 202.1835773170927
1255   35.60659975722675 206.9327064030578
1256   36.25098074272896 207.25159760141
1257   93.74339578477938 211.5286954167396
1258   94.41417315784682 211.066915967095
1259   94.40103808016416 210.2748567342273
1260   95.1107935369532 210.6260281932487
1261   95.09685352968792 209.826425790077
1262   95.83417578331273 210.2142933507577
1263   95.80552486779938 209.3831678460929
1264   95.80837086888657 211.0746894659225
1265   29.25941553582206 173.5264079932261
1266   28.52034559984159 173.9539086583275
1267   28.59808858099582 174.8353480112822
1268   27.77113722900782 174.4301985319508
1269   27.6867268700388 173.553162441657
1270   26.94130134885911 174.0260864704606
1271   95.34548699232127 176.0981131391217
1272   95.501848076184 180.8551632576459
1273   19.93562664058842 202.9292734137982
1274   19.26314984512954 202.6067333658851
1275   96.55006845533424 209.7754174075172
1276   96.51855719656658 208.9319713425527
1277   90.10264909629282 188.964708890182
1278   90.90378213184111 189.3894034347148
1279   27.01052335604741 174.9372210445187
1280   26.18017635205219 174.5337380403805
1281   26.11466148215277 173.6118110021028
1282   25.34872730752778 174.1285481445902
1283   25.2825468959545 173.2044364462882
1284   24.5144656253318 173.7242070404055
1285   24.58186119772882 174.647082139436
1286   23.74703408252433 174.2445178185498
1287   23.67986972635119 173.3200723580673
1288   22.91139742226328 173.8415049612191
1289   94.43487836264549 173.7232174070073
1290   30.85272068850807 173.2881045405144
1291   19.82200444419863 201.433853527923
1292   22.84275328729233 172.9136493525992
1293   22.07378601778785 173.4374105274236
1294   22.1472342978249 174.3553846814407
1295   21.30992372033512 173.9515693846497
1296   21.23634341971504 173.032617600345
1297   20.46761709680038 173.5569451217016
1298   7.363559292900379 199.580012707915
1299   6.636448617844074 199.2366199130988
1300   6.603859457518173 198.424408817983
1301   5.905118426079458 198.8908137067254
1302   5.868712405214675 198.0606165413288
1303   5.158978064598264 198.5435916484777
1304   5.106022628867322 197.6902379134996
1305   4.406822565276088 198.1921543632549
1306   4.35027914599312 197.3280296737325
1307   3.644463342673276 197.837364180093
1308   3.578060206451295 196.9903837775873
1309   93.58044282655442 173.2724217305813
1310   2.88075732711269 197.4779136834978
1311   2.809215498976171 196.6324494590643
1312   2.945828249993881 198.3264220939296
1313   90.1512500428253 189.834237794359
1314   90.95630542904738 190.2553292918027
1315   91.70483492310717 189.8184098164403
1316   91.73909369661426 190.719872323572
1317   92.50390676810832 190.2533896117849
1318   92.53686005174842 191.156437493692
1319   93.30530764749268 190.6863143884324
1320   93.34046676006267 191.5889580874633
1321   94.11017720723608 191.1169114697811
1322   94.14568867721187 192.0209338587222
1323   94.91600871178358 191.5496301627699
1324   94.94873711504763 192.4604740814058
1325   95.73162904180023 191.9670209111914
1326   95.75826586464734 192.893362377407
1327   94.19674601249814 192.9825089111729
1328   92.76178561625215 173.7837813746339
1329   35.6466879775864 207.6489924454784
1330   36.29422084377451 207.9664081519327
1331   20.50383530482084 174.4791026455233
1332   19.69211275368534 174.0837503811824
1333   19.62682338480844 173.1566837662058
1334   18.8553007768141 173.6838464150375
1335   18.78444269211143 172.7522226129566
1336   18.01397403702561 173.2815437031122
1337   18.0862857733519 174.2125571981634
1338   17.24453849751012 173.8108225521625
1339   17.31827929724514 174.7415741397964
1340   16.48656294226304 174.3162414058924
1341   16.40292032457965 173.4038936249507
1342   15.63262652126328 173.9340805834508
1343   15.7061003213898 174.8720427045942
1344   14.86121383049405 174.4699377030471
1345   14.91759949341331 175.4038508296996
1346   14.08892150067395 175.002211540255
1347   14.16342208473183 175.9333069457178
1348   13.32104496062447 175.5342354300761
1349   13.24599087815807 174.6007548437392
1350   12.47673014294271 175.1337691341584
1351   12.5525997272866 176.0668592507151
1352   11.70732291114188 175.6672518153779
1353   11.78473991110995 176.5989767770096
1354   10.9390373506047 176.200536433457
1355   11.01635453977998 177.1313370771639
1356   10.17094065667614 176.7329324980005
1357   10.24773703339082 177.6641498337001
1358   9.401607322464823 177.2667899439878
1359   9.331769063331942 176.3917523923533
1360   8.542455360700648 176.9053487274416
1361   8.630372215673503 177.8078101692902
1362   7.782824324205153 177.4100423819636
1363   7.864379224261983 178.3367561391711
1364   7.720110726762925 176.5188778711195
1365   7.016082681849366 177.9390461210892
1366   7.095449906695576 178.8704858310715
1367   6.247910578405412 178.4727010168581
1368   6.322424792940717 179.3991726867458
1369   5.478909626993715 179.0060409567002
1370   5.553219048941565 179.9323333521948
1371   12.39905740085708 174.1984048315549
1372   4.737872825437577 179.5794764644504
1373   4.793302448163348 180.4786577639358
1374   4.582507263305354 178.6280132967698
1375   3.959579223777027 180.0991013077623
1376   4.026803260705506 181.0119499737342
1377   4.867555166171062 181.4049087001208
1378   4.102649551401733 181.9373973469779
1379   19.32095218539988 203.3490829031858
1380   18.66237766211423 203.0459895079433
1381   97.26984436220751 209.3278563434803
1382   97.23699426699606 208.4758504741863
1383   90.8734808289092 191.0298333599953
1384   96.53650766046007 192.4134633626392
1385   96.57258051976487 193.3259888335483
1386   92.72656235542061 172.8206726476355
1387   91.90902397421898 173.3325420232674
1388   3.25938895059824 181.5423880775538
1389   3.338655696287652 182.4699585546608
1390   25.04206416112956 200.3127105009783
1391   6.058413882882538 199.7393223323838
1392   94.39353245794442 172.7557359977346
1393   2.184562507805617 197.9628659423646
1394   2.25239491372592 198.8064004209213
1395   91.87064575779067 172.3732191869215
1396   91.05513330029449 172.8815908989654
1397   18.7067999056128 203.7693242000386
1398   18.05349951720634 203.4690462626968
1399   4.942972172215061 182.3301601815268
1400   35.69260193400766 208.3612336376115
1401   36.33701383015415 208.6768544584649
1402   97.9955030268786 208.8752467809906
1403   97.96325346558453 208.0159086552805
1404   97.35718176794303 192.8365071447849
1405   97.38861174729456 193.7611098207196
1406   97.3700237172005 191.9647241287601
1407   78.5052806212372 178.2884733539367
1408   63.76427646151178 196.864766755328
1409   29.564977722464 201.8694631040156
1410   2.495494488870482 182.0753723457915
1411   2.576131605109456 183.0025403600785
1412   91.01641217581167 171.9221331460525
1413   90.20561143058714 172.4213609995486
1414   40.1558876263523 183.8215839553008
1415   1.492363280431932 198.4474347862507
1416   1.557637214914869 199.287406742046
1417   88.13479298520005 209.3204856161846
1418   88.16528793066614 210.0971075391363
1419   87.46586724931365 209.722953457838
1420   87.50491703339726 210.5055158181452
1421   86.8115139599752 210.1366317481158
1422   86.8717795649158 210.9499663408078
1423   86.18734737157001 210.5870115972785
1424   86.22428689341916 211.360492109274
1425   85.53271771719768 210.9691494771143
1426   85.57675118530403 211.7616048592777
1427   84.89692539594722 211.3951892102686
1428   84.9314863141043 212.1606260030009
1429   84.26563974740553 211.8200994812546
1430   84.29387536904919 212.5672972494105
1431   83.63174210501619 212.2299459614835
1432   83.6655069539915 212.980660138398
1433   83.0009497142796 212.637195901953
1434   83.03459230401455 213.3842768927095
1435   82.37156241988198 213.0412818929106
1436   85.56840485227599 212.524277878259
1437   82.40511521427261 213.7848310019877
1438   81.74453071115295 213.4421584646526
1439   81.7082882702147 212.7031322493915
1440   81.08683829498383 213.0938694708618
1441   81.04698822119413 212.3598725395727
1442   80.4248888571353 212.7505315626321
1443   80.38479045722669 212.0154809735178
1444   79.75707271645271 212.4146090531136
1445   79.72044212074832 211.6726737131357
1446   79.09180721542228 212.0727044942353
1447   79.05545923335724 211.327858348547
1448   78.42742034691334 211.7258400005045
1449   78.39018798280132 210.9811980304161
1450   77.76077832767157 211.3805876179022
1451   77.7222925042625 210.63709211878
1452   77.09164556010884 211.0389049297819
1453   77.0551750596403 210.2892468806371
1454   76.42262676376231 210.6935741953087
1455   76.387084359291 209.9409192822195
1456   75.75306197090421 210.3472982479084
1457   75.71736104626135 209.5939195177259
1458   75.0828238737982 210.0006938458091
1459   75.04705629253434 209.2463863562655
1460   74.41279773415641 209.6547742372244
1461   74.44846184054589 210.4059059197108
1462   73.77939675244129 210.0609426434532
1463   73.74381736378217 209.3103292798888
1464   73.11107603368514 209.7170945361179
1465   73.07460865723857 208.9665418377164
1466   72.4439994340603 209.3748503995326
1467   72.48183110444859 210.123345405965
1468   71.81453638628342 209.7806794197775
1469   71.77715429331991 209.0336017820375
1470   71.14972973003617 209.4415074665078
1471   71.18738374535195 210.1856429610028
1472   70.52474751734839 209.8480517373129
1473   70.56358761508683 210.589329290735
1474   69.90317877243326 210.2527327143992
1475   69.86355213732446 209.5124013095753
1476   69.2437964896007 209.9179239172171
1477   69.28310530666124 210.65541164894
1478   68.62638883841893 210.3221806072592
1479   68.66692268121666 211.0559542851324
1480   68.01177161393161 210.7241506856861
1481   67.9704044874057 209.9906718361126
1482   67.35701505486517 210.3939683253954
1483   67.3985019763498 211.1243010620161
1484   66.74622427200941 210.7959163586092
1485   66.78809862037329 211.522843869944
1486   66.1380426406745 211.1956718832667
1487   66.09532441278245 210.4690558693641
1488   65.48836622948131 210.8698757757271
1489   65.53128485647075 211.5935879725844
1490   64.88406410900548 211.2695236607889
1491   77.10865166799542 211.7893568646589
1492   64.92593311691066 211.9907115796416
1493   64.28266151792693 211.6677596004643
1494   65.4442482724552 210.1431929494926
1495   64.3235716337709 212.384795405422
1496   63.68342553421768 212.0636773140615
1497   79.82025442680757 213.1584720104804
1498   63.72663973147576 212.7777057650556
1499   63.087676622407 212.4578599748862
1500   63.0441904379392 211.7443903068975
1501   62.44901290833754 212.1392858012726
1502   62.4356545672331 211.4237701354945
1503   64.36340293343119 213.0983937741264
1504   62.49278117421662 212.8502413300395
1505   61.85612890815244 212.5331950794836
1506   61.89924773711282 213.2415785578762
1507   61.26587392820885 212.9258963819349
1508   83.06461938208012 214.1283240350037
1509   82.43916951035786 214.5239610141863
1510   61.30918954048438 213.6306642007087
1511   60.67816273862108 213.3167330043349
1512   83.09283276235672 214.8643645651546
1513   60.72703627052508 214.0070089299178
1514   82.4728776192151 215.2589740684746
1515   60.09162322054058 213.7054969355875
1516   60.04820703097688 213.0040445813021
1517   61.29726713393698 214.3098000515026
1518   60.10590146369881 214.3749519250053
1519   83.12177199100057 215.5968955291953
1520   59.46138927666334 213.3907815060475
1521   59.4184972890437 212.6914898276783
1522   18.09767548479604 204.1878903685986
1523   17.43431880255025 203.8712672641988
1524   18.74780708434787 204.4845182410805
1525   82.50714203928331 215.9878558192079
1526   12.06729789282568 197.1900748584871
1527   11.08080120936208 178.0612906229884
1528   39.40764986269037 183.4338132650379
1529   75.68469508959458 208.8379727773927
1530   90.16198999128406 171.4708829573251
1531   89.35213785303529 171.968116940111
1532   35.74580942713654 209.0691718475478
1533   36.37826234855984 209.3841176526723
1534   36.97133611369689 208.9925624603707
1535   37.01241539928304 209.6981419958264
1536   37.59622950332523 209.3220679968348
1537   37.64580643135813 210.01288632992
1538   38.22583765336745 209.6390293916355
1539   38.27540233113469 210.3264809996053
1540   38.86163093454433 209.9393831142867
1541   38.90584798167382 210.6366242208644
1542   39.49060943685068 210.2500685327201
1543   98.17606181041705 193.2699249997725
1544   98.20525952289972 194.1968470092969
1545   97.41873867554764 194.686295656199
1546   98.23355243488062 195.1229505463104
1547   97.44810696157714 195.6086605619126
1548   98.25708383101374 196.045539361161
1549   97.47811127920437 196.5293992907746
1550   98.28269793686123 196.9648740591526
1551   97.50811123415502 197.4477986524408
1552   98.31287091677027 197.8803685011281
1553   97.53839740008812 198.3601734193876
1554   98.34145940690752 198.7931056857594
1555   98.72456247932212 208.4185443865835
1556   98.75858133319937 209.2839222652917
1557   96.73706710429707 197.9301584800833
1558   1.73185574351204 182.6089450740328
1559   1.812514517055367 183.5366075719765
1560   79.05091249948133 210.5896075375297
1561   89.33299336013806 189.4382576391196
1562   39.45853072772186 184.2886039796134
1563   38.70912306102266 183.9242697535596
1564   35.10160214159946 208.7596990684031
1565   39.50973539059454 210.9592947842168
1566   40.11363795692841 210.5630045125893
1567   0.7986600607756787 198.9280247439713
1568   0.8647546795782143 199.7679559162683
1569   96.76683453797654 198.8362637333022
1570   95.96997742715124 198.4098825094521
1571   37.9107233401719 202.3318213522895
1572   89.3095939145617 171.0155094187196
1573   88.49367332932856 171.5239655652709
1574   98.66407397413036 207.554214092414
1575   49.20422640394467 207.0556771030308
1576   83.15004810275929 216.3223288987722
1577   40.09655971239479 211.2704120443547
1578   40.73229993581078 210.874772957091
1579   40.69832546634147 210.1748866086449
1580   41.32445887118234 210.4873699219486
1581   41.37540697167741 211.166855468751
1582   17.48693611564445 204.600874230425
1583   16.82650078446667 204.2850071772844
1584   48.3994151806867 184.5810221562822
1585   97.19980141079596 207.6183694581902
1586   44.22412934771684 189.1512812364559
1587   58.83341169163847 213.0801973093829
1588   58.78941246765184 212.3792732591257
1589   90.92995481156024 170.9387347990556
1590   82.54103084010069 216.710935270928
1591   35.15684567152118 209.4614882746501
1592   34.52685917791578 209.1506996146094
1593   88.45297807669266 170.5675556792049
1594   87.63743981249957 171.073402456244
1595   99.11792586676897 198.3140464621988
1596   99.14439475870309 199.2276031447395
1597   41.28453718826119 209.7872340706998
1598   99.4907250046158 208.8160176314089
1599   99.52013777977984 209.7157595962742
1600   98.99611358141458 193.7062097247463
1601   41.95185551106976 210.7971444706597
1602   42.00302033737845 211.4743879200915
1603   0.9676416852325354 183.1431277086186
1604   1.048869272535087 184.0715126831176
1605   0.8854496301409223 182.2114906793617
1606   1.894434216651555 184.4621253840917
1607   1.162719752360161 184.9939404976916
1608   1.977787301934465 185.3860564028006
1609   1.230366918590209 185.9177400899916
1610   2.050244293400565 186.3078030293172
1611   1.327979268605191 186.8318254769365
1612   2.129955472105713 187.2213638049501
1613   1.390883499543838 187.7443072159012
1614   2.203820661491911 188.1316378264255
1615   2.948040968253205 187.609823548703
1616   1.480892826395406 188.6513382741476
1617   0.6205985386205672 187.3846902497561
1618   0.1057200339796655 199.4087514160906
1619   0.03226371088547697 198.5633814282688
1620   0.1814960551742144 200.2459790309194
1621   0.9325939385235047 200.6014372904359
1622   17.38731534847001 203.192912687587
1623   16.88177050179623 205.0127765231981
1624   16.22177168889558 204.6974686428776
1625   38.75617692259546 184.7625791522808
1626   38.00393294025442 184.4025377855974
1627   37.05452465753363 210.4003683205349
1628   74.54423941634954 196.745838818828
1629   95.99839042944166 199.3072176540201
1630   95.2093649093296 198.885241275582
1631   0.366845017088871 184.6602576796271
1632   87.5970713348374 170.117232270366
1633   86.78193980240344 170.6217423549779
1634   84.2702467806263 183.1574680205259
1635   34.57343421199931 209.8515701575544
1636   33.94462540405596 209.5421058277931
1637   14.98529995550265 176.3067662222364
1638   83.17900381533875 217.0445578273778
1639   83.7862464909483 216.6598369219174
1640   53.47271594983645 181.2468342896447
1641   37.22523826538034 195.4979439270834
1642   24.8801624744279 189.5174270274433
1643   73.01155937637765 179.8773571150371
1644   72.08717661477749 176.7112277092496
1645   18.69885307520574 185.6769433236292
1646   17.9182849489681 185.2908086357422
1647   18.64031498612837 184.8023291185475
1648   95.25461706421369 173.2113047614706
1649   95.22095426586407 172.2432379102393
1650   96.07793079761052 172.6981524860714
1651   96.04400362054099 171.7272821245991
1652   96.90401244294492 172.1841407244269
1653   96.86946704867697 171.2100454616905
1654   97.73152346087763 171.6683096553208
1655   97.6955598172016 170.6939896888788
1656   98.55964998526733 171.1507510540948
1657   98.59404079849328 172.1281175726084
1658   96.82453310330841 170.231142362922
1659   50.99549942358497 207.3161877950993
1660   64.96878468925392 193.5712015185794
1661   65.66782413448395 193.135841740414
1662   64.91809892358347 192.7488930364912
1663   65.62555380749512 192.3046269791115
1664   64.91634425715323 191.9160790767092
1665   65.58438360743725 191.4563665076373
1666   64.78160140319653 191.0659611252612
1667   65.52167819091443 190.6145691300758
1668   64.77213170919256 190.2039444366149
1669   65.46469501332616 189.7704254492668
1670   64.70788108779763 189.3931308436466
1671   64.00052847486738 189.8694590382738
1672   63.94771758824164 189.0230368701235
1673   63.26049918167377 189.4555604149568
1674   65.41086685881329 188.9324705135959
1675   63.18961124648431 188.6450477756687
1676   62.48237320827294 189.1171927831956
1677   62.4269265295337 188.2737272693536
1678   61.7144556791696 188.7475814735677
1679   61.66433486955897 187.8982310729701
1680   60.95576017571059 188.3678109501847
1681   66.16980730410569 189.3107161011238
1682   66.11966312577944 188.4621416018404
1683   66.88756861464614 188.8481786547671
1684   66.83355055382133 187.9909062615233
1685   67.60717931015934 188.3805065436135
1686   67.5504577565902 187.5171164221971
1687   68.32348267101489 187.9045412467565
1688   60.93267144785067 187.5178164379744
1689   60.19936300889223 187.992130454403
1690   60.2486099800182 188.8385446331436
1691   59.50717944152471 188.4803312090805
1692   59.54752844352027 189.305908280196
1693   58.80593734450273 188.9581891015916
1694   58.846222051959 189.7722550153791
1695   58.09333589322532 189.4050772741623
1696   58.14543072731914 190.232092769817
1697   57.41072292457619 189.8790838573777
1698   57.45294493113666 190.6926428606835
1699   56.71853957469983 190.3499412915104
1700   56.76037953429717 191.1528707074755
1701   56.01716490743468 190.7930768449263
1702   56.06937337573391 191.6068906095662
1703   55.33167942229498 191.2390907415447
1704   55.36060380849185 192.0230366369645
1705   55.2773708094208 190.4162410688452
1706   62.37673863134921 187.4207825162513
1707   57.39423736144067 189.067296485207
1708   59.51242883985792 187.6280781175607
1709   54.64633360014395 191.6895138075548
1710   54.68861301146637 192.4917432916169
1711   46.02689616013608 194.5801697144425
1712   46.68930744195195 194.1421075376143
1713   46.73673206633416 194.9342247616267
1714   54.06818260691801 178.0970086024129
1715   55.80805074467069 199.6782872448273
1716   29.30814219087544 191.6653817113031
1717   35.69277617149025 192.5540878513806
1718   31.25114046787405 190.4221878859997
1719   26.89322881909496 188.1821237451733
1720   98.51387076484595 170.1733061459556
1721   0.2509744030434846 201.079079112743
1722   0.9968021664242125 201.4256124357337
1723   75.84724339987537 195.0490165144893
1724   49.72136993295732 214.7635827260375
1725   59.12646552361014 199.9034857151313
1726   51.91350220124197 202.239689837464
1727   31.52542174922191 202.8327981474314
1728   51.60497225349216 217.6103439648431
1729   58.20526987601562 212.7687968605274
1730   58.15996833174747 212.0672208005005
1731   58.24944642406665 213.4672727863845
1732   84.22645458477359 210.9773481794261
1733   99.42358698155292 171.609558891925
1734   99.45720875950457 172.5892074707542
1735   42.57563336538914 211.1083057707398
1736   42.6171403957802 211.8016888002177
1737   3.511880312103708 196.1458438556792
1738   -0.4992181159240694 200.7262549215607
1739   88.52935853171554 172.4898300553195
1740   41.36925554013628 178.5014594978591
1741   41.31569195530298 177.6137444474042
1742   42.11432850027897 178.0109062987219
1743   42.05926183165053 177.1194540451259
1744   42.86050513045653 177.5181944179429
1745   42.80527702936762 176.6233343773145
1746   43.60821458271063 177.0235329531791
1747   43.55447353868977 176.1253253918709
1748   42.74679727363231 175.7238411131112
1749   43.49963080100066 175.2227484407865
1750   42.68419642655535 174.8181051310353
1751   43.44444798263696 174.3142203831852
1752   42.62399822653431 173.9074257671626
1753   43.38907741781517 173.4009300636986
1754   42.56701888278196 172.9922058537409
1755   44.20927298284071 173.8098355736125
1756   44.15503690717847 172.893936855341
1757   44.97958768924327 173.3041888624672
1758   44.92368650543037 172.3833010006067
1759   45.7507226989614 172.7959614986442
1760   45.69483177658998 171.8714767843346
1761   46.52533550111308 172.2855935175718
1762   46.47677325715115 171.3698739568737
1763   47.30362491816614 171.77549631031
1764   45.68196723893108 170.9708675057511
1765   47.25032430975551 170.850944585936
1766   48.05246298330133 171.2155142568292
1767   48.03078851811296 170.3342725390166
1768   48.97757149888852 170.7656894613328
1769   99.92501759609083 198.7473004015293
1770   99.95156326918368 199.6647651562888
1771   82.57472170405254 217.4297407523523
1772   81.93683093272614 217.0988871075718
1773   100.2703408849139 209.2252785346199
1774   100.2971383437011 210.1359311092286
1775   17.85399121775526 184.4158658583306
1776   18.58048980045042 183.9235451181959
1777   68.26950024733964 187.0400657167638
1778   69.04242009609864 187.427693689956
1779   3.024836212581408 188.5117927011609
1780   3.770675009788804 187.9825963165092
1781   48.82705853265423 169.8112942515259
1782   49.69727429010079 170.1799414690169
1783   48.04610121742272 169.3741410413425
1784   67.49540490680671 186.6535354966324
1785   16.27749240453247 205.4248575369916
1786   15.62469564524747 205.1089401371029
1787   16.93431990064104 205.7381498378246
1788   15.56169026236125 204.3820783929031
1789   14.9644300102399 204.7948101568269
1790   14.90024874713355 204.0650653233064
1791   14.29622607602092 204.4808718528698
1792   86.74491515659129 169.659532244403
1793   85.92810645790395 170.1682444469332
1794   47.39872466066454 194.4973698886193
1795   47.44562505251139 195.2882024110993
1796   85.96431792402726 171.1338104672591
1797   85.11054268785335 170.681948743721
1798   85.07466223777895 169.7174790918274
1799   84.25680874071664 170.2314011932565
1800   83.81379694994286 217.3745709054674
1801   84.41674418921299 216.9940989204504
1802   33.99026424368908 210.2416123412464
1803   33.36319074830776 209.9328066113939
1804   38.88136269640214 211.3336166241315
1805   88.35177132549657 169.5805457092081
1806   -0.4296610712729017 201.55817358833
1807   57.62349856032885 213.1573462103153
1808   57.66689726798828 213.8518433478719
1809   40.47315995013087 202.9647635699307
1810   81.97145794929213 217.8142151204188
1811   81.33732487227468 217.4877527883381
1812   49.61347744408131 169.2919667442115
1813   50.46324009031452 169.7240418088877
1814   84.22031315296587 169.2677429610291
1815   83.40399191651032 169.7825448427739
1816   83.44063533930876 170.7449567387193
1817   82.58840500053005 170.2963777532926
1818   82.55095093530089 169.3338423977214
1819   81.73568656384946 169.8483363319718
1820   43.19537568234216 211.4224773462574
1821   43.24449335984912 212.0983239289517
1822   43.15319406986383 210.7330290347427
1823   38.04932171672911 185.2352151015
1824   37.28825149853886 184.8611011633711
1825   95.23693185256667 199.7759626366112
1826   94.45371977841774 199.3577903568913
1827   -1.167179927541135 201.2227348867326
1828   46.54603670288446 173.1587678110346
1829   14.3767892476558 205.2136404599216
1830   13.69543595768248 204.9000427105155
1831   13.63145109809318 204.1662790718399
1832   13.02756057898766 204.5841187414732
1833   48.10697682032639 194.8524173906267
1834   48.15383304580055 195.6416922308161
1835   68.21784376733794 186.1739541684244
1836   100.2884054177312 172.0695041383235
1837   100.321812272552 173.0506656223243
1838   50.66350722133521 170.7126061232192
1839   51.3215829049126 170.1031107824751
1840   51.22442662938764 169.1879478794863
1841   52.07578102132651 169.607222185195
1842   41.99089556589067 212.1299163402491
1843   2.736737560894783 195.7800539394742
1844   81.69743365997816 168.8863028397927
1845   80.88324708598995 169.4014358767959
1846   100.7355644991186 199.18242322985
1847   100.7612194601816 200.1030678058445
1848   92.91508397264676 177.6226460007919
1849   80.92187669652239 170.3631029434088
1850   80.07172167805317 169.9176607088295
1851   80.01445552978834 168.9575756236547
1852   79.216957041657 169.4726640635439
1853   79.25930985059608 170.4302374521931
1854   78.40790305471545 169.9859095099752
1855   78.34496556682382 169.0339278034892
1856   77.55596741208896 169.545079112319
1857   101.0577866119936 209.6477654585827
1858   101.0857423516842 210.5396640566661
1859   101.0206515649485 208.7423829472277
1860   94.93602346208571 190.6849929542965
1861   81.36711111741101 218.1970594458962
1862   80.73835375346273 217.8737801375693
1863   3.843192518357432 188.8887639617035
1864   4.584352561219589 188.362913157285
1865   84.44087393006245 217.7111994494434
1866   85.04300897909889 217.3271762111447
1867   57.04464714236872 213.5440475833473
1868   57.08779275945751 214.2349305039316
1869   17.79016669820148 183.5366229224834
1870   18.5224602969163 183.0423053647621
1871   17.05977568853199 184.031312000253
1872   52.25957316069314 170.6149219160041
1873   52.92487945858997 170.026690807386
1874   52.83191145529251 169.1521466799439
1875   53.69498600112649 169.5410801642678
1876   53.76926693019945 170.4389765584205
1877   54.54758442329228 169.9478878952187
1878   54.47517404653068 169.0772069360934
1879   55.34036504977797 169.457480277843
1880   -1.104509953571235 202.0373904213171
1881   55.47909679856227 170.4756814406446
1882   56.18543428720044 169.8621052271647
1883   56.20151800834925 168.7875935702498
1884   56.98230822808521 169.3471742013351
1885   16.33525022103324 206.1462838769031
1886   16.985365133575 206.4592228954286
1887   33.4074289837974 210.6288189375188
1888   32.78253108424387 210.3207265502649
1889   43.81549173630354 211.7314767190888
1890   43.86529151149632 212.4045212268462
1891   12.11275939725098 198.0183873634312
1892   12.78499405574398 197.5437967954758
1893   77.59895272361757 170.4995008865122
1894   76.7527572247607 170.0578218556205
1895   76.70856422793096 169.1015254124103
1896   75.90895612017349 169.6179457267007
1897   75.85649620970516 168.6650577738046
1898   75.05624471658695 169.1780181968392
1899   57.02953845875233 170.2943254411859
1900   57.82604930695346 169.7799881262692
1901   57.79554366842108 168.8571068570212
1902   58.62609488110451 169.2666830569508
1903   48.81350495245781 195.2076927189709
1904   48.86063313784092 195.9946245073498
1905   22.56846027114144 203.4758707190111
1906   67.43911442988612 185.785105305069
1907   -1.845360151534707 201.7039851060073
1908   47.056828998299 203.9432337769487
1909   13.08775351419433 205.3155033080032
1910   12.42615944885748 205.0029664948726
1911   100.3365665559831 211.0184672874759
1912   101.1180839986757 211.4292360843188
1913   100.3786901750672 211.9007486674394
1914   101.1390543902192 212.3162945750871
1915   100.3980576744067 212.7820307783875
1916   101.1636028619859 213.1997663828814
1917   100.4264712740411 213.6663330607236
1918   101.2033054819676 214.0806275699584
1919   100.4579965552337 214.5412545535078
1920   101.2311306324323 214.9561654405411
1921   87.50891466556199 211.2884849218052
1922   46.45525201988847 188.4944701502307
1923   100.4885525058974 215.4144961047094
1924   99.72397075038437 215.0051977363441
1925   48.84798387891874 194.4573876876877
1926   37.34258610540209 185.7036245725326
1927   36.58082893939857 185.329265829252
1928   38.1005129765657 186.0771517618416
1929   58.74647199194403 211.6762378257024
1930   58.11329548485675 211.3618501240023
1931   58.7262621184657 210.9680407069039
1932   58.07062573785902 210.6534125738949
1933   58.68736198677448 210.2576406500472
1934   58.02091425203542 209.9432376444595
1935   58.62053075660291 209.5465497645168
1936   57.96544596087801 209.2244536084416
1937   58.57308469764809 208.830620799741
1938   57.39949310246352 210.332905513425
1939   57.92316311085214 208.5065324111349
1940   58.53071687888036 208.1094248587262
1941   48.20700630134935 202.4202108911375
1942   49.51874907283327 195.5619137269601
1943   49.56597835993873 196.3467721442488
1944   99.75101774023598 215.8662936475569
1945   98.99823328481764 215.4664351897701
1946   85.06696581672914 218.0394335030447
1947   85.66611980039924 217.6564659050754
1948   80.76843711488002 218.5785987193808
1949   80.14057577654773 218.2540780034154
1950   16.99593109913554 183.1480671068759
1951   16.26102428014312 183.6464611084988
1952   60.39998501534875 196.6677371949771
1953   57.87931669550011 207.7853754709538
1954   58.48448225694987 207.3823236520003
1955   59.13949573471041 207.7100663530038
1956   59.09250362373892 206.9783464104868
1957   59.74888137282986 207.3059494989905
1958   59.70280837860251 206.571869691954
1959   60.36396112460637 206.9029528400652
1960   60.31639989244273 206.1638559604351
1961   60.98079221171472 206.4965837460741
1962   60.93279972898033 205.75366039238
1963   61.6027638106105 206.0915542729297
1964   61.55936004833371 205.3522005765311
1965   62.22698986728902 205.6832866270039
1966   62.17336153366949 204.927024074193
1967   62.86002213575956 205.2725643317396
1968   62.80971992868098 204.5238534050093
1969   63.50320882791196 204.8710580254073
1970   63.4345955886021 204.0976436601815
1971   64.12386734092186 204.4448662682553
1972   64.06396398816567 203.6739781849066
1973   64.74727185069916 204.0145317181767
1974   64.6967732253841 203.2485491608223
1975   65.3844714799823 203.5917366484918
1976   65.33470295310269 202.8225280555859
1977   66.02491050671104 203.1663683596756
1978   65.97636604516666 202.3943951735762
1979   66.66834890813583 202.7393310672732
1980   66.71499250557609 203.5117585849202
1981   67.36240737367783 203.0858451401917
1982   67.31535929761681 202.3102771891942
1983   68.01275564562367 202.658931631407
1984   57.27447227366336 208.1859391685546
1985   67.95403284049164 201.9032911364366
1986   68.65116097106028 202.2579895894251
1987   68.73209143825562 203.0293586931704
1988   69.36691426172663 202.5900051837305
1989   69.23995324195477 201.8643826549484
1990   69.99795724267418 202.1882442619614
1991   70.06468166127587 202.9404847669355
1992   70.72038598910518 202.5148045581877
1993   94.48235293476952 200.2430765403633
1994   93.70342235776464 199.8256805288632
1995   95.26143719676361 200.6616336079439
1996   99.97796050284447 200.583579207703
1997   100.784739056495 201.02250391696
1998   101.5713706891177 200.5424242836905
1999   101.5942990064257 201.4647156964053
2000   50.22325954598307 195.9138458853211
2001   75.00748004112911 168.2180427218516
2002   74.19737972102166 168.7339544730643
2003   58.66921851137822 170.2143254819591
2004   59.45915341852146 169.6876079698926
2005   59.44673798979356 168.6814463804144
2006   60.29480519334246 169.2137728195154
2007   60.28659562669701 170.2818234521288
2008   61.11163791787966 169.6540457417308
2009   61.14831680257034 168.5857260326361
2010   61.95193272494814 169.1447096458396
2011   62.04106390412444 169.9997969267004
2012   62.78495375714715 169.5236355148559
2013   62.71533604547589 168.6031087995931
2014   63.56454375494387 169.0384672552315
2015   63.7025751279012 169.8770835372081
2016   64.40316427092833 169.4849742216771
2017   64.39132214314333 168.5713734010956
2018   65.213381959347 168.9795988461842
2019   65.30375581104714 169.8903021922655
2020   66.03517554290332 169.4145594531014
2021   65.93447061336032 168.3911514418629
2022   12.96438164878392 203.8487575679029
2023   101.8176301814853 209.1751341974591
2024   101.7833059038832 208.2645435767379
2025   101.1542146455266 172.5308535730342
2026   101.1873416543152 173.5117589162764
2027   101.120680917662 171.549024738107
2028   12.82957789240786 198.3687783882163
2029   13.5003701292338 197.8924618814843
2030   70.76913284654997 203.2907717867949
2031   71.42570833473073 202.8650843212186
2032   93.66974675083796 198.9496834904569
2033   92.92415301323369 199.4108934445057
2034   92.89038266220814 198.5381178308303
2035   92.14762974219187 198.9967017120288
2036   92.11537883057932 198.1229091077371
2037   91.37360531033832 198.583963159117
2038   91.33974529113938 197.7131744791249
2039   90.61835802631634 198.1712568248644
2040   90.57122291113413 197.2989667498637
2041   89.74766435845814 197.8430484428187
2042   89.78456674393357 196.9000206873929
2043   89.03141362728816 197.3241524177951
2044   89.02003717099174 196.4737919668964
2045   66.1333985296144 170.3609762173842
2046   32.82831082796186 211.0149395297502
2047   32.20420751187021 210.7075614916952
2048   33.45026900564051 211.3229595006068
2049   32.15732265815371 210.0127963583206
2050   31.57893926062906 210.4005714318977
2051   31.53125206086861 209.7048021720769
2052   30.95265430996365 210.0941339355108
2053   16.73805761847586 189.7177729992991
2054   79.02462269484245 199.0322320043287
2055   56.46858324036034 213.9288371880116
2056   56.51306446273001 214.6171056021088
2057   81.98680705835682 218.5297479587491
2058   68.16695162722273 185.3039268023662
2059   57.12927232374515 214.9230505965951
2060   56.55658064870696 215.3027612890714
2061   57.16974094488985 215.6083257203966
2062   56.5998536283639 215.9859735706839
2063   57.21071264473522 216.2904712342653
2064   7.130656781421241 179.827135853555
2065   58.4385549389023 206.6556197327236
2066   101.9214107331887 213.5921127270393
2067   76.79384796250527 171.0125864878152
2068   74.24150957474386 169.6923730525086
2069   64.8036752726528 204.783636849366
2070   70.60666943941796 201.7790062610991
2071   19.30778472823938 183.4336914564023
2072   19.25743344436998 182.5516842164389
2073   20.04475460519145 182.941199992468
2074   19.99259070577096 182.0580655375718
2075   20.78740400911519 182.4434722671306
2076   20.72702258252632 181.5595841338132
2077   21.5238098483989 181.9484683882368
2078   21.46306471433706 181.0635395614179
2079   22.25995629072676 181.4535958768377
2080   76.20978111497124 180.6712894121286
2081   31.00046736972084 210.78801564714
2082   30.37499395260913 210.4829075028027
2083   30.32667375861256 209.7887623730981
2084   29.74980263020522 210.1778467871968
2085   29.70074367034916 209.4826121471345
2086   29.12237199097876 209.8718892093032
2087   29.07379739216086 209.1755186565313
2088   28.49381050642603 209.565438341599
2089   28.44568275052482 208.868035283403
2090   27.86455812135602 209.258723134174
2091   27.8166505730673 208.5606679846601
2092   27.235791115172 208.9525008321214
2093   27.28436326176602 209.6501385400253
2094   26.65626625081785 209.3440950516564
2095   26.6064976734398 208.6460098646208
2096   26.02674154728663 209.0385420368984
2097   25.97606579882602 208.3402264955177
2098   25.39641821000394 208.7336321095652
2099   -1.786827154070044 202.5343979673682
2100   -1.049661437878802 202.8956405706497
2101   -2.540760399739196 202.1707927266423
2102   -2.492453520334642 201.2983817711814
2103   36.52472313149292 184.4837034314091
2104   35.81830463097309 184.9550719200852
2105   15.67543570548582 172.9703903506548
2106   56.6420444853518 216.6654391400939
2107   57.24873420991501 216.9675779745502
2108   3.446824363711086 195.2919476387764
2109   39.34448098014603 196.5347029539205
2110   74.15465842293612 167.7733992648432
2111   2.658864239095939 194.9416603549439
2112   46.8023072499334 195.7294946477286
2113   38.7766980166079 209.2569750730617
2114   44.41239295208297 191.3991365666556
2115   42.6363444885823 194.4423554950972
2116   4.654701649937078 189.2668301068864
2117   5.387017832358433 188.7576028375586
2118   19.93398632295161 181.1764649151732
2119   95.0635023559489 208.9992800319187
2120   16.39359090618143 206.8629806200405
2121   17.03651924902703 207.1713491510944
2122   16.19764383250217 182.7580828747322
2123   15.45817644075317 183.2598194165397
2124   35.76228243120695 184.1068456736548
2125   35.05338935892355 184.5811195114786
2126   34.99769573588185 183.730057042896
2127   34.28637532589774 184.2059983673721
2128   34.23086619085119 183.3520572097255
2129   33.51881879529678 183.8290931263028
2130   33.46181951508322 182.9726624792017
2131   32.75402530134042 183.4382504097469
2132   66.83784799290078 169.8087373514496
2133   12.4862554221404 205.7296373340362
2134   11.82973442630015 205.4210235200096
2135   101.2561977234461 215.8283639004696
2136   25.44736226020732 209.4304871171393
2137   24.81796577757388 209.1264699265613
2138   24.76630975485229 208.4285118780914
2139   24.18735011597921 208.822576978932
2140   44.43456984073119 212.0404145591397
2141   44.47431724112872 212.7289752844297
2142   43.81801549626407 213.1445846876066
2143   44.49856532774233 213.4230562362864
2144   32.69104758868172 182.5897010585672
2145   31.98048392682347 183.0569244109087
2146   31.91656946900871 182.2067534595322
2147   31.19678585617801 182.6890420195463
2148   31.13788014302017 181.8268442949143
2149   30.4138918476724 182.3115287963687
2150   30.35689290031171 181.4418756020366
2151   29.62629666042768 181.9317237020993
2152   88.28048111631524 196.9336056631128
2153   88.25186839360381 196.063861505743
2154   94.50948106066967 201.1271721489105
2155   99.02506921200764 216.3117562246162
2156   98.28432845574491 215.9159433981578
2157   85.67826779121859 218.3822657343531
2158   86.2659240745677 217.9589786042052
2159   86.25644532627001 217.2794088365394
2160   86.86842379720807 217.5947361327222
2161   86.85049070361613 216.9063916492875
2162   87.454361236043 217.2070002365134
2163   87.44445294751284 216.5281019549957
2164   88.06737914995333 216.8578193582214
2165   87.97196891318642 217.5238921980398
2166   88.67859371837335 217.3275864929715
2167   88.67142815211442 216.4862473622082
2168   89.2990966260058 216.8462169680028
2169   85.05034452783543 218.7718892069078
2170   89.35849299987282 217.5829938801946
2171   89.94124754380655 217.1731872978517
2172   80.1731216340069 218.9574219356477
2173   79.54560455790327 218.6337152409359
2174   79.51258527003868 217.9294532591641
2175   78.91858831367074 218.3104812457687
2176   78.88522493965348 217.6047986340125
2177   78.2895026149144 217.9865101079779
2178   78.25591843670108 217.2793244296401
2179   77.66058150717808 217.662956741046
2180   77.70054521190879 218.3682937266316
2181   77.07293949897218 218.0459363003835
2182   77.03224808133571 217.3404960769746
2183   76.40635190623073 217.7183295548158
2184   76.39670410091986 217.0166765354751
2185   75.7468637167334 217.401960116757
2186   75.77122727881752 216.7103640713278
2187   75.14388098481732 217.0885688615359
2188   75.18551148301857 216.4212149691398
2189   74.55642219586893 216.7809892225628
2190   74.50888660724509 217.4772951791319
2191   73.92175313695046 217.1543652501379
2192   73.95459573934812 216.4817832026598
2193   73.33098551796719 216.8436040129556
2194   73.31802521656633 217.5433746011335
2195   72.72790065899123 217.2095647505874
2196   72.71566421786078 216.5302027482839
2197   72.11263953935202 216.9052882478487
2198   72.14028627796515 217.5966169749273
2199   71.51457031481569 217.2804670657877
2200   71.49169415869173 216.6069394995286
2201   70.88575551966444 216.976420052649
2202   70.92486638391445 217.6657010722585
2203   70.30081961628801 217.3503528898355
2204   70.25604260971565 216.6585411424346
2205   69.67690536702311 217.0366070150442
2206   69.7199911254598 217.7308346195262
2207   69.09492880820825 217.4204761462113
2208   69.05262139039034 216.7239262746688
2209   68.4722421735097 217.1095171892847
2210   68.51419190205579 217.8041390958149
2211   67.89443503378959 217.4951154114774
2212   76.47416016266833 218.4290266477484
2213   29.57493985205011 181.0552004181591
2214   13.5577677482571 198.6829154061818
2215   14.21681579085224 198.2316723329728
2216   37.39924977391967 186.5444730328279
2217   38.15124993724361 186.9173690846013
2218   58.19418059754773 191.0607029721868
2219   35.11087801758456 185.4291358318514
2220   66.94727034341417 170.765839249653
2221   28.84246030859821 181.5446122383928
2222   68.42715137398217 216.4127857446217
2223   56.03648372213461 192.4635657613318
2224   89.92026551450584 216.4630842673185
2225   90.5520481591729 216.7969443786011
2226   95.28439716996331 201.5429592439208
2227   29.16758817117477 210.5620841407826
2228   102.3853659741848 200.9825663499863
2229   102.40910767711 201.910769035251
2230   67.38387226308318 184.9132949905467
2231   67.93742057369377 218.185940328338
2232   67.31925007661224 217.8795165791438
2233   71.47121322868945 203.6514296164597
2234   72.12813460277968 203.219704921446
2235   70.82041291743853 204.0848045621006
2236   75.78479290267057 167.6972013569005
2237   32.82981253361345 184.2947523061291
2238   53.9649622157566 192.1463505402635
2239   90.61142096782615 217.5570363909824
2240   91.21850361967294 217.1656359188776
2241   75.2918412166554 177.4982679651915
2242   43.94134783356206 213.795462271669
2243   44.54993183688998 214.1004149415911
2244   101.9877936128193 172.0111433684671
2245   101.9542283081298 171.0280229253744
2246   50.27016478320988 196.6983418852859
2247   50.92690093315152 196.2657150328167
2248   69.09607136227665 188.2922555826851
2249   69.81496830306595 187.8156079164607
2250   49.61504634359667 197.1301911016888
2251   91.18527474023153 216.4269779954073
2252   91.82829285208292 216.7612173126033
2253   102.588503810111 208.6965765697582
2254   30.47563753620736 183.1769020932557
2255   60.92060963253144 205.0356305143754
2256   86.10465065658244 209.7118229362345
2257   -2.473435646020435 203.0297118583499
2258   94.53777990126935 202.0032137906978
2259   91.86126703212528 217.5316900487849
2260   92.47197045535059 217.1160683518002
2261   43.66239665931171 177.9193106542634
2262   44.40965466978123 177.4249955795198
2263   22.19969255621104 180.5665831912978
2264   65.28252463972112 202.0504085554599
2265   102.5543190973524 207.7823447012818
2266   100.0019481297473 201.4996551133508
2267   91.47287974223045 182.4221599286237
2268   14.1603991786669 197.4401108679377
2269   14.87572352304266 197.7851801727057
2270   24.13448716071714 208.1231957012264
2271   23.55541119726792 208.5189529293175
2272   23.60852272096884 209.2162755798067
2273   22.97760772011274 208.9138366236777
2274   22.92338593391581 208.2160631561122
2275   22.34521951906619 208.6116484911167
2276   34.11068337803226 203.3892030581806
2277   91.69537503778531 187.1234934061307
2278   44.22903957744611 200.4729931625963
2279   82.65943407968237 198.5201959016909
2280   82.61098656098146 197.6710138754138
2281   100.7086623119493 198.2602091627398
2282   73.34206467118884 168.2913508677332
2283   73.30049431995718 167.3285857914278
2284   98.31367093716553 216.7510779342705
2285   79.57911744270095 219.3356462630303
2286   11.89157965156873 206.1415048125542
2287   11.23495455486906 205.8362185670337
2288   11.17358418580619 205.116671291516
2289   10.580897493788 205.5301270324944
2290   10.51783348875939 204.8082017835703
2291   9.92009747299613 205.2256457731295
2292   9.859523322005849 204.4987431389163
2293   9.262564615228072 204.9166965487095
2294   12.54608314248514 206.450486185719
2295   62.76535535370812 203.7780349358408
2296   22.29062825257112 207.9119582710584
2297   21.7118680549406 208.3097942690148
2298   32.87512691042559 211.7065558399638
2299   33.49322566906966 212.0130252814407
2300   56.03370832449326 216.3639740466464
2301   56.07643131559184 217.0420722052128
2302   66.27283270069515 171.2060772970211
2303   28.78860968574921 180.6651684517556
2304   72.17081388707747 204.004194853542
2305   72.83024831083777 203.5761449823709
2306   72.78750251643136 202.7876224208927
2307   73.49094344201956 203.1459641187167
2308   73.53117097182755 203.9381815346774
2309   74.19396322988155 203.5056404610196
2310   9.320452890176902 205.6424892892563
2311   8.666268904683852 205.3350718488553
2312   8.60271698928021 204.6089083981649
2313   8.003662406172573 205.0302500739735
2314   73.44657400844267 202.3548820032509
2315   67.36321351097891 218.5663118408273
2316   66.7460666138843 218.2608907550164
2317   66.70186723104116 217.5750457932995
2318   66.13003367932131 217.9576206371065
2319   55.89585071882595 214.3115237799024
2320   55.85050855929464 213.6243688280375
2321   21.76597575051213 209.0076961474282
2322   86.34207347181015 218.6495721883039
2323   -3.232740305213188 202.6527073794724
2324   16.45059121371662 207.5725117089016
2325   17.07839884266599 207.8645474512431
2326   66.17476031161556 218.6434882763425
2327   65.55894571857 218.339338955365
2328   65.51355086160146 217.6543861151955
2329   64.94439270844387 218.0385812020682
2330   64.98992719772035 218.7216749106272
2331   64.37719391509344 218.4217963051592
2332   15.39425344358885 182.3681874575139
2333   14.65415370792227 182.8701886822088
2334   69.86573784852123 188.6795857952856
2335   70.58823521625165 188.2042844368892
2336   70.53923367418749 187.3379845824434
2337   71.3154541806734 187.7285186278069
2338   71.26603099898608 186.8590958554544
2339   72.04604779094659 187.251215855949
2340   71.9960215456006 186.3778840962061
2341   72.77824390738687 186.7716408947967
2342   72.82933360760313 187.6467913188391
2343   73.56098996903334 187.1665589842999
2344   73.61290825691725 188.0426265546743
2345   74.34364245327079 187.5617988912527
2346   74.39316739244781 188.4369764522977
2347   75.12527948315697 187.9571139211713
2348   75.173285533466 188.8318167492651
2349   75.90768105825926 188.3527485220322
2350   75.85971563301467 187.4749371106344
2351   76.64480252049317 187.8720547183006
2352   76.69248713901302 188.7509372550564
2353   77.4300480508156 188.2699469413869
2354   77.47518286102301 189.1480033299028
2355   78.21190086499536 188.6737096086341
2356   78.26249859139419 189.5479736944155
2357   78.99690644922238 189.0731709926197
2358   79.04802487843114 189.9467980447386
2359   79.7814674795186 189.4731960934387
2360   79.83325651582919 190.3455827080231
2361   80.56877035113997 189.8676171973124
2362   80.61898569986501 190.7434679461934
2363   81.35245987651405 190.2698936147634
2364   81.40429013081616 191.1425602946763
2365   82.13695487421533 190.6707531549803
2366   79.78504174116799 188.6229517463604
2367   82.16355897936634 189.832710327348
2368   82.18974898653 191.5416667242843
2369   82.92528604762846 191.0640920524807
2370   82.97596162086953 191.9395736128348
2371   72.72977991208867 185.8953582186479
2372   76.5969812819603 186.9913009243089
2373   83.70897982226114 191.4674391964827
2374   83.7616365240327 192.339026770062
2375   61.64776380367361 206.8329267124192
2376   68.11022808289778 184.4301954910258
2377   5.326079894167297 187.8521773779958
2378   6.120332262406494 188.2499368942588
2379   80.20569082600723 219.65757924507
2380   42.44243786922218 184.955243048261
2381   45.1186212598914 213.7259847554936
2382   45.16089732119269 214.4044528507582
2383   6.045479410363366 187.3608549259236
2384   6.852293854435598 187.7425229771469
2385   6.78054747881241 186.8536646784489
2386   7.587738636334466 187.2318301241862
2387   7.515080939368425 186.3438818556762
2388   8.322159326829347 186.7222310260821
2389   8.247928871896065 185.8310526839876
2390   9.057459662310155 186.2115584353026
2391   8.982770972473215 185.3202963185598
2392   9.793155813631808 185.7010389878443
2393   9.718413635021252 184.8091873937535
2394   5.458983418822802 189.6481967947338
2395   82.24186475460547 192.4151540273411
2396   14.8184216559216 196.9915094305234
2397   15.53374118724939 197.3398767471463
2398   15.59051554207256 198.1313318601849
2399   16.24887515828115 197.687854831523
2400   16.19293785077312 196.8960404433988
2401   16.90873470796875 197.2446119267654
2402   16.85345594944084 196.4501957502317
2403   17.57050648243359 196.799944309383
2404   17.52411379230269 196.016183695265
2405   18.23590367223575 196.3562347568718
2406   18.18412156745968 195.5633583090224
2407   18.90123957080438 195.9087294740193
2408   18.85481169398144 195.1211635136898
2409   19.5688714285878 195.4645594552109
2410   19.51414689378963 194.659997397185
2411   20.23606162535474 195.0196905826124
2412   20.18032490213743 194.2058631007207
2413   20.90524927896273 194.5668292801847
2414   19.61806789194378 196.2661693725436
2415   20.84982802458227 193.7547246046201
2416   21.57429881414312 194.1124125143369
2417   21.63065239456953 194.9201289527167
2418   22.29628933614667 194.4687412844183
2419   22.3531661672283 195.2663041555321
2420   23.01566118791826 194.8203699363066
2421   67.97836817696756 218.8729091833537
2422   7.93971959554495 204.301635111314
2423   7.341384919877481 204.7241687488924
2424   62.55532867845388 189.8863942228182
2425   64.89647256915832 217.3522342015859
2426   100.3550742935645 174.0311623739925
2427   101.2197547219237 174.4921563147411
2428   100.3659831110411 174.9977608523746
2429   101.2482678435498 175.4690825240249
2430   100.3784436947125 175.9490507525196
2431   101.2767170876969 176.4425661265389
2432   102.1140171519694 175.9306428176743
2433   102.1458865677837 176.9095957633526
2434   101.3317266932434 177.4256340337493
2435   102.1810923258112 177.8884786065398
2436   101.3682806396691 178.4040641407372
2437   102.1991783019666 178.8661209617385
2438   101.3810497124384 179.381090513828
2439   102.2332068875368 179.842031113788
2440   101.4118293940586 180.3565498757934
2441   102.2570647679764 180.8166061205483
2442   101.4423857445775 181.3298461429947
2443   102.2891364756121 181.7897670359548
2444   101.4744607919999 182.3024309656136
2445   102.3279132712252 182.7618971520685
2446   101.4702645215686 183.2479943965662
2447   102.3474839464961 183.7279917626236
2448   101.467835499662 184.163257573027
2449   102.373594762437 184.6868425574405
2450   101.3715374067741 185.1441520341882
2451   102.4265133903918 185.6680964527241
2452   101.5314504050869 186.1371837721624
2453   102.4572215610208 186.6332667703516
2454   100.7263104024824 185.7687032175351
2455   101.5555727884926 187.051242346455
2456   102.4720718686352 187.581368226949
2457   5.868789013395055 197.1791199400177
2458   39.72686697344495 201.1560988574421
2459   92.45794593339303 216.3648387393926
2460   93.11391564172823 216.7269089351188
2461   93.12839110122795 217.4880219376637
2462   12.87554881132835 199.1611305421843
2463   90.64104010568413 199.0447528877079
2464   43.86204536309801 183.1452098836032
2465   -3.158107785305456 203.5049401115886
2466   50.31493229049863 197.4785179944312
2467   7.406828538662946 205.4507350071946
2468   6.745656897925234 205.1464913772196
2469   6.672666982734885 204.4259048595254
2470   6.077792253499114 204.8443158034041
2471   6.00299864818842 204.1188524461121
2472   5.403136987766591 204.5411045059882
2473   5.317312160724748 203.832083010959
2474   4.722868667261798 204.2379988681904
2475   70.6372636214272 189.067963584592
2476   28.05550644884123 181.1559685986813
2477   28.11288945230542 182.0336214209614
2478   37.45567504113934 187.3818526278426
2479   38.20279373284606 187.7521765575168
2480   76.3677294425501 216.3083585247503
2481   23.06876081671863 195.6157717001954
2482   23.73092710893055 195.1719667703992
2483   41.80125731083416 173.5022232823845
2484   41.74228384324309 172.5833443838553
2485   40.97487370765267 173.0952566522157
2486   40.91518472325164 172.173485912636
2487   40.1423749638013 172.688831394296
2488   40.07965913913131 171.761515333606
2489   40.85689155840582 171.2469692322785
2490   40.01768513145288 170.8311275643592
2491   40.79956741245321 170.3144775165354
2492   39.95949471270301 169.8974487421566
2493   40.74247180591915 169.3771210028278
2494   39.89831605403113 168.9591793944273
2495   39.11450563044437 169.4821829454235
2496   39.05127879966193 168.540715214459
2497   38.2608632540596 169.0695262827616
2498   40.68445751131256 168.4347613462517
2499   38.20160059108211 168.1221032019013
2500   37.40683187501072 168.6535150478331
2501   37.34415916086033 167.7099463513112
2502   36.55470448196148 168.2336341406572
2503   36.45852402846766 167.3036005015699
2504   35.70140017455692 167.8101888857532
2505   38.11213347202938 167.1900710467576
2506   35.76608099130453 168.7618088578184
2507   34.91077416964372 168.3415815016037
2508   34.8452585322184 167.390880518305
2509   34.05635596786976 167.9227006051536
2510   33.98167124846184 166.9810286523986
2511   33.1942483526804 167.5050282231057
2512   39.28217000500626 172.2853708098771
2513   4.798623872495159 204.975080936996
2514   4.121055551688333 204.6690519124038
2515   99.04575160417511 217.1484144319588
2516   102.8237229714049 171.4910572719087
2517   102.7898325893308 170.5057191051793
2518   29.65143497289767 208.7893254916306
2519   9.130361323482909 187.1026463114058
2520   67.7623138938357 170.0886045205668
2521   67.82873709914628 171.1719620733888
2522   13.61818233060169 199.4677541456165
2523   43.98355260149523 214.4750386778555
2524   27.99667764134688 180.2766456992917
2525   95.30847817455214 202.4187623062251
2526   94.56469531329891 202.875312579793
2527   84.49944007823385 191.8577089508871
2528   84.51031172132069 191.0245992850624
2529   102.9799348836869 176.3934791977177
2530   103.2037964642753 201.4254158766439
2531   103.1784256774606 200.4916523105
2532   103.2267516888376 202.3575200009707
2533   101.4657354423135 188.0287568252619
2534   102.5186422262044 188.5586810012489
2535   49.88151538145814 216.7445760796985
2536   103.0858276644855 181.2272972990633
2537   67.3259465223701 184.0435467576485
2538   66.60539124661382 184.5076091719646
2539   11.28351814096085 206.5615230859466
2540   55.28191939786871 214.0065021236057
2541   55.23367151469832 213.3198011076176
2542   33.11859555034333 166.5638817054639
2543   32.32820862789379 167.0860537391442
2544   49.66442354495885 197.9073477389459
2545   34.97697730224429 169.289701078297
2546   103.1859573570495 184.1516274198442
2547   74.23374709029109 204.2967879083396
2548   74.8971945242762 203.8636242189593
2549   23.67881762771509 194.3755106840497
2550   24.41166993488032 194.727440991732
2551   24.44570615652624 195.5230356579848
2552   25.13113876759706 195.0872664393701
2553   25.15958528693621 195.8733977106928
2554   25.81793244152568 195.4358938253835
2555   25.8715731188171 196.2114737377243
2556   26.54696703669808 195.776834657803
2557   26.58135972188083 196.5549309802198
2558   27.25938359167708 196.1320439625023
2559   27.28474556362033 196.9031393705702
2560   27.93564881766497 196.486439349069
2561   27.98029236237185 197.2487695089015
2562   28.62238997767213 196.8251141339946
2563   103.3654579224969 208.2078467681717
2564   103.3973699780363 209.1333885964322
2565   21.51846165013431 193.3038776032755
2566   20.79229658026241 192.9449423518914
2567   32.34056614497175 205.3361377080035
2568   21.965001111195 203.8669435361305
2569   79.10085704671079 190.8184669605405
2570   64.4209664995858 219.1008032869639
2571   63.81146036818047 218.8018330080709
2572   18.83153363202888 194.3149040669205
2573   91.09181252518808 173.8453164078571
2574   52.17735745158866 204.4228891593115
2575   3.922511521545609 189.7799418670145
2576   45.72793118993537 214.0308562582313
2577   45.76770742866013 214.707322915471
2578   36.82112551511003 206.8436591489134
2579   16.28956731684551 198.4555877371404
2580   100.5731075471987 182.7596163794427
2581   21.13481058988742 208.7073372780997
2582   21.18834253880873 209.402549063678
2583   93.10095882937884 215.9714287653839
2584   44.46547218367444 178.3177841404288
2585   45.20966915054174 177.8253610940679
2586   68.59386883020737 170.6808066667537
2587   68.623397075873 169.8176383856792
2588   68.6545943417421 171.6653350327065
2589   93.79870699024784 202.4642534651665
2590   16.13620788681749 181.8660284097285
2591   15.3304934023241 181.4739252455605
2592   16.07625174352874 180.9693126997079
2593   32.92172071700794 212.3947962799303
2594   33.52018546459946 212.6734674402542
2595   81.05878689118676 211.6336727903728
2596   1.954418595032522 195.416244669834
2597   1.887829662781495 194.5499437000678
2598   1.157663095359086 195.0688387723336
2599   1.086852128546681 194.1978968819798
2600   0.3598884761552809 194.7042997454911
2601   0.3028203208795068 193.7970033402712
2602   -0.4379101238376154 194.3206623684363
2603   -0.5002881428056953 193.4121827265707
2604   -1.246843692886338 193.9398791984596
2605   -1.326887988786101 193.0580460894157
2606   -2.059540540872498 193.5469311666679
2607   -2.154993628315679 192.6712188906888
2608   -1.990961899693441 194.4748431924753
2609   -2.884729246069068 193.1593340524207
2610   -2.964871186892368 192.2422663384187
2611   28.67348664149117 197.5928477245315
2612   29.31445678134222 197.1684004050107
2613   20.44662941159615 201.008284477925
2614   103.2893510106782 187.0730644361639
2615   21.65627610796272 207.6077994780834
2616   55.47049748741266 216.7408134766946
2617   55.51148037291138 217.4137335582153
2618   6.816381387568687 205.8692018031552
2619   98.33994349068303 217.5820773236112
2620   16.50339198879219 208.273031094337
2621   17.23620360582757 208.5840417639989
2622   91.60160501666466 208.8179379943798
2623   -3.708762860822807 192.7588651685143
2624   -3.780753998682456 191.8370316850433
2625   -3.026134997536134 191.3143083163142
2626   -3.853787581902424 190.9139612525099
2627   79.61257645236263 220.0345660210183
2628   83.37497832217996 198.0612827955678
2629   83.33319538279218 197.2091504314606
2630   35.70797485189699 183.2547065386261
2631   -3.927461991384805 203.1351204268065
2632   102.4317147222709 202.8415745968096
2633   66.54051110163641 183.6501441373283
2634   65.81882166687845 184.1145906275203
2635   22.619167995389 204.2080896683698
2636   22.31455655912789 182.3304769766407
2637   90.54160608311089 196.4275399030811
2638   32.26370917473734 166.1247006532973
2639   31.46538377786194 166.6625419838331
2640   31.52257108236387 167.6239719907205
2641   30.66098191413208 167.2052676291235
2642   30.60061568779379 166.2446609706248
2643   29.80265622381092 166.7820282173067
2644   29.85839279981001 167.7463072380002
2645   29.00340457515882 167.322398930354
2646   28.93740412008349 166.3629838498921
2647   28.14184194021821 166.9033728875306
2648   28.21055501926465 167.8612656136203
2649   27.34619908083258 167.445664875118
2650   27.27578102897113 166.4860790653526
2651   26.4788633416144 167.0297556569524
2652   26.40671962045335 166.0672299257025
2653   25.61109364717632 166.6121587535953
2654   25.68545875436551 167.5732885898
2655   24.8152386537119 167.1581989445185
2656   24.74156127161838 166.1962932185509
2657   23.94641242906292 166.7423716648395
2658   103.2474265552336 203.2894624102599
2659   50.88070788550593 195.4794283333844
2660   51.58625088639427 195.8332864277909
2661   93.7701110318173 217.0923414654515
2662   93.78526434106371 217.8493496071082
2663   4.602246522973507 203.5869927204376
2664   84.54756846685679 192.7361086209837
2665   85.28648816296666 192.2547651057
2666   -3.849244041448129 203.9827604616816
2667   -3.083284070362133 204.3440988580335
2668   100.5405391797279 178.863628260035
2669   28.73309004205191 179.7830752164227
2670   74.93846176187854 204.6507206910291
2671   75.60179452617163 204.2225920752983
2672   75.5606338110773 203.4314362880946
2673   76.26598222692034 203.7921738902588
2674   76.30623660452768 204.5834121582016
2675   76.97102219928244 204.153989632131
2676   77.01158195678582 204.9418878009385
2677   77.66316416032174 204.539207126848
2678   77.71391055078664 205.3067738245207
2679   78.36446097266453 204.9053608700255
2680   78.41658724984414 205.6691988498338
2681   79.06755019278071 205.2664144320774
2682   79.11938185870088 206.0299685516561
2683   79.76978285388466 205.6274271685685
2684   79.82120621558974 206.3908430458146
2685   80.48272467196028 205.9656984754117
2686   80.52446938238396 206.7469292647403
2687   77.59731372713375 203.7580831052673
2688   14.7191214445336 183.762055420093
2689   27.32741457882706 181.6467765171535
2690   27.38606832633483 182.5210064751868
2691   104.0043095443285 200.937628000145
2692   103.9778947124165 199.9951913370647
2693   28.60546035974661 196.0448146597271
2694   29.3666858481434 197.9344877569925
2695   30.00590133455557 197.511247006044
2696   30.05540586636452 198.2793935736908
2697   30.69503530358218 197.8537958968295
2698   30.71754709931017 198.6472888488871
2699   31.38001931410566 198.1996379411891
2700   31.33408048064287 197.4281634078147
2701   32.02040176673842 197.775567941005
2702   32.07139549583283 198.5378393347091
2703   32.70782929169282 198.1182841021768
2704   32.75854415075752 198.8777366168302
2705   33.39559275427093 198.4552366108182
2706   33.44309604561855 199.2167262168066
2707   34.07943584139606 198.7952017344759
2708   34.11334481424279 199.5789358754133
2709   34.75910751055439 199.13892643514
2710   68.02343568124941 183.5429085790871
2711   93.82540413097942 203.3296569685687
2712   24.01947538024441 167.7038495020729
2713   23.15117953647405 167.2895121221542
2714   23.07402006895048 166.3305101132823
2715   22.28125816527637 166.8758694810574
2716   50.36947414822107 198.2571975558298
2717   22.35832792804982 167.836047782092
2718   21.48895565459363 167.4238782169664
2719   21.40996625207305 166.4625404481398
2720   20.61644885861947 167.0122627059075
2721   20.53604101307673 166.0489144500543
2722   19.74167609278788 166.6006894812592
2723   4.19238249602199 205.406572849951
2724   3.520043640426868 205.1025848629107
2725   15.87060447132689 207.9728415261217
2726   80.23100685006345 220.3555788046488
2727   19.76180474257017 200.6782214066421
2728   20.39451741962031 200.2489095156762
2729   69.91699553558333 189.5415320211193
2730   37.51038110485558 188.2146045730015
2731   38.25641813805389 188.5812848868837
2732   38.94635922538411 188.1227728471626
2733   38.994975570517 188.9530033730812
2734   19.84532017210374 167.5159388035339
2735   18.95065309362061 167.1452170150712
2736   18.86611867747476 166.1885588861325
2737   18.07264228506962 166.7408135357251
2738   18.154040629551 167.7038903908457
2739   17.279002056497 167.2950776483687
2740   17.19546629469584 166.3306754392012
2741   16.40115681742223 166.8859854206609
2742   101.6685752667347 189.052576791956
2743   102.5430900312143 189.5165247327355
2744   100.8708942681617 188.6645182710405
2745   54.66516010467745 213.7018902962016
2746   54.61543608717993 213.0155740477096
2747   39.68758598404963 188.4920333330047
2748   39.73889566359303 189.3169503238025
2749   63.85761016906206 219.4793301290711
2750   63.24991365229599 219.1804068840743
2751   63.20085286728718 218.5038879637159
2752   62.63977274450654 218.8829303887166
2753   62.59018272434162 218.2056718763406
2754   62.02769322175621 218.5862422436745
2755   62.08157048611206 219.2630336453431
2756   61.4659308602422 218.9663245481961
2757   61.41716726731718 218.2897286641482
2758   60.85600890854319 218.6708880441462
2759   60.80596580318556 217.9938674798409
2760   60.90426976495583 219.345609658796
2761   60.29615527303077 219.0513624251452
2762   26.54699471630622 194.9846923170148
2763   16.31472826627074 165.9240286811018
2764   15.52081014126043 166.476985899874
2765   15.60649974693314 167.4420430566865
2766   14.72740804975133 167.0341124977469
2767   14.81409623155037 167.9985186375701
2768   13.93620151046523 167.5910686611527
2769   13.84958899377448 166.6265515448012
2770   13.05612829330203 167.1829573706198
2771   13.14652825566931 168.147270089553
2772   12.26441233760639 167.7405770817163
2773   12.17668215557067 166.7747511883467
2774   11.38397588851801 167.3339050679759
2775   11.47241289522246 168.2998259224136
2776   10.59296775753677 167.8935849893398
2777   10.68015093193372 168.8572355608939
2778   9.803383041272877 168.4524461611644
2779   9.891887307628004 169.4144747101344
2780   9.014510557669883 169.0102219515902
2781   8.925646976319756 168.0482663055948
2782   8.135854973858095 168.6068428556752
2783   8.224228713028534 169.5706488376771
2784   7.346032044144648 169.1678624066978
2785   7.256577209764766 168.2030522716722
2786   6.466656191961047 168.764037609958
2787   6.558529155691279 169.7281027064592
2788   5.677809639953509 169.3254821601289
2789   5.769470381243417 170.2889701376519
2790   4.888410134574459 169.8876137323071
2791   4.796438455944429 168.9223161390701
2792   4.01020434599037 169.4899068971317
2793   4.099939663753946 170.4510301586961
2794   3.22182510509412 170.0540376124042
2795   3.311360328956618 171.0133416244937
2796   2.43020389484902 170.6129667739729
2797   2.354769666848146 169.652953556837
2798   1.551928089538781 170.2158693114588
2799   1.640418506226822 171.1769689809487
2800   0.7598047130173585 170.7795035461102
2801   0.8513230120277036 171.7415009727264
2802   0.6832712484179972 169.8130412325151
2803   -0.02930398216968563 171.3437371802511
2804   0.06261680021486565 172.3058015584642
2805   -0.8202805449554448 171.9051281852089
2806   -0.7259417435377374 172.8712384472814
2807   -1.608928481424713 172.4694231836535
2808   -1.51430353110209 173.4346183233628
2809   -1.704173782516918 171.5030422693507
2810   -0.6315871343979532 173.8348616842666
2811   -1.419010674549668 174.3999564462262
2812   -2.301662721395063 173.9990119679252
2813   -2.205870352357775 174.9630399822884
2814   -1.324618215819982 175.3640589996745
2815   -2.1100688916023 175.9258163252103
2816   -1.230821869222702 176.324544865355
2817   -2.01432455870228 176.8862439098302
2818   -2.894393673791683 176.4894047467772
2819   -2.798277857180991 177.4504647074557
2820   11.29467804048184 166.3663560710523
2821   -3.679989899015766 177.0534304814039
2822   -3.602765190630634 177.989859082045
2823   -1.136034106572396 177.2818944908825
2824   -0.3550680360833963 176.7229259203829
2825   34.10543536927651 212.3151109570751
2826   34.07888270211284 213.0795530972194
2827   82.5572667650127 196.8169395712352
2828   34.70879115140978 212.6364574018097
2829   34.76436720897969 213.307191899223
2830   35.33131801561871 212.9306785080219
2831   35.38648706339659 213.5888866214395
2832   35.9456587634415 213.2294866768742
2833   81.18551039772778 206.3216150947704
2834   81.2247786996264 207.1067181460863
2835   92.86962588388371 197.680594313987
2836   98.25502174054657 215.0771710761193
2837   3.383183563849124 194.478290012501
2838   32.63536414821751 181.7280510834996
2839   33.85033120237519 166.0373856599838
2840   103.6603702738854 170.9690038158228
2841   103.6262837093469 169.9827479471497
2842   102.7549634002173 169.5194636045473
2843   103.5911786280699 168.9957189995146
2844   102.7186298321879 168.5317484132614
2845   103.5566329658331 168.0075591166968
2846   102.6830150002631 167.5430232441422
2847   103.5212502108883 167.0181536758585
2848   102.6481529686064 166.553600499742
2849   103.4843067242237 166.0230465987349
2850   74.44261231740121 189.3103513626558
2851   17.61448605860412 207.4967363364613
2852   88.33933159206552 197.7188868471612
2853   101.8079508672037 167.0785356700893
2854   101.7732699716939 166.0888954699428
2855   100.9333764847701 166.6142043578404
2856   12.93800827114052 199.9280917887279
2857   103.6941269818761 171.9554553887127
2858   104.1812349664655 208.6381768947392
2859   104.2139904897856 209.5668514654438
2860   104.1435284993431 207.690560367204
2861   24.36837912598087 193.929260749906
2862   35.99965879337692 213.8873051274503
2863   36.5567162845747 213.5312470778466
2864   31.9701365999006 197.0224285092119
2865   -3.102917749751495 190.3892698719375
2866   -3.924910765234323 189.9871067785561
2867   95.33223608934283 203.2901002361706
2868   86.82056240815241 216.2026189514634
2869   69.41780000552569 171.1707368746779
2870   69.44514221942472 172.1304663029983
2871   33.88315050073463 208.8484289375759
2872   71.94245071226537 185.5005606801688
2873   72.6803043198888 185.0153013699749
2874   78.85324657692999 216.8955817346496
2875   70.68057508311037 189.9198502770667
2876   13.67491030131174 200.2436498597141
2877   71.88789527969546 184.6185279865805
2878   99.06675937272236 217.9782178651605
2879   41.53578523678294 168.8615929282501
2880   41.47454094280909 167.9103410950645
2881   42.3303191431602 168.3394882736925
2882   42.26708149594699 167.3835949265537
2883   43.1210088963448 167.8085881067269
2884   43.06292273001417 166.8544575971073
2885   42.20419526420444 166.4277293385481
2886   43.00310243953717 165.89541047596
2887   43.86345430012894 166.3246804607836
2888   59.33812911480175 209.8982659836562
2889   34.79247231833947 199.9215842799757
2890   35.43847687237082 199.4794705183122
2891   8.906201653853984 184.4252907777843
2892   9.645567259621274 183.9117547537416
2893   49.71301052106314 198.6824555961057
2894   49.02026979208034 198.336561254592
2895   68.68453234707339 172.5952059436592
2896   27.93619416630918 179.3915647399467
2897   74.25871834493185 205.0875903663332
2898   65.75214207478717 183.2595892597055
2899   65.03051058850727 183.7226763970646
2900   28.11490391684578 198.0746889817713
2901   97.54813399027782 215.5225477374716
2902   57.8194300436866 216.5946223878435
2903   81.88540307268747 206.6807887960482
2904   81.92413781763105 207.4661284083231
2905   82.58390775611574 207.0400909704149
2906   64.46510227909889 219.7777767000935
2907   -3.178792370684415 189.4609612707441
2908   -4.004157109908987 189.0581749560589
2909   -3.251816133802139 188.5289546133224
2910   -4.074047821253133 188.1231232023509
2911   -3.305575405322144 187.5923684381
2912   -4.142001226752132 187.1848577127651
2913   1.077261675667939 193.3934155870623
2914   22.41040870463276 196.0595095169367
2915   79.16068520851944 206.8144726479052
2916   44.09994116429831 195.9035455256133
2917   36.59928992849871 214.2098414894365
2918   37.16387241197008 213.8391210075129
2919   16.86999126301205 195.6288792075575
2920   21.4657564053297 192.4888911212569
2921   20.7303823586301 192.1295828623764
2922   36.76483107600143 187.8460276586599
2923   43.39513644818422 214.2028393530197
2924   43.42042238686319 214.8551084398798
2925   42.80547237602141 214.5422384399412
2926   -0.2771622749507521 177.7125163817391
2927   15.26496019359325 180.5748167480553
2928   4.157575173678191 194.8068952856005
2929   4.106205890614227 193.975071978622
2930   4.872628315615556 194.3211120039419
2931   -3.766654748403291 204.8208925190718
2932   -4.540929619243199 204.4726279226508
2933   32.93896130878039 213.0365782553388
2934   32.34909797618901 212.7693052493266
2935   64.1718053440216 192.37718047718
2936   15.9255041627627 208.6711310596159
2937   15.29517529469599 208.3718223060706
2938   40.80298847851893 198.7516919754062
2939   80.64096350947706 201.548157986771
2940   100.8983120551632 165.623991355559
2941   100.0579316714432 166.1491965208218
2942   42.14040775437454 165.4674202714125
2943   101.7455188710839 207.3562536510693
2944   -3.37517323398842 186.6512585216492
2945   -4.229698667581457 186.2451060396901
2946   -3.450000854391171 185.7090848528327
2947   -4.292125341187107 185.2986463539972
2948   -3.520271309680935 184.76271900741
2949   -4.362481117119826 184.3500783293394
2950   -3.591962281914435 183.8113371856045
2951   -4.437681593181191 183.399033442064
2952   -3.665009670792137 182.8583018093886
2953   -4.530339740565051 182.4463487964244
2954   42.88261823134646 198.2850192259139
2955   66.36211762581402 191.8636894665733
2956   38.30966800564907 189.4068731421847
2957   16.01472496095336 180.0679147392307
2958   39.87606092505339 194.5701941476153
2959   46.33333298683499 214.3348160688648
2960   46.29499932453126 213.6577210030098
2961   46.3738337791653 215.0103583472405
2962   45.80977211903142 215.3810087569301
2963   46.41106695523328 215.6826796500869
2964   5.914097769247854 203.4311212483499
2965   -4.678281831141565 190.4944394904055
2966   20.56117299798649 209.1033860099008
2967   20.61567005789905 209.7959103389833
2968   21.27101618668391 210.0906016342865
2969   10.52828115398527 185.1916850139276
2970   45.26316404310828 178.7166988430752
2971   46.00848852985425 178.2247909190115
2972   22.99105389157524 180.9596173294653
2973   22.9290442524938 180.0553581487157
2974   22.13498271968013 179.673774246303
2975   22.87718504578091 179.1736650959597
2976   22.07324519768017 178.7820166283871
2977   54.90985993607224 217.1142979891959
2978   54.95279218346844 217.7845572034603
2979   55.55115179253829 218.0837993022357
2980   81.8481906204164 205.8937142432653
2981   10.45855008909797 204.0795322274287
2982   34.71404902523821 198.3771157458474
2983   72.60934209157443 184.1019933146042
2984   71.79693998151703 183.7007594739242
2985   73.41879374553868 184.5249767841582
2986   10.76683790685335 169.8182831203686
2987   94.43375857935786 217.4594004888968
2988   94.44228333949448 218.2177365112607
2989   93.79551426645693 218.6027898118963
2990   8.643077109772774 197.0258062920034
2991   70.22968220360059 171.6240220356328
2992   25.1968499100296 196.712887160245
2993   93.06537435668653 202.9235358768446
2994   98.36484341883275 218.4083663725874
2995   84.09490732873174 197.6001404670807
2996   0.5144923986986129 177.1256323369973
2997   104.3913932869291 167.4774733247183
2998   5.991315146410777 186.4495783516849
2999   79.64495979558868 220.7290037711923
3000   79.02997075559081 220.4098538853369
3001   28.67421645651023 178.8969373449386
3002   70.25937695465973 172.5317108294141
3003   72.48870674250966 167.8485040315025
3004   72.4439846168979 166.8847379616525
3005   73.25924765362439 166.3631016896653
3006   72.39930866416931 165.9171119193469
3007   71.58346778656941 166.4400711279008
3008   71.53772651676348 165.4710844743625
3009   70.71910638377919 165.9941447941942
3010   73.21712340148892 165.3940266715826
3011   42.85122556375783 215.2253981770769
3012   42.23656820780715 214.9106961022225
3013   43.45758311288609 215.5268276650714
3014   84.05325640045646 196.7443843986962
3015   101.7338561013582 190.0257574648761
3016   102.5998675814651 190.4410758890576
3017   103.3983816015268 189.9632003674834
3018   103.4312529949718 190.9277256328746
3019   104.2480589154812 190.4209197904349
3020   104.2783415524581 191.3887410783314
3021   103.4583423940005 191.8978851525204
3022   104.3063814292 192.3546527578274
3023   103.4872151300916 192.8609395177483
3024   104.3343898291511 193.3178166576864
3025   103.5170503899397 193.8225484901221
3026   104.3625285074698 194.2781012091871
3027   19.70583045720173 199.9167112435398
3028   19.07209387372447 200.3487076240084
3029   20.33961117609793 199.4846355580043
3030   37.20636396048585 214.5160409350919
3031   37.7716450419247 214.1422345933653
3032   -4.470739246678105 177.6144788890342
3033   -4.563318121908763 176.6532564399518
3034   99.64413655646445 212.3850698042307
3035   3.599187954672548 205.834818553326
3036   2.927186267455561 205.5335888368498
3037   4.259184299227588 206.1367254200416
3038   2.846856916049219 204.7997575299322
3039   2.24831071643893 205.2321003504355
3040   97.5154603186676 214.6923714657106
3041   43.80980014688593 165.3627542582234
3042   44.66927155222088 165.7934409513419
3043   96.07387644448156 202.84072235715
3044   51.54049504735452 195.0436568877435
3045   52.24744552387087 195.3993993922879
3046   52.29241552838526 196.1882843900039
3047   52.95306927099617 195.7558788708202
3048   52.99822385621346 196.5437099296152
3049   53.65760342137288 196.1117349367499
3050   64.96337749137471 182.8674117182479
3051   64.24090934116032 183.3309287463224
3052   103.5691455168015 194.740958464748
3053   104.3943496830854 195.2296189007711
3054   96.09844716291622 203.7043972590299
3055   96.81629868515844 215.1331436789176
3056   104.5319381280041 171.4323612328785
3057   104.5656963003515 172.4205040593371
3058   85.36409359077224 193.2211048320538
3059   86.12965565777216 192.7048862337753
3060   60.34536614261486 219.7246858974468
3061   59.73890409905465 219.4310216762055
3062   -3.004914877614431 205.1624832257545
3063   45.95553126826117 177.3320354047433
3064   46.75519537145466 177.7337987137695
3065   23.68360745254995 179.5721708700076
3066   105.0039051151185 209.0703843087497
3067   105.0366739811958 210.0022474547748
3068   55.18925018132769 212.6309190429223
3069   54.56835044742573 212.3250098478485
3070   71.18916585132901 171.9829625028336
3071   50.40546673032546 199.0297004938953
3072   -4.899655397981012 187.6708088751548
3073   104.8104606882159 200.4470861370305
3074   104.78454965538 199.4996512109569
3075   37.81456030588668 214.8192900505994
3076   38.37930345265183 214.4440158641654
3077   73.34781645739358 183.607220952856
3078   74.16271767041405 184.035950364289
3079   82.62359039045033 207.8233488580327
3080   83.28140296229665 207.3986827584557
3081   44.52121170449949 179.2072104244008
3082   40.42553761203963 188.8598751610123
3083   40.47765481336368 189.6830230500034
3084   70.66765503770606 165.0361895306378
3085   69.85313899456305 165.5497169087275
3086   100.0230076210041 165.1594204519552
3087   99.18238414836573 165.6845448746404
3088   33.41453166872559 200.0305647938068
3089   23.62359815793122 178.6755569074116
3090   49.0693984369365 199.1076083123849
3091   48.38074705824788 198.7644492248002
3092   94.4457572799691 218.9718401621979
3093   54.04458701901159 213.3985655180765
3094   54.10492413450161 214.0877770794931
3095   65.07703630778106 184.6200055594361
3096   45.85152170085691 216.0519069318731
3097   81.23023591969046 207.900464498504
3098   69.96667455762959 190.398153438796
3099   93.06925129207707 203.7834732331206
3100   40.18262227252268 173.6152974939834
3101   80.25881358834594 221.0471002525362
3102   80.84749761378745 220.6767163164037
3103   13.91319051867749 183.3732330236624
3104   13.98052026624187 184.26389470026
3105   4.805769550236274 193.4642572668772
3106   5.582722484353676 193.8302587684872
3107   63.90454466704738 220.1530914080093
3108   19.99011388545288 209.4976405184515
3109   20.04496686717228 210.185829237249
3110   105.1012680242235 190.8806127924678
3111   105.0696611000155 189.9092303982474
3112   26.60029914240048 182.1360867069496
3113   26.66240086280362 183.0079526082489
3114   27.44503541766537 183.3916473845153
3115   8.829381517423034 183.5268839603622
3116   9.5670086167096 183.0215142969912
3117   40.37625112128385 188.0352999655382
3118   53.70100307848822 196.8975952276881
3119   54.36039944596335 196.4668747309598
3120   2.293824592096033 199.659483066416
3121   77.75415795138662 206.0945519940875
3122   54.99461708127784 218.4534543687453
3123   55.59195835468456 218.7510323801193
3124   46.90044485939419 213.962581794269
3125   46.86363876938677 213.286257636374
3126   69.74530464177877 164.5771978769956
3127   68.97327023772948 165.112068464305
3128   12.5462484614263 193.4358774378372
3129   87.26411881376143 205.7561357038503
3130   10.07574325944204 198.5533764023869
3131   7.46965814948917 206.171862043622
3132   6.865878599326116 206.5928876861202
3133   7.529128613156044 206.8858417213203
3134   93.06349611884016 211.9588437073741
3135   93.77055624038515 212.3339662557356
3136   53.04568523730539 197.3278202227044
3137   2.340345028645983 205.9692646498122
3138   1.649251134477816 205.6719364053328
3139   1.568848983992716 204.9281915710437
3140   0.967233529387729 205.3707222654218
3141   88.86932460129148 210.4813297147566
3142   23.8019438572288 202.6299577222352
3143   59.59557828029024 190.1409548484386
3144   96.65542323047708 195.1724449422766
3145   84.30769895173523 213.32112447284
3146   92.18149588879174 199.8721376744873
3147   41.72281248433064 202.1379637997655
3148   32.99137466433586 205.6552543764274
3149   32.39107515845202 206.0580807097004
3150   45.31465310894845 179.6026653039414
3151   54.38838208981987 218.1494640101456
3152   29.47745212649956 198.7272686637228
3153   93.07535098434695 212.7940767251692
3154   93.75288683959383 213.1132149172829
3155   12.99856411671141 200.7134076005382
3156   12.20918514254654 200.4682357946172
3157   89.26359407939722 187.5656774567776
3158   15.35069855363438 209.0671900898726
3159   14.7208777906919 208.7676447504782
3160   15.97734306418487 209.3651394455112
3161   65.63236315019913 212.3376880350585
3162   35.82639913941077 169.708226457485
3163   35.04125678791032 170.2346408042676
3164   35.88660241102833 170.6489437168383
3165   39.78974212282937 190.1421469519273
3166   40.5255865386933 190.5021485205513
3167   62.54338336384451 213.5471883158043
3168   93.8478323082013 204.1917206576274
3169   93.09195917515382 204.6399064465483
3170   93.86468378614134 205.0448953490362
3171   26.62513991516405 197.3464127478511
3172   75.78938982302242 211.0979790024667
3173   18.16740584406979 188.7512676339531
3174   83.72842829185095 215.2252914764189
3175   71.10970883511662 208.6937547614069
3176   78.4309479878053 212.4627516282093
3177   100.5681554779635 180.8387695518902
3178   79.06119782481845 221.0997985130878
3179   78.4495291914519 220.7837109251182
3180   69.16797065569784 209.168500795169
3181   20.81814381369629 183.3429654431458
3182   10.60229223213241 186.0812392486191
3183   7.660497431293083 188.1211358148122
3184   83.8100389575514 193.2162863480747
3185   36.81927078591935 188.6744331744598
3186   36.07681885629208 188.309233797889
3187   93.14183271962415 205.4906281090792
3188   80.67119014821694 191.6165151780383
3189   71.54714114185114 196.0924783079367
3190   29.08773765385962 203.8234643583949
3191   77.52090715720759 190.0235578671271
3192   33.53456855996009 193.8463458099594
3193   81.82510168092097 214.9206744640068
3194   34.94077976586097 213.9893208614861
3195   61.91382018564003 179.4794332401352
3196   92.60552956740908 192.1652241637169
3197   43.68288046178447 202.3610438018018
3198   15.6924878473457 168.4041058774503
3199   8.710995873382817 178.7337871036441
3200   12.6438811777315 176.9639044886256
3201   66.5390265220791 195.9501124228719
3202   76.32919540344727 205.3741490566551
3203   32.12105658202709 199.3002792129445
3204   67.40193746293997 219.2499857955709
3205   68.0208106927202 219.557097352497
3206   67.45186142209785 219.9339278794349
3207   68.0612918053154 220.2357917701656
3208   68.62846653118436 219.8615995106293
3209   18.16580835446104 175.1297953261055
3210   71.22302355010125 210.9256476396028
3211   70.60260230061574 211.3270652643756
3212   71.25725051425584 211.6624010219468
3213   70.63753306064231 212.0604052251386
3214   71.29290533697747 212.3946347219057
3215   70.67682259846646 212.7900454669989
3216   71.32903170976817 213.1217804754848
3217   71.93947801585631 212.7287925401155
3218   70.72233731118357 213.5163414160436
3219   70.07333785977201 213.186463661169
3220   71.97626219056806 213.4539622737366
3221   72.58547647840754 213.0616957687325
3222   89.36040163681075 190.3508243564541
3223   88.56138620225374 189.9259458440386
3224   67.43655909448483 211.8496413164819
3225   34.35638062543044 177.5978563443754
3226   55.23994022835278 202.4946137936272
3227   48.20820788531296 172.1310927707919
3228   99.48789785183388 174.5030063709332
3229   82.64455646789573 182.2895757439593
3230   77.63833452654947 171.4523510293085
3231   76.83870256705546 171.9650250216891
3232   77.67895227035588 172.402114597022
3233   76.8791370886712 172.9097100553871
3234   77.71775422610733 173.3467799946691
3235   76.0415607197749 172.4759233724137
3236   76.0816089415308 173.4175020087735
3237   75.24585102076065 172.9827775240077
3238   49.82948905923516 183.6362819789932
3239   37.57568789446491 179.1729558532305
3240   78.61016740741249 181.0399324875724
3241   -2.323017833122321 189.8631780337311
3242   4.190815858538866 171.4099969981446
3243   0.9451781101324219 172.7060878457763
3244   -5.119119603527629 184.8229005716339
3245   15.43336962583325 165.5184208490391
3246   34.19346721716721 169.8185178163726
3247   34.25726932334466 170.7587546629845
3248   33.41343582182932 170.345790274003
3249   6.647927668242905 170.6906867876436
3250   61.8207861500797 176.7412911493557
3251   61.00848899817264 176.3278754931646
3252   61.77371461252932 175.8285590045394
3253   60.95533597595831 175.4129676869372
3254   61.72628915559135 174.9105749652858
3255   60.90535010019043 174.4934837899402
3256   60.13368092282182 174.9982122719177
3257   60.08249515622656 174.07700994423
3258   59.31302899544795 174.5743056598525
3259   61.67872921214288 173.9887403255434
3260   62.50297140940911 174.4085742121398
3261   14.89924338580361 168.9597025242852
3262   15.77354330878523 169.3638108923978
3263   44.72611639976052 166.7548760103379
3264   45.53045166956707 166.2250692289573
3265   45.47496654499834 165.261944869527
3266   46.33775633211694 165.6950222355387
3267   13.72491144093724 201.0173196217202
3268   14.37591235106285 200.5804845500352
3269   -1.069603774265063 178.3856481574644
3270   62.9197636699932 206.0338976094301
3271   60.9589044011078 220.0194469606886
3272   67.30057577675464 209.6387219928116
3273   85.14486227706217 171.6439632399025
3274   9.981032461872836 170.3726462319638
3275   6.375844647851787 167.7976576642102
3276   20.50409778901479 208.4083605842621
3277   82.6266555531736 171.2567653266389
3278   3.925303772770609 168.523532526695
3279   67.26835012855518 196.3177456052373
3280   66.58545556352452 196.7657100753722
3281   67.31249344732753 197.1320030111043
3282   66.63371058706517 197.5764165547089
3283   67.37032688445692 197.916554506476
3284   66.7394746370044 198.449421562267
3285   26.70650996099805 210.0396720197838
3286   78.5164518163337 172.8409433907208
3287   78.55525367924011 173.784361035539
3288   79.35283918687321 173.2798297930462
3289   79.39206975442353 174.2221040604376
3290   80.18923217507933 173.7178957094272
3291   80.23480757583087 174.64869863169
3292   81.02620966562803 174.1543326168877
3293   81.07216818083398 175.0841450502445
3294   81.86255131967596 174.5913922297672
3295   81.90216868346612 175.5321152384454
3296   82.69662839575264 175.0321429033792
3297   87.42273796764394 208.891555205089
3298   62.40116968465749 197.7495954102299
3299   38.69902209982897 183.064432027551
3300   30.42405985477644 211.1753598640312
3301   24.86706861589142 209.8217901334592
3302   76.22792309795035 202.998599199878
3303   99.03772824533837 195.5593760892325
3304   21.7318533063901 186.3402687081475
3305   77.75838121291243 174.2901386379106
3306   60.40719377693754 207.6369927224614
3307   -2.494368431671458 172.0688191290362
3308   -2.5898182077486 171.1005695387433
3309   -3.381770552849122 171.6669487195628
3310   -3.477571668009342 170.6971100024236
3311   -4.270745603732604 171.2652956262908
3312   -4.366750439976446 170.293386461525
3313   -3.572044282931121 169.7248895402136
3314   -4.462176552895262 169.3204326078896
3315   -3.664629745831857 168.7501420737603
3316   -4.557203006595898 168.3448024383582
3317   -3.75844779330643 167.7736512043318
3318   -4.652058202644418 167.3673424213949
3319   -3.854903844120058 166.7961332694213
3320   -4.743604965496779 166.3844179234891
3321   -2.957942568026632 167.2023004256709
3322   -3.053240810388318 166.2244577434758
3323   -2.157791269095915 166.6313835686022
3324   -2.25108842912927 165.6532051875942
3325   -1.355212840185313 166.0589865492302
3326   -1.448872232327693 165.0801286217973
3327   -0.5522069976510401 165.4861023287323
3328   -4.172924325646902 172.2343445179414
3329   -5.064547250891129 171.8343068633089
3330   101.7357975266112 165.0989612229708
3331   48.37440028305735 204.6446143640646
3332   103.0144400378608 178.306889006523
3333   92.99111872310738 179.5266641215672
3334   96.84377388997572 203.2567387059482
3335   -3.136731761032074 165.2407575928771
3336   13.84787574669754 182.4791208530121
3337   64.23904600742407 210.9491407008705
3338   44.10749869725043 187.3869833512305
3339   104.46219451351 169.4564105239883
3340   27.42050588978114 168.4014663429496
3341   28.2831614208291 168.8162420570858
3342   27.49533579849571 169.3524335888812
3343   -3.63143959453802 193.6768340271948
3344   -4.463591373825328 193.2774978267344
3345   -4.387955179154408 194.2055464362374
3346   -5.227383958673539 193.8031489876487
3347   -5.148923417177627 194.7341073552713
3348   -4.309799661427404 195.1302124868769
3349   -5.068213403081149 195.659251014002
3350   -4.233360847577214 196.0510459633395
3351   -4.986596282281208 196.5782892363329
3352   -4.154951908688126 196.9687765006938
3353   -4.905564071228227 197.4934999397287
3354   104.0462501188452 202.8058857337183
3355   104.0669093048224 203.7415511428091
3356   104.871019406958 203.2557847739296
3357   104.8918477185238 204.1994517953066
3358   75.01076040172332 208.4888348276316
3359   85.03900652429508 168.7509867389005
3360   84.18308753523269 168.3008319475265
3361   85.00260524587182 167.7821357109444
3362   84.14394428135307 167.3292089647101
3363   84.96682993515728 166.8087173033786
3364   84.1047478090845 166.3533864117856
3365   84.9305985121018 165.8320080949556
3366   85.79519491618441 166.2888831872252
3367   84.06418186931748 165.3759431856357
3368   83.23782580526284 165.8981473037565
3369   85.7594586264031 165.3096127288907
3370   86.58728538089747 165.7470729381233
3371   83.19646815943481 164.9192526589121
3372   82.36698268011413 165.4425071460019
3373   3.426221710675712 183.3900384685612
3374   68.03798168052634 197.4941782663607
3375   68.09544843585397 198.2773523539294
3376   68.7612851145945 197.8593215994027
3377   17.09890457066724 165.3713946134485
3378   23.6126287198806 172.3902112859676
3379   22.77277825441919 171.9821697181087
3380   17.19407939227447 185.780679506151
3381   36.63317180947251 203.2196161556228
3382   12.09161970073137 165.8058329566112
3383   11.20559389682292 165.3953420433756
3384   53.91573780857895 191.3328225816508
3385   53.2333026213649 191.7886854719051
3386   53.18214086696375 190.9715138485572
3387   52.50090660783844 191.4267602816072
3388   52.44692800481116 190.608180152987
3389   51.7653064455243 191.0642317025259
3390   51.70942894928908 190.2440287175969
3391   52.39473917886532 189.7860158232644
3392   51.65170958874013 189.4197824121418
3393   52.34244901458479 188.9599965438559
3394   51.59484971711014 188.5910682881507
3395   52.28977804514851 188.1277048687577
3396   50.96552352101037 189.8816132613881
3397   51.54042224316298 187.7582281762058
3398   52.23709909652145 187.2913367046471
3399   53.00016241671675 187.6826031323806
3400   52.9398924466268 186.8282217030624
3401   53.70690384762017 187.2210032077889
3402   53.64472142065911 186.3614574783036
3403   54.40821054350862 186.7383568672411
3404   54.3506727273256 185.8881562888219
3405   55.12959484090602 186.2784872970547
3406   55.05907428454999 185.4126706146217
3407   55.83525699468397 185.8011823957337
3408   55.77533715069748 184.9435079784794
3409   56.54459312620132 185.3222627766157
3410   56.49009488386355 184.4645511523363
3411   57.26209490683136 184.8448933366123
3412   57.20055002720269 183.9744850331058
3413   57.97969169951217 184.3601191763906
3414   57.92277482481644 183.4918402456892
3415   58.70388218563936 183.878386877724
3416   58.63902068975657 183.0240793421955
3417   59.41950166031747 183.4149547297732
3418   54.30153816577328 185.0439482106788
3419   56.45638062693332 183.6290015476521
3420   50.84482046766837 188.2239087487423
3421   50.78903287555573 187.3893294159583
3422   50.09268867127832 187.856072883967
3423   7.167698664643121 167.2349276699074
3424   6.282940473699782 166.828470905119
3425   7.07912817897782 166.2638713475791
3426   6.189507106005095 165.8558641330844
3427   6.986700015840217 165.2945924784635
3428   6.098363708385139 164.8798381298649
3429   5.297418013442312 165.448237115182
3430   49.22836545956485 208.5710671402592
3431   21.56882319288232 168.3818334247786
3432   44.39201416015524 211.3537123038457
3433   45.01133067775496 211.6635414405764
3434   44.970384356486 210.9722186293263
3435   45.59093600893034 211.2833595224998
3436   45.55011282152697 210.5897687322225
3437   46.17210517060678 210.901845910877
3438   46.13164653924208 210.2058505038277
3439   45.50734357694751 209.8929124896988
3440   46.09182069623979 209.5068474767722
3441   45.46412618144079 209.1928174762229
3442   46.05378797182863 208.8036493154615
3443   45.41889635251736 208.4869747576753
3444   46.01376463217559 208.0964399567512
3445   45.37699439986046 207.7784531072996
3446   44.78224232643465 208.1700488446375
3447   44.73954027921341 207.4594474392027
3448   44.14417008719375 207.8530504586263
3449   44.10071673749189 207.1404993258238
3450   43.50326927441614 207.5349513911505
3451   43.45938046649894 206.8202854639725
3452   42.86122818005069 207.2156723223168
3453   42.81721983841433 206.4983184999408
3454   42.21687600693375 206.8951508517991
3455   44.70667620562787 206.7509764181117
3456   42.17312074266717 206.1760150676528
3457   41.57140384730084 206.5740047095552
3458   42.77884398208661 205.7784961871004
3459   21.33256542292203 165.4972203510526
3460   20.45398893639732 165.0822198076247
3461   49.51215024521053 211.3693713182749
3462   95.15222281983799 171.257291389721
3463   27.20483755118024 165.5230338044622
3464   26.33271339523849 165.1028820897998
3465   95.56956762652877 182.7516001369112
3466   95.60206600178198 183.6992780588587
3467   96.40662209757684 183.1966213259249
3468   96.43792621751328 184.1444387471878
3469   95.63409592117776 184.6458446483372
3470   96.4682349196712 185.0910019687134
3471   95.66609435464613 185.5905570391567
3472   96.49862143623183 186.0358690473721
3473   95.69889646022774 186.5336400317832
3474   96.52876837850411 186.9778952040992
3475   84.20268908193316 180.3596686577815
3476   33.33372760964716 197.6991389924245
3477   61.3682029333999 217.6118538905896
3478   60.76641763283594 217.3130800488408
3479   95.39994798307501 178.0079576578683
3480   19.55678587838124 172.2227746207528
3481   26.24701793646525 175.4507255709218
3482   71.44482260493592 193.6073860297101
3483   46.31878070776505 186.8208494903199
3484   65.46859392697053 216.9671499171661
3485   64.84921816580307 216.6628136020711
3486   65.42367275642175 216.2768879772665
3487   64.80704124295193 215.9807253333593
3488   65.38553595657393 215.5937693507039
3489   64.23046903569521 216.3612883210686
3490   66.44086492877076 182.7614532821308
3491   54.82341071816928 177.6010624630848
3492   54.01948156826383 177.1994108851184
3493   54.77349617655274 176.7008468750719
3494   53.96114233035878 176.2959109832768
3495   54.72241485839155 175.7949564204918
3496   53.90667957345508 175.3888372660702
3497   53.14524790230951 175.8918981107587
3498   53.08980511313975 174.9825578185393
3499   52.32870387366944 175.4878883855262
3500   54.66669820309306 174.8835663766499
3501   52.26921681970632 174.5796041903426
3502   51.50976425993082 175.0829964186094
3503   51.56787913657429 175.9926823950573
3504   50.75140440594662 175.5895433635947
3505   50.80940494076082 176.4969348813067
3506   71.73865404670644 208.2843254189211
3507   71.06700826846073 207.9414152129269
3508   71.70134801506005 207.5307713299821
3509   71.02558113100218 207.1853996472411
3510   51.33026755631985 210.9592446602068
3511   47.38515137770722 193.6559957215788
3512   86.39130971447062 202.0996301779427
3513   86.35436889892418 201.265595298657
3514   87.09580223454478 201.6508282075441
3515   26.55667996279329 207.9454604329485
3516   22.23862571136758 207.2077769704137
3517   21.59781039296264 206.9010014530072
3518   92.43855368722092 215.6065149569625
3519   57.22866962798387 207.4637119318618
3520   56.62446027367486 207.8656892724293
3521   56.57810309493856 207.1428891605185
3522   55.97344582491003 207.5446963910567
3523   55.92688508605959 206.8212250805297
3524   55.32336851326079 207.2249550309505
3525   55.37068252439509 207.9482490228295
3526   54.72303727844196 207.628495043686
3527   54.76845305138682 208.3471374685057
3528   54.67408417045034 206.9075989952399
3529   54.12449155597635 208.0295761096768
3530   54.17276232561318 208.745186493192
3531   54.81284949140028 209.0621628170163
3532   54.22348051668593 209.4502518332479
3533   25.92416527391539 207.6377113217068
3534   26.50805165086982 207.2402866211391
3535   25.87167744092493 206.9300007337165
3536   26.45968868216654 206.5313552149656
3537   25.81758383674653 206.2199619591497
3538   80.13304829736133 179.1510937556271
3539   26.99993510251687 201.3011459368123
3540   61.60800299346587 195.822623505204
3541   45.97121364597974 207.3859512799209
3542   38.92541351775652 177.3640739812321
3543   78.18280779124633 187.8117812089195
3544   88.24396629626925 182.4059437563404
3545   44.10484994738221 171.9841091757882
3546   10.86050639603645 175.2671667947468
3547   -0.526801581176717 192.6134941040399
3548   29.47302466566284 179.2911348881833
3549   27.09516698485388 206.8436027149682
3550   27.05099059286425 206.1316073309941
3551   27.68994043706871 206.4453393164519
3552   29.9969564992851 196.7436869212873
3553   59.65590773408061 205.8379891341133
3554   6.181020401482074 177.557032901285
3555   -4.963371317392196 172.8006826671219
3556   88.99606102119306 195.6010337443323
3557   57.07149832067531 198.8502104454073
3558   7.475161820734298 185.4261951836644
3559   49.7413277670079 181.0421603388813
3560   64.01802480757242 202.9252795361232
3561   60.0173757906111 212.2370367215059
3562   96.03559297835749 201.0829697609967
3563   26.72471988672131 183.8753132370585
3564   27.5013806874432 184.2553028877423
3565   25.94283420393749 183.4964178710144
3566   12.73121283715666 196.7404125910621
3567   12.30333242719332 191.0102687258619
3568   67.43165028584357 203.8556811450815
3569   35.65465500124545 175.7702196990738
3570   42.33840925244225 182.3836658630957
3571   77.03099066627887 209.5394660905667
3572   63.93208035166602 188.1745893835045
3573   31.08725655619133 180.9557544855367
3574   2.316715827929608 181.1067184813483
3575   46.70396556923377 176.8380735244829
3576   15.81191533299803 187.6398162781987
3577   34.17681817716936 182.4943937574331
3578   79.63169211529932 196.9754281616069
3579   93.31698178724805 189.8157907311704
3580   49.53549731738187 203.1503778669215
3581   9.796464809428056 203.7655469321381
3582   10.40121423204634 203.3410425402754
3583   9.728723703416536 203.0251795564993
3584   32.38521423996528 213.4367955596757
3585   31.78491301722983 213.1526355403649
3586   27.1359854912696 164.5545365923326
3587   56.53218216672823 206.4163962672558
3588   55.87731804643431 206.0927711781945
3589   56.4875923597567 205.6858241727087
3590   35.48787519737363 200.2376330144145
3591   36.12497923704767 199.8161118542028
3592   36.07522406179965 199.0561580161605
3593   36.75798784536155 199.3949932650099
3594   101.8785147130166 211.8482782944001
3595   103.9493633931863 199.0492721454496
3596   85.6109743610279 200.88200487219
3597   51.68167897537151 218.8288837893073
3598   55.1424308853511 211.9438206008041
3599   99.08656090417563 218.8050514751989
3600   99.79692288388537 218.3719152379529
3601   52.18826332927772 186.4531201893429
3602   96.86871787788994 204.1225385657011
3603   102.0045460186397 215.370087820309
3604   102.0311991938913 216.2496515383024
3605   102.7859138017762 215.7858955528726
3606   102.8149389247717 216.6768017518159
3607   103.576711688382 216.2056963897842
3608   103.6042382627583 217.1054744808505
3609   104.374193137404 216.6301297586685
3610   104.3441995884795 215.720503082725
3611   104.4006565801197 217.537104260145
3612   103.6295722971226 218.0108833425186
3613   105.1542554016144 216.1507991690747
3614   105.1224732066982 215.2264885931327
3615   46.45081324562153 216.3502920935613
3616   47.00868084688952 215.9839021002504
3617   65.92698608307752 201.6196870495685
3618   65.22943408497906 201.2732480329868
3619   69.0088925109865 216.0263214030326
3620   68.3818858774169 215.7134257113808
3621   87.42490543956907 215.8233972316735
3622   86.78940028293285 215.4895730377596
3623   87.40353805603758 215.1064456349242
3624   82.73669233503458 175.9717437611488
3625   83.531780470213 175.4704957178209
3626   83.57806285236754 176.3989980527918
3627   84.36974727101027 175.9033490169035
3628   84.41494396219356 176.8338429879659
3629   85.20586941593038 176.3394825196894
3630   85.24477467547453 177.2810751148587
3631   86.0397582990321 176.7797172435128
3632   86.07905138965704 177.7216006920952
3633   86.87462777922579 177.2185115940545
3634   85.9938099256409 175.8335587518201
3635   86.91526315039738 178.1591901503542
3636   87.71088510609678 177.655169953076
3637   87.75097110303275 178.5966636161039
3638   88.54746073331967 178.0914586431953
3639   88.50320072594599 177.1460469428036
3640   88.58703425536046 179.0341381751142
3641   41.5274335043695 205.8530531705822
3642   40.9253866915367 206.2524112796169
3643   40.96938351845448 206.9716293062002
3644   40.32445292435521 206.6515861044037
3645   38.42274361448602 215.1199213524106
3646   38.9860681047095 214.7454241013069
3647   -0.3820261129504531 195.255437815523
3648   19.42301748597357 209.889754136483
3649   38.94439694559328 214.0691650425875
3650   71.27474076950584 176.2840330957787
3651   72.0505951939311 175.7898151498537
3652   -4.078013326947612 197.8746578076517
3653   -4.823342384885243 198.3981418275409
3654   -3.336844564444814 197.3581231425687
3655   42.28588281497883 215.5960661658276
3656   80.34641158793566 205.1933746332381
3657   -3.74157314622891 181.9031925570285
3658   -4.608609096876659 181.4894530430719
3659   98.96614360433826 192.7744720886125
3660   55.48636909504718 175.2930840573238
3661   55.43027526350102 174.3771664263143
3662   46.8686111296375 182.9563339420093
3663   97.61537048492198 203.6766985858922
3664   104.4390820178788 218.4199336710235
3665   105.204464063466 217.9691490497057
3666   -4.006304628105138 202.2815108613837
3667   -4.713154116552255 202.7718813740694
3668   -4.792988196815493 201.9067513304697
3669   -5.516584298236101 202.4082123636524
3670   -5.594510981582606 201.5309660424929
3671   -1.255421958394673 200.3741250938671
3672   57.85799555400866 217.2722209516985
3673   36.12972947319702 189.1337613537994
3674   35.39050343082218 188.7701190123842
3675   39.02750130436936 215.4206529403984
3676   99.14750268588341 164.694567567735
3677   98.30739988814298 165.2205501000682
3678   98.34267192279523 166.2108547506691
3679   97.46765872491625 165.7461782724673
3680   97.43210112065017 164.7563544565581
3681   96.59309750537963 165.2829950380367
3682   96.62891429365385 166.2715443134304
3683   95.75550927199892 165.8092044800906
3684   95.7916519422264 166.79636852645
3685   94.91895509661606 166.3347210394163
3686   94.88249501100154 165.3483103545135
3687   94.04689269320916 165.8737116252686
3688   94.08359307486839 166.8589149747899
3689   93.21157463797064 166.3985371350097
3690   93.17452025501842 165.413456277588
3691   92.33934702372909 165.9388038400345
3692   92.30184787700057 164.9534125992443
3693   91.46756184378194 165.4795628271876
3694   91.50567307405359 166.4640370154006
3695   93.24973494152786 167.3819806476671
3696   71.45257698660006 164.513916215375
3697   93.80029694754992 219.3456542335358
3698   64.17274047156107 182.4764266325678
3699   63.44159030980408 182.9560617712482
3700   63.49693561061073 183.8384943774011
3701   82.83789961023682 202.6758316828475
3702   36.70995189480721 198.6337948978598
3703   37.39190069068549 198.9745659903708
3704   4.051097930317288 193.1475929236442
3705   95.1018747980043 218.5894774981323
3706   21.4134764047411 191.6710324958985
3707   22.14211704519619 192.0352015604455
3708   46.8071398856999 178.6264296016523
3709   47.55361771224796 178.1358824416455
3710   96.78331870408414 214.3095620567282
3711   12.00662172698125 164.8325148989636
3712   68.80511752839271 198.667120145588
3713   69.48163274343982 198.2292356474288
3714   68.66747930475482 220.5385520698237
3715   69.23499935722441 220.1650565519654
3716   46.28406509015785 164.7311607473481
3717   47.14921707705692 165.1632580061045
3718   105.2709841334973 193.7291216949659
3719   86.57115361932983 164.7605338261898
3720   39.84633069328072 190.9540311668879
3721   40.57523540346013 191.3146881162156
3722   54.31607618516243 195.6784132492046
3723   55.02369964386124 196.0357795913729
3724   18.71065813853458 171.8166788565136
3725   64.50842346960272 220.4502638323034
3726   39.55194502760696 214.37196084238
3727   80.8727085874889 221.3667290197475
3728   81.45592103510762 220.9981850033195
3729   28.34977133797896 169.7659116778628
3730   59.48325237293938 184.2690986153424
3731   23.54681870244012 171.4558013256222
3732   75.28745298630595 173.9219742128348
3733   74.45279341274275 173.4884207701406
3734   36.07086631622559 214.5455604812301
3735   79.07770174256683 204.482997850627
3736   72.62041103352443 213.7856619342024
3737   73.23184307803757 213.3934137982677
3738   20.67341905505692 191.3075137663798
3739   19.98759969007481 191.7703792115354
3740   -4.446589930516105 205.3070941103715
3741   -5.23229742973413 204.9741008273983
3742   51.82008964774879 191.880914312823
3743   51.08664398995364 191.5205404007117
3744   82.32469046389775 164.4677717823839
3745   81.49654874810257 164.9870618060722
3746   90.63503172500492 166.0055459558889
3747   90.59519674975813 165.0211946772749
3748   -5.401355948604942 182.0343744471355
3749   -5.478664386964995 181.0726544492667
3750   5.514439632266033 192.972387232646
3751   102.4513692255374 203.7703638716536
3752   51.45529248750451 174.1764781568372
3753   32.52710050419479 174.1325774663063
3754   10.34056270526058 202.5967658375257
3755   5.204825392447789 164.4693072601706
3756   4.402991557183672 165.039268078348
3757   41.25388115046209 190.8659633660617
3758   53.02239561187855 174.072356068153
3759   29.41528001386422 178.4015854436128
3760   -5.354182734386995 177.219708852922
3761   -5.451068347537725 176.2527265978521
3762   69.03271484338885 166.0743277044702
3763   68.16831408361605 165.6289650994867
3764   68.11559337203454 164.6666161772696
3765   67.30249004165223 165.1839688744697
3766   48.42959105038049 199.5286875131387
3767   47.75297384779533 199.1664014344203
3768   49.11403831395129 199.8705909170287
3769   19.01421746805586 199.5825615326736
3770   23.81518473866344 175.1675490846115
3771   59.43467130468922 182.6209986034459
3772   57.8707176311847 182.6404427420092
3773   84.81712317664011 197.1371175560141
3774   102.7861814411366 194.2162639493371
3775   1.046953637732238 206.1127871533166
3776   0.3667372187496938 205.8148489439689
3777   0.117199694790131 182.7481690971812
3778   0.03541658988939781 181.8118586018379
3779   15.1983070432648 179.6715732730604
3780   14.44642799418586 180.181610628731
3781   59.78804333502951 220.1018885006901
3782   59.18325593018962 219.8094784926897
3783   61.32235287455994 216.9305148746969
3784   83.31956748636038 208.1802128655858
3785   83.97738106464601 207.756661205957
3786   82.63465199412758 208.6001714273646
3787   11.11598246030759 164.4201321177862
3788   26.53914963049169 181.2604125194472
3789   -5.256235163198197 169.8871330285436
3790   97.27141145718844 184.5914696255723
3791   10.85357402415818 170.7754283310107
3792   10.02614310415966 171.3624508846364
3793   6.29132297011201 193.3444949926597
3794   6.356945481783612 194.2030455717666
3795   105.7009474455731 203.7077063781268
3796   105.7214895622193 204.6581274224744
3797   3.670424996497521 206.5623988988117
3798   4.326148636709549 206.8571956022082
3799   30.21584532572015 178.7977611507964
3800   93.88984746770907 205.8936283882621
3801   95.10445642848161 219.3500558725838
3802   98.38092720582009 219.2273437501321
3803   51.39326403200251 214.2874120623249
3804   24.42032807247419 179.0571080597671
3805   41.11558604952842 188.4033447101594
3806   9.659376228509142 202.2780769416217
3807   62.45510536688595 173.4833373350902
3808   63.28321536311788 173.9051594946689
3809   6.225700752448326 192.48477729108
3810   47.04782600220577 216.6492221325423
3811   59.26543279682539 173.6682645271314
3812   78.48350474787682 221.4701905322353
3813   77.8732256500767 221.1553674790324
3814   96.08980427998054 214.7468739973704
3815   6.900649633252121 207.3111456676924
3816   7.560797056307856 207.6006155045609
3817   15.95055016656169 179.1632407555071
3818   16.7675269931047 179.5617219661512
3819   16.70447773008023 178.6548362864152
3820   17.52142950769064 179.0545473274553
3821   13.10453194997758 182.9842792769174
3822   13.03902547395838 182.0877249834575
3823   104.7574776084628 198.5506037687242
3824   103.6152392000327 195.629929782823
3825   86.31670013235978 200.4258330312212
3826   18.37810017394498 200.0171873766434
3827   21.25565795018431 164.5275595124704
3828   -5.653219853894433 198.0166379231884
3829   89.3837754165781 178.5287718434232
3830   92.29942769998644 203.3760068549917
3831   14.66431546223725 208.0731234774551
3832   14.08954368257621 208.4704146407846
3833   102.6392643198577 192.4062046287701
3834   37.1325549151268 213.1653362656131
3835   67.24408982041314 164.2321241448237
3836   66.43265955300149 164.7404192610635
3837   26.05199788565822 172.6838449898203
3838   99.81499189948184 219.2059105770625
3839   96.86318562935533 215.9307509028912
3840   70.29111495698528 170.5435182470416
3841   14.42473533012477 201.3457470279233
3842   15.06108396063691 200.9172075548517
3843   46.75417946355041 210.5193532104176
3844   105.4048781614453 171.8964390547647
3845   105.4385557794612 172.886318317503
3846   -0.648708694831842 164.5063838594353
3847   0.2393069001481383 164.9199104624029
3848   0.3435068539918067 165.8951661475672
3849   27.87390784577491 178.5033503541694
3850   6.886999851611894 164.3255993591198
3851   34.80590223609389 200.8048085717113
3852   26.25546947633947 164.1324032580051
3853   64.17566472236064 215.6659720829249
3854   89.4226013296758 179.4720160685993
3855   53.53011249092362 208.4288738973366
3856   53.4815810945245 207.7138062674167
3857   35.29158556322275 212.2459672516178
3858   88.20713842634493 195.2189063426961
3859   88.89830759519839 194.6631411211342
3860   19.48765992864648 171.2848418706789
3861   19.48219980180082 210.581804353202
3862   18.85953796385101 210.2809966085002
3863   20.0949204455861 210.8708846406616
3864   14.14705318916537 209.16680196274
3865   13.5159827247156 208.8688690618392
3866   51.12008253147451 192.3026080301738
3867   50.40771332249012 191.9704144063959
3868   55.82737851663828 205.3604605651513
3869   56.43983590602798 204.9513118650249
3870   70.76581641199857 166.9625452703435
3871   54.97761195345863 195.2434411867757
3872   55.68850060694754 195.6028772967991
3873   105.9412347965764 215.6661345505635
3874   105.9114694185195 214.7342868907278
3875   105.0868153258764 214.2972513713635
3876   105.8783648520677 213.800629817034
3877   105.0520810541092 213.395793966661
3878   105.8654676468422 212.8974867060091
3879   97.18331658970159 210.0406079673129
3880   -5.446467553638461 167.9346001002666
3881   46.6817790016363 209.121868182266
3882   80.29084281200792 221.7363214899635
3883   84.74045294997345 196.2791504012819
3884   93.13767656798512 164.4264266936746
3885   0.5916249640364556 178.112776906203
3886   1.38251215191535 177.5222803484628
3887   1.293214659550906 176.5669143231293
3888   60.20570455672657 183.7937883889273
3889   86.03570803208096 191.7792017769125
3890   86.84436827411187 192.1493796329104
3891   52.90701112960966 194.9668454732257
3892   53.74317062660218 197.6799302947235
3893   53.09273926769301 198.1080481098478
3894   85.7174973476432 164.3223988062286
3895   41.30267257911542 191.6760988351424
3896   49.99424256781298 176.0945997890198
3897   49.93507504256992 175.1872561753962
3898   40.88039202890832 205.5298860710061
3899   41.48525544315424 205.1288904659249
3900   54.86648256721602 216.4433764637882
3901   54.30679270058835 216.8151582193642
3902   71.66469839459789 206.7720737246669
3903   72.33737404074333 207.1192293990475
3904   47.69500319903407 198.4191574821007
3905   47.06622493971324 198.8230134155642
3906   57.74225893232475 215.2310911179069
3907   41.49616850238966 180.2687956901912
3908   94.12099071488406 167.8423444149393
3909   100.5296513222514 218.7758768524995
3910   64.85206256758983 181.9765593922223
3911   45.42994150948255 164.2972351563949
3912   67.49551967005185 220.6099641339846
3913   97.33040123890001 186.4808420037239
3914   97.36038741780477 187.4240498958692
3915   37.43894894482958 199.7346288318638
3916   55.03647073489534 219.1191584371313
3917   55.62328304426871 219.4125038066721
3918   56.18683933716344 219.0483558960306
3919   56.23945982210765 219.6873591684833
3920   56.78484462334857 219.3399145920407
3921   33.03799684836582 206.376875747175
3922   32.43894348582343 206.776046053321
3923   31.79512597025241 206.459775401815
3924   66.06575052733709 187.6082236467043
3925   103.6067556381361 218.8323756014778
3926   31.86210502601664 207.185318075569
3927   31.22255751462957 206.8716507384979
3928   38.07277369627051 199.3157815823952
3929   39.51262318010575 213.692838483568
3930   105.6199597776363 199.9521329903496
3931   41.25765693302652 176.7216050785281
3932   94.87062615669018 186.0960078160646
3933   14.98408360235391 169.9156906853768
3934   46.60969816649325 207.7064516786589
3935   46.56759830727405 206.9927416465791
3936   55.06057568556133 196.8252438981539
3937   47.0919810407339 164.1938453220988
3938   47.96091953451569 164.62961832772
3939   48.02127430892811 165.599638004913
3940   48.83142049012472 165.0671927725372
3941   39.5162991596496 185.1390664534281
3942   101.8784615129311 169.0609160728808
3943   96.55627457339355 164.2926523418413
3944   26.78625579586988 184.7365199351217
3945   27.55649918944621 185.114371494469
3946   75.65280460325343 208.0774468671646
3947   97.64502972553419 204.5488417433557
3948   98.39244765834152 204.0964484548734
3949   24.36911025994669 178.1716105183806
3950   69.52498964754977 199.0377402003494
3951   70.19827549289205 198.5969788337861
3952   -2.763793596131661 169.1548296181836
3953   41.68023867156596 215.2950624970854
3954   41.63862838845729 214.6229194128407
3955   74.08370258660366 183.1156864665022
3956   74.90920192297622 183.5462165644249
3957   31.83065246641767 213.8311401179573
3958   31.22310146288802 213.534813792208
3959   32.53435914616733 214.1671888606099
3960   105.8341736639304 209.50646811726
3961   105.7984762867155 208.5659318438054
3962   15.1293686639171 201.6463410337448
3963   15.74784797832582 201.2439573937052
3964   74.97351363992786 207.7257535351925
3965   2.823000024650246 185.7615202765475
3966   84.3548589275842 174.9808231012701
3967   99.98838372233976 164.1676760174192
3968   68.17966723831553 199.0849557918241
3969   43.54791130571139 208.2477724364678
3970   105.2430081691255 218.8568034422338
3971   44.5754953055801 180.0922362536249
3972   102.5169412570613 206.8708582907747
3973   101.6845470969591 206.4941816750719
3974   -5.81476203578015 196.1863573926079
3975   -2.597966364795748 186.1193778680996
3976   41.32965849231408 166.0054359274667
3977   41.2750234998722 165.0388138547811
3978   42.08034235993769 164.5006037498566
3979   54.50776767441847 187.6280271032262
3980   63.60338140016863 216.0557276860425
3981   39.89829147639567 191.7633631541723
3982   39.17269918883986 191.4052560192142
3983   48.77400238848598 164.0965382921755
3984   49.64270637758359 164.5351124206075
3985   49.69844134272284 165.5049049710262
3986   50.50947088674486 164.9743931457411
3987   69.2743745411995 220.8414089518213
3988   69.84106339882428 220.468317475697
3989   93.28821703196388 168.363544688363
3990   2.161053472294121 176.9608749806575
3991   2.070539126428554 176.0103197633284
3992   2.938659249585422 176.4046844513732
3993   2.846798534300162 175.4564247382012
3994   3.714533947970425 175.8498432118212
3995   3.622591602669616 174.9019491051542
3996   4.49035958940656 175.295356648769
3997   50.56221131530592 165.9428403436098
3998   51.37450724677874 165.4128810832188
3999   51.43372377486226 164.3378926036016
4000   52.18867308211916 164.8839395366769
4001   92.26270433867087 163.9652434223755
4002   10.2783923045224 201.8447402590403
4003   10.96299567205325 202.1668108069732
4004   21.03159768284088 199.820935156674
4005   20.97867839471131 199.0525459273632
4006   52.23927811990875 165.8537930957551
4007   53.04304604866424 165.3088508706263
4008   53.01775936899676 164.4395289476804
4009   53.84701046191208 164.8530014160192
4010   56.61468536911912 186.1918025574726
4011   18.66500649274611 170.9182195540356
4012   53.89310869566709 165.7068600020992
4013   54.7296423516738 165.2334514562093
4014   54.59205395499712 164.200431410036
4015   55.53498191908946 164.7014435834493
4016   41.06687849174706 187.5765461420219
4017   90.673459629382 166.988079831848
4018   59.69669269902702 218.7655153279533
4019   55.6250582825606 165.6301075492268
4020   56.42048633663024 165.143627010734
4021   56.35809445056727 164.1832168233732
4022   57.20696816942306 164.5952607027543
4023   57.30034381689754 165.5499329862557
4024   58.09828813649526 165.0667482600777
4025   93.17266899739259 206.3369076058965
4026   43.19487548998663 168.7685118645451
4027   106.0157834683727 218.4041331763234
4028   95.73359371676727 187.4799315744385
4029   8.751246835102217 182.6249729821627
4030   9.427655222991659 182.1670386537376
4031   8.027433531298332 183.1398451561722
4032   70.70892648507439 193.232959995301
4033   71.44416518333372 192.7959947461842
4034   20.37158605359518 164.1106941802541
4035   66.86833426963 220.3054255841593
4036   60.26395320775763 184.6554698322043
4037   41.75526224665039 215.9683651137343
4038   42.33267157735625 216.2701467275134
4039   58.42808388028362 216.8988297865922
4040   79.43250238613491 175.1646874225565
4041   56.87399406051208 219.9349847148671
4042   81.06739159209565 175.9960564860704
4043   -6.275092769531909 181.6203408251129
4044   -6.332581597760475 202.0413981222061
4045   -6.324681784532882 201.1376200741426
4046   37.34586228695937 198.2113858023932
4047   36.66059579555233 197.8690825623728
4048   37.25355047507722 215.1914758595042
4049   99.20052985362436 201.0642614876057
4050   66.38760065379509 163.7752289475345
4051   65.55558429309855 164.3139577803942
4052   65.61159638392034 165.2689585956733
4053   64.74502512977517 164.8234355956988
4054   -6.353612488600945 180.6484314752692
4055   45.89307027647641 216.717854037036
4056   73.20043460052918 212.6684261763547
4057   73.8485614655067 213.0052108070346
4058   73.87845963569183 213.7292289507868
4059   74.49193172509419 213.3387329540123
4060   -1.553816680783457 164.1353925866366
4061   -5.857588461455293 172.3993886728291
4062   72.01239522571555 214.1773301655761
4063   63.95094529595387 220.8250200901233
4064   22.09483851445244 191.2124903584868
4065   22.82797111430275 191.5785590848757
4066   19.36598172864675 209.2018796090378
4067   47.60385775128437 216.2835878964892
4068   47.64157628629141 216.9474992499267
4069   50.0542834854426 176.9992731660587
4070   41.21014492174646 164.0698342846738
4071   40.39620555995411 164.6136257846561
4072   105.9273993988259 190.3692489454041
4073   105.8956461581845 189.3955028597887
4074   50.03592072621002 187.01930333252
4075   49.33972341205151 187.4876352069181
4076   49.39693545359577 188.322577934588
4077   83.23684358764908 206.6353873514797
4078   100.0903164206215 167.1379687462808
4079   4.309006446744073 164.0583410155764
4080   102.9481340992098 175.4138074128229
4081   103.804562954105 175.864701176542
4082   45.58560070168699 167.1855483685971
4083   11.29742332815324 185.5763131907681
4084   11.33678252106601 186.446972246742
4085   58.05566677860658 164.1104660827542
4086   58.92012389508503 164.5565702817845
4087   58.96411148722924 165.5315810270278
4088   59.78606232867361 165.0091605510525
4089   61.62978392089785 173.0642861836122
4090   40.38870920776942 207.3758918039879
4091   39.72556581836659 207.0499097164425
4092   60.70500402240967 216.6317075812118
4093   47.4701351265711 213.590439911553
4094   47.4324904796533 212.9124549085874
4095   -1.260345277754183 167.038951145063
4096   81.4831070853153 221.6845456247653
4097   82.0648025181801 221.3157788639243
4098   86.76225642000315 214.7682941464186
4099   87.37732288561222 214.3797774898046
4100   88.02392213645882 214.7233841242752
4101   88.00628273457916 214.0018298326133
4102   88.65189172315384 214.3390827338042
4103   88.63344833211706 213.6087013207212
4104   89.28523452517801 213.9491505498517
4105   89.25874744139477 213.1964879954804
4106   89.92474551951705 213.5519646948032
4107   15.40063273270703 209.7552328634451
4108   16.02217428037067 210.0528334586735
4109   73.23263147606677 182.6597934798658
4110   25.81046860796558 181.7517325206383
4111   75.80786908450423 186.593860612081
4112   76.54654224089363 186.1106440963082
4113   -6.240201271047902 176.815563840566
4114   -6.313133158859241 175.8848123460265
4115   -2.336336628202587 204.6958733317584
4116   -2.26544012721842 205.4997313326962
4117   -2.920042098894837 205.9651711055542
4118   17.45945697334924 178.1467219502115
4119   18.27201172215221 178.5386100325235
4120   7.873850534474254 165.704960622644
4121   -5.994531755726547 194.3379981832328
4122   -6.072392662635215 193.3998776118354
4123   66.0033410040542 215.891157320918
4124   65.95571032552964 215.1950066023493
4125   84.0154410309885 208.5368628314957
4126   84.67255714416635 208.1145474868234
4127   84.63565397262812 207.3310827474186
4128   85.33383468500423 207.6911390582895
4129   45.01725508038001 174.2225535797202
4130   68.8805899203825 184.8186618828933
4131   27.64435722401319 205.7304505697934
4132   28.28796152368746 206.045129472623
4133   74.52470901291052 214.0638952356991
4134   75.1376830491927 213.6736385541865
4135   57.50982317534286 211.75061029592
4136   59.2320909243433 220.4783882510629
4137   59.83499865644918 220.7711287690558
4138   89.80426154679259 166.5305331941401
4139   83.16439037999032 163.9648128739809
4140   81.42811796858538 164.0587819804848
4141   80.62160783796465 164.5409185599827
4142   80.66702855372718 165.5111237227054
4143   79.7970948140902 165.0564444018607
4144   79.77657360626529 164.1117133276456
4145   78.93261220002096 164.607090723397
4146   78.97043717593635 165.5800693233355
4147   78.10331564628382 165.1270815691613
4148   78.0602490509247 164.1476782237568
4149   77.233735812938 164.6734243050407
4150   0.8818364824891256 204.6221853387797
4151   1.493621985626028 204.1752757945736
4152   68.96655651799159 215.3250099884202
4153   68.33596752898285 215.0100833162076
4154   35.44577157214376 189.5915805210683
4155   34.70668275629275 189.2287955022765
4156   34.6511414458997 188.4066112018713
4157   33.96639493595473 188.8667400482131
4158   33.90821777282835 188.0468526653426
4159   36.18147801711396 189.9544081257672
4160   33.22199827930569 188.5053189020256
4161   33.16478797982526 187.6827983221262
4162   32.4769205590614 188.1419712282476
4163   32.41788711231324 187.3208822039625
4164   31.73118977940414 187.7773633043868
4165   31.67168824948137 186.9539565697766
4166   30.98377626206803 187.4103575784096
4167   30.92699354214168 186.5769289292007
4168   30.23032152078629 187.0438617791245
4169   30.17378191259846 186.2063672136018
4170   29.47780882761389 186.6754316437231
4171   95.74483725097357 218.9667149191615
4172   95.76677152746106 219.732154075659
4173   59.76537268584255 164.0703629323477
4174   60.61088704944335 164.4929226153943
4175   60.65017964905498 165.461029580535
4176   0.1222139246475363 163.9853206317812
4177   61.47052850835064 164.9403723621294
4178   7.00246613027174 192.8575134451935
4179   6.937205617948647 191.9973768072356
4180   69.88157468650624 221.1437421640791
4181   70.44736485065876 220.7711173827547
4182   70.40909559038536 220.0953371263921
4183   71.01641502324603 220.4010262915638
4184   71.05282705952393 221.0748448190795
4185   71.62171251447288 220.7038519310327
4186   71.60339991647332 220.0347835340614
4187   72.19324081805037 220.3329434230928
4188   72.22924212858395 221.0113184742442
4189   72.8008546655359 220.6402097300708
4190   72.76202286967619 219.9573566890747
4191   73.37201311059769 220.2661004261646
4192   73.41273047719864 220.9506376231373
4193   73.98357177311591 220.5769983926465
4194   73.94562326709419 219.8923104735592
4195   74.55658798587925 220.2037031516206
4196   74.59297621235187 220.8880256171412
4197   75.1302744046676 220.518877977477
4198   75.1933617158839 221.2009164574239
4199   85.56725071187947 200.0404264058872
4200   93.16445112308432 218.9851675407382
4201   93.17076370097271 219.7095176928133
4202   92.54850514102779 219.3644723445477
4203   93.81775256282369 220.1907913308638
4204   92.5544451560528 220.0670446920273
4205   91.94680689967836 219.7300540784576
4206   96.88398831067362 204.991954712086
4207   61.43072847159009 163.9655171319354
4208   63.38034543941857 182.0862005424975
4209   96.05683833944923 213.9272472964195
4210   96.75000236825898 213.4872009826974
4211   19.93927609599329 190.9583521206219
4212   19.25383745423897 191.426834976211
4213   20.28378736911222 198.7149278722907
4214   20.93948411296812 198.303272123801
4215   21.62421082600209 198.6238755031882
4216   42.26702526598939 207.601307937118
4217   35.59266336835375 200.9611067571607
4218   -3.259481224950904 198.2533835010786
4219   56.2517922511433 174.789195697497
4220   56.19877030327872 173.8705296769673
4221   55.37258122384993 173.4571772253219
4222   65.98136045570494 198.007723711545
4223   86.1481621747173 215.1559188660328
4224   -2.459370861023439 187.9982420141871
4225   67.96514911532071 163.468227844886
4226   28.23714683599043 184.7815038483839
4227   13.0272700113894 201.4902392026939
4228   1.105263400498942 165.3302732926936
4229   1.219049673115907 166.3205396094577
4230   63.23404773641175 172.9764402457157
4231   64.0627238004777 173.3993513536353
4232   64.1111885388668 174.32777881145
4233   64.8900933714523 173.8231959097824
4234   54.51778641573353 211.6380594642654
4235   53.9430438488446 212.0195543392323
4236   55.04818730473501 211.2297190623811
4237   4.47297663595258 199.0174994164428
4238   39.67970749811006 206.331967906011
4239   18.28683722806274 197.1516551434819
4240   84.00327474166245 195.8845532761248
4241   92.30337775486981 202.5208215271228
4242   91.56577719702297 202.970920131284
4243   80.6879765382164 202.3700652054951
4244   79.94969525613108 201.9916801580303
4245   47.60525546276303 179.0260905620577
4246   94.41158332509241 216.7221399713502
4247   106.0391854232785 219.3279417838999
4248   15.34891708879609 191.536614994615
4249   15.37670617851383 192.3896642973748
4250   16.10141559444661 191.908577123799
4251   16.16106674745979 192.741095556094
4252   15.38284685296833 193.2424772748696
4253   74.48127170887668 174.416555951944
4254   83.82264081116904 218.1064346900709
4255   84.35532771276888 204.2508241453872
4256   86.28517753757087 199.5930675021522
4257   87.03138940717275 199.9721041374529
4258   17.57694195770164 206.032834851342
4259   23.56107453478415 177.7758489426679
4260   72.30537760605812 206.357414423098
4261   22.18304871933221 206.5027919245291
4262   21.54211951527135 206.1898927088799
4263   20.95293752710411 206.5946685697676
4264   20.89643377316671 205.8798599111729
4265   20.30483975075956 206.2865942920329
4266   19.99113825907476 203.6718165462946
4267   65.87984570582697 200.8404781842987
4268   65.1796422957742 200.4928386572967
4269   64.52812349565835 200.9273844103348
4270   64.47739787340163 200.1457804047366
4271   63.83126413662698 200.5699583765285
4272   4.399122273437239 174.3483670612618
4273   5.266443405876229 174.741010095043
4274   8.168345375322957 207.1857827772598
4275   8.229609425639914 207.8881700599007
4276   8.812172748762656 207.4825561601561
4277   8.874096513037241 208.1833154211832
4278   9.452072228690051 207.7796788755524
4279   9.513599815694569 208.479882166846
4280   10.09036872407994 208.076697388747
4281   10.15151790342046 208.7767818708486
4282   10.7278210291731 208.3741176050784
4283   45.2957505533581 216.4202722627943
4284   54.26351549064191 216.1465504620592
4285   53.70462479937588 216.5172575802791
4286   70.98640732080062 206.4259364738983
4287   70.34686382507626 206.8408557607657
4288   95.95918713362643 197.5135514502199
4289   15.85413988870001 170.319241851182
4290   99.11200535006743 163.7023127491206
4291   -2.185200879208852 206.2702620109609
4292   91.5507690260201 202.1193961510236
4293   90.82770192878903 202.5704541009283
4294   90.80091499533937 201.7188341194327
4295   90.07889715598147 202.1693207108119
4296   90.0497805457428 201.3186211288479
4297   72.53112410910435 168.8088985171135
4298   69.20117538791965 190.0143437825456
4299   69.25152361713799 190.8685228091977
4300   45.36453345911941 180.485032271347
4301   77.19083113759324 163.6935172390772
4302   76.3682020544667 164.2097976313621
4303   23.10143403050991 196.376364692792
4304   26.99899437966667 205.4149758767144
4305   -5.140208193083682 205.8185663966184
4306   -5.933037343225124 205.4838487804175
4307   72.2949297250519 196.4739078308251
4308   23.03179953792461 209.6092646194541
4309   101.6412746901913 203.3256543234153
4310   27.33136349380113 210.3442848609722
4311   26.75562292387663 210.7323261686943
4312   27.37642810631299 211.0358653963933
4313   26.80485638098533 211.4212486195795
4314   27.4224953872421 211.7235665436586
4315   26.85384864919727 212.1082105542875
4316   26.2370257001474 211.8077743513594
4317   27.46954456368546 212.4083155004946
4318   26.28555922131499 212.490069088541
4319   25.67172661534156 212.1915924609257
4320   88.32945474745824 185.285945931394
4321   28.04074927540604 212.0179530954071
4322   28.08419223464494 212.7082152226795
4323   27.51728010418472 213.089474136089
4324   28.12965276134505 213.3888979867278
4325   28.69535269760211 213.0106088262795
4326   28.78574476188657 213.6994109543336
4327   -2.775266261764843 184.2301488156224
4328   47.00581335626669 198.0785765863787
4329   46.36471460318732 198.5032630456539
4330   63.34801277872651 220.5289277749465
4331   85.99765614644396 172.0945967478419
4332   3.749528651255812 207.2750007084427
4333   11.63762392066175 170.2223561644598
4334   11.72370601926763 171.1767359088356
4335   66.76629315792073 204.2810006243043
4336   67.47922568504737 204.6233171981518
4337   66.81485287774879 205.0469906891736
4338   67.49351206826718 205.3914412336965
4339   66.857315944455 205.8095227244115
4340   67.5553934035766 206.1675325813666
4341   66.90643351156783 206.569828717202
4342   68.22788754562193 205.0039067898934
4343   67.57957541010566 206.914262159262
4344   66.95016725513388 207.3220163208467
4345   66.27667708562876 206.9849321033683
4346   66.32289284798858 207.7332617730422
4347   65.65383277168033 207.3999513972825
4348   64.69012885141521 163.8860524693333
4349   37.38388521674979 205.0060110579722
4350   14.7827279006111 184.6512582444901
4351   14.04847567823305 185.1507013561244
4352   77.8390951615288 220.4687599623865
4353   75.22042911047178 189.7040765847834
4354   74.4917123679964 190.1805215725429
4355   75.30324636357844 190.6020500751396
4356   73.71586232138704 189.7883857188447
4357   73.7651239167957 190.654704824132
4358   35.20135234770715 210.1629434195872
4359   56.6733880397645 208.5900463402881
4360   96.66373785780759 167.2579687237522
4361   74.41020308446846 172.5487446283062
4362   96.93471561161263 173.1419488039853
4363   82.03730959883472 220.6308820266674
4364   82.64475061963113 220.9491252440666
4365   82.6747046648838 221.6312519127952
4366   83.25229102513768 221.2663853127303
4367   83.2244741388057 220.5825387130785
4368   83.83015310496405 220.9031129699233
4369   83.85671586257615 221.5847792979844
4370   84.43245034771277 221.2229609858345
4371   92.78512350254051 175.6915967097662
4372   30.14289671666134 177.9372707825762
4373   73.81659419836012 180.2997559179401
4374   39.25269620404346 180.8302370412986
4375   47.56642405152622 215.6179002308452
4376   81.30317818475237 216.7750569317604
4377   53.66146091442455 215.8493858321371
4378   62.65683404555313 182.5489521579516
4379   70.30579748127462 206.0816945430751
4380   34.99413002046191 207.3329300610719
4381   38.31794533062765 170.0114851126891
4382   68.48830162293403 190.4862171115945
4383   68.53901637902956 191.3358526482335
4384   64.93754911134667 174.7498108330392
4385   65.71578231859463 174.2463293626667
4386   37.50716980894175 208.6113288022823
4387   50.93206538250943 205.9000976983532
4388   92.39041816746504 184.753187737667
4389   5.175182165331092 173.7937821037391
4390   6.0435511583949 174.1867290710297
4391   58.04571003036672 185.2348063064451
4392   15.75237357246677 206.5576236162399
4393   92.65325837474222 171.8402188779914
4394   71.23347939493792 175.3617280697904
4395   72.0099688996363 174.87497614824
4396   18.58025362927492 202.3520049777531
4397   -3.089704490337502 174.5637217152714
4398   28.33777431648356 206.7602298201806
4399   28.9327126506324 206.360654549164
4400   87.47713851526748 195.6593792265214
4401   3.402940883730372 171.9709903467309
4402   105.9579554162707 191.3425195697215
4403   86.58889576081123 166.7273088384727
4404   53.78544753278068 198.4574836686924
4405   53.13158218423866 198.8953219435481
4406   33.49157457203722 171.2863470778819
4407   32.62546546787688 170.8904784740617
4408   34.34586981610639 171.6985444508394
4409   43.90692171332072 193.4730801987953
4410   20.96075179252562 185.9608279684466
4411   26.81801881701205 185.5514135055051
4412   26.07627577325749 185.2186264882987
4413   32.11182833185557 209.3152648344597
4414   13.16869922826481 173.6722855225449
4415   5.704608746279533 181.8019710110906
4416   18.47429117929905 182.1592114785194
4417   77.68911184542372 177.8584237587344
4418   53.25912839805903 177.6992267377182
4419   -6.197267198649127 182.5853461170285
4420   33.4519036111961 203.0646032327772
4421   25.23300975158205 206.621594844332
4422   25.17395459211751 205.907455992888
4423   24.58608180544542 206.3109934163679
4424   24.52751011818683 205.5942484732213
4425   25.11994192453942 205.1891140344531
4426   78.22007327556787 216.5677137564837
4427   78.82358222592035 216.1812575131778
4428   78.18379975965217 215.8514721621244
4429   78.79000460736007 215.4623050188762
4430   78.1485416891003 215.1316281201218
4431   45.33679543678791 217.0854102722386
4432   44.74089074071141 216.7889175118221
4433   38.90080096901926 213.3885017724897
4434   106.6360068649689 209.0049119401389
4435   106.6006834529375 208.0523475010704
4436   82.96558261189664 211.888117390311
4437   21.67636567686113 185.4812423276251
4438   0.4518993124509641 206.5510534797546
4439   1.14384835866131 206.8402308224425
4440   21.32825075280217 179.2834985685808
4441   21.26332092226674 178.3860480600382
4442   50.83187561972785 194.6886954013342
4443   1.43478187442582 197.6155577145973
4444   25.71973169112712 212.8709314341444
4445   25.10735901734665 212.5737146822337
4446   25.05925673405906 211.8948044376781
4447   24.4954217702895 212.2768191136074
4448   24.44555503432712 211.5994982084367
4449   23.88203737997055 211.9803999834722
4450   75.51708912010261 202.6359646391207
4451   76.18901075848666 202.1998342612296
4452   75.47460725460986 201.8385296453531
4453   76.14725371428317 201.3963690045494
4454   75.43023820830115 201.0364692926881
4455   76.8667571751264 201.7632761229683
4456   76.82511686652785 200.9545001850111
4457   46.31370131229475 197.7396706394442
4458   45.67159323667701 198.1661599496706
4459   9.801861577885084 195.3242702967345
4460   72.74119582156541 201.9951859823685
4461   87.58199611233138 197.2895865534711
4462   104.2449562777789 210.4973789844042
4463   93.03477049399035 209.5793335873822
4464   -2.525676243779843 197.7437850125714
4465   99.79122610526458 193.2140340924952
4466   99.76034285218924 192.2765817073823
4467   44.86806901954263 209.5813636464594
4468   41.64849963124372 170.7349186429722
4469   57.10179201775584 205.2784915969049
4470   57.05349575181157 204.5401101287813
4471   82.66710494582027 174.0897034180604
4472   53.10941063631419 189.3392638962528
4473   66.93270867653585 220.9845409122656
4474   105.6771074704445 202.7636799858555
4475   9.05300792769241 202.7113472823244
4476   8.973871716271098 201.9588316426748
4477   8.361224153265155 202.3957638212033
4478   87.86429570696933 203.68278586604
4479   90.23218940016656 207.2609245561177
4480   74.62692462854218 221.570600628575
4481   13.57026731558609 209.5634796356999
4482   12.97845850308846 209.2630226000551
4483   12.91998382744048 208.4931889954421
4484   40.33582102923955 163.6386202844801
4485   39.52302581338068 164.1824607768843
4486   40.65591224227093 209.4733785524466
4487   27.05825365569397 163.5906573283173
4488   27.9427768520123 164.0066485846737
4489   95.7600507890528 218.2002861240244
4490   89.89950007253779 212.7934105123045
4491   90.57180321337927 213.151114172494
4492   90.5942760779856 213.9141749255133
4493   -3.816519592043886 180.9458647835963
4494   -2.950202544284732 181.3608576460116
4495   53.89249021399377 211.3315301878884
4496   83.45548916187354 200.5833669527181
4497   79.43154415810531 215.7941894722875
4498   106.5359772514763 204.1627411782097
4499   106.555468556928 205.1162305285491
4500   29.25590177939726 177.4803940957869
4501   77.531124601473 201.2974671245292
4502   73.4050698651815 201.5584256632017
4503   72.66183249511197 201.1985846607543
4504   73.3596096814309 200.7579505899097
4505   72.60914670705232 200.3961390143495
4506   73.31559159996364 199.9526409611805
4507   72.55146118389915 199.5878384125184
4508   71.8046855833555 200.057666784868
4509   73.27079849766879 199.1422016200146
4510   41.21691869294888 215.7631061828607
4511   106.6634023414519 209.8761099138136
4512   57.71863303230401 204.8694267002377
4513   57.67011267833131 204.1268953680922
4514   53.48104308076017 213.7866894812323
4515   74.07904992503259 165.8422570360934
4516   7.594404262751597 208.3048691467654
4517   58.33784280266011 204.4579949996541
4518   58.29151329676539 203.7131109180619
4519   98.16361135352908 186.9261952634367
4520   98.19253428836069 187.8709463795738
4521   97.39041986218444 188.3675594875295
4522   98.2208667522928 188.8141923000999
4523   72.98191802595804 206.7066914810702
4524   86.55096912937599 163.7961786061341
4525   87.41271073392865 164.2298173825546
4526   73.99897874123866 199.5114227026916
4527   56.52918234599077 180.1896868788197
4528   55.78586953546215 180.6777759127
4529   57.62002464173644 203.3811207436871
4530   58.24419899140972 202.9649382983726
4531   58.91763394749495 203.2983103339665
4532   58.87059432101254 202.5463397926798
4533   59.54716795825436 202.8822185456595
4534   59.49965294166116 202.1265930059018
4535   60.18191128081234 202.4642717719082
4536   60.13407438134981 201.7063519832482
4537   60.81604670410596 202.0419005084703
4538   60.76984738761479 201.2800349482036
4539   61.45744237861007 201.6195884795788
4540   61.41146063605045 200.8558523838133
4541   100.5538454429672 219.6140581268272
4542   14.37996681846511 179.2735016380898
4543   13.62557345877125 179.7835905466152
4544   33.07704177932322 186.8601448969514
4545   11.91878990907354 163.8548530657096
4546   12.81097324078775 164.2689373040822
4547   51.83547619728056 192.7157934791987
4548   49.17846941402755 175.6932262441276
4549   27.07186571214052 175.8526794124715
4550   31.48295144818188 209.0060176079759
4551   68.2169425385117 166.5977517103567
4552   74.48006824287341 177.0699284087771
4553   74.52199465452067 219.516609948052
4554   5.447022930582322 192.1106341332006
4555   49.95391521530912 218.019071152278
4556   39.46017854591886 163.206079348105
4557   38.64845963288965 163.7505278866632
4558   98.42257672860131 204.9725078403454
4559   99.16932721133006 204.524509069779
4560   75.2630128276987 174.8288073694434
4561   16.85594279444962 192.2738116357013
4562   39.09187572630626 206.747231327148
4563   85.30152468570746 206.910599508934
4564   63.77435284669856 199.7966474269737
4565   55.77816958226958 204.6250836194408
4566   55.16862728059733 205.0355579536412
4567   78.14543850413963 166.1026187997106
4568   22.61755579767578 170.9645391249512
4569   -6.246933702263298 202.9403286518798
4570   55.64374093342926 194.8076867410592
4571   56.3542240766629 195.1678178030182
4572   56.39825083611053 195.9624507063902
4573   57.06347081844577 195.5287592293664
4574   57.02205901624768 194.7313589501529
4575   57.73416737048943 195.09457320506
4576   57.69292331355193 194.2940821246609
4577   58.40958885482351 194.6584001658697
4578   58.36718971240285 193.8539477418673
4579   59.08689101347363 194.22027334571
4580   59.0444746767471 193.411819631475
4581   59.76752652037025 193.781486912244
4582   59.72507225059996 192.9677396652148
4583   60.45174131669211 193.3393058273788
4584   60.40910323889585 192.521268789154
4585   61.13858432954444 192.8929711774556
4586   61.09643915008647 192.0722423584961
4587   49.75386418080753 166.4711673026735
4588   61.50868622459438 165.9113852886926
4589   18.91843301160257 210.9692799854125
4590   18.30161126887872 210.6733222081635
4591   23.48150039661538 170.5180175385534
4592   24.32320200409394 170.9304986698552
4593   1.474875622651317 178.4708285733142
4594   77.14845937793555 220.9205123955098
4595   77.31409714431607 221.623171040971
4596   0.6987078565481641 179.0444920793664
4597   41.98048932953998 191.2289909985709
4598   41.93248831757902 190.4179617285508
4599   49.11815862430319 174.7836597724097
4600   12.29341783609 182.5941090052542
4601   12.22418779445502 181.6975600466099
4602   -4.863368040258645 201.0156465925453
4603   53.31683396335717 211.7135399515603
4604   53.26674763150518 211.0253282331286
4605   -6.143563639376617 177.7913909833726
4606   31.26878215928203 214.2112317630126
4607   64.55186900841582 221.119773978064
4608   63.39375595935551 221.1969745796261
4609   62.7945862053737 220.9035677004253
4610   90.19021905413197 178.9183903495438
4611   90.1766461272847 178.0136472263141
4612   73.61885522704878 173.055444961086
4613   73.56776063429282 172.1020484442259
4614   42.02763966850925 192.0378066465197
4615   41.35386463615447 192.4828163944955
4616   22.78735463807424 190.7660558881567
4617   11.02599342198557 163.4409472932045
4618   10.22180124489763 164.0086025013845
4619   20.61766689408146 190.4810692342784
4620   72.65354550797986 214.5068745960849
4621   26.28467600582137 176.3246574800174
4622   93.91306298869138 206.738113755786
4623   94.6351498816947 206.2967673635279
4624   4.395174373060309 207.5658340519695
4625   27.13196343514585 179.00127612469
4626   30.8733600567309 185.736655622872
4627   19.4101767610831 170.3728336182902
4628   27.56657751098429 170.2983061692628
4629   28.41857480610515 170.7088080353574
4630   29.20006387013973 170.1792135771039
4631   46.46416067645364 199.4020974726839
4632   56.14467092468242 172.9476281079665
4633   38.46605480287985 215.7940891986565
4634   39.06919227611183 216.093419500563
4635   24.48800419364697 204.8717143151903
4636   23.52068747895244 191.1181251922656
4637   15.5069513167459 203.6467376324759
4638   13.57167459526346 203.4273839881454
4639   48.50865588508368 200.2510880913746
4640   49.17416679098927 200.6118731248819
4641   5.1137139876211 163.4869556911661
4642   75.17200292811518 214.3985394307383
4643   75.78624527573751 214.0075194912589
4644   7.713905017426424 192.3710393557602
4645   7.649929910269599 191.5099420948007
4646   106.7878150977901 190.8294544164119
4647   48.16239663987307 215.9186770542504
4648   90.39917314455603 179.802016173456
4649   60.86477420557242 202.8048868038542
4650   67.65632473236535 207.6841150124411
4651   91.95832226375123 220.4207299672784
4652   91.3573191225926 220.0864076140763
4653   72.50298332113549 198.7839546235591
4654   63.53809607145804 215.3627743520625
4655   62.97639676010479 215.7493409676335
4656   64.79534868247306 165.7923240023504
4657   85.99264527980517 207.2796505661976
4658   99.19370032245499 205.3828317039249
4659   99.93810083236588 204.98153048034
4660   74.01956985831927 164.8708267070303
4661   18.33302294370832 199.267149411575
4662   97.42016867722074 189.3099515362892
4663   98.24963931815188 189.7558964319533
4664   8.28517142393396 201.6357342661964
4665   7.658328560260641 202.0752309088391
4666   91.34071121475246 219.3972502828075
4667   90.75333445419577 219.7550092758751
4668   90.77143578033065 220.4384357881393
4669   90.17431949441331 220.1115400245808
4670   90.1930671283477 220.787058583731
4671   89.60138222755326 220.466548743027
4672   89.57942260316169 219.794111149529
4673   89.00810439134143 220.1484012414823
4674   89.027645067239 220.819385836095
4675   88.44268367873981 220.5115255729344
4676   88.41636298482942 219.8322813873449
4677   87.846498415096 220.1894323082585
4678   87.87531594868952 220.8681356436398
4679   87.27814909082844 220.5461523702018
4680   87.30057773216424 221.212786569779
4681   86.72703404392942 220.8647958156901
4682   87.40849214341041 213.6590332771337
4683   10.7884977159182 209.0740163759736
4684   84.4581538269545 221.9012663329476
4685   41.81049284918329 187.9461112803677
4686   52.88777836748429 208.1139947941377
4687   52.83781420685774 207.3988708188456
4688   52.93653397972128 208.826007774053
4689   49.5887465901441 163.5614540974135
4690   82.70083238965955 176.8473152193117
4691   34.06372977780268 202.6549632970828
4692   33.40141036601839 202.3284566508983
4693   83.80497424169921 220.2177939303472
4694   104.071921961664 204.7774277652683
4695   48.12483398030422 215.2524891766277
4696   58.44894350236339 195.4600374722164
4697   60.9812362513965 184.1909883626154
4698   61.04243040297099 185.0439888105782
4699   61.26916101742149 216.2457980477143
4700   106.2789690235003 172.362124191909
4701   106.2450633214388 171.3711658495345
4702   106.312379436993 173.3525848584077
4703   65.28281580111434 214.9119296565185
4704   65.86381921028254 214.4874305784423
4705   30.6382452072958 213.9128763752341
4706   30.54755685300237 213.235921739669
4707   18.20743265447816 177.6498448723461
4708   17.39336870090123 177.236980183443
4709   87.42997154063511 194.8141943538499
4710   92.35884624494636 205.0712987161936
4711   48.35034807997433 178.5373443998212
4712   86.95650253839393 179.1009983944016
4713   -1.62512197391615 205.0290867158299
4714   5.780692742407382 182.7230707946895
4715   88.62528969414606 179.975332676347
4716   93.19584480455447 207.1766058749461
4717   92.46201071437284 206.7800327928645
4718   -3.02427804154907 180.4038684417177
4719   45.62424635299317 197.3980209121028
4720   44.98220276606933 197.8276789924341
4721   14.03063942990455 207.7713484174969
4722   54.0226929910494 192.9631525315461
4723   68.25082387170706 207.2533887513815
4724   7.931888935304896 182.2343261001996
4725   93.05347821095303 215.2089592953388
4726   92.43513525532411 214.8388414662739
4727   4.970417918598644 207.1541845972257
4728   5.03733126441956 207.8559445746672
4729   84.31375304829452 177.8552765742269
4730   61.82960126830159 192.446082228334
4731   26.65388640927846 169.8974865462888
4732   106.6654073743971 213.3077360118302
4733   21.17687528186634 163.553580186435
4734   22.05811673030002 163.9739598205758
4735   30.94305417721994 178.3373218055468
4736   106.7909335712895 191.8069487907036
4737   64.0155527161458 172.4678144737798
4738   16.9179069020686 193.1030852609224
4739   -2.597489215604823 196.8507943886636
4740   -1.752089614976684 197.2057110156819
4741   105.7401392243743 205.6105391354465
4742   48.64422917695971 187.9553843636966
4743   48.71297971509497 188.7938944803043
4744   48.5864662242675 187.1195244721487
4745   42.02004004557359 163.5284250034686
4746   65.65451835182348 208.216547685778
4747   65.00244333321615 207.7896541744625
4748   64.98119834195327 207.0647255504868
4749   64.36098355021784 207.4770457027371
4750   64.40265813543249 208.3120326723814
4751   63.7475149712425 207.9073381926849
4752   63.75522860908155 208.6468164359923
4753   63.12952742432419 208.3080127969572
4754   63.15588794212451 209.0106555661988
4755   62.52079170584896 208.7072455788409
4756   62.51608238723115 209.4048239511798
4757   61.89927159412476 209.0953027218353
4758   48.37395117834314 175.2617152422422
4759   75.78623759811629 213.295154413564
4760   76.40785722551058 213.6218521950103
4761   76.43252018475503 214.3442016807022
4762   67.53637313569938 221.2827826645758
4763   0.819227783199466 203.8656417117629
4764   1.437543670862646 203.4323815453532
4765   -4.457566376992647 178.5600726790358
4766   105.2601946696444 219.8400171993331
4767   59.80546332790982 194.592219310063
4768   95.36919654011459 214.3650078289772
4769   32.53112495808733 207.499199215077
4770   27.83011256112934 163.1034018078659
4771   28.73988588130378 163.4820447256847
4772   5.952567094992979 173.240273933783
4773   6.820546145882759 173.6322146033528
4774   85.6811865099401 163.3399697393676
4775   98.21505487608785 214.2335453477924
4776   31.04048911307631 188.2415107822622
4777   94.48276100242418 212.6360098919473
4778   41.80430555363856 216.6398064047168
4779   -7.076475568336076 202.5641243670044
4780   -6.991030496733363 203.4729061432303
4781   74.48008184849328 212.6136956378744
4782   47.20670620848385 207.3156767840954
4783   47.16712350256851 206.5999736863706
4784   46.52443440483498 206.2758779531654
4785   101.2739117775471 219.1786927802648
4786   65.10955712788243 220.7473977476476
4787   65.16418482233422 221.4180625858666
4788   52.44576090038009 198.5374386261394
4789   52.46330447734096 199.3175036672081
4790   17.69721208718191 199.6859547079998
4791   17.74249437090446 200.4542883058996
4792   27.58708782760232 205.0272733159823
4793   23.81706892577552 211.3039303424041
4794   23.26710431887618 211.6855419672661
4795   41.76011982223056 187.1154070804545
4796   86.119262663992 214.429526475642
4797   84.69223728422743 195.4166965443842
4798   94.16123245612098 168.8244929166995
4799   39.46986228668911 213.0101565349748
4800   40.08368036130034 213.3158758437951
4801   28.88431816234978 205.6447636313225
4802   29.52920468368253 205.9610953353672
4803   58.63289046866848 220.1920293716793
4804   58.57613239909103 219.5437999401054
4805   58.67766511750645 220.8539782049029
4806   29.57620475752995 206.6777199114679
4807   33.28021968249988 189.3285148938664
4808   85.03081377919838 221.5407809445264
4809   84.9818256756412 220.824618578884
4810   79.88786144849342 201.1639068024439
4811   -6.829940757829502 193.9021603015895
4812   -6.883148239650311 192.988275139254
4813   15.70200896922954 200.4924752306171
4814   77.20757797591872 220.1685969657161
4815   73.00472934272634 190.2641620283889
4816   73.05694350906556 191.1266135998468
4817   73.81045254987373 191.5172233416443
4818   43.78511337182278 179.6973394549355
4819   43.83868466036962 180.5775438744044
4820   61.17997496309566 193.7110539608553
4821   47.08796558836498 217.3115309525106
4822   47.66474490822117 217.6381291285786
4823   -0.7362740017358441 182.351913123233
4824   -0.8193003090167301 181.4113663679214
4825   23.31961382429825 212.3624760692994
4826   22.70724382796944 212.0671923641744
4827   22.63600019496425 211.3949667343047
4828   22.09151610233885 211.7754380221021
4829   12.51131714029436 170.6240072665452
4830   79.39837262272698 215.0715140702725
4831   86.68858558372713 221.5477594903286
4832   70.15961802491834 197.7875320340393
4833   81.00074508046363 173.2153186954237
4834   55.72085808672053 220.1199193017143
4835   79.00925614575007 166.5540743142903
4836   1.985689936248106 175.0504565631787
4837   31.74073370010413 212.4771168790212
4838   106.7406006451488 215.1738985956443
4839   106.7656077242394 216.1076517330756
4840   36.01588617127667 187.4815270539914
4841   35.50150095763794 190.4088742551385
4842   36.2344056291016 190.7698878853804
4843   31.18793368566237 206.1650694561115
4844   27.55766918109234 213.7562057755215
4845   42.75898273292849 213.8205678254203
4846   32.5672699606779 169.9361741178297
4847   31.76621493538463 170.4783581009374
4848   93.32846338124922 169.3436022370846
4849   92.4608114237613 168.8854263111907
4850   87.82027067043333 219.5139957301273
4851   53.10368999484125 216.2211011036996
4852   53.04385409220155 215.5510848614676
4853   53.14709977572563 216.8878179864679
4854   69.20195791852954 219.4861520861059
4855   93.10044310636027 163.4374174948804
4856   92.2234004096776 162.9748036201901
4857   50.86451535444482 177.3998099853117
4858   54.81901260694602 215.7691243750828
4859   77.95764124126025 163.1910950103757
4860   75.61703334856006 207.3130152796137
4861   76.29972264370073 207.6660074202067
4862   89.22711877503454 212.4366160585092
4863   89.87408484396185 212.0298154057243
4864   76.42895234559731 165.1955599637044
4865   69.31657418799756 221.5155333601255
4866   45.02889157011741 198.5942511508896
4867   40.32655950761903 187.2084496053792
4868   56.7448153354291 218.6790713274295
4869   97.62461331497468 202.8350741164251
4870   26.17567100972557 163.1678473326906
4871   25.37093498871549 163.7122863316883
4872   74.78336542005438 182.5801089037438
4873   75.63046756984144 183.0266179505115
4874   106.6652999014297 212.3616061428091
4875   4.934165040335723 195.1772633735941
4876   63.03774535413767 216.4475416062662
4877   17.57710164960219 192.6616933093192
4878   64.42774283163247 199.3610273893853
4879   25.07229004602136 204.4646805970988
4880   47.63402447039343 197.6503894448471
4881   82.41377454504968 166.4213692593842
4882   64.15961408787439 175.2527777590704
4883   23.5564625273533 191.9441787364564
4884   24.25213620535024 191.4843695407147
4885   46.26264575642149 212.9789476526392
4886   50.38247165387617 192.7988973043703
4887   49.70216640196546 192.3989413408929
4888   49.67515018095801 191.6132880292117
4889   49.00056710587067 192.0657847126877
4890   48.95222107643175 191.2616496575566
4891   57.10445589567274 196.3223594641997
4892   73.81574317860839 210.8089326572326
4893   17.58343526661922 179.9606208012996
4894   46.78013451694313 211.2202240647906
4895   47.36548395185022 210.839066574283
4896   24.3121238465633 177.273275972093
4897   62.60377235616946 181.6966363249621
4898   61.86750420785808 182.1540176314711
4899   63.37146964802609 181.2444094126054
4900   105.472045010222 173.8754518316339
4901   106.3563510985157 174.3233809418018
4902   103.7264841078715 172.9400284347292
4903   59.37516569685511 175.4968728458205
4904   40.83469696128467 204.8036091268481
4905   41.44296438985742 204.4005748707971
4906   4.499656086413126 166.0175758792526
4907   45.90203169896634 176.4356750518239
4908   39.01608225083644 206.0122667281058
4909   91.23522481148774 213.4350407345342
4910   89.32844693442757 201.7684013165085
4911   89.27225287063926 200.9587030669871
4912   86.77025887882158 191.2923715609374
4913   87.54917781499424 191.7193167899819
4914   87.61753758404899 192.5597627955401
4915   88.33691989738834 192.1282048671918
4916   25.29575059764416 162.7338974115879
4917   -5.860650064296147 206.3321774555844
4918   -5.049805184884534 206.6086981047651
4919   -6.650448918996348 205.9950273871764
4920   14.84715372655684 185.5357142833561
4921   14.1151358601528 186.0334786678254
4922   60.32022230082473 185.5208812336151
4923   101.2988747101179 220.0253361028943
4924   85.18174407736547 172.6040596042656
4925   85.98478932273773 173.0599598233895
4926   100.9365539862761 206.9415599075282
4927   75.23194605672259 221.8798552232029
4928   19.83455963798473 190.1862855652652
4929   55.75625331273699 212.2539128044799
4930   101.5204402280754 198.697669760643
4931   101.4929897730151 197.7688019857171
4932   83.19600139323195 219.8953151415394
4933   99.95368525579234 163.1745273746716
4934   77.0484523233432 213.9522028410589
4935   70.48437308485177 186.470068717346
4936   29.26807873441628 171.1188015746268
4937   56.30355440754356 175.7019401205986
4938   38.7107834700931 164.7256168898236
4939   37.83659044201271 164.2955943914675
4940   37.75929197466655 163.3448763665951
4941   36.95908236375625 163.8708649868915
4942   38.11753028564978 200.0748215741289
4943   38.75251573518774 199.6564899392754
4944   38.70831766826583 198.8972029346961
4945   37.48572228351426 200.4917984235138
4946   65.76318893862852 175.1715917060848
4947   66.54193116137084 174.6693128737737
4948   66.49475620172389 173.7419914355084
4949   105.0341734492837 188.9358551431895
4950   105.8615180359471 188.4183020904848
4951   22.40964621228247 201.2482924947808
4952   37.28320990908624 197.4786210391322
4953   36.58395208240208 197.1410388946029
4954   -5.54313358310432 175.2907540116202
4955   -6.473585717351458 174.9055817438539
4956   10.40852702536711 165.9593994143459
4957   12.7235277484153 163.2884957134094
4958   13.6167246696179 163.7037869418747
4959   34.72437708349307 202.9812210593687
4960   20.265384369122 170.756916553213
4961   37.02718471318236 164.8403961769048
4962   36.15108941563432 164.4137109086769
4963   36.08289520511535 163.4393262542574
4964   35.27263125473387 163.9866277556678
4965   99.81814523119036 220.0224317348492
4966   88.39574639996442 219.1541925323293
4967   74.20663698178186 184.9289294162451
4968   3.821697762232458 207.9752154208451
4969   3.181313042788999 207.6903026939661
4970   48.22885914850895 217.2503557710542
4971   23.8847917911534 205.2926211765178
4972   60.69129008576446 166.4302011570259
4973   100.5191312073958 217.9557225230928
4974   74.93381706505178 206.9615976459175
4975   100.6768941093245 197.33095319901
4976   101.4682174353242 196.8365776858894
4977   75.70743931718522 183.9524908263967
4978   76.46096948822486 183.4597001091778
4979   16.64239449522545 169.7704032510975
4980   103.9249792789731 198.1054680616566
4981   104.7522042562807 197.6315644503433
4982   105.575786346851 198.0567420485099
4983   105.5442408369814 197.0941009566451
4984   106.3927971492623 197.5510336077982
4985   106.3854832216066 196.6193224493155
4986   17.67474324073821 171.4145885243627
4987   71.0879216765305 184.216679840762
4988   71.04133296255408 183.3368078323317
4989   67.79985001600743 216.103095084567
4990   20.26069093075509 205.5881389723698
4991   19.67095359474567 206.0001971163157
4992   19.71581688513469 206.6969301792992
4993   85.0159064567819 216.6222377351864
4994   68.92229190911188 214.6233770542957
4995   68.29374142895577 214.3098026497433
4996   69.56204804809076 214.961176111119
4997   18.24550480823659 209.9969551687947
4998   11.15992507255998 184.6467763669871
4999   24.23788217715536 170.037127172501
5000   77.50628824803314 200.511698188731
5001   76.78009552620202 200.1400681226796
5002   -6.139567443088561 192.4570772741948
5003   -6.954261256329628 192.0483709962593
5004   24.48659529449524 163.2877743065185
5005   39.12789315455637 207.4504212590421
5006   -0.2233791215947933 206.263573895105
5007   89.84310417640305 167.5108603401492
5008   -5.571936349422015 198.9266904835836
5009   -6.408735532382284 198.5440149727735
5010   11.06982641971889 203.6601251964974
5011   58.27476951777292 193.127585170176
5012   42.38227463982258 216.9504277291464
5013   78.46528261498605 177.3746428231327
5014   77.6447537284476 176.9450936083395
5015   63.92990149376635 165.3474055154759
5016   73.90734066934962 219.2035730871779
5017   -7.133005461799101 176.4195618956689
5018   76.32099641714272 163.237174046149
5019   66.5255040726408 214.8038133297777
5020   66.4814072767157 214.0981332067348
5021   22.81115639364776 206.8144750723145
5022   32.73440914984965 171.8462769511004
5023   98.99787608953336 187.3727485082395
5024   27.61032727475926 186.0130926247993
5025   63.97805355115891 166.3179261799091
5026   61.88963382794161 209.8288751916645
5027   61.30121406239168 209.509791985452
5028   61.31477919102268 210.236294930546
5029   18.33158715882525 211.4788737051305
5030   17.74053184408267 211.080523626763
5031   80.03499045683643 215.4053701235252
5032   85.55115503954096 196.5680011527739
5033   85.58666949826622 197.510513873899
5034   48.25138193931713 217.9391553646794
5035   104.2645181938486 213.863304978629
5036   104.2645056239507 212.9995511559956
5037   7.77858419652878 193.2277662822926
5038   15.05959951355485 170.8700215214886
5039   106.725236206408 188.8780562859092
5040   106.6928927642749 187.8997165603454
5041   105.8261657378363 187.438773000981
5042   106.6582911778696 186.9195632962714
5043   105.7908220370519 186.458803644244
5044   106.6205689627028 185.9373055425971
5045   105.7541356559496 185.4752762966464
5046   106.5846208977474 184.9540247773448
5047   105.7184581671081 184.4918381347434
5048   106.5537441165734 183.9702997932909
5049   105.6832225255155 183.50749058471
5050   106.5282652081554 182.9827086891699
5051   105.649052154765 182.5220273947232
5052   106.4941499090417 181.9957751614741
5053   105.6130589535598 181.5352733469647
5054   106.4486833089736 181.0134835643713
5055   105.5761573107897 180.5502466062874
5056   106.433985581067 180.0262622727158
5057   105.5442131093201 179.5640085061057
5058   106.4026691976754 179.0391369525394
5059   105.5096897429867 178.5767751156841
5060   106.3470284319441 178.0523354746505
5061   57.05972701834816 175.2016582276753
5062   87.38813527344132 163.2686190566992
5063   88.26619768075581 163.7258511021452
5064   99.18820506024129 203.6991848914699
5065   41.23883345686665 209.0926974973543
5066   41.85657341316228 209.4203462151543
5067   30.11502207270908 185.3645261578315
5068   15.46360008172354 210.4415648133889
5069   16.06913057468847 210.7522064524276
5070   89.30303589458535 214.6920595214203
5071   84.108697064843 198.4559885002295
5072   58.46835111638804 217.5774361248785
5073   59.03117913155043 217.1946219102156
5074   58.99569490393049 216.5212614043776
5075   15.82837194449928 201.9685629197438
5076   20.53011924145456 178.8894440903048
5077   20.45146324953672 177.9889369624637
5078   21.19920752265334 177.482979667716
5079   20.40058756259334 177.0805109966913
5080   21.13821024642509 176.5790129002038
5081   39.2124847780192 192.2141911258503
5082   38.45766854987922 191.8558944372252
5083   50.61330242194522 166.9059101136183
5084   3.602809928487238 165.6096131161521
5085   59.59451859047044 203.6367486085491
5086   55.31531688899268 172.5330271412409
5087   21.60331793423232 197.8963599759253
5088   22.26549104179878 198.2094630655376
5089   22.31739308705264 198.9654192504976
5090   22.96210705228929 198.5294905783977
5091   67.32065899182243 174.1663027184135
5092   67.36707894668017 175.0925981427343
5093   68.14545550837221 174.5907204017225
5094   25.7580003877983 180.8877292299835
5095   0.2547453491102002 204.309288752628
5096   56.95796086629832 173.3637249818933
5097   19.32193630013568 192.2025356451658
5098   72.0475505988893 214.8959509906283
5099   48.27567763313608 191.7137884449885
5100   48.21601259396437 190.899890517328
5101   85.50328287734803 214.8200010272765
5102   106.8177009626637 218.8487146903618
5103   106.8383764063192 219.7819781156016
5104   12.93348749944987 203.0835941142361
5105   83.88499348358624 222.2612257524444
5106   58.80685804920381 201.7979809086706
5107   96.37897355359496 219.3691196315532
5108   96.40859931767784 220.1201693461723
5109   92.55285281612227 220.756978027612
5110   16.43331821683187 201.5738760546906
5111   17.50005153271493 191.8553785376521
5112   19.02748497920374 211.6860317481552
5113   63.18274804183541 172.0437433112404
5114   20.29103622490135 163.134128900092
5115   19.48411708704158 163.6938038842151
5116   70.72881729916416 190.7520163973029
5117   44.78171129565695 217.452194024061
5118   44.1871299280432 217.1563457376313
5119   35.18096198300174 162.9592359658609
5120   34.41668826636447 163.5485795751569
5121   74.5594793018906 214.7884038115389
5122   -0.1432290365993514 206.9894299377543
5123   10.90241653225104 201.4097163433176
5124   10.21395347628123 201.0843200918892
5125   21.90437184089571 188.8903444521903
5126   73.22726095385687 198.3282633259851
5127   -2.832035677088975 206.7510886930327
5128   21.98285627008725 162.9681283023279
5129   47.12433061674301 205.8804346766721
5130   46.48202528564433 205.5562333791086
5131   47.77119617187628 206.2063528676575
5132   69.28104368382012 191.7190214166398
5133   68.58849770957357 192.1837810885692
5134   62.84013977760692 221.5687478236086
5135   62.24104108448336 221.2765585744486
5136   105.4886932456835 177.5887062594848
5137   106.3106487595116 177.0643384040126
5138   -7.153149185715557 181.2034011964318
5139   42.66004450886978 190.7819361878817
5140   42.61326049769178 189.9687865755527
5141   53.82137579725273 199.2450438824267
5142   65.66279837007332 166.2364753948506
5143   84.40777563257946 205.0531636620971
5144   83.67788952416093 204.6888694166871
5145   -2.453048474975777 198.6309964148929
5146   -3.178017059416102 199.137782318852
5147   22.14790111212578 212.4499435458999
5148   21.53595729943372 212.1565676651648
5149   48.716106745741 163.1199861547551
5150   70.23931145509817 199.40513093609
5151   69.56873300553343 199.8447089539944
5152   62.07341061168941 201.195270962926
5153   62.00291495255369 200.4186691332125
5154   62.14289208374274 201.9629685198635
5155   18.55988775207594 169.9761845397271
5156   0.8777303559717962 203.0751232861243
5157   86.68542639741625 220.2242402239368
5158   88.97498089570476 167.0543469100635
5159   88.94945059214326 166.0961642143288
5160   60.7161648544062 200.509400394146
5161   73.09221262173455 191.9748270541623
5162   4.215453150559624 163.074714113436
5163   3.409510656186045 163.6479086632243
5164   48.0399916231508 213.2169658842162
5165   48.00435115941322 212.5356059193992
5166   73.04823692247874 180.7844597224396
5167   72.24584383394378 180.3635608300361
5168   72.2842126864268 181.2658084799615
5169   71.48388357460581 180.8454533410896
5170   60.65397833482186 215.9454085322783
5171   56.91665668428867 172.4362307823419
5172   -7.698340314608556 193.4693549598127
5173   97.64483469058584 218.0167178627179
5174   88.22940273350503 162.7483033823986
5175   89.07430528074957 163.210733095324
5176   -7.249179994090736 180.2107948957894
5177   65.821936862075 200.0808156081387
5178   66.53136528184642 200.4107440487792
5179   25.0192033127408 181.3691034979195
5180   50.11453882399466 177.8992407111574
5181   27.63852522848186 171.2404910803748
5182   10.8423277665507 200.6448722301797
5183   8.922012146118742 208.9719421215784
5184   6.91147677627755 191.153966660698
5185   7.618606480727764 190.6458000272386
5186   8.372198748090875 191.0219224702617
5187   8.309584942887245 190.1554122975138
5188   9.087535904590037 190.5328069640611
5189   9.023175466729393 189.6654192971774
5190   9.80654850759531 190.0429270247385
5191   9.741641583269992 189.1750440615257
5192   10.52655036126257 189.5530812996743
5193   10.46162885742648 188.6840312948212
5194   11.24783690611272 189.06269335675
5195   10.58878988093754 190.4196562425925
5196   38.16090440211341 200.829569929586
5197   20.83098059780797 205.1646031678184
5198   79.99771444923348 202.8079884248388
5199   80.7409819796311 203.1903248104036
5200   79.26576630725287 202.4401752968218
5201   7.589256291459287 201.3112465816253
5202   6.95835001706082 201.7534359063192
5203   48.28925245977793 177.5993923164814
5204   48.30163192643973 174.373998815946
5205   47.51697523445152 174.7731136954629
5206   49.06063079193659 173.8692146708318
5207   12.56628926844358 171.5398165173182
5208   11.71217984137645 172.0666216378617
5209   13.00702578787713 209.9581715750122
5210   12.37512154212853 209.6103845962167
5211   38.49660322667175 207.1493253394493
5212   48.35357250520954 179.428274649265
5213   47.644600799438 179.913076109519
5214   30.90396184503203 177.4085438804191
5215   52.29666314707035 208.5128914091691
5216   52.54928850741952 216.5945530134848
5217   10.12411735093993 162.9746371729447
5218   9.323001752734566 163.5878721061995
5219   13.62531319656867 210.2545387308446
5220   95.76762423625368 220.5044165846435
5221   24.54350607461842 212.954018790669
5222   90.73440495684329 219.06337419912
5223   90.77367396977257 203.449924139358
5224   15.88686870543146 178.2619093219021
5225   94.65599486492913 207.1423953667324
5226   95.37477236957349 206.7006906084997
5227   52.69204781409776 211.4075680271292
5228   52.64643672978244 210.704262183735
5229   52.74409971602356 212.1011141320905
5230   63.7410820586914 199.0108873909782
5231   64.34070358686367 198.57522995712
5232   10.93801078593999 162.4574903316368
5233   63.7631985745251 209.4108065679521
5234   102.4314616152582 206.0577121381923
5235   20.30360623934165 198.0108078044013
5236   84.7089433681128 208.8939765792647
5237   83.92522948505405 209.4131381843157
5238   59.64119564497702 192.2316678534608
5239   30.24749715322724 175.6400632286819
5240   95.41742642584924 215.1470274165738
5241   13.54419122499868 178.9030731135336
5242   12.82968773900868 179.4200484382247
5243   87.86476274337909 221.4949985405542
5244   22.12480408832798 205.8048794708441
5245   56.57942755018571 181.0765781083103
5246   55.80818900643158 181.5545594044258
5247   107.5809120013561 215.5742021934901
5248   77.47895125487774 199.6918082217877
5249   86.73966859379323 195.2502878414174
5250   64.3185766908591 206.7378668419316
5251   10.02971033805681 207.3751831825019
5252   6.186677964662796 206.3053788312856
5253   25.12213671290338 178.6100146748092
5254   54.4758188244321 198.8085318630864
5255   89.35807252988678 202.6162736267115
5256   79.99999753448796 214.6798043856404
5257   5.022647099070083 162.5010905247457
5258   61.85825012993111 181.2950796286998
5259   70.91497912169051 198.1435713194521
5260   62.94369461859674 215.0849202758027
5261   63.49556337791538 214.6048196177515
5262   107.2571238400608 178.506468231974
5263   76.37038732303952 182.5259661275311
5264   77.22189745905675 182.9746876485459
5265   77.26815869258508 183.8696449877652
5266   78.02362411873978 183.3861175021548
5267   78.07471421193932 184.2823697018255
5268   78.82740169873068 183.796758141377
5269   78.87995604961925 184.6918369280631
5270   79.63137683419822 184.2067108609691
5271   79.68461968367212 185.1004771100541
5272   80.43928366624235 184.6087233850602
5273   80.4899194168928 185.5077130112614
5274   81.24533602285207 185.0145744536791
5275   81.29512049301363 185.9154126024116
5276   82.0506524583893 185.4222306274551
5277   82.09956614669007 186.3236489854256
5278   82.85585031118569 185.8303403338122
5279   82.90362403863853 186.7317861618529
5280   83.66111487044361 186.2385629608455
5281   83.70962618811674 187.1404636481667
5282   84.46686922190253 186.646969566438
5283   84.5168319996242 187.5490990908816
5284   85.27294253687745 187.0557572054531
5285   85.32279148635713 187.9579833736599
5286   86.07938185719725 187.4641380411607
5287   86.12912305653907 188.3669289501262
5288   84.41483562278239 185.7508214332062
5289   82.14695451771911 187.2226538439403
5290   84.56785610943302 188.4507239402106
5291   79.73516791063469 185.9982773510891
5292   86.87833907380447 187.8732809244198
5293   81.192799947823 184.1189083484502
5294   82.80403329046703 184.9340369613749
5295   86.83713299099384 186.9686169971413
5296   86.9299465345732 188.7763715289675
5297   86.15726718299803 189.240032408347
5298   -1.855573751340901 196.3451985741588
5299   -0.9742216169818829 196.6662013893979
5300   91.05585437538221 178.4456068818717
5301   90.98891800015183 177.515771635997
5302   13.35481164245825 185.6472276612632
5303   13.39083619044945 186.53074192423
5304   107.3495304723529 180.4861813871245
5305   61.81447245947965 208.3427022660671
5306   107.4462119756243 208.4986836649936
5307   105.0476173533406 210.9035443194488
5308   71.21447686892344 174.4712414232107
5309   70.41819123230547 174.936732931281
5310   86.02879895751528 208.0546785139157
5311   86.69575471631664 207.6366233620341
5312   30.81183906902454 184.9055954632138
5313   24.41747574367322 204.1484441515927
5314   25.01088136419336 203.7573858036662
5315   90.77758787081355 221.1122383849496
5316   98.9685227411257 186.4244552150106
5317   39.63049529932162 215.7212791609229
5318   39.67168891270474 216.3930898491579
5319   26.94638738928784 204.6979715957028
5320   63.08116883411803 207.5638772621191
5321   64.93964364650671 206.3242399354259
5322   31.29809318970301 207.5903069381859
5323   69.92053706934418 221.8160506308996
5324   85.0557945347764 222.2144557785057
5325   92.27981064566713 201.6659286213961
5326   6.13459921336996 175.134663652073
5327   101.6624460562805 204.248632856694
5328   106.5738553238137 206.0699386837183
5329   3.541757768601313 173.9389580336628
5330   4.581424341855822 176.242894368774
5331   47.89086389324326 187.5885569761168
5332   47.82689024870573 186.7491123753358
5333   69.63973377779102 206.488391564979
5334   69.65282553287685 207.2327517775754
5335   69.62071740891176 205.7349976844234
5336   61.75939470444687 184.5801426772551
5337   61.82088888716302 185.4311162605937
5338   100.5901007488758 192.7188111631467
5339   100.6176071842333 193.6565759832486
5340   100.5594741341919 191.7765490872569
5341   99.72583023754108 191.3338006017062
5342   70.9357257519951 205.6578455016805
5343   75.80304093871712 221.5127630921297
5344   75.83698128291488 222.189788876673
5345   1.669373704205547 200.9563498993746
5346   1.750382719625529 201.731808747435
5347   2.400669092835732 201.3088288405581
5348   2.472535858822745 202.0888374581797
5349   3.120032310856226 201.6542914383468
5350   3.200022032679482 202.4051012845972
5351   3.836507047260682 201.988458066133
5352   3.771758988824623 201.2063952876116
5353   4.486768572118836 201.5473288151027
5354   4.453256031976066 200.7272627070465
5355   5.111562516545698 200.9699414719406
5356   11.5184963048355 182.1992948553761
5357   11.41067472930932 181.2982841714023
5358   61.78240314667862 191.6605282132549
5359   60.96862666629462 191.2510142163014
5360   3.027949760475769 177.3533665042427
5361   54.86249551539737 209.7649373319734
5362   105.7570697969201 206.5624860955414
5363   51.03317747302015 197.8333857787102
5364   83.95585239443874 195.0205580628031
5365   -2.062561570288802 206.951699784652
5366   78.11083364373269 185.1770014770145
5367   71.41403980193897 189.456424351834
5368   44.69877423993474 216.1238882658733
5369   92.39432897680908 212.3955906630469
5370   107.1207167629172 171.8374607664671
5371   107.0865188382808 170.8453981759826
5372   11.36486575868665 208.6716767370161
5373   65.77479915332063 213.7668331055573
5374   66.42584830315766 213.404087572806
5375   95.35973898173617 205.8523252669024
5376   6.750137513857384 172.6760970703573
5377   7.602425275512447 173.0803566554158
5378   7.68883490584457 174.02633020844
5379   8.464433498975838 173.4726761495739
5380   8.398944149418654 172.519435878318
5381   9.246615167647846 172.9239354425218
5382   9.330005302168347 173.8672215629095
5383   10.07177569943789 173.3192533305921
5384   96.0223420659951 213.1068477374663
5385   96.71860733674944 212.6586302124274
5386   54.93039079767881 194.4476639790781
5387   61.54792166295352 166.877999542422
5388   20.90102276629099 185.0989646324122
5389   -6.577911842415627 206.8552726347547
5390   38.85603098796601 212.7053858394124
5391   48.89650725120254 190.4491919492645
5392   10.14614380485146 200.3148611954622
5393   10.78097398863508 199.8736604150719
5394   19.10754325685228 206.3872213860609
5395   19.13114860236323 207.0994050145123
5396   78.18640567197806 167.0750665466643
5397   25.00140656944477 211.2112208283988
5398   66.95239211666201 189.7081439522146
5399   77.7939559405585 219.7809482135094
5400   104.7049164146625 180.0875753586781
5401   72.9424521011486 205.9389215765227
5402   83.78346099668283 219.5331446963526
5403   23.6284158694963 193.5757871948283
5404   29.53472633099393 187.5112316242858
5405   28.7752408352899 187.1399333376365
5406   58.08135938439705 220.5690869338629
5407   11.90768150246582 194.7415816799444
5408   5.160423872104042 201.7440259072897
5409   57.89368005315694 217.9473137068874
5410   30.68038683396413 214.6152116643707
5411   30.06543131191576 214.3032912807763
5412   36.91318752875447 190.3175840629079
5413   36.9650406664413 191.130446255729
5414   63.15460782346639 217.8238716561912
5415   76.61605367562751 220.5247931645968
5416   24.28293819704743 192.3061536733402
5417   24.98143293545129 191.8478902773817
5418   25.02050606882835 192.6635117776956
5419   25.70556886165117 192.2170537587298
5420   25.7526638438908 193.0202678818337
5421   26.4340419923563 192.5734127968228
5422   25.69000824080509 191.4340538853932
5423   26.48682395714691 193.3720351798696
5424   27.15369024031646 192.9330834167096
5425   27.21129519256745 193.7253885611733
5426   27.87308880156883 193.2871795004652
5427   27.92715796869519 194.0783449781243
5428   28.59063455367178 193.637684289781
5429   27.86842619588662 192.5156837432565
5430   28.64262726285829 194.4288290397511
5431   29.30115436540455 193.9931472645988
5432   29.35455467201383 194.7791945744763
5433   30.01115847598731 194.3440993146733
5434   30.02274804317135 193.5757983908999
5435   30.06547917847618 195.1282654743571
5436   30.71886397081937 194.6943513345627
5437   30.74007350616407 195.4970347290118
5438   31.40948467474341 195.0245448274362
5439   56.9975692509296 193.9685904099237
5440   14.57898334707521 202.0241236128643
5441   16.59576725239643 209.667280771387
5442   74.36418409428005 171.5898535232618
5443   55.45171590015676 209.3779984846589
5444   61.07290994250475 181.7765490273965
5445   61.06189402741056 180.8857328284853
5446   98.3721017224045 199.714719761805
5447   104.8130108759154 183.0443576705351
5448   65.85553919265863 196.3967192868765
5449   104.9256757730464 206.1017144616372
5450   79.09023020441137 221.7859374184611
5451   78.51645935989126 222.153493821506
5452   79.11919517944303 222.4673355639974
5453   69.32375783867857 211.3899892238295
5454   21.48045116648396 211.4849815811619
5455   20.91934858716245 211.8558816734708
5456   56.43877348248424 196.7526136053969
5457   23.37681127811337 169.6598404983844
5458   26.33443679710417 213.1693865966255
5459   25.76884441397076 213.5476833202624
5460   39.94953226423736 192.5694906908616
5461   39.26444197300643 193.0173805186568
5462   -7.380528442783114 206.5036062496489
5463   -7.473390737310913 205.6646283351267
5464   95.83056730434879 193.8565691809012
5465   37.65766845170307 190.6811236634307
5466   71.40939553126147 214.5681214129773
5467   68.70991788197924 211.7829988996183
5468   102.0435123445627 217.1162900679258
5469   34.2530885323232 205.5722626327611
5470   45.91697299422848 217.3542530541008
5471   90.7139945783165 167.9689164379078
5472   72.04627864982203 174.0426512899905
5473   69.07761247057226 167.0411519544056
5474   68.26351943911943 167.5625334983562
5475   69.12062101483795 168.0050506391725
5476   67.4062025306247 167.1201380731672
5477   99.09095331998071 162.7449334339831
5478   107.4103612985344 183.4522455470449
5479   24.65371714236959 175.5639252792194
5480   96.59239564950481 188.8645197710319
5481   96.6226405957974 189.8015430025809
5482   48.07304890365394 213.8984047697992
5483   49.79642572183619 200.2092274705846
5484   49.85979784218448 200.928161395221
5485   50.47423068484719 200.546372327844
5486   50.53814295203198 201.2623644016646
5487   51.17528451656055 200.9149156198698
5488   76.60494162200965 219.8416385352349
5489   42.94523271970795 216.5693484192609
5490   43.01419893565768 217.2472209034802
5491   5.02301727668767 183.2493242285041
5492   5.831723441264629 183.6409825386852
5493   5.099725713361234 184.162841197919
5494   83.47569470077677 171.7041208922025
5495   15.93380552114405 171.270554412436
5496   23.43866357227834 176.9930243143162
5497   10.32525115551681 178.5915041132026
5498   14.24539188676053 176.8275336339669
5499   48.52773510373935 186.2809796429721
5500   44.78333822755458 167.7124100090696
5501   45.648041763709 168.1422139480844
5502   46.46605504362336 167.6202354739888
5503   44.84514036669692 168.6654079543811
5504   -3.481104865807113 195.5337592932854
5505   36.21919619952286 165.382655803066
5506   87.0927090870398 199.0617777129046
5507   87.7484913142049 199.513171209018
5508   58.28074626993207 214.1634707085975
5509   3.721141163732485 187.0527451539588
5510   0.4369692235155518 166.8763740959209
5511   1.325121026837535 167.2947879376631
5512   67.78176728955533 190.9540630866159
5513   14.11240172845089 169.5124900864738
5514   90.25138382433289 210.4177710740672
5515   71.8885536419395 211.2680308568766
5516   23.6589546333811 209.9105291773015
5517   27.05268236120262 178.1432097636839
5518   96.80090176302349 199.7521275733127
5519   72.94072158751378 189.4012170880726
5520   68.17524869183461 175.5219079081178
5521   19.68750886691156 175.0170288602003
5522   104.9228631384835 185.99572640893
5523   62.195154298152 220.6113286078498
5524   61.64209929170978 220.9846372276717
5525   61.68857149651565 221.6494038275692
5526   61.08991782406013 221.3582819788226
5527   94.70638003202032 214.7607384737604
5528   87.7950080462902 218.8343391440857
5529   63.87784257245966 201.3618943699103
5530   20.09886763367439 169.7880931666038
5531   -2.700764763747141 178.4132439495239
5532   15.58235230958218 185.0363872540113
5533   25.11399371705287 182.2467368095901
5534   95.82818243977448 167.7816485851934
5535   96.69834642017163 168.2431067238089
5536   95.8640455676046 168.7643930415115
5537   9.164392492947158 170.9556985109357
5538   107.1663182800378 173.8166955031733
5539   107.2256983102359 174.7996038535234
5540   13.53021273499168 162.7207650411295
5541   14.41938956937204 163.1382904179202
5542   107.4211637647606 207.5134274505447
5543   97.53371457449592 167.7204305948832
5544   -0.06919081622735958 180.9185073581761
5545   -0.9074240509598225 180.4751237477244
5546   47.24760535981662 208.0273773675771
5547   26.10460896344222 186.022052393476
5548   71.67873775812645 168.3675546093031
5549   71.71657076886198 169.3271064055098
5550   70.84851396085011 168.8883962906361
5551   72.56886392617537 169.7609600621348
5552   57.32321503895754 180.5908371199115
5553   98.62626449263796 173.1058524674436
5554   107.2197390976176 197.0498123461281
5555   107.1921343557982 196.0810845950589
5556   107.2412042449092 198.0091997975824
5557   106.2646859705967 195.6523555291402
5558   107.1384139314742 195.1279961041996
5559   91.8172753126021 215.2868851859087
5560   42.16695254589551 178.9004460001425
5561   45.70478813419817 169.0931807928195
5562   84.37435151597731 219.8541023042631
5563   101.0855166659513 170.567460544561
5564   105.5036246175353 174.8199579226498
5565   31.68089555669059 169.5258926492026
5566   79.32400886674164 172.3361511064079
5567   31.01400152119193 179.1983963943252
5568   31.75164006296086 178.7175942765522
5569   31.81534935636431 179.5908021949164
5570   32.54047367119436 179.1282362742528
5571   32.60947287081203 179.986522153931
5572   33.33372175252711 179.5231742368313
5573   33.40217478185615 180.3790223393912
5574   34.12402836033891 179.9171160559064
5575   34.19232563667399 180.7697993900528
5576   34.91308705529498 180.3066848059943
5577   34.97996775545197 181.1588264721576
5578   35.69828960102024 180.6972667302591
5579   35.76483836391297 181.5468134939179
5580   36.48217910261197 181.0840228405937
5581   36.54729718010744 181.9333167559361
5582   37.26239288719063 181.4719764871315
5583   15.64763178776887 198.913494602759
5584   0.5341712933001919 167.8530087832324
5585   -1.798010409963035 170.5342219008189
5586   43.34267593711711 190.3330342081451
5587   91.38426290617316 163.5046830163197
5588   22.44849609107881 185.8618806341783
5589   22.39328426142318 185.0011949725478
5590   23.1680253961863 185.3826685205583
5591   23.11448841155826 184.5255048304244
5592   23.88273064633894 184.904576331657
5593   23.83324082319061 184.0455832391641
5594   66.17821967706476 205.4723771656399
5595   97.39621183862792 163.7653130645551
5596   96.52243635686223 163.3220141203418
5597   95.67947020438041 163.8310136477432
5598   24.56727378128853 164.265020820743
5599   3.720391152562298 166.5874546878565
5600   100.8316564509853 163.641013983856
5601   83.23679521933083 195.4911914391037
5602   83.19049175666972 194.6271040909108
5603   82.4644646740623 195.0970100705444
5604   82.40442609777728 194.2232508968106
5605   81.69116490404983 194.7044592074278
5606   81.7378578237419 195.5658962506189
5607   80.96979613129446 195.173913080069
5608   80.92360903654492 194.3145458572909
5609   80.20163321147979 194.783123927372
5610   80.1546094284187 193.9252276051274
5611   79.43389085196713 194.393169283606
5612   79.38601126603618 193.5349718160275
5613   78.664987891927 194.0025773545626
5614   78.6167784299567 193.1454594824603
5615   77.89667458901377 193.6135724146027
5616   77.8480541242197 192.7553264992416
5617   77.12746122311694 193.2213674560264
5618   77.05080284654403 192.3322409142675
5619   76.35475329411004 192.8269966573638
5620   77.9459076242943 194.4735408248311
5621   74.96464422253658 205.435435779142
5622   78.23311997417458 200.8827597330123
5623   98.45482979292093 205.8371614162707
5624   58.13617098338693 221.2278606630446
5625   7.739220911543819 202.8339425384474
5626   62.59009382220467 176.2461718598548
5627   28.82445644379675 164.4334590482187
5628   29.63257741336913 163.8881903056161
5629   29.56080907126488 162.7410475503939
5630   30.44677056154517 163.3351249144162
5631   30.50795197751933 164.313977018806
5632   31.32607970190537 163.7648875199045
5633   88.41625197361662 192.951887860959
5634   89.1120122485894 192.4987558645584
5635   -5.956134290326098 171.4296486549147
5636   -6.752407672167202 172.0001974044076
5637   -6.849495290081681 171.0245229731171
5638   -7.647371344202247 171.5958976146791
5639   26.13110101482798 210.4281958822353
5640   -0.652916786003115 183.2911228640642
5641   -1.472992070289181 182.9808191473193
5642   102.0530400664555 173.9741794365641
5643   106.2108173421125 170.3804000405547
5644   107.0516256875163 169.8529844496514
5645   106.1756246439956 169.3880340614162
5646   107.0168843522816 168.8601487811304
5647   61.22024151955363 212.2184405362829
5648   66.76994200188577 186.3241627954415
5649   37.9831787213077 197.7944369390578
5650   37.8810805463997 197.0104465656683
5651   5.907486948193779 162.9225532756263
5652   82.51257407450348 168.3696407693734
5653   4.705751927295771 167.9559289498023
5654   68.71558735186291 197.054957698659
5655   46.57776242619011 192.547201223651
5656   47.33541826469363 210.138466809713
5657   47.95678433518026 210.4529174676745
5658   47.91180749379647 209.7610939122456
5659   47.97448326934532 211.1546597019168
5660   70.43807416041906 208.35360571463
5661   64.59775823638417 221.7865714453234
5662   85.84260176805238 168.2261974651416
5663   79.28804304377549 177.7971650402923
5664   96.37347128774101 182.2475083881304
5665   97.21398619749938 182.6940859007516
5666   97.18197561297417 181.7421679390563
5667   98.02671517095027 182.1912606957945
5668   97.99240152178926 181.2345411358374
5669   98.05209639567556 183.1413022069205
5670   97.14617435298123 180.7853922971031
5671   97.95822285112497 180.2770326394652
5672   97.11075034193715 179.8264469959869
5673   97.92412868289213 179.3162083250714
5674   90.14235009553819 177.0726812927177
5675   90.93891677610787 176.5740090809682
5676   90.09950227417298 176.1237860863487
5677   66.02466702533044 209.7182110423286
5678   67.92710687848012 209.2583483477907
5679   98.79335087905042 210.2691698275429
5680   -6.745856726739296 194.7600846054014
5681   23.49805903724439 190.3328594436202
5682   57.34756661745382 218.9821380496893
5683   42.89391971506764 163.962879289317
5684   42.83354461658405 162.9865622970111
5685   40.23057387001482 205.2068183875658
5686   40.18189258567084 204.4784936991628
5687   63.00570782181546 211.0290483036896
5688   74.47900376084299 211.1535860659973
5689   81.72596957449991 179.0871426779869
5690   73.70591380257987 208.5553486241199
5691   73.17115202457313 164.4199035013
5692   73.99637166093439 163.8946163086234
5693   73.12807278723056 163.4410289625259
5694   73.91704017251806 162.9432451301912
5695   86.71209200961074 194.3742582166759
5696   66.97635431224843 221.6539292195653
5697   72.83102149441771 175.3377029133305
5698   53.43284826649275 206.9969757749457
5699   52.78664208181321 206.6802272219437
5700   53.38558892452023 206.2765431397981
5701   52.75121301898562 205.9802673010968
5702   53.33865946207334 205.5527833674846
5703   106.1410126423493 168.3958365969598
5704   106.9824843151047 167.8672204487506
5705   106.1059233017486 167.4026276065865
5706   106.9477699546174 166.8736152665301
5707   106.0695312561729 166.4069321029613
5708   106.9125845506437 165.8790959025891
5709   106.0336201192913 165.4121455908112
5710   106.8777337119269 164.8843062171373
5711   105.9980631450744 164.4170853960176
5712   106.8429020029312 163.8888717337178
5713   105.9629485323825 163.4214501205226
5714   105.1179805455507 163.9499407219356
5715   105.0827161770231 162.9539841985574
5716   104.2408564941212 163.4874996670417
5717   106.8081503890755 162.8926599351054
5718   56.3806035892659 177.5090025382239
5719   41.91192027152798 175.3373483109917
5720   57.12410613982333 176.1169597269922
5721   42.09587767112225 204.7281149802264
5722   42.06776027456991 204.0183051814805
5723   42.71117019938444 204.328381747549
5724   42.65869859998777 203.651889044724
5725   43.30786319686994 203.9619252584542
5726   43.36277634001599 204.6612427309418
5727   43.97595909565127 204.2606784507632
5728   44.02031674267228 204.9865000267319
5729   44.63225686962367 204.5847389712299
5730   44.66369912497447 205.3117908107368
5731   60.03264385668139 173.1527840595289
5732   59.22479487223481 172.7498831169526
5733   59.9861189794701 172.2245033722042
5734   28.39814891608585 208.1680527230906
5735   74.29307259259025 186.6859415799267
5736   44.34180088861157 210.6658780787283
5737   77.67335494030817 202.101807970095
5738   103.7827006871109 174.8925465034792
5739   53.85944540966262 190.5234528847507
5740   40.61232625821494 167.4949997601945
5741   50.73398211016423 186.5499583023766
5742   49.97860960662906 186.1779511982988
5743   50.67853028537932 185.704949303103
5744   49.91982330998881 185.3322777239036
5745   59.33814703585846 211.2862422090961
5746   89.73162733724429 195.1251010213251
5747   89.71499079581874 194.255919101289
5748   90.49350095962372 194.6678841197816
5749   90.48993634361035 193.8218162835103
5750   91.25446283277424 194.20811871108
5751   91.27935631937692 195.0894787192639
5752   92.03644198946147 194.6223894777929
5753   92.06462126531801 195.5134434855329
5754   92.82402994182799 195.044529658919
5755   92.74805044428217 194.1081012113389
5756   93.55237454404198 194.5203336047506
5757   93.60834335817016 195.4611541870739
5758   94.35623408736225 194.9865678132881
5759   94.3839560390839 195.8929553421317
5760   91.22637861784719 193.3188464149269
5761   57.45391726017187 220.93685222702
5762   38.85140046508084 186.4528407152071
5763   55.59883103322731 194.0094315007222
5764   34.58221286365521 187.5872472747081
5765   27.70605029522233 177.5860232654152
5766   42.50983934495576 172.0758037245055
5767   25.36926989499691 185.6974645221121
5768   38.50735966955853 216.4629102041039
5769   37.90740258820639 216.1668073074594
5770   16.88376114165118 181.3638632747454
5771   81.6572085810621 167.9202823814392
5772   72.26390142604812 205.588401844631
5773   90.7733090965907 200.8661929537835
5774   94.60022121499743 204.5997125969063
5775   50.84167650277937 202.9755081286024
5776   44.30753751875201 175.6277625446961
5777   98.77431986691505 179.7680812281337
5778   98.77610531016495 178.806538408065
5779   97.89441718863873 178.353408708034
5780   98.74890574405744 177.8422920700447
5781   97.86089512536805 177.3887014369129
5782   98.68094000012599 176.8749462497213
5783   97.81724999884904 176.4221335091352
5784   54.54565654282801 173.0447906697967
5785   41.99610484320102 162.6111321478511
5786   31.31204215855908 214.8865919049699
5787   11.30934821831783 207.9778734118771
5788   55.14822398250096 204.2962768086829
5789   55.73257143479359 203.8869971854405
5790   51.10941697240395 200.1409766316145
5791   51.83091861991647 200.5215006227983
5792   18.96563397618371 198.8229625873901
5793   95.60223983132582 162.7080808159445
5794   1.256680943448766 195.9580947373641
5795   2.087955488186458 203.7375913930007
5796   14.10229865301573 196.64312961097
5797   14.76279790344309 196.1923115126488
5798   14.04009158358103 195.8411692477844
5799   14.70715812790317 195.3872278635966
5800   13.98124758070636 195.0356753992135
5801   77.54119897044747 215.5234017031784
5802   62.50843911718198 191.9788841916281
5803   62.64666721406995 192.811992138992
5804   56.9949384553442 212.8493019172447
5805   42.07638599162296 192.8418905532356
5806   41.40620666417357 193.2846176296358
5807   42.70133780915167 192.4018067477176
5808   35.96812671913321 197.5277929268142
5809   35.91083199718396 196.760999745022
5810   35.28258116049352 197.1879533973986
5811   35.24449069002071 196.4453743269724
5812   54.49899176725521 204.6331546580379
5813   21.90127647723425 171.6036689153424
5814   43.70545310243185 163.4211649941613
5815   -0.6409630134493081 199.0490304004239
5816   14.61010008482893 207.3716713185268
5817   13.94945564147914 207.0659492550223
5818   13.3814894382541 207.4652493011275
5819   62.54100790259543 217.5286045030086
5820   98.83730094808696 181.6844216478163
5821   48.70576623850625 215.5536487115337
5822   68.88242604352438 213.9262055922763
5823   68.25348576707802 213.6012842020032
5824   68.83864346859353 213.1956134392799
5825   99.05121886399418 189.2611904466897
5826   40.6053091085524 208.781091761497
5827   53.97981069571009 205.8675884807577
5828   70.30468064199206 183.8245801041706
5829   70.24685010755984 182.9395791927425
5830   -4.729915368069869 199.2916726032928
5831   13.3262175043373 195.4895591534834
5832   -6.630783579145037 172.9279373175625
5833   7.596438330816022 189.7898792480102
5834   1.570413246254748 179.4134271632075
5835   2.343157362295404 178.8558126567692
5836   21.06497155602054 170.2038221309574
5837   13.69361723946932 164.6864886363565
5838   8.879556595799219 201.1711549489169
5839   107.5842030112075 191.3280444096329
5840   95.09281567507983 217.0692743740248
5841   34.67797812630052 202.2435962410774
5842   62.35740770457068 215.4483625040407
5843   57.57021700496691 202.6324395262864
5844   56.94862539268098 203.0500005644632
5845   82.6663561146803 172.2110324660318
5846   83.51810036038151 172.6591872142564
5847   81.81464339811485 171.7663359241455
5848   5.847571753413852 171.2668836734643
5849   -6.488453084551837 197.6228151037771
5850   -7.248277335769818 198.1444463558007
5851   -7.304213489686878 199.1628688945823
5852   -7.422895999077049 197.3360694681246
5853   102.0209653479916 219.5954364630567
5854   102.0505134020523 220.4363515326771
5855   107.3674660487521 204.6071022469617
5856   107.3478692681627 203.6672380371039
5857   35.33799930910149 202.5720423681531
5858   105.6427866353094 200.8995660657139
5859   106.4605408745861 200.4074301652743
5860   106.477139015218 201.3540905912585
5861   107.2845600217811 200.9013428512916
5862   107.381518766302 199.9180446380699
5863   40.0410414590893 212.630828928861
5864   40.63661555304477 212.9746290583479
5865   97.4482156251895 213.0442390734181
5866   97.42114562434189 212.2105477066816
5867   77.04114841706385 181.1036595989506
5868   77.34827180148406 186.5246614458372
5869   62.28690582933828 164.421216636668
5870   62.24769573644478 163.4418516153005
5871   61.38702112531399 162.9859534382374
5872   75.75794020429106 185.7108286721967
5873   102.7471343275752 214.8918986644813
5874   15.64061601437632 185.9160645030251
5875   87.76533757557269 200.340878462454
5876   80.8795102789402 193.450794295255
5877   100.648355357801 196.401029737752
5878   101.4391439984181 195.901171533204
5879   34.57863080948758 196.8413189048568
5880   34.62450091289406 195.9867781572534
5881   33.88118671544279 196.496739643061
5882   33.83444534688822 195.7098971262847
5883   -6.219005077758575 191.5163417302878
5884   -7.069892897370138 191.1062438612567
5885   -6.2957082061812 190.5734288792185
5886   -7.200924198092498 190.1284767399176
5887   -6.376087849213588 189.6117210619677
5888   -7.281247344281457 189.1567559583596
5889   -7.940164555123355 190.6992885624821
5890   81.05615864846075 182.3373573163798
5891   3.771066128270733 200.3607627589969
5892   84.7379902328985 209.7210947971099
5893   50.626474925793 184.859576460555
5894   51.38904350952682 185.2330871494091
5895   51.33574125375813 184.3830843658795
5896   52.1020175849759 184.7572413963893
5897   76.27205824096556 206.9088229467852
5898   76.95063368573959 207.2552695533876
5899   76.98178880880398 208.0203258677705
5900   77.63378318622857 207.6103693620369
5901   77.66512226877748 208.3769350563557
5902   78.31734100508115 207.966595377337
5903   78.35059671640424 208.7354914847831
5904   79.00096611547795 208.3235979185121
5905   79.03601432651733 209.0874676760201
5906   79.63808888134639 208.6806418312151
5907   79.71083775723116 209.4422407826486
5908   80.36410602920257 208.9492108077621
5909   80.39628394317806 209.8029589187221
5910   81.04359285280307 209.391308697383
5911   81.07913398175623 210.1506753715851
5912   81.72255479189246 209.7449860441265
5913   81.75829091416452 210.5029005881164
5914   82.40012445571733 210.0988203634756
5915   77.32749281766982 166.6175809204169
5916   22.35776691121105 184.1372170558253
5917   88.52774721645432 189.0221960576093
5918   40.69391344681232 213.6282945326011
5919   41.2460856896318 213.2889882970654
5920   9.426563559161 164.5763084992188
5921   60.68612181476134 209.9084149937793
5922   60.74681946708493 210.6379294537324
5923   60.57487344329537 209.135054243901
5924   100.6173162373384 195.4675122027306
5925   11.22591761103386 188.1709049462749
5926   11.97600643023094 188.5689807132676
5927   19.39882175913856 162.7224014015381
5928   18.59325609526132 163.2771561284888
5929   18.50743133562366 162.3032980100885
5930   17.70035080648135 162.8584080673062
5931   18.68566747406145 164.2556383093624
5932   96.10939552946789 206.2853138851693
5933   102.2803206951629 197.2713434163152
5934   76.28486477917832 191.9509154970324
5935   75.58285057967367 192.4425682682773
5936   75.63621788341388 193.2999717508498
5937   83.19305244505472 219.2036284575529
5938   82.59764495993316 219.5705671965782
5939   81.01786471510263 196.0273747764308
5940   74.66655078648179 222.2392348502375
5941   74.06110448898721 221.9384000415112
5942   11.41446081420984 198.5341895861367
5943   14.17863583695971 186.9082261309399
5944   13.43616082878921 187.4637993130355
5945   78.75060070682449 182.8908970625744
5946   80.06546606064879 216.1280602480464
5947   80.65286945715309 215.7354314341894
5948   89.00470751785743 162.2499602954461
5949   51.49518959931667 194.2501228818774
5950   47.84428165592556 207.6383801284721
5951   47.88439046492061 208.3477910010112
5952   74.48620528524681 218.8268165028412
5953   75.065310415728 219.1427287610516
5954   11.58953493843254 201.736661047369
5955   39.38883157127957 199.2389063351629
5956   39.47362290116058 198.4215889962896
5957   35.97604852504239 195.9618928470472
5958   48.14981470386414 190.0868716808044
5959   107.4864741303054 186.3991394599253
5960   79.34205355074761 192.6697036806414
5961   97.00400669408069 176.9568130288233
5962   96.9673355245688 175.9967590878794
5963   97.78266288524776 175.4595623060716
5964   96.93118906161057 175.0235646245519
5965   49.47557403952672 189.1654517943528
5966   -5.545291581348216 180.0864799443063
5967   14.54851314447871 206.663372995864
5968   58.37224198691238 205.2005643237467
5969   58.99141560526662 204.793389136871
5970   77.01808244139406 213.2214429981769
5971   77.7014820954519 213.5816027569197
5972   33.19101859088123 196.147968135291
5973   33.1655951018616 195.3668760013481
5974   67.17154408674938 208.8668243579733
5975   31.25901429957162 162.787174883612
5976   32.12786296382288 163.1974208647949
5977   32.16508697037677 164.17302310944
5978   49.80860304796469 167.430476302963
5979   48.95022477643588 166.9993246254068
5980   74.2974909712718 207.3840192053308
5981   11.16944491826487 178.9502807630387
5982   10.40662267914057 179.507165243825
5983   74.25950778941365 206.6235550569215
5984   10.21393013463915 209.4757426418537
5985   6.868411495873644 200.9527632323241
5986   44.31847582043613 198.2466774434791
5987   44.27509104978791 197.4670911786762
5988   49.5107434218414 162.5832110570872
5989   50.293575721852 163.0196635438071
5990   5.922977417919899 184.5463887457226
5991   5.176992493323752 185.068042467561
5992   4.353795582746741 184.6851762098777
5993   107.329400048688 201.8290532392891
5994   68.31923935272535 208.0154217944448
5995   106.8065892780391 217.9123816850492
5996   70.28652805707745 200.2090460586496
5997   3.309888966661592 162.6736626061659
5998   2.506465959501324 163.2390691606094
5999   92.50176037691386 169.8549291152446
6000   91.62996825020949 169.3958252796068
6001   93.36018021317646 170.3183674776538
6002   77.71150222708894 191.8148359738416
6003   74.0452234280127 222.6921727180193
6004   55.49988575751067 210.0810600788823
6005   56.08891107647109 209.6948933379372
6006   56.13679970716303 210.3974056915972
6007   86.020807529027 190.9234791371765
6008   73.49531760704329 222.30893979157
6009   79.48432184198077 195.2446858600569
6010   65.3781267853717 209.4181615863052
6011   107.5778182847668 218.3900431060632
6012   45.89420898950499 205.9669140293732
6013   97.42614301581702 162.668446354044
6014   49.28120996834696 201.4025789066932
6015   31.3827789135897 194.2705443964778
6016   79.36219697310196 214.3419896903922
6017   24.58788952515937 184.4373845173435
6018   -6.464551125024686 188.6549245019302
6019   -7.313594732224029 188.2281408365635
6020   -6.534044568854651 187.7025110983539
6021   -7.38318181801607 187.2937272414609
6022   -6.594084306186961 186.7471961239863
6023   -7.445728705006843 186.3319679145808
6024   49.03545976671084 192.8429140161902
6025   86.88650016725684 189.6119395064828
6026   58.50921911789371 218.2550693676679
6027   42.53367340088224 187.4853909602612
6028   42.58345704495377 188.3183116368996
6029   42.48900205421235 186.6509515138407
6030   41.71188803900397 186.2795692871362
6031   88.6100214382683 202.2185341098531
6032   45.26209620820423 204.9182231178538
6033   70.35728850007979 184.7114799782131
6034   9.216081794795151 162.5592712375853
6035   8.430077647991524 163.1720013182311
6036   8.323072928136712 162.1949315933228
6037   73.85280538143094 181.2024463856027
6038   10.31466660974766 183.3833345464751
6039   52.34223756101697 209.2559549320974
6040   53.01425354666981 209.5610829853154
6041   74.87294083659847 192.8885480791028
6042   72.9124068263695 193.5541691047076
6043   44.38763490960997 199.0150610467332
6044   45.08241806586341 199.3560241281654
6045   85.95806915405804 206.5356237821014
6046   49.11298957614392 205.6953998928794
6047   107.7378120211858 165.3522014002588
6048   52.04837765011094 183.9047610970491
6049   52.81162450435109 184.2820480150039
6050   52.76566087713108 183.4276463256213
6051   53.51975262848889 183.8073526875221
6052   53.48506409981349 182.9498460134086
6053   54.24738821266864 183.3278850886323
6054   81.13545627585458 213.8429580201195
6055   14.66287872825524 194.5671321778725
6056   15.44281724808367 194.8880296813928
6057   13.93526716689178 194.2188808419421
6058   95.30706001815885 207.5438525251193
6059   57.14260222060023 197.1064886157225
6060   56.48599567012437 197.5410830348555
6061   57.80799573582208 196.6799537210909
6062   31.57881379519894 185.2690834414914
6063   63.13446143254096 199.4673890602677
6064   54.43407998626882 171.9309064445827
6065   53.70438312225535 172.6007043562436
6066   58.50708035439001 174.1763768494502
6067   84.59774733671446 206.5710771584251
6068   72.30808668335828 191.5417120729449
6069   89.88728309969261 168.4794291820636
6070   85.56495828507843 199.2207718141459
6071   84.83859240785667 199.6809949288762
6072   48.62409838979474 213.5251032947145
6073   107.5447828320155 188.361317129889
6074   34.3161318361411 162.5596085531209
6075   11.62463561535102 202.4939780434613
6076   29.33345252422003 213.3231934974785
6077   29.26587606310387 212.6341132076114
6078   5.609241027620767 207.4498023782253
6079   5.672246045797506 208.1471200129646
6080   100.797126421039 162.6464057626771
6081   101.6709831865636 163.1133034770316
6082   96.40501364391766 220.884612149718
6083   97.12771519313772 220.63892352564
6084   2.610693888887462 164.2083192134984
6085   24.33543129215925 181.8681073079902
6086   -6.681017680931802 185.7874557365812
6087   -7.526581119326115 185.3698517223912
6088   -6.758785469548659 184.8240670355912
6089   -7.589528908921438 184.4040278870276
6090   16.32316091486458 199.2022603993979
6091   78.55796182685603 222.8128202817652
6092   77.94775698455027 222.5178912750877
6093   88.01711685342352 206.9475786667375
6094   75.24774066708193 176.5848698967056
6095   74.43882235673055 176.1838278463378
6096   85.48860903085809 214.0888336813957
6097   86.13221376669783 213.6933502304999
6098   60.21978309609356 217.7057726100151
6099   103.820163397165 176.7924090276787
6100   84.90756207313089 214.4612918904415
6101   41.1487354179227 208.3970069843041
6102   17.68491176955715 198.9737158585345
6103   68.97130393314477 206.1471204189583
6104   48.81162555528138 217.5392727324173
6105   95.80543502374579 189.3468259407437
6106   93.16723318641893 214.4031166677079
6107   72.69739807111445 172.566686588628
6108   72.72393925486291 171.637576475073
6109   8.479881967362356 192.7294672967327
6110   107.5299470979067 214.599750531048
6111   90.93846325798913 175.6601829288983
6112   90.05435439240634 175.1949830072502
6113   89.25188891636142 175.6817829887255
6114   89.20583779816911 174.740301340455
6115   88.40414408792259 175.2419632841298
6116   88.3760415721975 174.3091856555669
6117   87.5598638508487 174.8001817998167
6118   63.48448175635694 221.9342048260948
6119   -1.676411092346806 204.2375612085555
6120   71.78564750106452 170.2281377678079
6121   71.45105745735299 215.2721628612829
6122   84.93212870754641 215.2092255310146
6123   72.69240033787477 215.2120837242717
6124   90.21725055095868 221.4442045146908
6125   48.73785468487497 216.2216140417894
6126   67.55611967824706 221.9218144728908
6127   79.26388066297949 176.905038592539
6128   80.1185490686643 177.346469523832
6129   99.23374236299134 201.960860847348
6130   100.0360708231475 202.4101707927693
6131   98.43658727327887 201.5295931998118
6132   20.52034437135321 189.68942370632
6133   70.95740288078528 182.4214216693069
6134   70.12437888988595 182.0083192098208
6135   69.44190649534696 182.5329782413746
6136   69.39226883891193 181.6515457596267
6137   68.64918876639675 182.1382491452585
6138   68.5908243236997 181.2517222629639
6139   69.3035429720164 180.7157703644797
6140   68.55521965474942 180.38950379675
6141   67.78994809640989 180.8596932916651
6142   -0.3023288017066484 205.5447432899236
6143   22.05449174737328 190.4137327195274
6144   27.95896599306523 194.8861964512875
6145   102.0169495332352 218.7972301279555
6146   54.51957444461021 199.6148950741117
6147   107.5898798345963 190.3205371359643
6148   40.38598180272437 162.5663526733488
6149   39.46942675212296 162.3712244079071
6150   69.29380713168095 192.5575323886201
6151   19.66046564764994 188.6316901280857
6152   48.84187916568804 218.16439071214
6153   48.29694704680752 218.6023083575266
6154   91.35141404402829 162.4982564909641
6155   36.01572953541231 162.4613788332617
6156   70.67066283115685 192.4025755607145
6157   92.53116929025698 218.6464141119794
6158   107.57680245546 216.540642933146
6159   105.4726168681264 176.6395373835053
6160   30.06711821911875 170.5891362577693
6161   29.98447538447738 169.649509673977
6162   30.13631661369454 171.5264011192016
6163   64.26924465109799 205.9922685215021
6164   30.0558513696937 184.5187661160366
6165   92.488667414798 207.6098605608086
6166   93.22237997547451 208.0046608629779
6167   91.7587183254947 207.2159510093335
6168   91.71420876967905 206.3649218289343
6169   82.50524596525767 178.599879553568
6170   81.68767332040744 178.1550269782347
6171   83.3318455218648 179.0252274041949
6172   72.50624289751164 197.9575506799519
6173   73.11812686533105 197.5601148895928
6174   44.88625822551494 169.6176912874079
6175   75.21519015125438 215.1074700166554
6176   108.2002576338017 204.1210200062627
6177   54.20785039100761 182.4695855049178
6178   54.99898134728781 182.8634634040301
6179   62.54254564531666 184.9574005506882
6180   62.60287799797877 185.8100426549827
6181   63.31539129197305 185.3515123667895
6182   63.37954152794664 186.1956898797284
6183   64.0906372011961 185.7384650777729
6184   64.13191244088831 186.5568605107744
6185   64.86135338678162 186.1203120439527
6186   73.06682430595382 162.4812770914855
6187   72.22380009983709 162.9933302476458
6188   72.19046876191297 162.0258618085268
6189   71.35837740671657 162.5370854671184
6190   4.429885406897524 185.5900724102055
6191   91.88503172584734 221.1327478355188
6192   99.62232064315954 177.3806788650317
6193   -3.571724406492941 206.4347799909058
6194   91.32451968464215 218.7012816136334
6195   13.84863988919298 206.3534224895855
6196   87.58766399078681 173.8984808089143
6197   86.74287284867127 174.393937978445
6198   66.3756696836371 221.3575938141783
6199   66.42967620051022 222.0036700377508
6200   12.36196651956629 183.4929005543972
6201   25.79585813953754 193.835786181206
6202   51.78251421298802 198.9620272085028
6203   6.635496639637907 184.0722855847183
6204   60.28603574524423 181.3640098940648
6205   43.64953816574989 162.4438138848085
6206   44.52387757754899 162.8791965491355
6207   -0.80177049482579 206.7171370353943
6208   -0.7384916409145252 207.4290292662904
6209   92.56977329056544 221.4343090608029
6210   93.12156542377147 221.1142032685514
6211   58.73948346016218 221.5106964263451
6212   63.98029926329177 171.5521034044135
6213   43.04863647741423 180.1843310346289
6214   61.21761256312227 215.5756568800382
6215   37.3138339551106 182.3031629310553
6216   38.05171884223019 181.8371897910942
6217   -3.439795472891949 207.3094685266524
6218   79.05995123276587 167.5330158793038
6219   79.86982657652153 167.0073297840665
6220   26.39433676018999 213.8291631448251
6221   87.64257693643232 187.4323061086192
6222   15.53388146488278 211.0857813858582
6223   14.8905265779036 210.8156228176167
6224   25.10079272806593 170.4067644979968
6225   25.10445034690313 169.4572606043441
6226   13.37267510222794 171.0283979723211
6227   13.45799886583755 171.9779012145322
6228   16.06261435494403 191.0580435494727
6229   46.95875832380555 185.5185190455641
6230   -8.203111329007283 187.753666821785
6231   97.57584964730398 168.7111583109845
6232   98.4036513276713 168.1838939983778
6233   83.63029361215368 203.8786084360386
6234   82.95726675224131 204.3229503206626
6235   83.04209940999547 205.1256305067992
6236   82.33725626075179 204.7635948849579
6237   82.24908573421351 203.9596541898611
6238   37.10841632292684 165.8108205716414
6239   59.15087400103381 171.8002519399618
6240   107.4812830645048 212.8019222550499
6241   107.4411782902856 211.848500701301
6242   103.2767130446054 206.3969939939938
6243   50.91955911842788 178.2996618791756
6244   50.18520362713582 178.769473093075
6245   51.67162128500703 177.8016101162083
6246   32.48093524967717 195.8049410759121
6247   8.754273158952163 206.7784125199828
6248   81.59099052106616 204.3626080104571
6249   10.79739793578775 209.748706326625
6250   63.67929213848752 198.2342546328928
6251   12.02266755078595 189.4247634272733
6252   12.79079190737215 188.9227472155227
6253   84.63450265815264 194.529540214732
6254   104.1943700581289 162.52145966166
6255   105.038946618173 161.8332410476264
6256   38.54047226492144 207.8318684080099
6257   37.8878579638954 207.5279344883444
6258   39.18679622067817 208.159643643028
6259   69.37687509885089 212.1240098233775
6260   75.06974934234354 218.4626730342288
6261   67.37757503168655 176.0228788253582
6262   99.2753414597773 206.208314456179
6263   32.02855890418213 194.5762267158283
6264   68.19663677687474 212.8762861103519
6265   72.91183860076669 205.1677893144506
6266   68.13494076908103 221.5831549582289
6267   18.16930842341907 176.8006459385617
6268   17.39946938301903 176.374942406768
6269   16.6136844647033 176.865750667607
6270   31.0457800295292 211.4794467099634
6271   30.470526335402 211.8649929093344
6272   29.84277771138288 211.5621356332542
6273   73.2992610971155 214.8376346207851
6274   46.10231941142342 180.0010138612566
6275   46.15143845650701 180.8797678104821
6276   45.41794935147507 181.36157676596
6277   36.67081869771565 170.127900644322
6278   36.73008077574519 171.0647214021275
6279   35.95091174291836 171.5842097517447
6280   36.78816244884062 171.9967310699691
6281   36.01612752466253 172.5143013272461
6282   36.84682481949324 172.9239759091049
6283   36.07813165102353 173.4379005207892
6284   36.9064462597769 173.845350660835
6285   37.6732858465075 173.3343441595463
6286   37.73163007722182 174.25243938809
6287   37.57968831837287 171.4729308551335
6288   35.2492296475077 173.0304253716339
6289   38.51236076774792 173.7402067182176
6290   38.55700802014206 174.6581003960816
6291   68.43642366919141 189.6309463693651
6292   22.9110617024913 197.7553643236407
6293   23.60097415247448 198.1102810320679
6294   23.65626032005468 198.8717404373826
6295   24.30006715602386 198.4437927863187
6296   24.21174575124251 197.5602254711146
6297   24.93386172359677 198.0050421401431
6298   24.99224558165502 198.781964449791
6299   25.63041844949508 198.3631541300468
6300   25.68348985916221 199.1247715516167
6301   26.3190396728091 198.7089265042617
6302   26.3715263723704 199.4669043583529
6303   27.00499262748879 199.0491337030168
6304   27.05570575284601 199.8040222345529
6305   27.68680215877031 199.3889165307287
6306   27.73712370976594 200.1413219745056
6307   28.3667593885029 199.725413600499
6308   28.41590247427845 200.4762882261366
6309   29.14234485121494 200.0180496061247
6310   26.40032790305888 200.2318873253726
6311   92.24034268663931 161.9804741145891
6312   27.9523393964735 210.6509343042372
6313   48.64532364543809 214.2120731823827
6314   19.76761884605594 207.4061528450482
6315   19.18193611989657 207.8085812019509
6316   40.77236558659118 212.2909603213265
6317   53.42575936710115 213.0971507442412
6318   52.86062681606482 213.4809462817297
6319   52.91173029998098 214.1668214907535
6320   55.00585157881707 181.1602849377264
6321   20.96619477522407 212.519252681701
6322   20.36156553365266 212.2336199818052
6323   71.4437696149612 179.9429960499049
6324   43.10829100990293 181.0585080105083
6325   43.89162171400505 181.4537474720376
6326   53.59829542607961 215.1628899370345
6327   70.81305622077791 214.9556420172188
6328   86.82524663904617 172.5406558397028
6329   76.00244479901178 190.1030304210753
6330   74.62477608617037 180.7249207804126
6331   12.43587272333275 169.6645535608876
6332   73.84496363453162 211.5490087255823
6333   73.18993394148218 211.2123486500247
6334   5.110129932423908 172.8194616382748
6335   17.36317005541164 168.2564781369693
6336   100.8245079154622 203.7832795344862
6337   89.0724696327817 164.2071917183981
6338   55.33110626847165 214.6966077079783
6339   53.78954511993778 210.6109507325807
6340   104.2734842973573 164.4787273131697
6341   103.4003434216949 164.0293035862296
6342   52.15724373170659 206.3653509710135
6343   52.1740956210885 205.7078911205481
6344   29.45345166270577 205.2446302186787
6345   28.8455391962593 204.9740834057094
6346   85.17387999525926 173.5643601737342
6347   30.66830333675871 207.2623016330715
6348   30.74701599538635 207.9929668058793
6349   30.14966281183189 207.6665372592057
6350   44.06501971828475 205.7137329457356
6351   36.30927549192931 180.2095421052003
6352   70.84606227232712 197.3404162451758
6353   70.1172173693742 196.9766443607662
6354   17.62260144439792 193.4689369411875
6355   16.9732552090319 193.9249110703746
6356   58.2506019068951 221.8960832920864
6357   77.97750353075347 223.197996260158
6358   47.53093303908285 214.9484739410952
6359   52.61243335815594 217.2555221266039
6360   53.19104071971564 217.550518644762
6361   52.65950598529 217.9159460943775
6362   53.23166700879379 218.2104644380838
6363   52.70019458245604 218.5414021690382
6364   53.27159980058028 218.8615191001193
6365   52.70151386883241 219.2279771135527
6366   53.30555946340489 219.5204724135949
6367   53.86024465710637 219.1646716697582
6368   53.89417596415169 219.8166323020046
6369   80.39537955874277 210.5468684448197
6370   76.51547985699148 185.2334279798463
6371   9.138626310776765 191.3825845863813
6372   92.39539799484203 214.0680747496967
6373   102.7894198046058 219.9870373499294
6374   -3.185961141251019 173.5988127615119
6375   -3.973311968859007 174.1639732433434
6376   5.111215244368559 208.5353160359001
6377   5.752137054746031 208.8002060776932
6378   6.300548454293832 208.4313807088479
6379   79.65125569981171 207.9099118462493
6380   48.20571025027895 196.4287497529174
6381   41.88907004096826 189.6007200334785
6382   14.85162196581899 203.3400938863876
6383   87.61414855088165 175.7576912040586
6384   24.49205939192609 162.4570438665549
6385   46.25418088180068 196.9653256905143
6386   45.55565926665128 196.6264056786213
6387   78.3674562203229 209.4898193309819
6388   32.47044245568686 168.9910254388486
6389   76.72465587445208 199.3430211352081
6390   76.04523270766143 199.7695173738407
6391   75.98691544407316 198.9746093358523
6392   25.65954210903248 204.082810275681
6393   39.58927595685412 204.8817302992149
6394   23.21410538267432 203.7230247042034
6395   99.79432820514339 186.8962017705776
6396   85.61387577226863 221.8567323143824
6397   85.63078980333813 222.4984512969362
6398   45.62737366415733 211.9761887278823
6399   25.21658245373595 172.2765775297639
6400   26.13126397122685 171.6636535714916
6401   13.06623634806149 210.6348681334495
6402   63.74808251475197 213.4577346976634
6403   64.40395997875864 213.8086888566179
6404   24.71365806520122 207.7282223851683
6405   24.0734518317952 207.4244159466019
6406   30.0253724162865 205.5406459378026
6407   98.15741183006135 212.5570508369677
6408   98.13094643309395 211.7473287131108
6409   32.03405344973191 193.814333981882
6410   93.97551833563517 163.9001511189479
6411   93.93973749478154 162.9092148639242
6412   9.02433896649043 188.771415253027
6413   36.97901656163393 174.7364178268359
6414   23.92636776321213 185.7718214809228
6415   56.85816501592851 202.2849812904191
6416   -3.874372449393907 175.1285866865225
6417   26.48491068969694 180.3970830271551
6418   105.1912781085168 165.9444926492194
6419   67.25794872417403 173.2704441863639
6420   27.76794355086698 207.8595131246305
6421   105.955444768335 192.2741940550566
6422   106.6623295513619 192.7476185628958
6423   84.84915054420769 163.8671550139677
6424   84.80815893857704 162.8784407340256
6425   85.64256788391765 162.353196285303
6426   37.54814764960105 201.2111103084349
6427   36.86040031175957 200.9031946122443
6428   37.00802242660953 201.5642183271989
6429   13.77839711274977 181.5847725746755
6430   47.39929268594441 212.2311936905406
6431   68.616106445846 193.0126673227212
6432   67.88555478476655 192.6367940873861
6433   73.66329453128867 176.6605697923807
6434   76.86916773450221 177.4297724559829
6435   76.83358584022409 176.5054235211998
6436   77.69044417930732 176.0585149979997
6437   76.8710310576445 175.6130507928106
6438   77.40233503988989 167.6062938491538
6439   20.18263536561419 185.5832942972969
6440   20.12987107106298 184.7108972925501
6441   25.06847677881179 180.4441284748697
6442   1.417056412185767 168.2648804073205
6443   2.20390947222263 167.7133565700918
6444   40.0225755759493 209.1608747700205
6445   23.09636220715439 210.3074541614104
6446   22.46061419432275 209.9956784349829
6447   73.0360975323621 208.2145753990511
6448   38.29267454081058 213.0914967776556
6449   38.2776415727339 212.3890880514074
6450   8.537333554984478 203.87954240339
6451   67.26752877409882 201.5379513276642
6452   67.99528456675206 201.1159938839135
6453   35.38171144635134 203.3096246917981
6454   32.79187615687831 202.740831179177
6455   32.73869849890586 202.0015976220182
6456   33.36911678302907 201.5821524720273
6457   32.70342588438701 201.2477295260221
6458   32.06628580719732 201.6768360489859
6459   32.02757414945576 200.9078254218979
6460   31.39574641590843 201.3452108486631
6461   31.35477988001662 200.5763488835458
6462   30.72968566629005 201.0160314398061
6463   30.66806744371412 200.273991418747
6464   22.74200595187918 177.3985285748647
6465   22.68159190171063 176.4719220027907
6466   20.58678216268804 179.786262298739
6467   19.81777103927678 179.3743350794213
6468   32.06327381121208 208.6208621714463
6469   32.6911886427586 208.931655075166
6470   91.16223277031864 212.6366628468943
6471   108.0571014881874 197.5331440140823
6472   67.46129815139474 168.1351231386772
6473   -5.367836987626718 191.9313846678234
6474   103.1233246952265 198.6231030261834
6475   30.79855238715834 201.7708699852849
6476   26.35540937104552 205.1031219196873
6477   88.49849068051897 199.8949825374857
6478   99.85971500325721 196.8983859957338
6479   65.093614311845 198.9203566534023
6480   10.54220994672446 187.7756698668364
6481   34.90959949796478 179.4117117976121
6482   74.80822955164601 202.2789918361154
6483   71.99358071796641 201.6550783081997
6484   86.11221813587338 220.587089421905
6485   86.03746258461602 219.8299166666471
6486   14.30411840715003 178.451007131008
6487   60.20988971435229 180.4974434383777
6488   59.48113074821295 180.967108487908
6489   74.97000559086104 193.7972210062888
6490   85.16328531011024 205.4017422465512
6491   97.79243324740094 174.5171832221221
6492   48.93991545045701 167.9254323599766
6493   48.13947952945 167.5173119130307
6494   12.89599097784466 180.2995455442611
6495   93.63176637643838 196.3579001066524
6496   94.42556340119492 196.7877116258133
6497   95.15161921603928 196.2504989419965
6498   -5.647164630951174 174.3217348530578
6499   52.86117422894455 185.1392592285856
6500   87.11814985718902 202.4837410685699
6501   -5.329967441424083 204.1346751473112
6502   19.06591686984909 205.6297454015346
6503   66.82844910348328 212.2478563026596
6504   73.87708801218103 197.921961970477
6505   61.7905236733087 183.7914102555694
6506   89.24158440927641 173.8224385348235
6507   27.54658613633292 204.2890935298058
6508   20.15639285351794 204.9449301364787
6509   20.71634815913088 204.529093874981
6510   22.00737186518709 204.5245643749483
6511   104.273569541322 211.4282657432027
6512   103.4747464241367 210.9547460248307
6513   62.3584007360521 166.3708344994727
6514   35.32535293751738 173.9237743856816
6515   34.5505119232227 173.4856372680313
6516   74.0764548709197 201.1224116977828
6517   -5.600385666304776 189.1087192816851
6518   80.30864109017631 182.8133888950272
6519   2.488555291175948 162.4242769664937
6520   1.560184094428902 162.6907463455457
6521   48.45051562286493 180.3114146307018
6522   49.18958902167623 179.8016366411985
6523   20.18063576822347 162.2165147837184
6524   31.46273280506882 184.4195106274859
6525   43.88616355863429 203.5901375781724
6526   28.82335663726229 187.9512322820259
6527   -7.799575978098401 203.0913525703145
6528   -7.912193240099686 202.1716044654208
6529   -7.679293257156858 203.9811159040717
6530   45.22714167231508 204.2108488062163
6531   45.87221082003622 204.5211000853039
6532   12.75484461943051 178.6363877883541
6533   31.33583525377043 196.6771808725724
6534   103.4592789511036 213.459035684721
6535   103.4887765690719 212.601845011751
6536   62.20391292643198 162.4836411102525
6537   63.06152277363931 162.9284967342863
6538   23.67906852463051 163.8436326598177
6539   23.76817710365605 164.8189399733445
6540   -2.393614773481222 199.4887946384435
6541   -3.114402698915426 199.9906150869035
6542   66.46054306362484 172.8417857656688
6543   30.10103611985344 200.719315694103
6544   3.281959299930945 208.3808364585435
6545   2.656506629051205 208.0904761996726
6546   2.548071617055127 207.4039266777716
6547   1.978378954865627 207.8236757708479
6548   11.98439466320835 187.6503083203278
6549   12.30512045073916 203.5419312236
6550   25.14350127411534 202.5916031423165
6551   80.05557092923135 203.5942837972679
6552   47.69814367446995 180.7835869574518
6553   55.01365594149475 183.7134566862574
6554   61.87437520274088 216.5444890650144
6555   32.04357920331195 162.2524844387868
6556   65.20804172889831 222.0656725792697
6557   93.76988258872177 215.5783259488313
6558   -5.817733123305992 186.2587408469888
6559   56.55074183479719 181.9711721333773
6560   33.31077142853035 178.6273472196825
6561   67.71535563348176 214.7144435557141
6562   -5.533312148295544 199.7957659217842
6563   104.6806279645005 178.1287047552837
6564   -0.7412979093094578 198.1969811698288
6565   -0.02691046382083553 197.7179583754389
6566   48.34866932944755 176.1766092986548
6567   107.8034697219466 167.3408237959925
6568   70.12559186816182 213.9027914519761
6569   59.59569280272933 216.7762544092887
6570   59.55841289367012 216.0937026237919
6571   58.95329100430823 215.839409651124
6572   59.50985284275239 215.4214713761567
6573   58.90984212332464 215.1520085338931
6574   41.75073680726648 217.2811666073641
6575   41.23014542037939 216.8574069959822
6576   47.11785531046203 217.9811898334453
6577   52.74369231242822 182.5843581190665
6578   108.3962398670137 215.9808474734246
6579   24.53957824521725 183.5727017850613
6580   23.78996471273953 183.1895724103062
6581   7.545333951266146 162.7693398583211
6582   67.0534023258028 213.7100401899968
6583   25.19213295763176 161.7457724295184
6584   34.47563594022662 164.5162045032849
6585   108.1550044004406 201.3261300946972
6586   89.20916825570278 211.6910437170094
6587   88.54868491847455 212.0817501499834
6588   62.72292985773892 179.8918740835099
6589   70.83375367739475 215.6362106912827
6590   57.85015931802681 175.6032843950367
6591   57.91031263728808 176.5244078959826
6592   100.8280539704845 206.1139598773191
6593   74.60311601054549 215.4623052641685
6594   40.02116510719085 193.3415422932299
6595   47.13239263954823 205.2172488041028
6596   48.57955129441291 210.7665121432522
6597   -6.852404104445549 204.3190249050139
6598   11.92773611508936 184.9843150381129
6599   106.3575027729728 176.1455460933141
6600   107.2259363592796 176.5908296660714
6601   90.43008729125481 192.8646506616856
6602   75.32496214132352 199.4155754444645
6603   75.28162776524167 198.59941218773
6604   16.56111222922438 202.2586600805081
6605   17.1092368312181 201.9119570680944
6606   62.87719483032866 222.2482180135137
6607   64.7827811790184 171.9990064846597
6608   -0.09674021309000547 207.6430207000564
6609   41.46188320207229 203.6189244708569
6610   86.76718959744596 196.0919685425554
6611   101.3879703656879 194.9879668949167
6612   61.31924284938975 210.9236258378106
6613   2.827407135150555 166.1829870765002
6614   22.65661880390137 204.9113919770122
6615   73.87178113671094 218.5178106581698
6616   73.31156924779634 218.9175913124114
6617   37.90628829767296 180.9672007150637
6618   70.41016339181897 174.1192740180376
6619   17.66278333239034 211.7269680305125
6620   17.18525627258859 211.4357701726821
6621   17.17165425492198 210.7402053962767
6622   106.6288930602236 211.4784419444281
6623   17.04681820280945 200.1216375134779
6624   66.49844549715105 199.6805647177721
6625   67.1821340500558 199.9775654627944
6626   35.57372428781623 191.1891226586247
6627   34.83993984057355 190.8248632394618
6628   69.34589149114348 222.1498918566819
6629   39.41609923014573 199.9744769871732
6630   87.2375138138475 219.2215674827297
6631   11.28934348824555 179.7558178178553
6632   10.5455493518443 180.3245253810747
6633   9.660761961538002 180.0211130610809
6634   49.25481065722275 215.8208653360104
6635   100.4762173605721 190.9003733310842
6636   101.2378703632511 191.315166699675
6637   44.21316777674742 217.7765688277864
6638   44.78765696785311 218.157522783591
6639   22.6887266950115 189.2134379848907
6640   107.8946976576712 169.3264579810235
6641   -1.425382026083152 183.8343469483135
6642   57.72483371917473 172.8575637651364
6643   57.62522235573341 171.7837446223432
6644   18.47611234979144 206.7516469483429
6645   61.80747190413599 186.2467187415884
6646   68.96884689412907 175.0149132594409
6647   68.88743924805496 174.155586873573
6648   68.96209754255925 175.948920505495
6649   13.51654239023814 202.6842033185974
6650   19.00871742658916 178.0560160618561
6651   101.3712495140952 193.2285285050256
6652   64.7909875889737 186.930503120557
6653   46.20275721890863 181.7544470764986
6654   45.46110735983819 182.2148976745556
6655   -3.82249404511218 179.9382542062315
6656   74.83749146424215 165.3036627763426
6657   74.90823231972445 166.2925875232275
6658   -7.702124230766931 170.6140086027302
6659   -6.938649789455496 170.045979845405
6660   -7.813835079509341 169.6368874284759
6661   -7.03615126423777 169.0681566059737
6662   -8.354880160531472 184.8231602490569
6663   40.02430061570358 199.5813207378581
6664   18.34304664151339 193.0590129672971
6665   37.92327580277647 206.8055199845238
6666   70.71858471432137 180.4694449710949
6667   87.51347546757358 194.0518008076978
6668   108.4080777388069 190.8514392687364
6669   62.34305384910007 214.7093747003088
6670   103.9698127996124 197.0985792662112
6671   55.12463814369423 203.6070365223281
6672   7.218542244279167 182.7012962358429
6673   7.122110241490033 181.7806608506838
6674   7.854564551202894 181.3214276020622
6675   75.52662753941146 163.7736144138658
6676   75.46020618595304 162.6646232377284
6677   76.34674728565885 162.3909986782713
6678   94.58718218952606 214.0458390074948
6679   82.3935281527572 210.863815601618
6680   83.00874356702792 210.4288245345249
6681   17.63689024874549 161.9009790455496
6682   16.82948026708571 162.4689214232125
6683   16.89330992410771 163.4247455286001
6684   15.99727716157003 163.0011984136072
6685   16.10218125156946 163.987973986534
6686   28.13054070115992 187.5710421766917
6687   46.69900058945931 175.9683281123892
6688   45.859161897902 175.5426710393977
6689   33.80459019093042 195.0030255571594
6690   73.55586334429502 193.211482399668
6691   50.58260043531084 167.892586212103
6692   51.41553840690023 167.3700168235207
6693   88.46843126365029 199.0519534260661
6694   89.22495304201837 199.3766192595278
6695   87.59175077040142 190.9522428370867
6696   96.00552186884585 212.3148815022272
6697   107.9634087095784 171.3121232500395
6698   69.65599358375091 200.656712539375
6699   68.9179057472758 200.2615198184703
6700   87.32743411989249 162.333709725164
6701   42.74839272001624 193.1610058934921
6702   87.59833016634293 186.4703216003671
6703   86.76747527252502 186.10169406189
6704   12.6656777285468 162.3488550198013
6705   77.49447161710219 198.9503724570922
6706   107.9255634248125 195.5416106309954
6707   6.252918011212884 201.4291771342849
6708   6.384664522152439 202.2032776017482
6709   2.428077549496062 179.7115688917696
6710   73.34521572427971 215.5155326973658
6711   61.03683232518074 182.5944735036043
6712   88.14122229498608 166.6332128002708
6713   88.16904972545497 167.600006557372
6714   88.18441378713223 165.6664055001662
6715   83.04463861535564 209.6903812084582
6716   106.3781848367332 194.669382729263
6717   107.2629584446158 194.2462575511453
6718   -0.99718264367097 204.5170665995306
6719   94.97295098712756 216.3241490163047
6720   95.65795052456275 216.672588256653
6721   48.47912760721487 207.9601733317729
6722   64.82790684766985 209.8161391724968
6723   85.40145617941255 194.8986514851721
6724   62.40550411186127 191.135976676387
6725   63.22214626677678 191.5455725108752
6726   50.01938693138204 219.2959322306059
6727   101.3415194032422 220.8671079836701
6728   52.32852241787428 213.859035590657
6729   52.28182458407055 213.1770289299765
6730   52.39204138952668 214.5585754193995
6731   29.31051953306731 172.010347315056
6732   -6.816442647194949 183.8573460683087
6733   -7.677302080759533 183.4931768119899
6734   107.6726352969955 163.3613382268597
6735   107.6131135690458 162.3651208916019
6736   -8.154384900253541 197.9406859984682
6737   60.73497311185384 167.5815627685477
6738   59.87866453085191 166.9800014161663
6739   -8.662851309540262 202.7773493165785
6740   77.4970306668668 222.8236794826371
6741   30.14589191621468 214.9634817106101
6742   29.53828444345003 214.6702088503338
6743   50.76149609299472 193.9347179279942
6744   50.13792465836546 194.3710997575762
6745   15.98372641015728 161.8696055663336
6746   88.39199660635106 218.5019240118747
6747   88.9805250846085 218.7969733445305
6748   64.32693372346601 197.7813651311951
6749   60.73628997437731 211.3334170909465
6750   49.14368601836828 213.8216664056339
6751   38.65198487505776 197.497374904527
6752   89.08362195544824 191.5950984001549
6753   28.64593209841744 186.1951812501658
6754   102.7828959497135 220.8123953401231
6755   103.5462677962986 220.4139884402363
6756   91.20492093617348 192.4841725962017
6757   61.40436370309484 162.0118778207718
6758   60.48365003891241 162.5242094395121
6759   40.20089059645422 216.0239229327897
6760   40.17421333521747 215.3513207696937
6761   40.23731953618533 216.6950133910494
6762   39.71345591477363 217.0630050693831
6763   11.91289740792453 208.2534665062979
6764   11.91648482190781 207.5694031450396
6765   89.81927879182388 163.6604009002133
6766   62.69647807809609 201.5133091820773
6767   62.7523962397188 202.3093898950411
6768   62.14060449459098 202.7345008932747
6769   108.0053392644019 198.4406867917019
6770   97.38061626348545 211.3631927667302
6771   91.22333187160964 214.2086217744589
6772   90.57513414968965 214.6624990704734
6773   16.1286338170706 211.4074464901987
6774   25.87498633007059 214.3114232062357
6775   25.24599327942456 213.9381147428484
6776   61.15161289480166 221.992907547107
6777   60.53962774839555 221.7255238188011
6778   29.09157554252888 200.8127473300763
6779   33.65548359810326 164.0833384441995
6780   17.62500660908134 194.3306352440846
6781   81.77172802252245 209.0022349135944
6782   48.1801703370116 173.5618265335461
6783   48.86460507882499 172.8899328481905
6784   49.81467551942072 173.3557968925853
6785   49.75452213936856 172.4258654778573
6786   50.59076150619359 172.8448932596073
6787   16.59902956615399 176.0468691594057
6788   16.46911102848367 172.433008489227
6789   102.4687032288584 204.694564396278
6790   69.2842814626065 179.8601391515616
6791   67.78849647736122 179.9136885032951
6792   67.01683979993756 180.4865044436533
6793   67.03940799091767 181.3526442217942
6794   66.2460661463148 180.9502660635673
6795   66.21640235578518 180.0373853043805
6796   65.44377543552733 180.5441892391703
6797   61.80106050349812 222.3812503265631
6798   13.47820934109655 161.8438351664868
6799   43.43506594182585 191.2462105362291
6800   29.96898822756539 199.922103214664
6801   20.32071809672597 176.1705014189586
6802   19.60246100900466 176.7130488684077
6803   21.18166290444258 175.7131138258061
6804   60.67276283698308 215.3089592300188
6805   66.40379982190723 208.4977616394398
6806   47.58759870698675 191.4581314979257
6807   50.4666157809822 171.7282820954651
6808   51.33903172860364 172.3015014874324
6809   15.13620711858533 171.7953499784847
6810   15.05612863223146 177.1128399603789
6811   32.8837749923756 162.6848344930713
6812   47.65633847518352 192.2843147928887
6813   12.27926896951791 202.0430194464826
6814   10.24012355862603 210.1662544831267
6815   -1.63695776605269 181.0896008095219
6816   -1.711155007825479 180.152633111908
6817   56.31345027855799 202.7166620035946
6818   8.675770756019888 193.6067185467869
6819   7.868673710682103 194.0795155719035
6820   8.597106202302164 194.4955124771507
6821   7.918527710196434 194.9211059499975
6822   8.635206383036055 195.337564925903
6823   7.986749522315097 195.7558845429372
6824   7.230181221294988 195.3967066373638
6825   7.29058435622617 196.219599512255
6826   6.541051408446418 195.8706166120541
6827   60.08328804949593 210.2931341899867
6828   18.22070989926871 168.6457332751183
6829   91.89913402320362 177.0868082648539
6830   87.14914107631519 218.5444032443161
6831   12.67305056213558 186.2144128046617
6832   76.40832629786557 221.8230963424631
6833   76.44095789326161 222.5004663928519
6834   75.87194361172993 222.8661893382024
6835   52.11738858542719 211.7948575737557
6836   62.25893808087969 167.3728872255583
6837   107.4918472574771 211.0234867042698
6838   108.2347442096485 211.3602504103382
6839   99.06875360887297 190.1946746705507
6840   98.24512181287685 190.6465424191938
6841   99.88261643411529 189.7079787120912
6842   5.004316679317241 200.2201146495036
6843   32.72889542401066 200.4435553036323
6844   63.1291054988248 171.1671411749303
6845   62.35767252278229 171.6444121133354
6846   26.92399227555591 172.2381482022721
6847   53.48374449396298 171.6377997695923
6848   52.86219715703366 172.2081613563539
6849   54.80719437188529 193.7369642163426
6850   54.1726246470629 194.1869928078393
6851   51.21934529763682 201.6961852526152
6852   50.5412041290346 202.0751734055909
6853   22.35761466441554 196.7616041414191
6854   21.69173687784904 196.4736441694071
6855   -0.9801927592554133 179.5189399124273
6856   99.80392146214248 187.7807980801534
6857   25.59039952126241 197.5875228720583
6858   33.26703174188744 194.6063717569107
6859   43.35260339442266 189.5261551184645
6860   102.1311486982688 195.4424401525437
6861   63.33455150668966 187.007217167283
6862   74.75491039963721 191.9955723593004
6863   71.16459417493417 172.8718281947233
6864   94.57715638977085 207.9806094975765
6865   3.87905252367905 202.7415165701816
6866   3.219030334090524 203.1998749238741
6867   26.86398415303295 198.2298403322413
6868   56.71403812287059 171.4583673721194
6869   48.58210317774208 211.4653160829009
6870   39.6172364357649 204.111236090299
6871   3.952424145657714 208.7689052068561
6872   76.08411420648618 220.18580281282
6873   76.023784801626 219.4861003624065
6874   65.05902921850188 213.4313756253858
6875   31.37292395561299 199.7858887446285
6876   29.37555128002478 184.9922049979146
6877   29.2895538884549 184.1430394638344
6878   28.30538474885427 198.9523506792522
6879   34.92371744623939 191.5009862934608
6880   94.26934555307965 193.9715420139485
6881   83.29846064007188 178.0940647853976
6882   84.14982697768501 210.2075208429185
6883   105.0726815688646 211.7043208656892
6884   77.03552480686406 214.6556780604322
6885   76.44268035869703 215.0552395650708
6886   29.54595181535414 215.3053432173936
6887   28.94640130059596 215.0355586819111
6888   55.32454553433469 171.4867725156602
6889   0.8794835786697931 179.8707787135895
6890   62.41192335055739 210.7466800754751
6891   63.0143152464867 210.3543114197752
6892   22.42076200133711 168.7721600849307
6893   61.08694009255581 180.0012765371176
6894   10.81778271554152 181.9103277214168
6895   48.63734791533825 162.0942022080883
6896   47.8204548694797 162.654165167956
6897   7.485025066865731 161.8217837662337
6898   12.39169075679437 173.2725936063268
6899   11.62329786556384 173.8886213259047
6900   37.82903045310255 216.9124168460081
6901   37.39858635329922 216.4356583523676
6902   -8.06880204999229 180.7508889604092
6903   -7.972695397716163 181.7295689635661
6904   53.85984983525618 200.0484334285557
6905   -7.936431432766094 168.6600094133881
6906   -7.136739341791771 168.0889625501644
6907   -8.032775324568043 167.6798016389205
6908   -7.232322743026519 167.1065752788518
6909   5.194024416383147 209.2110331641468
6910   57.18612033025375 197.8958065075352
6911   53.35592211807772 220.1878453733295
6912   43.70032313682107 198.6805471464285
6913   43.75050411178486 199.4455570098897
6914   92.51065603998182 208.4428681512906
6915   86.2370228264943 197.1205627067878
6916   86.24793280914614 197.9486889041692
6917   17.13420901849614 201.2347716406373
6918   17.71481140489429 201.5349309381481
6919   101.6323279699151 162.0937663777584
6920   102.5039917293058 162.5801775624215
6921   14.62775450091705 193.7380965864706
6922   13.88424671890468 193.3732567817835
6923   29.52558808585667 188.4119453252752
6924   24.39373657468383 203.4861746950799
6925   63.04487065406197 161.816755725243
6926   63.9233245569682 162.3927835881181
6927   59.933871089671 171.2876082009666
6928   60.74500895607285 171.7704680664455
6929   9.852590871128687 180.847876250487
6930   9.02030968306092 180.5443342519555
6931   49.46542258052284 161.5699825821657
6932   15.42734345964098 202.9650588169492
6933   16.10375362905503 203.2847066372607
6934   63.23297272291952 190.7703524313487
6935   101.5697464651662 205.0313965339203
6936   45.78225024755538 203.8713454984314
6937   10.08314523904619 199.5124738473648
6938   10.10590218355385 174.2144949934809
6939   9.421457059832578 174.8106163533213
6940   26.32578034293795 178.6079684775984
6941   26.23010025047297 177.7107219222732
6942   64.0464546710026 184.839941826428
6943   7.136394816487674 180.7859584747846
6944   12.27215711564292 201.2381102804363
6945   108.1843983229625 203.1452952779143
6946   88.42147016664126 187.0122732253019
6947   40.11097492778165 200.3404234419268
6948   64.71695555651334 171.1699271047245
6949   85.41054846766511 209.3131423539517
6950   8.182408666619219 161.2031205324005
6951   102.4870764701326 161.5890805933736
6952   64.78226415909808 209.0083183505009
6953   29.34980246727676 195.5803610985163
6954   65.56571275937972 186.5021884944438
6955   65.56532928885886 185.5595242151678
6956   5.889276052473761 161.7953142651286
6957   4.857587342251391 161.5518001686412
6958   78.28639839552015 207.1947061867332
6959   51.20932863104353 171.4659384734503
6960   20.85633828773422 211.182975980917
6961   67.20794429105554 172.4678037288315
6962   29.40658280986684 204.5276339975937
6963   -7.289450772869074 207.3363886787384
6964   -8.180826594062477 207.065902618527
6965   27.77095063784597 200.8931412825793
6966   7.500510171239993 200.5058623224421
6967   84.39156505976548 219.1612577885113
6968   85.07514934147152 222.868211560492
6969   39.33183902089533 193.8129072268751
6970   77.71668483967616 212.8509368189597
6971   70.97549699997938 199.7402136640031
6972   71.08088513906496 200.5390167574
6973   71.66072080091777 199.2375608298518
6974   38.15783091819683 201.5770645457038
6975   95.77065592202973 221.2665926310786
6976   95.1519752599369 220.8271932769205
6977   43.33680746871507 187.8518892969399
6978   79.16042364951728 223.1228061675595
6979   79.7222251858868 222.7768630287676
6980   79.77838020644819 223.4587861112557
6981   80.36212954131078 223.0578859557521
6982   3.178210959700964 179.1770386592992
6983   39.94800457101887 208.4642111036697
6984   91.00768597778456 206.8240075571421
6985   91.00385074785618 207.6502128869066
6986   -9.039612605018478 181.3670173650731
6987   6.22207593580741 200.5831801499993
6988   88.63242741050456 211.3009985811621
6989   90.96006170958108 205.9888522872536
6990   80.12341038024351 176.4240941941688
6991   86.21704788094787 222.1707925307184
6992   75.6889535430687 218.7640417714952
6993   72.21517868990755 192.3740012866176
6994   26.77723523500343 203.9578766659636
6995   103.124547576785 205.3374809861346
6996   25.14016169082682 179.5104380741315
6997   -8.15279709119075 179.7357147239099
6998   -7.30543389436146 179.2166039904286
6999   90.67642239235099 218.3217626515764
7000   90.11300624605721 218.727413121059
7001   91.29729415709697 222.2996543964992
7002   49.46530535700551 171.5349619999894
7003   43.03131681197603 199.096839124214
7004   71.48745711467821 191.9645548286708
7005   89.80805762218591 192.1464583052414
7006   9.64451649178144 209.8794620170182
7007   65.9587516439673 198.7556510751701
7008   18.63439694024478 191.8433095632384
7009   18.49335842082625 191.0472591283876
7010   6.600204567996096 196.7024612317498
7011   7.295727678837602 197.0943993512965
7012   51.70926644630839 213.5648352975888
7013   67.11827295097203 199.1891783373937
7014   2.014644038968751 203.0474812506208
7015   87.59103632048179 198.2024104951918
7016   68.93554101849992 205.3808600801463
7017   69.57549511610037 204.9704297254708
7018   76.96468097818841 206.4953639605396
7019   52.44438207436748 209.9608879267602
7020   76.0643416654492 190.9793687647652
7021   89.19218367127355 198.5878136871073
7022   88.63924468678702 203.0617595955949
7023   -2.270477997329253 200.3753098169246
7024   8.669421697632387 196.1615060881142
7025   96.38889765352941 221.6470628299805
7026   43.61199767230173 197.8622041554361
7027   43.54523852134611 197.0780978272173
7028   104.3267101326724 196.1672860376439
7029   27.13881328022742 176.7742619835773
7030   27.8880509218679 176.2171355747921
7031   12.46669313827769 207.9676967237123
7032   89.38066626856528 203.4578754685565
7033   107.960303923064 172.3085980316146
7034   8.954320889750164 210.0832566931057
7035   103.4945014657368 221.3601462568757
7036   104.3100297205867 220.8631317622499
7037   104.3499108817 221.7313109752018
7038   18.47820199242473 161.3801615498369
7039   47.73338682293619 161.6694781503253
7040   46.93052841079768 162.2312863540956
7041   68.90408081702292 204.6042645625739
7042   69.53849001995503 204.1954606881492
7043   68.18805603372564 204.2213371552437
7044   46.47010920125618 218.8811363133621
7045   46.10346495916514 218.346770630726
7046   36.60550618833032 182.7979805078104
7047   37.27470099543775 183.1620043322014
7048   29.89148152263692 212.9367856083236
7049   41.25007740552878 218.2103776764782
7050   6.36086066182622 209.12388473883
7051   6.939556508946026 208.7215017862806
7052   6.96924375103636 209.4065800171171
7053   1.074834528702278 202.22765954655
7054   55.5594827736218 193.2192754699552
7055   84.97017308226184 219.4843364210612
7056   85.67753504340784 219.1537711533649
7057   73.9448697438548 161.8724785375352
7058   67.68374056636894 222.9430758866562
7059   30.20412543601557 172.4626029493343
7060   31.01181288705985 171.9316708371409
7061   25.60918411114157 203.3244586073711
7062   71.58909269747252 197.701511943257
7063   35.24189803351393 201.8835829269712
7064   35.93870897805645 202.0935538608799
7065   34.62770616386786 201.5022122181574
7066   28.15075706873382 188.4441756238798
7067   5.567783195994767 206.7340236032038
7068   51.70677123034193 208.9363946447988
7069   51.6682687428774 208.2748343431313
7070   98.11404913476606 210.8608838232773
7071   98.84833543872844 211.2414960382686
7072   85.51768936654662 220.3896213283214
7073   74.68202639004053 181.6321744437751
7074   -1.130497047819805 195.8486630443211
7075   -0.2741280238005768 196.1767182515987
7076   86.7102995185167 208.4383025868456
7077   87.38690849113596 208.0476788442783
7078   -1.016257895826243 203.7610615594583
7079   38.83184266092711 201.1694449676113
7080   16.90587794628706 194.7886081143292
7081   16.18376150804974 194.401648631875
7082   89.82179517394118 211.341315715734
7083   90.46128388228394 211.7017827094785
7084   85.47045049358053 213.3410444916325
7085   1.843670071978444 207.1246414391573
7086   -1.931316057884327 195.4504255422711
7087   0.3536154151530969 208.7727557531811
7088   0.7976720479751703 208.2162806543886
7089   52.05318023863502 217.0529736276356
7090   51.95354473606946 216.3011500746098
7091   93.06644396765122 213.6326459901147
7092   92.42686806576933 213.2506991790902
7093   63.64222891310785 206.4034298023827
7094   5.835057810557011 196.3238811773284
7095   5.092844629032899 196.8303284441849
7096   -1.913187124820051 179.0382798064748
7097   -6.431228666235103 207.7581431192874
7098   93.9688296217852 214.478907657072
7099   13.69055995154572 210.9235396215566
7100   84.80452613130878 210.4924619377038
7101   49.46346164393903 178.3883085322107
7102   55.738556675834 182.4156293736401
7103   40.27541393688782 203.7247116811632
7104   -1.745495089551317 199.0307254764363
7105   65.16630030861202 214.1887188512351
7106   64.6284618532089 214.5998037190514
7107   -3.09225611171752 179.6231265611096
7108   39.37562970421413 174.1365293929107
7109   39.37548715021732 175.0654108037945
7110   38.62583824754495 175.5460955868943
7111   39.46511682817638 175.9763254005546
7112   40.2225254490469 175.4881412032728
7113   40.27187122363237 176.3758742571473
7114   52.08054794984254 218.2126799968281
7115   35.03913409560373 182.0281167071296
7116   86.68655460536993 193.5007530644648
7117   85.89543785710678 193.9599668235606
7118   89.12763820560778 193.3362589999988
7119   88.44833284999851 193.8685314540552
7120   71.52913760653722 191.1192242520206
7121   90.84374313835099 221.7360306276611
7122   80.7569151630256 203.9864552464597
7123   105.2011404692376 195.7366917807703
7124   100.7387309917625 161.6816644751565
7125   68.92102157258601 207.5838074721298
7126   68.99573256494082 208.3528983266239
7127   54.95281876650501 210.4880995113379
7128   44.0430725916342 190.0292510102106
7129   5.964587276150529 185.4849819606085
7130   12.91468246434271 189.7110654651625
7131   81.74353636847027 211.2558740253876
7132   81.49617328529223 203.5702870724986
7133   41.35996231653917 214.014015175797
7134   40.67728915250889 214.3059240346757
7135   41.88000811463494 213.5518115742238
7136   47.12607300836025 187.2134813407947
7137   92.64528004805395 222.140341789259
7138   11.9832575351802 208.9851798296978
7139   6.227852610077754 207.0229888802566
7140   5.525609674943588 206.0064601121152
7141   38.48180411682694 172.8098646966549
7142   -8.18853467211817 178.7544408759699
7143   -7.312875508633411 178.2549419065072
7144   -8.139320914195345 177.7716085708182
7145   65.40706852127855 179.6687721027362
7146   64.62494771916361 180.1616444961604
7147   89.98896165868217 222.5459675334653
7148   89.54304025810394 222.0961812811676
7149   88.85778060756489 222.196945768052
7150   89.1033642046428 221.5562635640275
7151   44.21753352273119 196.6960588813161
7152   59.47753993965031 180.0725081488328
7153   58.7163583329145 180.5627283795152
7154   58.7136123470935 181.4218276497714
7155   106.2697937399414 193.6689976904882
7156   43.43262055356026 192.7294410394301
7157   21.66227422417942 169.338175129482
7158   20.76290769988 168.9412779695943
7159   19.69371720020157 168.9146651293253
7160   22.0437415507319 170.1682005137718
7161   7.538808365417686 209.0157739139817
7162   7.580561884372515 209.6446128630045
7163   8.179268501279626 209.2898763578606
7164   65.73658208035421 213.0674954541765
7165   31.48780964046098 195.8313505196129
7166   76.26110627214676 181.5872333417874
7167   54.55164094423908 200.4652930996732
7168   53.17886030735116 200.4742514070449
7169   53.25001480858104 201.3027826818209
7170   52.55135977242982 200.8947200572981
7171   42.82333057473264 197.5015903197711
7172   105.7707665371185 207.5771968289601
7173   47.18227617413684 188.0420770506012
7174   14.63539952797109 192.8651969406454
7175   68.10028732063623 222.3202211018668
7176   68.28557021275019 205.7963820718763
7177   79.97718157766117 213.9496129263897
7178   -9.066786183699392 177.2566316290247
7179   -8.166428641819973 176.7861912878962
7180   11.47884947726055 200.1785487635806
7181   11.4248779707758 199.411975285773
7182   9.426707404553555 199.8945206919308
7183   65.73778606527536 221.0508021772491
7184   65.6768087313552 220.3758913234324
7185   55.16107810698016 199.2068310305456
7186   55.12189138081271 198.3868950618621
7187   55.79076356495504 198.8076524414886
7188   15.42211119954789 194.0669630163177
7189   108.2843382703485 207.9455731797492
7190   108.2967928118963 208.9401996792916
7191   30.86454984619908 170.0605838808877
7192   30.78249457884414 169.1174064856252
7193   48.48481320018637 208.7605522491896
7194   48.91165353766996 209.1444852170872
7195   3.336576803375931 209.0650903490288
7196   6.58370594720607 197.5802178345236
7197   37.71514173930044 191.4924051858201
7198   37.03719757576452 191.9073605345176
7199   37.7751881076115 192.2641087946496
7200   37.06972602009137 192.5744530261863
7201   38.53699171511154 192.6196582511295
7202   50.98200843171231 179.1847579140962
7203   50.14905837668491 179.6868454427714
7204   33.46209474700201 181.2537209196365
7205   91.54951657698211 221.7236235914762
7206   40.7147472484641 199.862589337757
7207   43.13166002704783 181.9168796701811
7208   63.56879589902352 205.6371274980452
7209   62.99828202329477 206.8027626092724
7210   43.63125312026464 217.5128072289627
7211   38.42006323522408 191.0453061231117
7212   77.1578161359777 182.0626061412144
7213   105.1613489764809 221.3313430605198
7214   43.57724526412679 216.8620631369236
7215   43.11147801618189 217.9342578671837
7216   42.36180668728491 217.7321496496814
7217   67.52993974536565 212.5769783334041
7218   70.201129476998 215.3166189139861
7219   75.74712735125152 194.1779019358933
7220   10.01445897783466 172.3689989979466
7221   10.85828719606979 172.6831002172742
7222   56.73500098042567 210.0115126560724
7223   56.78938074556192 210.7221825534196
7224   56.21989919818814 211.1266187573251
7225   56.85431082550708 211.4384741712223
7226   91.98284897075105 192.8393115067902
7227   108.0395965878915 174.1946571385104
7228   108.2044719875131 175.1388276966186
7229   108.72799947132 173.5059310808811
7230   87.31037787147983 223.128591368377
7231   87.4609787341784 222.4471386605913
7232   88.18022009955389 222.3636982776542
7233   86.83978160385213 222.6460124717706
7234   104.9444510389548 207.0482866566396
7235   3.594529562869998 185.2174513843165
7236   60.48613858183761 221.0665796717077
7237   42.30821892920763 180.6626828044921
7238   5.785132252660271 195.5122633317796
7239   6.727344700896481 171.6623015326522
7240   7.506165707015869 171.1114069484973
7241   71.33009785054676 161.5484864785945
7242   70.45926114766863 161.9991270369133
7243   69.54440520752384 161.4679991391546
7244   69.54630528114454 162.4633572586712
7245   68.73037918721928 161.9418985302717
7246   70.42300345024078 163.0325163830784
7247   69.65173639161628 163.5445874827913
7248   -8.158063284800782 166.7159811515256
7249   -7.361727855201193 166.1301695883128
7250   -6.438108096766859 166.537053326959
7251   -6.533070416706377 165.5527019715344
7252   -7.466278156596403 165.1411238653388
7253   -6.6304029012279 164.567942833607
7254   -5.724552958374422 164.9778144209678
7255   -5.817757300950481 163.9930333971988
7256   -6.719837645239352 163.5832514025635
7257   -5.911229896047267 162.9583883660136
7258   -5.008805421453973 163.4092480079856
7259   -6.818054081901154 162.564746542934
7260   -5.104675043365186 162.4298723411158
7261   -4.20066266293085 162.8409493375836
7262   -4.296307175474228 161.8517246411476
7263   -3.42874013064187 162.2669394215168
7264   -3.307264717848714 163.2539400993151
7265   -2.486595791567689 162.6759143054825
7266   -7.585491619465559 163.1882077527038
7267   -7.701983177988824 162.2954990432872
7268   -3.524215779071038 161.3505119182885
7269   17.78998233880816 202.2438770644114
7270   95.78672278516072 190.2441432952937
7271   96.58681752182162 190.6774612439646
7272   64.8848120192165 205.5685349542288
7273   6.922140192526898 208.0190346548599
7274   40.79009531538799 216.3341334684846
7275   108.9304805575441 197.968494074919
7276   36.68474398680943 217.356704613557
7277   36.45309813095528 216.7302938151026
7278   35.80554995986797 216.5634107504306
7279   36.25852474224188 216.0573397356351
7280   35.60986481041718 215.8933305116171
7281   35.15294103974249 216.4229954696912
7282   34.95468267154181 215.7780010847752
7283   35.40192171877755 215.2831403279163
7284   34.74634124299092 215.1511066325129
7285   34.3004033794511 215.6421934757924
7286   34.09133920518123 215.0142059155962
7287   33.64647749711676 215.5049934675338
7288   33.46906682886878 214.8581671463107
7289   32.9679838934543 215.2924196662871
7290   33.88005880713721 214.3433003853728
7291   33.22773450074125 214.2287681176275
7292   33.67758933153517 213.7263405127936
7293   35.1431362904784 214.6600970695972
7294   50.03913333646639 193.5967693426315
7295   53.95679487186723 220.4933183619517
7296   54.48285628912434 220.1172444315193
7297   54.53049539128386 220.7691011339938
7298   20.40473934806925 212.8871705009246
7299   59.4897756977051 214.7578035029
7300   51.75206101545943 198.1906503300844
7301   21.43172166928604 210.8023932615364
7302   52.98633661075519 214.870170329568
7303   52.4600272168372 215.259098056431
7304   51.85012944969165 214.9423535622826
7305   64.75277366510524 181.099091114143
7306   51.44113650579283 193.4569544027077
7307   52.19919090576607 193.7731958554487
7308   65.7966216798853 221.7149100181035
7309   65.86194099572049 222.4139429370843
7310   76.34607700778193 223.1720680667773
7311   52.79548945891604 171.3262361227731
7312   47.45918079620574 176.3436580178247
7313   61.87371466475281 180.4073557685113
7314   0.5023191153666304 207.2317747960167
7315   1.17251997969019 207.6241106977837
7316   81.44232437291036 202.7645713155716
7317   -8.461554000605924 171.0602920996643
7318   -8.433293882319822 171.987229498801
7319   70.8158155163841 196.5304049074436
7320   69.00282496519914 223.0740945480626
7321   55.77012248133484 197.9631628170259
7322   -0.2625945248715846 178.8435354509418
7323   47.75140217210233 185.9015092195579
7324   60.7069381904756 222.3780780418349
7325   60.0010612807012 222.1542133874681
7326   57.34188378881247 209.6178764722021
7327   43.42349469170941 188.6923952866434
7328   95.0718827666677 194.3973666094992
7329   3.658598879000744 186.1372754626616
7330   4.478880370775898 186.5199117105255
7331   40.28836162923753 217.4570153865388
7332   39.66736457904618 217.7522714730852
7333   106.7727080571594 161.8955517746551
7334   85.96751292363513 195.7110582983711
7335   51.21286616790194 202.3652480243585
7336   51.91196243277095 201.3658912885248
7337   33.85613122082511 216.1456458084346
7338   78.1610172964254 199.2467199153787
7339   56.21919985555871 201.9683956398529
7340   86.73632603374054 209.2696041549228
7341   92.57581779283913 170.841439291589
7342   32.6175796036491 208.2227841557053
7343   66.34069143323742 181.8465126064455
7344   19.82146157181019 208.111921135516
7345   66.61656387559427 167.7133882670504
7346   31.4069909347107 208.3097313080751
7347   30.83850172083168 208.7079324158838
7348   66.30381116054616 220.6792908789982
7349   66.24334519703251 220.0023095125834
7350   65.63633756288748 219.7008587742207
7351   57.47704225326786 220.2741333230257
7352   71.909286735 200.8699929416764
7353   -1.068401829924454 208.6690241420786
7354   -1.375349954191317 207.9339605039094
7355   -2.192019490517652 208.0688260972891
7356   100.10603970527 206.5706162704443
7357   100.177535423198 207.4162029501824
7358   66.82629533028387 219.627059921183
7359   61.59175239795876 220.3173199777806
7360   72.21606489934369 189.8559046177133
7361   84.76633284484173 161.8879163510276
7362   83.9403628191543 162.4220070634622
7363   85.58429965024227 161.4057305431033
7364   65.58093091474284 223.0331256786724
7365   63.93957518739207 191.1658366087287
7366   14.24920221755152 210.5394365033324
7367   14.30008537311038 211.2332673995915
7368   14.82109168879297 210.1455922608609
7369   31.87371026516185 180.4742031019665
7370   46.64831394975116 175.0719357500487
7371   19.80865131554634 212.624906766983
7372   19.74313983507453 211.9565673972103
7373   19.21102889022843 212.340219095502
7374   18.53852755310589 212.1831120069983
7375   17.97091339828573 212.5472517403435
7376   80.03873565631746 204.3963914570147
7377   42.60832687780488 218.4978623442664
7378   56.52139927890323 222.0010434612763
7379   56.34845677739487 221.3594682122924
7380   55.7166515153534 221.2026056787516
7381   56.08612962544366 220.7376603870161
7382   56.98661330691235 221.4921078083404
7383   56.70778135180234 220.8672744016067
7384   51.08030457676797 198.6123750286499
7385   51.68755297072124 197.4045622524808
7386   31.08927679960039 212.168316275218
7387   94.13937839632072 222.2136013869327
7388   93.70570375841227 221.5135397880513
7389   94.43342573310773 221.5934948814393
7390   94.10667327435182 220.9243443313675
7391   2.337723797915608 200.4965033796103
7392   14.26636990686448 171.4202294891483
7393   14.37643884806714 172.3801316894283
7394   99.87452469526008 185.8811209397664
7395   98.95349869535569 185.4686200053612
7396   99.73604098937236 184.9106052931103
7397   98.90429556205709 184.515970702006
7398   99.71428889203138 184.0088900436446
7399   81.83510108115897 172.7118481893495
7400   91.33101084995913 220.7354713079061
7401   109.17096615095 175.5313568067124
7402   108.3075879603673 176.1999191189969
7403   100.6466000620375 187.3230283482817
7404   28.92415958645571 214.3722206930919
7405   28.2586514129631 214.7087395591019
7406   27.66315652703741 214.9622573848686
7407   57.47922714381895 201.8826275652029
7408   19.25025854455262 213.0983479731847
7409   42.9815400317987 179.2985256962593
7410   46.92647579795823 181.2594729455231
7411   88.59404549634145 190.828270664491
7412   95.11623310001411 220.0886162768518
7413   48.45326742693442 207.2427167916573
7414   22.55574025368132 210.7006921374413
7415   53.78678548036645 217.8473990194364
7416   37.59803876321809 189.8661361074372
7417   44.46244793455507 161.9300546569974
7418   45.3357007802737 162.3418590969106
7419   43.58078234216828 161.4773324692882
7420   2.441691067600053 206.6978031588179
7421   76.60163022332691 219.1373967585475
7422   72.22062861220954 204.8025309250568
7423   90.22198257934329 206.4431849748819
7424   90.80353648848062 205.1499612005493
7425   52.88825146840041 220.6602301566774
7426   -4.978905597952269 208.5545939442281
7427   -5.408316048192215 207.8378742574363
7428   -4.544885356280796 207.9219765336084
7429   52.4671285525753 200.0967743342439
7430   57.91870225630603 218.6146648850166
7431   100.5604961608307 184.460120323273
7432   -9.085966013793268 206.735701830558
7433   99.57492871917401 210.6452696669745
7434   14.46482764597957 205.944077709891
7435   -4.234919169326306 206.8799915469021
7436   32.10847346629554 216.3587566201011
7437   31.96272489111443 215.7424662345439
7438   57.31433390575206 218.3124771541657
7439   56.71212410709507 218.0118374354652
7440   91.61720813645547 205.5190377299551
7441   91.53184397559534 204.6881251629788
7442   90.7722436396389 204.321765637941
7443   92.28967476571933 204.2316713139088
7444   -9.174921601326343 204.8450102027996
7445   64.21374477113956 223.0442459221222
7446   63.87420277926131 222.5109160061472
7447   44.05133006683752 169.1907527870831
7448   44.07641684119044 170.1467121537248
7449   29.99116312586905 213.6267447409479
7450   30.50080860376271 212.5532223537951
7451   73.5841790169574 205.5182053475017
7452   -1.561318844633684 205.7691896886783
7453   55.07093426487254 220.4064358398558
7454   -9.167159932525651 199.9116732714206
7455   -8.382483007087977 200.390720916077
7456   -8.355269537680538 199.3398384543799
7457   94.86902494732666 222.2009021664732
7458   92.36053494472908 211.5776582396305
7459   91.65712237603105 212.0009830925021
7460   96.0884973617818 205.3997237585525
7461   56.04455528541693 208.9859010908396
7462   91.42696797486235 161.5078376202633
7463   90.56310470145644 162.0394153446995
7464   69.96204941658864 222.5675379529814
7465   70.52118929632951 222.1301061282904
7466   70.70986606458041 222.748675856109
7467   71.18566227077181 222.3653621298191
7468   98.437207791443 202.390137045966
7469   -0.38104084127021 202.3646608332382
7470   -0.380341204971966 203.1753056311194
7471   100.8304329869432 202.8806117910788
7472   81.78338030434547 196.423335956923
7473   81.08106760042492 196.8912979714281
7474   23.70759871550133 210.6021064153502
7475   43.26247899799792 169.7186930230783
7476   43.31075429109888 170.6551588007646
7477   42.40272117167003 169.286691158788
7478   72.15215509931836 188.9930168137972
7479   36.25266329769871 201.3670082984302
7480   100.0089376731367 203.2858130997599
7481   4.858552517510559 205.7123263194859
7482   2.744941225260536 184.8495099362001
7483   53.15368352566915 199.6795547771712
7484   90.2250502957956 208.0784547436724
7485   -5.968270843514293 184.330435242261
7486   98.40322321343052 200.6299966465538
7487   97.64282660170389 201.0992580373812
7488   104.3542865186817 220.0803209439016
7489   71.39299993277342 163.5294683069873
7490   72.1165261669048 161.0953504646081
7491   35.35625935404299 217.0685213713284
7492   97.67558628449024 218.8053693544379
7493   96.9787005319752 218.3263898182605
7494   96.96007647368126 217.5498587027326
7495   97.68427020981831 219.5211516817509
7496   98.34271850875072 220.0931634028421
7497   -1.732494641041921 203.3923278187966
7498   20.84870682422385 184.2309319602526
7499   19.57660192262694 211.2833637349432
7500   68.72193169408594 221.8799446194838
7501   -9.122721444256069 197.9203208406739
7502   84.43711153128287 218.4497268944449
7503   96.14047969754972 215.5342927972437
7504   3.000782514469613 199.1796168819629
7505   103.4373693020985 165.0194134672435
7506   94.44488512131258 219.7204782105281
7507   0.2980365296720617 201.8737908856927
7508   42.40549531646219 185.8158195805371
7509   43.26500297980281 186.2067353215791
7510   41.66731446310489 185.4362341070534
7511   40.96231022021342 185.907693302746
7512   40.92010465566293 185.0630334442191
7513   41.65766442638449 184.5869278200542
7514   0.4574388561122287 195.6163738385001
7515   0.5831760402315584 196.4605647500596
7516   97.58183814081578 216.3467447586976
7517   96.93568125375401 216.7337502428119
7518   98.46109356344678 169.1849759197792
7519   99.28664315969498 168.657059450678
7520   66.54606915234325 166.6833660153488
7521   89.64816938557456 221.114163736134
7522   88.4572847525933 221.1765026209272
7523   -6.420609328341847 179.6645784953112
7524   -5.513541549531592 179.1178284875168
7525   17.40844677427028 169.1709289680585
7526   73.95800788096983 215.145142054316
7527   99.66809778300629 213.2465405467704
7528   99.69384312587479 214.130750716707
7529   98.94212376897663 213.7497519252262
7530   88.64689094515967 222.8171404193365
7531   32.93771155425112 161.7206014317456
7532   -9.152827609591231 195.9625571830261
7533   -8.335358822689312 195.4814504217679
7534   -8.278384651151041 194.3927918648299
7535   -8.329684702203483 196.4278127951119
7536   -7.482775102226305 195.9672027959411
7537   -9.134042096338392 194.0209405049145
7538   -9.188995790215401 193.0216178921951
7539   -8.318142051595494 192.5269115661256
7540   99.53295272909851 176.4219888366497
7541   16.01824301971149 190.2020068054641
7542   16.78023172566439 190.5755925304196
7543   17.49530720025837 190.0711010738004
7544   17.62139635083859 190.9775234389218
7545   31.3062381388168 215.5703800328037
7546   40.68574321529023 192.9265356917165
7547   40.75196614481388 193.6916517146525
7548   41.43168049314931 194.043553640549
7549   40.79037778992742 194.5221783085396
7550   41.54119098710002 194.8186842791969
7551   90.75484691286648 168.9433052403871
7552   89.9775792492363 169.4888938106704
7553   90.84852410390278 169.9416876062058
7554   31.67248105901418 211.7854316712051
7555   44.69402441009461 181.8446957340172
7556   44.74736079232382 182.7124025204564
7557   45.4234957855751 183.0724389697419
7558   9.388449830654721 199.0574638085314
7559   8.736817804389446 200.3167832324027
7560   10.72755109344299 199.0287403565774
7561   12.11322967691292 198.91263526295
7562   58.41289989945992 222.5498334000136
7563   98.6263837755813 174.966833353901
7564   84.37228164492828 173.1132926910021
7565   -9.042865486322727 167.3289726460958
7566   -8.286405445292875 165.74538387845
7567   -8.343745051406229 164.7728614998791
7568   97.60532755909152 200.1924176216064
7569   72.63064897935844 170.6885017856862
7570   71.80231879731792 171.1989688911815
7571   73.50461402615772 171.1403266109111
7572   41.81535549645195 212.8270576826744
7573   42.45317385248864 213.1754317872991
7574   43.07809308921846 213.1706949952871
7575   24.30547457476447 193.1261006898322
7576   25.06775559188372 193.4757844952879
7577   23.58790183462808 192.7646213058174
7578   22.91032437843438 193.2161577631169
7579   8.062430528549573 205.7583799633238
7580   109.1398990461729 206.381499543626
7581   108.2656626806171 205.9287630371739
7582   108.2805526037851 206.8976211712304
7583   61.10864372555054 179.1044005962544
7584   65.12189763122385 196.0256677280047
7585   87.97829397387001 206.1324901105872
7586   87.30975182272289 206.5409624721354
7587   109.1515969937839 220.341052787707
7588   108.4099292896398 220.8686261131264
7589   108.3371026166099 219.8552305023973
7590   73.56399798566432 204.7408309094386
7591   -3.902765696775628 199.6479775024905
7592   -3.90780745334169 200.5066018491008
7593   91.58771345474798 168.424623475777
7594   52.19111725694363 212.4850678886173
7595   102.6699379223673 213.1076357757418
7596   55.2484365583545 221.6539802852025
7597   24.298088848073 210.2162294629979
7598   15.28142650369677 212.0936481003778
7599   33.64523341458521 205.9744463319851
7600   33.68864655918196 206.6954119410184
7601   38.35573116109077 190.2329166357915
7602   59.71402713689562 222.7849863981632
7603   98.78220914322141 222.1270272467922
7604   99.17176461922267 221.3014886051481
7605   98.33179266072985 221.43351466564
7606   100.0504006883606 221.3667566958735
7607   4.465675314506208 208.2644087180765
7608   -3.552202784482458 194.6068859286277
7609   25.22302882805415 214.6346066173055
7610   109.1741411371185 218.3718839664306
7611   68.93911391111058 201.0819085224875
7612   63.10169889686898 217.1426388379324
7613   63.71733052768566 217.4396359419181
7614   75.99658638941345 198.2048890728917
7615   75.31202439724446 197.8476947903374
7616   59.90976622503105 167.8735011079088
7617   59.06733134102237 167.4673552927501
7618   79.92713306257772 167.9833798542504
7619   80.76258801440042 167.4631777320323
7620   16.3216336567265 184.5335778364195
7621   -4.141387341041767 208.5991185219404
7622   109.1546505387636 213.3799433456261
7623   108.3466820256229 213.9998978094605
7624   26.95583741436429 213.4704293277364
7625   27.01064170004629 214.1021521797322
7626   39.05117243800954 189.7753075833205
7627   74.32032498716441 170.6438842778834
7628   75.16228906058815 171.0879859830596
7629   4.514146540736768 202.2689566498391
7630   5.172979832685197 202.4561310958847
7631   100.5028067641231 216.2714795574986
7632   101.2705537232193 216.6895042922086
7633   99.09298737788977 219.6365394537617
7634   99.12617544403817 220.4348623258954
7635   3.714356333396877 198.6795914200466
7636   3.748154021360146 199.5131255466582
7637   95.76832506242968 188.4199801804645
7638   94.98472979433271 188.9035918775714
7639   1.744293216515974 206.4027772714799
7640   69.98084643809739 211.725798506471
7641   8.258875297958479 208.5971511455355
7642   15.66647757069851 199.7063741342478
7643   14.98159336628476 199.3626885415168
7644   25.50219493944655 210.1245788411463
7645   24.938115796279 210.5199972215206
7646   47.7819279936264 219.1204369364632
7647   48.41384681439506 219.2456406639171
7648   47.62860841899884 218.4471917334675
7649   43.98596608402065 168.238574308565
7650   69.94413466202322 167.4838113934364
7651   69.98727823123772 168.4461803099065
7652   69.09295270144368 169.0789940384963
7653   70.05236876974631 169.4505029523942
7654   70.90019994269389 169.8440323364249
7655   10.72974235686156 198.1100539434895
7656   47.9860957418961 211.8507925110814
7657   48.56537200178062 212.1643039130308
7658   16.38442381331901 185.4131975463092
7659   16.45514377978765 186.2808621044353
7660   75.72915028817779 223.4966857784047
7661   90.97289562181517 210.765415710675
7662   97.95374146103964 222.1271731327513
7663   97.56434328403542 221.4081493019073
7664   97.9284540261786 220.7696303329919
7665   46.46060103439074 217.7456798320751
7666   103.4311250878674 210.0564811522691
7667   102.6521180131602 210.5168683410877
7668   53.54262001565078 214.4724239615902
7669   54.15878433709112 214.7816456871122
7670   20.59322320020985 203.2297926963343
7671   21.27890752478769 203.5174981271566
7672   70.66651859419517 179.5249973466064
7673   7.067168632789614 193.7165653625441
7674   19.35823725046091 204.0635091410506
7675   19.38500098785583 204.8426219835677
7676   -1.587464881539618 198.129046011341
7677   100.9801091562663 207.8374680844567
7678   1.464790878534936 208.3184959425442
7679   -2.73803259851595 195.0183193316573
7680   97.62934083111425 217.1633711374736
7681   48.65121630386531 214.8905721807224
7682   57.9639978417356 219.2647618358503
7683   40.06486482213074 211.9604335486313
7684   86.55211512631236 205.3680318632619
7685   50.07276405395152 202.7000899888607
7686   49.74153082354417 202.059430286198
7687   49.04482318036558 202.1538216072555
7688   48.46567815523522 201.6549644962127
7689   47.6891834020398 201.7907160830173
7690   47.8866425550979 201.1481595437157
7691   47.13240458828177 201.2774934820287
7692   47.40018579552411 200.5929039121515
7693   46.6600502196619 200.767203885775
7694   45.88755858391739 200.8118456745832
7695   46.96343729215468 200.0826778185172
7696   99.67194540911885 179.3098361903162
7697   99.68805104041758 180.3207404398705
7698   70.77200159871379 214.2371601034532
7699   25.48350587560117 175.9568846865877
7700   25.55436980738212 176.8770040020132
7701   99.24555514635368 167.6625117276412
7702   13.7582508955799 201.884056547828
7703   74.32430706608665 223.3683351510057
7704   73.66540194598988 223.2897911451069
7705   104.2992081094916 214.7888547267463
7706   9.618406416680857 209.1912140112028
7707   30.98222501740264 171.0017220656985
7708   31.85251855336294 171.4293467479479
7709   31.99498386260403 172.4275740587487
7710   32.96979234721272 172.7409085642357
7711   45.73127105259312 198.9540665473382
7712   45.77584816325992 199.7026035369655
7713   45.05264594096865 200.0802872979628
7714   18.13506625463372 204.8938757354819
7715   73.45450202728178 221.6313018259682
7716   72.89366897107425 222.004251015059
7717   38.6726448238949 208.5407371004961
7718   -1.199537956057737 194.9002485673207
7719   85.81742014781032 204.9870875132585
7720   83.68708479020557 213.7183218033742
7721   30.27816255495373 187.8881235773549
7722   30.35478889334376 188.684028913053
7723   31.0831085737705 189.0352818413788
7724   30.41454610052234 189.3610142703184
7725   75.44411035387914 181.1501459001222
7726   47.28220435377126 208.7343932279341
7727   83.30565637066351 208.9595311897461
7728   99.17496222003174 200.1474875674493
7729   73.91406967764381 214.4467283278173
7730   16.56144453373718 168.8023793566059
7731   17.57170641937949 169.9546125165089
7732   16.84627654679575 170.704211491932
7733   83.58129934878323 203.0593752622491
7734   69.9428463785955 210.9900544414584
7735   106.5718796445256 207.074624762928
7736   79.78456657538395 199.48506327667
7737   79.06306554188612 199.9043534643076
7738   79.83288129697476 200.3245431009755
7739   79.07443609368153 200.7603688345899
7740   79.23547845033846 201.6169277566228
7741   78.53106646631112 202.0862726996643
7742   78.59873366635361 202.8966335418229
7743   80.54155088822586 199.8886556577116
7744   64.59324963334616 222.4415350871959
7745   76.78518524034538 190.4930113045452
7746   75.11834919357896 210.751288209944
7747   75.15735389236012 211.5022661777715
7748   75.8202037603709 211.8448870173375
7749   75.16166593376389 212.2272583580155
7750   76.45499243635834 211.4426784571
7751   76.45199647392366 212.1937304911621
7752   83.20955238671098 217.7623190767607
7753   83.19847711802431 218.4954147619655
7754   82.58577918608509 218.1521011664935
7755   96.68888137529865 196.0947987586655
7756   95.9164678290426 195.7104827301412
7757   91.4081133486073 199.4561512149381
7758   90.71476848492739 199.9441571778771
7759   14.18580084394004 170.4687196103462
7760   13.31017230224214 170.0676479241976
7761   23.37878120848385 188.7644245145693
7762   81.39071045323979 218.9042112453049
7763   89.85274229122332 191.1160802240861
7764   107.5669094668552 161.4089024987398
7765   62.14982302168462 219.9431650733585
7766   24.423797224936 202.2016411670579
7767   20.70531999942075 210.4872582916097
7768   58.57653875106955 168.2947517868818
7769   57.60560882273573 167.9409606527526
7770   14.27787458609507 199.019296353567
7771   39.81877553269196 207.7711749453145
7772   11.859628031894 193.9086177749615
7773   12.57446436006177 194.2921414746217
7774   96.63427794222429 194.2563917949842
7775   80.8000358245084 219.280493818408
7776   81.41079475200686 219.6099258645756
7777   109.2311055992208 195.4098368394708
7778   36.18802825363967 200.5732242443932
7779   48.9142883422841 196.7793968284835
7780   18.57383476393948 207.4969450967572
7781   18.6389125113402 208.204266942704
7782   25.09444698885482 194.2902692597401
7783   29.91648563865395 168.7043815262497
7784   4.241227344202265 195.6471086856969
7785   90.06115634209118 203.0416729197285
7786   31.58069983305945 168.579745252778
7787   47.50080402962605 196.0773563306701
7788   47.57329023712783 196.8692191122315
7789   100.7411674662541 204.5947741426588
7790   68.8629048642881 199.4712783402223
7791   68.27705050783447 199.8845656961347
7792   17.45898397049158 189.2341226441971
7793   18.20971889064922 189.5854035138661
7794   18.92632688943753 189.1011966091319
7795   19.01089879127414 189.8812488366777
7796   88.08598104483355 208.4850753553274
7797   86.2433293775897 212.1165856979681
7798   86.17650380814025 212.9192881639323
7799   86.8682347896636 212.5024724749189
7800   20.36330793540225 207.0014017561394
7801   102.7217345353643 193.3501785440564
7802   73.77530335959007 196.3829319319516
7803   77.37861413911195 222.2714700772492
7804   68.70283081958436 221.2116778073289
7805   93.73462245845464 200.7071811662007
7806   93.76025855684355 201.5845940927802
7807   92.9582571089862 200.2892578142203
7808   92.21077212928417 200.7486735209282
7809   95.34337961852992 204.1491458349592
7810   32.7898027972395 199.6428882034757
7811   33.39190721953489 200.7974350191525
7812   34.08808066025286 200.4216186760909
7813   101.6162486738402 202.3918798878668
7814   4.73060756400495 190.1551917502281
7815   4.002980161024194 190.6654988874175
7816   3.196989286772377 190.2934392667563
7817   3.276077958656525 191.1767163479165
7818   2.471139274033279 190.8040857249086
7819   2.550231072932186 191.6873315993447
7820   1.74195987650396 191.3151986346476
7821   1.660888527188176 190.4308692268945
7822   0.9289805868151824 190.9413035715952
7823   0.8500080464563804 190.0458765824231
7824   0.1103849859073858 190.5640705368211
7825   0.02718169758202136 189.6662792997115
7826   -0.7030025186536233 190.1835632013747
7827   -0.7835893652088182 189.2750250369843
7828   4.059159119277616 191.5360825058261
7829   5.483971401279537 190.5220286863818
7830   1.012552706843552 191.8332465197636
7831   -0.05218750019151819 188.7620921027424
7832   -0.8611213928122005 188.4400360877086
7833   -0.614397055314845 191.0550129387207
7834   6.181770774122501 189.9989145820162
7835   -1.465359946730077 190.5967948565824
7836   -1.41362509571653 191.4484623348009
7837   -1.595779465866198 189.0270187518201
7838   4.749124241318117 191.0188042902809
7839   6.148579497798965 189.137358179361
7840   6.872272249560937 188.6073391239179
7841   84.48499413964451 222.5706878197022
7842   83.89475679145335 222.899913163727
7843   83.31088585260356 222.6158694887666
7844   83.34796415658153 223.2720234212002
7845   82.75356970910481 223.0027185347419
7846   23.77756672175126 195.9597477393909
7847   23.79438266158196 196.7896130121837
7848   2.303358355363142 168.6705901309316
7849   57.50071834223132 191.5162686704793
7850   58.2410257246603 191.885165528033
7851   57.55303784698525 192.338551197887
7852   58.93178748383598 191.4334212955887
7853   37.80761400952144 175.1347205988023
7854   37.13179563412756 175.6264572307288
7855   24.46414721335783 196.2948430438511
7856   37.32380538624412 215.8440773689898
7857   84.33070635213204 172.1529135013288
7858   83.5302140702396 173.5994046775938
7859   2.298161885062808 189.0297785186761
7860   9.857136808875254 190.8908492733058
7861   10.65675645674197 191.3019212935102
7862   11.43605424626036 190.7245840858704
7863   28.65276073837524 195.2379362276291
7864   82.51197410568933 195.9585507550344
7865   95.29094674660155 213.5924672449382
7866   81.90447455251777 208.2541390363067
7867   70.03318207049227 212.4609331715551
7868   75.28409754234039 222.5199116591257
7869   26.90275112497515 212.789314200629
7870   26.54142269725893 194.1712299829222
7871   27.25177305481101 194.5268002192402
7872   27.24506269627952 195.3431491016907
7873   61.07710175760238 185.8835406721515
7874   60.29067003531061 186.3182067285058
7875   59.60323795806095 186.0009468560262
7876   30.08456749380878 199.0805466968087
7877   8.398008587632749 187.6100210523222
7878   18.95267474123491 196.7073410381525
7879   18.9871276463522 197.4792672233845
7880   18.33254345876151 197.8918522367236
7881   19.65495049670973 197.0168151166609
7882   20.33807760931723 196.5977977136512
7883   20.28612143156715 195.8231174190719
7884   20.99754487769014 196.1928879053241
7885   21.01262871130914 196.8889808057512
7886   20.95826483134734 195.3884701009451
7887   17.63578637506078 197.5631144718795
7888   16.95989575560592 197.983554816901
7889   72.87160912093834 204.3698709262426
7890   71.52160908531755 204.45213665493
7891   70.88494666273587 204.8857522391712
7892   8.715636419924618 206.0595515484329
7893   9.376858245187524 206.363056491649
7894   9.981900615459008 205.946674466929
7895   10.64133410275556 206.2514365780976
7896   10.6732025013941 206.9720924803575
7897   96.83987280933766 200.6778211988314
7898   96.84441115685958 201.5314235722674
7899   7.939531391393302 179.2690028307129
7900   8.053687245909392 180.3544915833233
7901   53.58059965346219 209.1436039422379
7902   53.68353174674952 209.8750483712919
7903   36.30688003907375 191.5424325296721
7904   68.04979581475004 211.4514736728149
7905   37.5664268325313 189.0409044761911
7906   79.12587743479386 212.8155857642073
7907   78.47747254682467 213.328551307458
7908   78.18953253919564 213.9602279116315
7909   79.15781942946214 213.5590387552265
7910   58.89240165973641 190.6024593342183
7911   59.64121081746636 190.9753291038999
7912   60.43272707019045 190.5553657841784
7913   60.31122570637451 189.6891428583821
7914   61.06297607688006 190.0533752077189
7915   61.0028565964529 189.2245196963761
7916   61.77731574696777 189.5802308394909
7917   61.90791252435361 190.4160227445502
7918   41.11601626171536 202.5189642401685
7919   41.78848830313032 202.8911248263524
7920   42.41934984373189 202.4384984697234
7921   80.45309242666738 207.6300894842921
7922   11.86228097391162 177.4914670122537
7923   37.98802919753881 204.5974477670472
7924   38.02536399711495 205.3137381744788
7925   37.41022933740118 205.7152099772837
7926   38.12729111946032 206.0393770685056
7927   38.57222691635363 204.9117558657129
7928   36.64965052438411 214.8801940495163
7929   94.94525024653015 187.9782553203938
7930   94.16343894385886 188.4654046804305
7931   94.1229173875839 187.5434549725035
7932   93.34388810708668 188.0279628078291
7933   93.30519873071547 187.1117357689051
7934   92.51976476654698 187.5949035445564
7935   92.517257648372 188.4945644774922
7936   94.16119359527653 189.353153414923
7937   92.50513537949725 186.6523543544189
7938   93.27546386244296 186.1661597204456
7939   91.65600256564949 186.1838829865259
7940   91.6893771738433 188.0414210422903
7941   -0.3570235622877528 167.445134348731
7942   -0.2664291617940866 168.4210906529056
7943   9.849365297288106 186.5657947799816
7944   72.09508659267904 215.5705358216854
7945   31.87918609040034 214.5117819322781
7946   32.46646130551979 214.8380053124
7947   75.39855802475715 180.2436176324546
7948   100.5144690339421 220.5830028599815
7949   -9.150017820182033 191.0486276789833
7950   -9.1996784214545 190.0649635537928
7951   -8.20382240230215 189.7749635796148
7952   109.0688885660069 203.5307170638579
7953   30.00872949246153 195.9552619005675
7954   45.34681467566765 217.7188091569364
7955   5.479311563514669 205.2730086859655
7956   55.72859624049535 196.393194644251
7957   102.6813147468195 191.3948173998783
7958   79.71884872472052 210.1925259764869
7959   3.086446753877805 178.291566165686
7960   28.16844381225676 182.907044814409
7961   28.89516865095948 182.4210000355245
7962   29.03463199868684 183.3015615676935
7963   29.73375899791638 182.8156567553177
7964   28.19735391669849 185.5114358357829
7965   27.98032874574112 186.7533423367472
7966   27.15163516147845 186.7522171978198
7967   66.21641124527895 211.9385890552382
7968   66.07414706726289 203.9361958421409
7969   40.62205515336194 192.1249490916019
7970   6.143609179369413 205.5724651435897
7971   102.0945704915624 222.02495225053
7972   19.24259501232299 208.5096092922527
7973   18.66978690815105 208.9068317667347
7974   18.01413234468872 208.5692867095038
7975   18.13480817748946 209.3024961924962
7976   21.82687372847699 209.6963651391846
7977   14.90769023392545 186.4109346745314
7978   14.99151620770713 187.2712594714876
7979   93.14849432383012 218.2475500878822
7980   92.49775835176106 217.9042447574637
7981   109.1493607160361 193.411154786321
7982   108.329128645216 192.8987455293987
7983   108.2950886917345 193.9965157136392
7984   102.6186065332023 209.6147943527994
7985   34.61730953908578 210.5504919159249
7986   35.24410976184596 210.8606048909096
7987   35.82683025299109 210.4758832357385
7988   35.86799918436416 211.1717303869091
7989   34.65379244012314 211.2465005628293
7990   36.45451838614245 210.7874761321903
7991   36.49135550244397 211.4826979185293
7992   35.91067145209966 211.8661813770602
7993   36.52995294127091 212.1759884002999
7994   37.10962836001562 211.7913633675213
7995   36.41891586107562 210.0867927847331
7996   21.56510833392324 182.8427171304981
7997   22.3276119547514 183.2423835412774
7998   77.6839873141692 209.1353012421263
7999   62.30503183979724 221.9388652586399
8000   25.72305830983193 199.8868637895994
8001   11.95333361400727 195.5715532633791
8002   55.94327879437726 214.9978744000759
8003   36.15725712735763 174.3224145898745
8004   35.49118700181042 174.8185335832211
8005   28.50629068865449 171.5955140204848
8006   28.48021389053382 172.3444120043011
8007   52.33988213167657 196.9756254693465
8008   87.50744584267824 184.8437398816159
8009   97.67059684523716 205.4261704042036
8010   97.72083159320921 206.2851693350318
8011   96.88269181771331 205.8578679873015
8012   96.90060222943694 206.8061870807712
8013   52.54497096540382 192.2465152462822
8014   52.59004888166962 193.0682664549227
8015   53.28440478623239 192.6058273852228
8016   53.36076159262063 193.2931892667373
8017   31.38234781856192 199.0030639835838
8018   32.06583879806043 200.1094642950208
8019   109.2053010849618 215.3724096405992
8020   23.9324359868877 212.6577922575947
8021   23.9956035934671 213.3060712559071
8022   24.64211769145162 213.606142911084
8023   23.37726482456124 213.0250977524362
8024   25.17125869465652 213.2484343135403
8025   22.76103168433303 212.7448645197425
8026   22.2094394366128 213.1227181923894
8027   22.84057463638806 213.4071583667209
8028   22.26660766729445 213.8596641513593
8029   21.58621669199461 212.8087911637739
8030   75.81834445438324 214.7308000855091
8031   75.8265054914092 215.4073246074153
8032   37.89997018346661 165.2682004488269
8033   38.78463201501947 165.6987416378261
8034   39.58376784703775 165.156720549633
8035   39.66560138065842 166.1293804786468
8036   40.45102493161659 165.588564206185
8037   63.33034137685525 174.8299102939887
8038   63.38352374901563 175.756074757226
8039   64.18237342252607 176.1722884541442
8040   78.71734735925054 194.8534883202341
8041   78.03092292275227 195.3366433241376
8042   77.27868465770214 194.9583147357974
8043   77.1910797331174 194.0769976312706
8044   66.9903490357031 222.2504174437969
8045   83.03738266377825 192.8283618479734
8046   82.28937539189947 193.2947365774684
8047   60.04354753759475 211.0612306776462
8048   81.4565190640881 192.0147154794577
8049   80.7615200430383 192.5177716009897
8050   67.06239899169904 208.110068602249
8051   66.58952160635921 209.3009346274537
8052   50.15081575550307 188.6916943010859
8053   50.21608598914814 189.523736708882
8054   62.29187918194535 206.4498919386543
8055   62.3657576845769 207.2015222922695
8056   61.70742513929207 207.5848495080222
8057   48.33765809413148 192.5341574301538
8058   48.36014712818923 193.3207992715975
8059   49.10193031637783 193.668838089507
8060   79.88628593979293 191.2158432629485
8061   79.20250639738123 191.7244728179277
8062   93.91960743750941 207.5771000718997
8063   93.8605525710947 208.4064762332964
8064   93.38744604631843 192.5726069579665
8065   93.46472462461455 193.5706223867326
8066   95.01259076938153 193.4269705290558
8067   48.08316375348537 166.5635796094415
8068   47.27137920213725 167.0911648334397
8069   47.33751728424122 168.0420770020234
8070   46.50134681039634 168.5528249026306
8071   46.49503825708732 169.508653741773
8072   47.20348216880556 166.1302413619144
8073   108.9719075413148 200.4905089753751
8074   108.3036225527814 199.8607036228789
8075   36.63752969579533 186.1725691801665
8076   106.6208036395717 222.0306707532013
8077   107.085732420131 221.2064742536743
8078   78.3146280062152 190.4180047477519
8079   77.59397134870571 190.8909517878618
8080   76.42394209219955 193.6833248246243
8081   64.58270274319754 201.7054742150037
8082   100.8074523567035 189.5389434630971
8083   46.0898463287392 195.3766486148246
8084   45.36863539499683 195.0176566935436
8085   45.47035284302744 195.8322249127123
8086   44.7485283242187 195.4730254232944
8087   42.0916923970242 193.604129007796
8088   85.36864293866827 188.853749227531
8089   84.62279615974512 189.3372792202245
8090   83.81877090773334 188.9417275503679
8091   83.78342176285418 189.7935265371506
8092   82.9866785172083 189.3841342635862
8093   82.9988354899819 188.5130254848173
8094   85.37285892258684 189.7079445026649
8095   65.91226266037731 197.2097864626763
8096   65.16237965685218 197.6382061556458
8097   65.18039587992635 196.8469103005694
8098   37.6843332068407 210.7118283532875
8099   38.29894426318634 211.0108668679168
8100   37.70773387823257 211.3920907846233
8101   79.42603501647555 181.4679391770721
8102   78.67867864038186 181.9601190937697
8103   -9.067282983286246 201.9707341307466
8104   53.37278046791943 212.4075429063088
8105   34.90781899909047 205.8923343854202
8106   34.302078994095 206.2951831981332
8107   34.33972008716518 207.0139867374238
8108   33.73361708847479 207.4048006376445
8109   34.38697736581197 207.732075955165
8110   33.81558608658174 208.1312800550151
8111   35.04883704150188 208.0504463236476
8112   104.9000432855448 205.2060730917176
8113   26.92416309465099 215.1416277208437
8114   81.84728579026645 197.283789728765
8115   78.92947089580709 185.5899857306776
8116   78.960036890479 186.4792001130332
8117   79.78222060840109 186.88531695948
8118   78.96904097815096 187.3454759025019
8119   78.163172878561 186.074044494365
8120   83.45763311467921 182.7224576545525
8121   82.67997333225837 183.205287429678
8122   81.87456220912466 182.7689969493645
8123   83.49347571083443 183.6264779780184
8124   84.30265829186487 184.0494110685707
8125   85.0811446835581 183.5885391272844
8126   85.11318900532044 184.4795951896318
8127   85.90038655154906 184.0195658070355
8128   85.9274597062717 184.9201843489133
8129   89.16884309467949 185.7353844520556
8130   7.042432930970754 202.5189452663784
8131   7.139128469901736 203.2732506602618
8132   46.85080357833674 179.5133660799295
8133   54.42175136542784 218.8095561076214
8134   64.8308645962851 166.9532647712697
8135   64.01445879879168 167.2446671566586
8136   65.79351958888319 167.3307192337101
8137   -9.077387559642176 179.2350256784206
8138   91.6555963431099 191.7553532886874
8139   80.897119531011 222.0516654180461
8140   81.50849976550285 222.3687458146428
8141   80.93091222119682 222.7235026534335
8142   81.58616746619893 222.990536679024
8143   82.14575302276282 222.6596301563571
8144   82.09802863302917 221.9948275545533
8145   64.97129795988769 175.674465432707
8146   65.7718531398119 176.0980710635297
8147   66.5634770238964 175.5991888448683
8148   10.59013662385857 186.8988849305816
8149   66.12845060228742 204.7053872094531
8150   54.39678384438842 197.2535252523228
8151   32.25266844064389 211.3999904663615
8152   42.64675039625679 212.5587227823507
8153   41.38906872103439 212.3621619091587
8154   79.67304403534008 221.4171352333996
8155   56.8026786034136 191.9721668875007
8156   56.86579832594306 192.6726261273845
8157   63.1289897162811 213.1616972490255
8158   63.17421592653347 213.9310736217963
8159   100.618920210752 181.841678290767
8160   99.76866167515348 182.3188102241363
8161   99.7389854228245 181.3354104346913
8162   100.5435950356208 179.8451024719556
8163   99.68969303914301 178.3410948871299
8164   91.5462851872795 167.4457319066307
8165   59.02407583457231 166.5068008921316
8166   58.21282783740178 167.0245839977478
8167   57.13187315372341 167.0453500225379
8168   56.67798317254336 167.8697099992448
8169   56.22438138351878 167.0402494943549
8170   55.77779532844281 167.8486521067523
8171   55.29954372698644 167.0507650261108
8172   54.82893050619947 167.767713469405
8173   54.35126369242821 167.0442941833948
8174   53.89374232587863 167.7913751027918
8175   53.42400835882302 167.0468230108677
8176   53.03262445071537 167.7638838893226
8177   52.41900361272807 166.9336854101737
8178   73.1506827042889 210.4667721642621
8179   72.52291848166351 210.871331789742
8180   72.54634528103917 211.605413762768
8181   67.83094358429099 191.8008913198138
8182   67.12681644898498 192.2624450063289
8183   67.14884951912681 193.0823573131266
8184   66.3840092916324 192.6954832504368
8185   67.08106503482658 191.40686602175
8186   66.30128535348379 191.0120689281583
8187   35.111189188217 171.1716314164979
8188   11.30870176805816 189.8997267637003
8189   13.15351644740839 206.0414710927192
8190   13.23379657367536 206.7573502544904
8191   13.77116045035226 205.6280262951059
8192   23.19350731665098 168.2006282134627
8193   24.03165744208657 168.5605902519434
8194   24.84697263441925 168.0568500885129
8195   25.65462227137309 168.5758204751235
8196   26.53734011226805 167.9948715331441
8197   48.7682929159567 216.8851764398078
8198   49.35012368768891 217.1522876556851
8199   43.40960904306236 205.3866774386142
8200   102.8274739867422 217.5534576659531
8201   54.98301269498843 180.2791545179643
8202   80.25192317938016 195.6341469822336
8203   79.55958025324672 196.1042967915365
8204   78.60158968591108 174.7146368744972
8205   78.54497058901838 175.6134591756909
8206   68.30743230506188 168.5246838027374
8207   67.4995461763375 169.042694462679
8208   15.52108483538225 184.1495739648607
8209   69.49988511388742 172.9839416660434
8210   19.09502281314176 168.1384078255749
8211   83.75531789543763 215.9504442342703
8212   81.7856645956148 214.1841468233274
8213   81.19372903469464 214.5949290669958
8214   66.22987043098183 206.2338934538801
8215   34.02962186342967 210.9388206661835
8216   109.0866968925985 201.5030281892644
8217   78.3281458561989 218.6922801702321
8218   77.7541947023363 219.0785380553687
8219   78.95758033688026 219.0146493714285
8220   4.18301007953426 182.8604235623862
8221   54.21515794331567 180.764794786837
8222   63.99053718413853 221.4923431230327
8223   48.96646590662123 197.5603009816577
8224   34.38199387949442 194.0684210683374
8225   76.92658997346354 173.840858816674
8226   75.63928290097857 205.0113788858238
8227   75.61298133398888 205.7931854573676
8228   -9.132804021173289 188.1039369188523
8229   -9.119801876956739 187.1913159802342
8230   89.56091232769612 210.0276515839382
8231   102.7984906840458 218.3916468619804
8232   44.59244780354877 214.777683390744
8233   45.19897360636775 215.0816992955738
8234   44.02623361956692 215.1522978629632
8235   44.06847248315147 215.8261789529869
8236   5.602010689139652 180.8681377731783
8237   55.986723149082 215.6818629145377
8238   23.25670640262317 204.4302427502787
8239   82.47579133208751 167.4022545409375
8240   13.40142331128045 176.4532178360885
8241   13.47404861297756 177.286583743295
8242   61.97159646723433 214.03507094336
8243   94.99434311950664 168.3039982844584
8244   95.03205612102643 169.2849287121446
8245   95.91507738231317 169.7516576883155
8246   95.06902611997687 170.264741160361
8247   94.19865822298314 169.8032281392902
8248   94.2559236155067 170.7788508480825
8249   94.33173323675078 171.768205055247
8250   47.94896623053951 188.4202746289569
8251   47.24194716678952 188.8837543320346
8252   46.51418231165368 189.3342734688635
8253   47.25354807867146 189.7263187393405
8254   48.00554391902236 189.252280700562
8255   47.30518471691829 190.6507284369469
8256   76.09940500943756 174.3313064885718
8257   68.5533039811317 218.4948132555868
8258   69.1339777113634 218.1130022966958
8259   69.75390973152997 218.4246341426201
8260   70.33918326067787 218.0446790300597
8261   70.96149451522436 218.3583452147809
8262   70.37380840698961 218.73506559595
8263   70.98757971786043 219.0455951970097
8264   71.58372642407866 218.6708999661158
8265   69.78296765438535 219.109514509232
8266   71.55046295431177 217.9774668770705
8267   72.15863212122363 218.2953908283211
8268   72.16916373147181 218.9911309506715
8269   72.72471850351909 217.9217146008095
8270   3.306620442580509 192.0440291991257
8271   2.597416505971244 192.5687914319302
8272   58.8672320076645 213.7775781269715
8273   81.92005689338767 176.450144401748
8274   81.03617783698144 176.9041225376936
8275   28.36541669278267 183.9113720572467
8276   69.9737636460028 191.2446501412394
8277   18.88021517629647 188.2595687944194
8278   85.55822940797289 215.5448083137379
8279   86.19356343346023 215.8743343134268
8280   73.10617172986176 181.6951221067332
8281   72.38288730989075 182.2139197466502
8282   72.50929100855156 183.1894596187689
8283   18.45838297370146 200.7399482718469
8284   36.76778605084112 205.4112370408581
8285   106.1520501292329 221.2234850739925
8286   73.3805136304828 169.2440070650163
8287   54.34817149056718 217.482265732365
8288   73.01543190512126 196.0152550959835
8289   12.44213378340134 210.3325369909683
8290   11.87200224314731 210.118120349592
8291   81.86388598792242 215.6554787755723
8292   36.77782912649089 178.7750809034837
8293   35.96332457078466 179.2910153200963
8294   44.62789865274124 180.9698071448175
8295   34.45124033814665 172.5915435660256
8296   28.40542363891061 203.4126277581042
8297   28.35728979472189 204.0841614544522
8298   61.5432914295267 167.7650179414968
8299   9.480965046359778 178.1974620964418
8300   29.85404032495683 212.2512858860274
8301   29.23619186660804 211.9420228501328
8302   29.20562236422344 211.2437349706835
8303   28.61382733258038 211.6343160411174
8304   47.72355412658101 204.295931534967
8305   63.49517356207575 179.3459533099725
8306   63.56876315892623 180.2770598910518
8307   40.03230789095359 196.9077363068461
8308   40.73053894314729 197.2530850255316
8309   39.98207010579522 197.7312050722965
8310   34.50389575527285 216.2891817343395
8311   17.53602306181464 205.3202546361189
8312   18.26579595232922 205.6168260796765
8313   78.25109878675369 168.0564193513984
8314   39.11586466847896 216.7608968657545
8315   96.56231501453252 187.9223226855721
8316   3.805364828431118 176.7971634444508
8317   4.657546485011985 177.1348844194542
8318   5.427662715873936 176.5770732731659
8319   3.95607847359049 177.8309397588967
8320   83.7031081277444 214.4725199325475
8321   41.62192142951706 207.2792703567408
8322   94.83524686312609 185.1476919573147
8323   94.80112459625964 184.2020195715807
8324   94.00274447409942 184.7014722590997
8325   93.96760881412787 183.7616415322581
8326   30.26947423982476 179.6850638802192
8327   44.35761463379286 202.6440018908271
8328   10.86472486047773 171.7388893295942
8329   16.57014065053576 208.972719671216
8330   17.16653856756681 209.321162638173
8331   17.16456054172509 210.0383763305475
8332   100.8106231127665 201.9449228664051
8333   103.1517816384314 199.559892126801
8334   88.56066999026024 201.4206005783295
8335   30.5009206360391 160.8547954043218
8336   30.0019541252356 161.7269143327578
8337   29.03878046540593 161.7498041766087
8338   28.51082636672647 160.8701404491343
8339   28.05670207218937 161.6889606981159
8340   27.50690138442614 160.8705084969618
8341   26.96156137161006 161.7114583159104
8342   31.11355922185487 161.7639170050875
8343   61.45745341224765 160.9908184834217
8344   63.49802728137858 160.8648864541123
8345   59.48864317313515 160.8577991326491
8346   58.99682710319173 161.7228868491154
8347   58.0082725098935 161.7266598085307
8348   58.5073627121332 162.5857287126344
8349   57.51838636149057 162.5589493002957
8350   59.4463955020604 162.5678383809155
8351   57.01361640384739 161.7258769160725
8352   56.54593050300423 162.5641798373354
8353   57.1312350053061 163.5182892648673
8354   46.2059373476551 211.5966825187099
8355   46.23471754338091 212.2908300132524
8356   22.49804479633503 160.8648965663845
8357   22.99805184217415 161.7269257638896
8358   21.97219437029694 161.8854795761393
8359   42.90691928804429 207.9283269133793
8360   42.96306177188356 208.641353796594
8361   43.59332710712031 208.9575446290473
8362   43.03174305966743 209.3534739897107
8363   43.65561980231764 209.6658485744459
8364   44.22649121865699 209.2728721752122
8365   42.34356917251469 208.3164979987479
8366   65.17035092564285 168.0066695118779
8367   31.04257747656761 204.6789082629256
8368   31.68872443843396 205.0134557189209
8369   31.1250849869263 205.4173724734005
8370   84.59354093363088 193.6135655745631
8371   55.50163621080847 160.8640124186827
8372   55.00267352023358 161.7254191336941
8373   54.00927900377147 161.7270671898527
8374   54.47567968716626 162.5657771239718
8375   53.51339888245991 162.5775346707792
8376   54.01768882297289 163.3615094221063
8377   55.50854149855314 162.7141623455888
8378   53.00888337694988 161.7254043117142
8379   52.52124401833672 162.5829887892289
8380   37.08368233186815 211.0943041461144
8381   52.38273112954563 176.3954514031951
8382   23.21030623050363 186.2463565333719
8383   20.48125079403165 160.7971997961723
8384   36.49909594457159 160.8364174139655
8385   36.93288266940905 161.8372362774985
8386   37.99219728813346 161.7460411584264
8387   38.46605818765973 160.8529837747306
8388   39.4929890282044 160.8705205376756
8389   34.49735330279191 160.8480545258587
8390   35.07312403594327 161.8477652873612
8391   41.51313682115132 160.8633813792121
8392   40.95403045195265 161.6671221700485
8393   74.60861590519087 191.0940347260884
8394   71.1501899677976 185.1044198898891
8395   43.1997428914941 185.3629995634966
8396   44.00683386539647 185.733713263338
8397   81.34264051024729 186.8145895595386
8398   81.39486988544564 187.7127525745434
8399   82.20224961646753 188.1074297513243
8400   81.38589624126237 188.5722676806427
8401   80.58204542852388 188.1634701387721
8402   82.95426891451024 187.6263447005025
8403   80.53710779395766 186.4043301226439
8404   80.58108882245108 187.2869045955521
8405   51.47998459397426 160.8855245515006
8406   51.07191972968197 161.7838375658007
8407   52.01997397811434 161.7421700053358
8408   51.60974700758764 162.579821637096
8409   52.00874952731489 163.4231314788024
8410   31.78398267149738 188.5991504877198
8411   31.8426448249094 189.3609441578044
8412   32.53425045373337 188.9547741868181
8413   32.6122978915013 189.7410272226488
8414   33.32313151096611 190.1096377624252
8415   32.66658427542801 190.4298280640684
8416   49.24112599325174 176.5675458730969
8417   77.29214650269098 184.7579243405712
8418   65.440097520856 204.3609145954641
8419   45.52686327709257 160.8182919687999
8420   81.53709002192807 165.965171626502
8421   81.59094231113372 166.9428745305289
8422   -0.4469320043945618 175.7658011231899
8423   -0.5384524752799755 174.8031197713856
8424   0.2479313516208619 174.238886969105
8425   0.3363948891477643 175.2074101368624
8426   0.1568342175406084 173.272812004467
8427   1.035221830052265 173.6715958310429
8428   1.824451153906181 173.1025963636291
8429   1.922416997812493 174.0619503791761
8430   1.679642356181906 180.3154428344651
8431   48.46609493488499 185.4354969818095
8432   87.79129391335461 179.5382048463779
8433   87.83536080780615 180.4673399877031
8434   88.63774810157366 180.8714984124975
8435   87.81811711963944 181.4312680873463
8436   87.00298610070548 180.0292341648399
8437   86.165800016608 179.6036026795728
8438   86.3365498521342 180.6091893762708
8439   85.37519272354908 180.1095369335986
8440   85.33299654915307 179.1544842487518
8441   18.91581453660915 174.6112065847749
8442   18.92407927547772 175.5147224535502
8443   78.4445524978125 170.9425719610242
8444   24.1274023138834 189.1457189737044
8445   33.41612227165835 216.6510721312586
8446   35.16902924684465 177.9867676062909
8447   34.3894033536715 178.5006318031839
8448   5.354162675403889 175.678651103992
8449   6.215535402833632 176.0598274177523
8450   6.988487716841576 175.5105253873948
8451   22.40134840840257 209.3057482426407
8452   34.95157116683573 206.6133838536234
8453   51.63410913547791 196.6191876386741
8454   68.05876196249883 203.435856062718
8455   33.09717489044206 207.0865569443664
8456   40.11215736087154 213.9986565095316
8457   -3.410846017303898 196.4551797955897
8458   21.0094867822084 207.3038219948354
8459   94.95582498109086 167.3203473270165
8460   37.93467150536827 195.8384554472542
8461   37.34987443413338 196.2516562603018
8462   38.64052218327987 196.1829137344509
8463   33.57785174585848 184.6822406217586
8464   32.89168290449046 185.1609310953079
8465   33.6518511396489 185.5322482128827
8466   32.9767260185226 186.0150337749264
8467   34.34848822537023 185.0561997570073
8468   34.42061212087405 185.9027597011376
8469   35.18163201731677 186.275329014378
8470   34.4890479216797 186.7491299466577
8471   47.49952852460576 214.2713747226658
8472   97.57083706491528 199.2748012991955
8473   27.83379531420241 175.3360305510416
8474   28.6556671027722 175.7397419112838
8475   28.7249906465763 176.6690164775348
8476   29.46598679253762 176.1115271811212
8477   29.42094182205247 175.2278444380477
8478   30.3387603415789 176.5731177575163
8479   31.0962741255817 176.0109852892085
8480   31.91975904295741 176.4001866007133
8481   31.96867444142467 177.3405166786938
8482   32.93693966519383 177.7278759367456
8483   28.20354930278886 214.0502476514745
8484   41.01652378579422 174.0364802125294
8485   40.19792574447611 174.5680988086453
8486   41.02825931127285 174.960560585918
8487   39.3294936383532 173.2126834176566
8488   38.42777517949621 171.8782711202331
8489   39.22641079667969 171.3497359432624
8490   74.50175604942277 160.8650115481481
8491   74.9602670707803 161.8127056772721
8492   35.7655483694258 194.7996668312243
8493   35.05894203279226 195.2136514312261
8494   36.41775295429776 195.2273975284691
8495   -5.751073075032052 187.2135300835642
8496   59.53950339394006 185.1340164307972
8497   58.82545319662376 185.6177044004959
8498   58.88799109013046 186.4820366799787
8499   58.11205757555632 186.1016553308269
8500   58.1601324547173 186.9361964073397
8501   57.39780046667133 186.576859741143
8502   57.44965800628047 187.4106708748463
8503   58.12457624459197 187.7512396412629
8504   56.69250745388263 187.0558398785663
8505   56.71928060133715 187.8870251254174
8506   55.98621297381905 187.5323768604659
8507   56.02630698212167 188.3808158882594
8508   55.28361892799938 188.0060256403842
8509   55.34100779869664 188.8351078111849
8510   56.00925468532036 189.1940460634839
8511   54.60628881148664 188.4893703576512
8512   54.61639653301621 189.2886031989686
8513   53.80111028053972 188.0751223233635
8514   55.21304625840924 187.1482353332847
8515   57.32949024579103 185.7120466748526
8516   58.7629154798369 184.7490219678659
8517   61.03419356575621 207.2462057955804
8518   61.10385728399709 207.9819909225512
8519   60.48807938688135 208.3793613646432
8520   59.80167012073386 208.0412630967215
8521   59.87140963440991 208.7823605317831
8522   59.96434863104183 209.5394081165609
8523   59.38745968180946 210.6105756756003
8524   61.20068133174726 208.7314846980647
8525   30.7998979353343 216.0636074978886
8526   76.46086018123722 160.8438408787135
8527   60.40218100755791 220.3963015666874
8528   59.92978743905104 221.4355708720338
8529   59.37260446043395 221.7807546610209
8530   12.6930025399833 187.132917991212
8531   18.32255428959798 179.4516208973336
8532   18.37922385601895 180.3712737518688
8533   17.63817525722445 180.8631731684723
8534   18.42337969117574 181.2732871718421
8535   38.37350813548095 179.5600679052775
8536   37.73182934276105 180.0514655152355
8537   8.555179854990618 174.4184970403895
8538   8.546765687403408 175.2670208837993
8539   7.741441344411136 174.9206157179858
8540   6.902910080790816 174.5685131067127
8541   62.63271985900091 183.3769447238436
8542   103.2547932921554 204.2321157829842
8543   66.48367900541771 165.7110925102924
8544   34.01915125610834 189.6812053384349
8545   34.07791577992332 190.428585677076
8546   26.78438999506429 170.8323891530642
8547   43.92380110630394 167.2822644154317
8548   56.012791052589 161.7430982924644
8549   14.93253034383991 198.573829139653
8550   14.32364523845068 199.8064166917565
8551   32.39494143183722 168.0397792234198
8552   98.86376996736482 182.6822748325171
8553   78.99627790424856 219.7155395081237
8554   34.76164021340089 190.0475597717733
8555   60.2528125658326 182.1893919607135
8556   19.13763112813435 201.0998264245227
8557   31.3184866729508 183.5533471202197
8558   87.54600535632446 196.4757710901667
8559   23.17441878821654 203.0307182036024
8560   104.9624674186787 186.9829653888675
8561   105.000090262245 187.9653480173007
8562   104.1794010099495 188.4915280579899
8563   65.80586072462427 195.5788804740204
8564   15.68876100730268 205.8356961282022
8565   67.95560890102331 195.8703946041242
8566   30.76016742482501 192.3761877566104
8567   30.757603817913 193.1646776300748
8568   30.03661991528455 192.015980640337
8569   29.30952107045656 192.447315795523
8570   28.5878804908167 192.0879791800058
8571   99.76409427641386 216.7080034496747
8572   23.01976987981143 181.8863083274654
8573   89.02451804723077 168.0253677896286
8574   88.24835807109397 168.5762125996175
8575   87.40431550703742 168.1424384028058
8576   26.18664751118066 211.1197820522517
8577   11.3529682505898 209.3415350932123
8578   4.979103965346798 170.852853438077
8579   5.044845093577122 171.8351549084505
8580   35.35263262924583 164.9405609122279
8581   35.46442234059104 165.9188380150519
8582   28.5344612868792 210.2557623528454
8583   42.91539969185178 178.4109835064763
8584   42.23599709860273 179.7832490725067
8585   41.54836933120374 181.1379290202828
8586   -2.52668774131985 187.0580503953026
8587   -1.751747381037249 186.5280235521661
8588   -1.820801471093157 185.5902776155933
8589   -0.9772718525056499 185.9993914323132
8590   -0.9219155950966641 186.9077537969871
8591   -1.071616955692347 185.0378021316423
8592   -0.1776469690322638 186.2461909680373
8593   -1.702144067010034 187.3863745827559
8594   -0.2319739967181834 185.4259235587461
8595   -2.675565124371623 185.1772112096501
8596   60.18389284888327 175.9175505848531
8597   59.44275011667662 176.423929817386
8598   84.47494135323332 223.2422447439442
8599   26.07895680214759 209.7347571168146
8600   45.78383123365925 173.7044380247631
8601   47.30326974081416 172.5917719092223
8602   38.86384791066005 212.0197695246632
8603   88.45753838957555 176.1965027037424
8604   32.87145614728642 193.419221749349
8605   34.12530748040982 168.8726473417235
8606   59.29777167632434 221.1384195307369
8607   103.500535380284 214.3935715021508
8608   63.30080093107339 219.8563380481578
8609   104.6950923479874 179.1030912792788
8610   103.861272667105 179.6782766981782
8611   103.8991503600929 180.6602842205425
8612   104.7527850894888 181.0778288360077
8613   104.7932719349364 182.0597285372019
8614   103.966328925882 182.6227961638475
8615   104.0032396778081 183.6023282634364
8616   104.858387001441 184.0316190233226
8617   104.8978949300643 185.013319382549
8618   104.073799908182 185.5588321817056
8619   23.65949249479162 214.3051940807759
8620   -8.913399504483051 176.2305060593201
8621   -8.12659807851494 175.4975810046459
8622   -8.366511609036626 174.656135141287
8623   -7.460703088409993 175.0139371529627
8624   -7.624691946453263 174.0397544248756
8625   43.37838171779721 196.3142855637272
8626   85.26336912586513 178.2337705660924
8627   84.52898300092377 178.809622236423
8628   45.04682066958679 212.3542772264148
8629   17.79081739072167 163.8390254118066
8630   24.24048818644945 209.5190063934805
8631   42.89591318759427 215.8972952496989
8632   87.6732570667403 172.0275465560557
8633   95.18779862858062 198.0043356981478
8634   52.07325914467558 211.0675705296304
8635   21.67485303173416 199.3928788942392
8636   22.34574570323291 199.7393075984428
8637   21.70548846342417 200.1634124309524
8638   22.9975805026649 199.3062159302467
8639   15.81434955338781 207.2691168022601
8640   37.52291324936706 170.5384936458453
8641   37.46570852769956 169.5979425693346
8642   25.41583430195746 175.0468173101893
8643   85.364301305783 208.4836942993751
8644   8.426485471330142 191.8792500003649
8645   9.31732377029981 192.2544767979269
8646   57.26735164490327 181.5063900139658
8647   83.78532974402958 205.4731156517542
8648   99.48946731320599 173.5506312952085
8649   57.77466805407344 195.8908512788389
8650   64.45961717788549 196.4424063152355
8651   67.84916645949689 181.7404083262721
8652   67.93717591497649 182.6357226466875
8653   91.89632379892686 174.2811076498698
8654   25.89300176396042 182.6252448951891
8655   43.02741453808114 202.0441859516154
8656   43.08649369469975 202.7034522611819
8657   42.35512056304758 201.7152161068033
8658   61.52537515534354 219.6424833106938
8659   93.6514756882143 197.2437722037182
8660   81.77584411983366 170.809824877924
8661   80.96461793328272 171.3223624321758
8662   80.11116534612557 170.8760447496158
8663   80.13929814195485 171.8275521962398
8664   61.49614162443578 202.3860710896661
8665   61.53108125924915 203.152089825932
8666   60.9115437958809 203.5616251898175
8667   61.54305825312035 203.9032788143728
8668   60.23159817003236 203.2248254580856
8669   60.27991011862135 203.9837012050496
8670   59.61642415425416 204.3866867748425
8671   90.16585966962757 173.3543419485077
8672   33.2022477324925 215.9941713637443
8673   59.06737324244268 217.8565844751767
8674   89.44834926372596 180.3398602257829
8675   89.4767742627054 181.1951206566175
8676   46.39337422763216 166.6594022742327
8677   13.23423276043177 169.1085459229759
8678   49.21890801065044 177.4940417860075
8679   31.45934948142986 202.0939061508924
8680   77.28310971843456 165.6489826539652
8681   76.48965490776244 166.183716538523
8682   2.663989353980001 183.9235776940698
8683   50.54482435714412 183.1620172871583
8684   42.65738936433445 191.6117553983668
8685   54.62439239695124 202.799347168244
8686   20.72064659499468 167.9194580425543
8687   47.02122148896574 163.2156384701082
8688   36.86915146860554 207.574722151028
8689   49.1109127116582 184.1071764492989
8690   -2.878758598411563 182.3179353423489
8691   -2.828320889924036 183.2729281347156
8692   92.8443016634849 195.929711542155
8693   92.07459616368436 196.3873898936485
8694   91.29726451449297 195.9678986660268
8695   81.82867718564037 181.856522057108
8696   46.89563028635555 180.3917139606937
8697   24.33602428852945 199.2155154050262
8698   24.23489923478316 190.6913261404712
8699   47.67591248357394 185.0516873205948
8700   47.03670616778457 186.3638223747218
8701   -1.917691696055899 177.8438512481465
8702   44.97983733401713 218.8873600432094
8703   96.72677473971578 197.0166468563788
8704   92.43333894079996 205.937583323189
8705   109.1635684392993 188.3842552506057
8706   2.523027612336266 171.5751442088722
8707   2.61208622178554 172.5371523939276
8708   3.471814413536201 172.9516865707548
8709   97.44215754069803 190.2133823939342
8710   33.57263635464199 177.1975384963014
8711   62.31641042181651 165.4028668307579
8712   16.48862472138482 167.8485490136623
8713   -5.522521646023145 190.0653951041431
8714   7.431946952648495 170.1341679919956
8715   8.304690823348228 170.5392085811827
8716   8.344093530799826 171.5460225015794
8717   22.98327214232258 174.7595727319397
8718   22.1101244707531 175.2380313643065
8719   44.63509783578011 215.4521967157223
8720   12.36573157232911 204.2768252525876
8721   53.40340065971657 203.6315268074198
8722   54.07133302390901 203.9736987647852
8723   53.42526271199583 204.3528132892579
8724   52.78450330870379 204.0341077856722
8725   52.80132270997171 204.7009794245452
8726   36.61503008758367 169.1822846375698
8727   1.830653098046845 192.1743961224915
8728   1.857797643948897 192.993063924711
8729   2.572960556821513 193.3683682440291
8730   17.70934767531701 206.7647587160171
8731   45.0831101297629 213.0440521547922
8732   77.80203747010478 180.6085162035395
8733   63.97438323444575 202.1732768869391
8734   15.51163993433548 160.8714997453416
8735   57.27083338475379 179.690303049401
8736   24.50370059153596 160.845383020629
8737   25.45455747885996 164.6837236578311
8738   65.49694085620229 160.8593452392563
8739   64.8635336481886 161.8414213726156
8740   65.96933052443009 161.7441583731861
8741   65.48184272508024 162.5106768148525
8742   66.41309148397396 162.7354927731473
8743   66.96590544506847 161.7366340745515
8744   67.42319823765597 162.5586358572135
8745   42.12538721604059 214.2245593584602
8746   41.85379216966902 188.7761953385842
8747   -1.152496734413142 168.0154794066396
8748   -1.063339418607017 168.9901559872963
8749   -1.959067580073258 168.5845449997192
8750   38.80685688076832 185.6087219304883
8751   39.5518617138049 185.9905137858559
8752   68.59003679578363 160.9436304409903
8753   92.37910327330496 166.9224479739691
8754   25.62812683180259 189.8813431815015
8755   14.48749918930481 164.1270519338169
8756   0.6065362195941676 168.8361766722014
8757   59.12542760142703 195.0261658895744
8758   59.15517784316249 195.81669763897
8759   59.83151858709984 195.38422503143
8760   60.51382023694704 194.9463781815345
8761   60.5518464705022 195.7711309991941
8762   58.48245683235843 196.2542566041465
8763   59.10946799733703 196.6764481407944
8764   58.48131441461774 197.0750914234624
8765   60.48984834121053 194.1494603273218
8766   61.20257801055955 194.5050323285628
8767   61.89066885548704 194.0611856954141
8768   61.94508117928441 194.8959889376066
8769   31.62575727856789 211.0935029030438
8770   35.87668626216988 185.800295679358
8771   35.9498336009347 186.6458986195743
8772   67.84720923162595 216.7995706352357
8773   67.22628771324591 216.4971386374679
8774   67.1743234291707 215.7996390328253
8775   -6.488837036738421 160.8434022474325
8776   -5.981899437795282 161.8446826725453
8777   17.55975453805943 160.9076315876514
8778   51.54348123533538 204.7968387172921
8779   29.79414078072865 210.8673448164585
8780   44.1862130242088 208.5629777523833
8781   12.88984381412035 165.2459810130452
8782   16.19038196199504 193.5755625951756
8783   49.75647775438866 199.4479963010503
8784   97.04364420185483 177.9191552921233
8785   96.74809579433828 169.2346491303647
8786   100.9652595889583 167.6065368330106
8787   100.11953136136 168.1324246144039
8788   100.160058281368 169.1247106049636
8789   100.9982066711748 168.6015629528985
8790   78.5007046099492 160.8633858334323
8791   78.08542759256922 161.6873667395008
8792   79.0088310179636 161.720512327005
8793   79.50142359492042 160.8629379305717
8794   79.99976934887425 161.726825355776
8795   80.99527809523937 161.7280946491071
8796   80.52466055843188 162.6826669297313
8797   81.58833506475938 162.5909326973104
8798   79.4803488818116 162.594351135748
8799   81.98836614298416 161.7321769919595
8800   82.40717830319419 162.5300377933189
8801   68.10168442038737 220.9114728844905
8802   69.89875396105418 166.5176163375962
8803   28.00842958974727 164.9779830904604
8804   38.77657567102517 200.386854907896
8805   51.4338685388648 166.3959904553161
8806   44.00463351247972 190.7211254401896
8807   43.8329873601871 191.9776551799476
8808   44.25556566337875 192.5837727133928
8809   33.59835707031108 205.2510428218543
8810   51.62229293500241 176.8988165114121
8811   52.43514197601786 177.2998778545605
8812   52.49394992947521 178.1999689979779
8813   44.15506145955531 188.2310217829275
8814   43.34845507989641 187.0213783006687
8815   5.261726123178113 199.4932666271021
8816   80.82095425777564 219.9825284787805
8817   8.537895392371727 164.1668279684201
8818   -9.185761774370773 184.2297640949594
8819   12.72589761988558 188.0339743055853
8820   13.55374867168897 188.3369146822909
8821   57.50482117476123 160.8636098167692
8822   94.90883964135901 187.0428403299956
8823   51.02775485870644 190.7018104390713
8824   27.91014934445032 209.9542135889756
8825   53.5039111382601 160.8636061404582
8826   46.0577614262285 179.1141607681444
8827   35.28275073764681 211.5537111736672
8828   19.57307280358362 164.6681288800717
8829   9.915206751451429 196.1476303803177
8830   59.18786503781766 208.4381864153424
8831   67.7301446465869 190.1012835788113
8832   67.66591063540612 189.2400978499987
8833   50.97604800668716 197.049294762554
8834   57.75483385879537 205.6070649559762
8835   67.7577639190746 215.4104920645667
8836   83.76312391508402 188.0405912697566
8837   30.09321296533869 206.2591530211932
8838   34.06854610902322 211.6297361351441
8839   83.39881321912974 198.9086802780982
8840   1.724389214950199 163.7832562742252
8841   38.89537547008773 187.291375344133
8842   21.07184733420533 200.5859708112501
8843   70.42761454363689 185.5978297785798
8844   97.07665759590377 178.8710979881291
8845   96.26649447566781 179.3888340016277
8846   73.64308561269087 173.9803132784614
8847   73.66633369420339 174.9018436154492
8848   -4.110303385402975 163.8279875519983
8849   -3.223565138829392 164.2490595728451
8850   86.88696532974204 211.7132041765501
8851   87.53657451376996 212.0792617204445
8852   87.53164124666509 212.8568364527634
8853   91.61022377273181 185.2467305711224
8854   29.68542490437038 164.8601727126072
8855   26.37817901592953 190.22535917948
8856   26.40531086623641 191.019402393077
8857   27.12361938202677 191.3783564131431
8858   27.8424784441127 190.9417055334922
8859   31.37513263017846 164.7364887276845
8860   75.38344195385716 200.231033813386
8861   65.59801988987454 219.0224570792042
8862   79.83547410638332 166.0323388648561
8863   92.99507680638841 201.1709805503368
8864   86.11883046167908 178.6622744552113
8865   61.88013041059318 193.2609885877467
8866   82.69388096923637 199.3613512102046
8867   28.57268235034229 191.2968651573156
8868   21.68761227214951 195.7141626627426
8869   70.38179389832347 207.5959060236901
8870   69.7187816594941 207.9932920568976
8871   101.2793288729298 217.5468674981557
8872   109.1491475126083 186.405523269203
8873   85.66224229429125 221.1063437121913
8874   4.273396549441442 196.5161310659161
8875   101.8419205787865 168.0703871977138
8876   -7.508882011376025 164.1650011784379
8877   40.78637292494373 211.5685998433318
8878   -0.4573854333951551 166.4667857692074
8879   9.751463929903727 194.4923671472893
8880   79.46382268755767 216.5139542051358
8881   80.08902577706377 216.8445042624309
8882   70.81468158758997 167.9265872390658
8883   52.9546941757673 173.1469559312649
8884   -1.518864462106202 160.8668843625303
8885   -1.00282212272747 161.7303624016308
8886   -0.002815451257915889 161.7303122989379
8887   -0.5008359187662614 162.5941150233151
8888   0.4942694137802154 162.5832997674323
8889   0.975324013712332 161.7268466942651
8890   -1.987216710778488 161.7411963657431
8891   26.01674629320392 184.3598824908325
8892   72.09516723840575 188.1228302266369
8893   70.4849053949331 221.4472438318025
8894   58.17590399491307 166.0007698456597
8895   92.78260991126014 174.7425876636868
8896   91.82531544527372 175.2004737581596
8897   84.87533019453981 200.5122003393942
8898   46.47620819021464 217.021472016971
8899   83.51608909943874 160.8435576700844
8900   83.05265307189592 161.8253595191831
8901   54.59878180638135 170.8909797225203
8902   5.395753031424599 166.422861134182
8903   57.91064902503621 170.8242063502872
8904   93.02641201665892 180.4741625430927
8905   92.18871958741234 180.0318525975098
8906   92.22664519638775 180.9780415391579
8907   91.18465514205165 180.4984409266284
8908   91.91093895937995 179.0448075905714
8909   91.39565515806495 181.4741003890657
8910   90.46094151975143 181.2575324192093
8911   90.63662235429857 182.0658852559641
8912   90.68017639262897 182.9366978691431
8913   89.88241355645965 182.5610754032354
8914   91.3115889952223 179.6986977274966
8915   93.06484972534045 181.4204899294782
8916   92.8887924723037 178.5516987057802
8917   55.53889309769316 176.2039358396723
8918   61.32720000362799 170.5080170499772
8919   -4.418194542465244 160.8825190189179
8920   9.096790392749107 169.9771498039139
8921   104.1062188304097 186.5449636868945
8922   -2.057971937763723 167.608650881201
8923   36.7939220584244 206.1135447270423
8924   41.06005012071995 207.6827323784831
8925   4.526958030542533 187.4578382947446
8926   48.58451423519011 212.8468314888285
8927   2.500632093057236 160.8389523622362
8928   105.2297124214295 166.9440009205262
8929   36.04453267453827 215.2959206135286
8930   1.732883423643139 172.1399749610807
8931   28.95489723521958 207.0536302466459
8932   94.68796309408647 215.5351203157697
8933   58.48155669582463 200.3236223678777
8934   59.16823087627867 200.6735988926891
8935   59.81451592600133 200.2531441084279
8936   57.89172905859813 200.7498898085175
8937   12.35096955565663 168.7040784965607
8938   79.69677686506634 222.1012108837166
8939   105.3004456279163 168.9263390362467
8940   71.84930680278761 210.5230260775678
8941   100.4547357398434 176.926850164479
8942   64.22634295661139 193.2037380545458
8943   63.47920003358273 192.87074081754
8944   63.53903877954049 193.6629441767282
8945   80.15989991634854 224.0393375139855
8946   104.5979704883283 173.4057107462073
8947   94.42615737195385 198.489069243536
8948   38.0258965631735 217.6111098513563
8949   105.1546773777968 164.9462022712988
8950   -4.91865800591974 164.4026532380642
8951   -4.829236437740164 165.3929159426921
8952   65.00681368886131 212.7184099789685
8953   50.29219964394935 190.3483772916068
8954   84.84193649460926 197.9893546972324
8955   20.41199014120391 207.7073666714911
8956   11.43255406608907 160.8706592193053
8957   10.48935575708189 160.8387460366095
8958   10.05128950923307 161.8489580484439
8959   106.1119387655002 220.2497472058658
8960   60.42671155637008 199.0536274434297
8961   61.18403137214918 199.3814254537936
8962   61.807060366787 198.9610346761238
8963   61.75012039238901 198.1948278255787
8964   62.42946736682141 198.4643790565666
8965   97.50077615048852 166.7345317683631
8966   86.81330956519344 171.5819590703468
8967   102.8573131511204 172.4749725739494
8968   25.42310117495151 186.5348281162818
8969   26.27927228439935 186.8621545644352
8970   66.58999783455369 179.2270888832118
8971   52.2083500706299 207.0839052037524
8972   51.59138170408256 206.8289506131194
8973   20.05384110787486 192.5844312668114
8974   19.25869539787719 193.0237760295527
8975   84.29155505227801 171.1928573663436
8976   64.28499796270341 194.0263959383708
8977   -1.857678347700618 169.5585714582
8978   -0.9771950240902738 169.9658300439458
8979   55.21890600741573 205.770656645987
8980   71.65848529628785 221.3801715263002
8981   72.26950107279492 221.6895444543266
8982   71.70737579126668 222.039315250669
8983   72.32488797785933 222.3084791711859
8984   72.84261139457573 221.3223550570711
8985   88.66932403391857 215.0696919683883
8986   89.3097935092498 215.4210500586004
8987   89.9448487455257 215.0430011818766
8988   89.93787915208021 214.3021416573231
8989   90.55198495343298 215.391843452796
8990   23.58221555376189 162.7059728364678
8991   13.17837392245108 183.8675725080729
8992   56.01795431821622 208.2655368069163
8993   105.5173000910618 160.8630330160468
8994   104.5002225643522 160.8658969061911
8995   68.20351074610998 179.1375147464871
8996   69.88802206948418 179.1788423449831
8997   48.51075886446189 210.0768001155192
8998   98.50087021428183 160.8525243027079
8999   97.9590645361344 161.7153566125664
9000   97.00086096743897 161.7316160087167
9001   96.50069201998606 160.8660632251158
9002   96.00188945052837 161.7320162230506
9003   95.03773631919847 161.7378568814421
9004   94.50421658225099 160.8661077674552
9005   93.96372352116799 161.8441477771195
9006   73.26626500499881 214.116590371324
9007   109.1362977437278 184.4342777778705
9008   108.2815294700081 184.9250250118251
9009   108.2739777145169 183.9380116061716
9010   109.1362583766294 183.4386071506609
9011   108.2726595437306 182.9441624485887
9012   108.2548088475334 181.9499159199084
9013   107.3794621295252 182.4659207971376
9014   109.129742542002 181.4437240695131
9015   108.2387447118403 180.9593217301001
9016   109.123271217575 180.4488934153618
9017   108.2526627154925 179.9616076126811
9018   108.2201326817384 178.964746363778
9019   107.3351543023262 179.497741480816
9020   108.2273923743602 177.8317651979385
9021   109.1258749057707 178.4436512873077
9022   86.47036552759236 160.8899653506201
9023   88.49991431041258 160.8659759309049
9024   89.46560019393527 160.8162509995431
9025   13.29481891527463 184.7509004130109
9026   56.00848537896015 171.1540502902024
9027   52.76529599783141 219.9035664592373
9028   52.19637229223382 219.7416337303125
9029   0.4904602306603888 160.8622586603794
9030   62.52901582296893 193.6455409144458
9031   92.38115844620991 160.9425240420659
9032   74.94811697621579 184.4412529107539
9033   21.1340885487413 188.4860102914948
9034   73.6655090054787 188.9176946925842
9035   16.82731256051361 180.4644344416012
9036   11.62613227583794 183.1212032515627
9037   109.2195279285506 169.3999141248643
9038   109.2243618954538 171.4103381421587
9039   82.8058529713034 223.7460229362414
9040   83.28181593838627 221.944754119926
9041   2.245999187251627 177.9091215381887
9042   43.51506544099115 216.1959643530749
9043   109.2062107510522 167.4083417306292
9044   109.1863347402311 165.4244391057491
9045   109.1868415580982 164.4178932808929
9046   41.90454203386314 210.1112453842734
9047   88.65885592816932 203.9202710055411
9048   89.29773503411248 188.5254661910971
9049   88.48729772915169 188.1144296907077
9050   69.14969320978054 189.1550319253702
9051   81.49716362008282 160.8643878191106
9052   74.58950615183498 179.814150169203
9053   9.568439314858074 179.1187692086522
9054   96.49342251591341 208.1014638805157
9055   109.2066823368282 162.4328557597474
9056   10.50201942949828 166.9270583730475
9057   9.618157112849373 166.5236291086944
9058   3.507234324412328 164.6276209399695
9059   71.90609523456048 212.0006032528958
9060   59.13344540709338 219.1583399032045
9061   2.883690010041473 186.6867806896651
9062   26.63123515869376 168.9225521083582
9063   96.09379352075734 173.6590689870218
9064   92.78761965820163 176.6313048263834
9065   91.94312030051134 178.044556513311
9066   0.4241538115249261 176.167380614202
9067   77.58228592736235 216.2416433667592
9068   20.25865243530615 211.5638822348346
9069   -1.407515078829412 162.6023864017903
9070   69.42038059069382 170.1470902851122
9071   -9.164886196531665 169.501948373114
9072   95.71882526282752 164.8213162276008
9073   63.06371838782583 197.2984694029596
9074   82.12023686614687 202.3091115162235
9075   70.47805262856505 175.8692472644746
9076   94.0434457944464 185.6529405533254
9077   93.23092418622885 185.2103788763915
9078   55.37821932797188 215.3851419764376
9079   101.9183405587453 170.0451380485717
9080   99.21446980647359 166.6742150958383
9081   -0.5450935855966937 184.2515558513039
9082   80.70214031049679 166.4855151401806
9083   11.76843727802666 204.7004551240247
9084   92.41960437776562 167.904427204925
9085   -2.860308870188927 168.1790198671444
9086   57.46197317901384 211.0443835952199
9087   56.93834945341994 212.1540708403331
9088   69.40878291185922 203.3634346494455
9089   76.33275160549266 208.4310386009868
9090   40.02588396096672 198.8215193367741
9091   57.14093950176687 206.0118336956731
9092   75.95074704452526 189.2289344666177
9093   3.113598880025842 189.4047768027998
9094   46.39008045713388 187.6588285246067
9095   105.3707488057497 170.9068832624175
9096   53.32076552166971 178.5970843912128
9097   64.84028040686434 172.900265617164
9098   61.86433967693506 211.8452028315135
9099   66.78815718926884 218.9435651316005
9100   71.36705252633587 188.5955063402594
9101   76.90686398905949 202.5681798388965
9102   44.35630909539572 176.5289292363219
9103   98.93868511525366 191.848529059125
9104   57.57197464203315 212.4578911541401
9105   -9.222523132960735 162.448869808133
9106   95.24357881585968 212.8227275168708
9107   95.26380038207654 211.929569310965
9108   66.4892176601948 160.8689130817002
9109   -6.146715355627348 169.4753125627406
9110   7.958113602582232 166.6756049414152
9111   60.25933968608221 218.3780818371945
9112   57.77911073744501 215.9143751382621
9113   72.20756954245081 179.4547231934946
9114   37.86468619546337 215.48927685627
9115   94.37413520277616 209.4665171116283
9116   23.86417268164572 165.7851183214413
9117   24.3269687799324 180.9233293165262
9118   70.47374143314838 201.010937529516
9119   107.7595171712233 166.3471761695286
9120   -6.366847587041327 199.4477193968936
9121   -7.068590279548975 200.0078499092606
9122   15.4464305939014 195.7154374699365
9123   88.62884430950396 212.8559576302189
9124   97.7694612453783 172.6325601866223
9125   107.6955017259083 164.3575136183305
9126   91.28137455008141 217.954291504514
9127   73.46478227953318 185.4123905725319
9128   57.70172168587524 214.54349478302
9129   20.32827368929018 171.6953667789392
9130   6.774903232758007 200.0996267763605
9131   49.18265739359731 207.8597237108308
9132   48.73258384511275 206.6549540111249
9133   59.77231309490428 199.4762221662718
9134   48.19250404939616 216.58383645337
9135   57.00010233868895 174.2857706429956
9136   56.42355158444271 213.2395819436029
9137   51.74527867036726 178.6967198803587
9138   84.31082247928171 203.4335194114418
9139   105.9277328663669 162.4254129778987
9140   71.37023726120175 213.845782641212
9141   86.41880545073343 202.9262531480379
9142   66.54087458493281 185.4331032414947
9143   63.18742498206849 200.2399213153257
9144   69.5209820188115 183.4268135856891
9145   79.29260803459167 171.3843978138541
9146   69.37377821813953 195.7962851963194
9147   95.27512935084806 174.175868074046
9148   107.9287324954794 170.319179303542
9149   33.75222575873226 165.062528217621
9150   50.90396750653003 189.0553006200651
9151   63.90403613862706 164.3794792143849
9152   53.99499287291373 212.7105662339028
9153   64.84581977714912 210.545530250809
9154   89.76502445726123 165.5494289985076
9155   107.8594368281172 168.3334520328727
9156   58.93498994309619 163.4904548223606
9157   63.69145916380668 207.1487200685213
9158   55.50439107566594 163.7407093265722
9159   70.485144284941 209.1058183378072
9160   -2.681735773800015 170.1301456742466
9161   39.31227328159204 181.7152923325779
9162   22.12483935036759 164.9489556121817
9163   100.2542306280235 171.0881851027887
9164   100.2139884033103 170.1115692064812
9165   7.159091841954289 194.5593556542208
9166   105.1253523796968 191.8421880991291
9167   52.26371785126657 207.811832679866
9168   62.43652387460663 207.951368284046
9169   -7.518581392704861 172.4786759469597
9170   84.3881069576504 220.534531021933
9171   2.72775235508791 165.1852908937371
9172   59.49538412289292 177.3315157414602
9173   96.30508030097249 180.3450081355647
9174   51.06651617402197 180.0778925292668
9175   91.44343891227547 164.5180157340992
9176   9.52935865732429 165.5529145958515
9177   53.74741916105652 217.1834028637791
9178   11.55731132227677 169.2610554709307
9179   41.11143027615388 215.0718774208676
9180   100.8643289675116 164.6328054237796
9181   68.94977861823362 176.874340716393
9182   80.83808434131191 168.4381310435644
9183   99.93491471394191 162.2316416323969
9184   -5.16125431996128 170.8612009877649
9185   52.01460124735137 168.6666419569838
9186   98.27180238552037 164.2296287014466
9187   55.27512276315451 206.5018266292548
9188   14.7938835442149 173.3576573070575
9189   74.02359213106784 221.2603660859523
9190   61.03879318618591 220.6930611916242
9191   104.2123945208573 189.4499755642426
9192   53.19823697781376 176.7968327297043
9193   10.38756845196968 184.2921226560718
9194   102.0207633866365 172.9925245771808
9195   80.58661580226898 200.7154436569731
9196   38.79185126137376 176.4656388402817
9197   102.0828945847865 174.9527342309759
9198   67.3574378045133 166.1527551380505
9199   104.3148950068139 165.4815789193927
9200   84.38435703341156 216.2966851853789
9201   75.09008398318767 219.8327131930658
9202   35.7874841880431 209.7740704757147
9203   14.02378397872853 168.5529326536684
9204   67.27506725732582 217.1909306333987
9205   107.1217508079566 172.8293642163179
9206   -2.991503467022602 175.5271440248485
9207   57.00065234509758 203.7967530174637
9208   14.77088222936418 209.4609536685499
9209   0.7947564066706825 181.3007696662149
9210   89.99733467906344 217.9223360471391
9211   71.08593940723594 221.7476018657116
9212   39.58728601135332 215.0479471891452
9213   85.637751148256 216.9563958999188
9214   31.74485367714416 205.740653753374
9215   71.62923248394866 167.4050000399614
9216   38.38316634800738 170.9434517841548
9217   72.88778215720517 188.5266109789604
9218   94.01053464561006 164.887629595562
9219   -5.29374675123853 178.1814302577716
9220   59.83413990590078 165.9834354081227
9221   102.9931002782791 177.3398742542532
9222   24.97587503495729 191.0613629079644
9223   58.56789579803733 201.0851792567271
9224   99.80631763048447 194.1424634657633
9225   10.31797114064675 164.9854498619937
9226   36.80934447935872 200.1523252052046
9227   97.29985387614943 185.5373864390744
9228   77.91894300430383 221.8652640376803
9229   5.586260606728684 168.3596785108449
9230   16.93938917810856 182.2578272677044
9231   104.4980487012867 170.4445920932605
9232   45.37735768780701 163.3237553604375
9233   83.63254362821445 211.4635995586004
9234   58.95896461313717 204.0458460194972
9235   95.993901566863 170.7477521897777
9236   9.713736237883136 167.4896603303954
9237   43.72488570975077 178.8099305885618
9238   -2.396975330691612 173.0337983459084
9239   48.89144358128326 166.0355192563643
9240   55.76177718800729 197.1802027673932
9241   32.30197146723079 212.0888660643014
9242   16.62318564350547 212.4637019230219
9243   73.34173612823267 219.5923114780222
9244   1.609317987872295 200.1281893823585
9245   93.07794120309848 162.4541274081742
9246   81.90573412477939 216.3849883749854
9247   37.26566160572878 202.8164470147187
9248   52.3993021721172 197.7592697320473
9249   50.69355518415638 174.6820614971188
9250   40.27910150678017 205.9311055245674
9251   -0.907189702894631 170.9407956900145
9252   95.30382602698157 175.1389279724838
9253   28.36194313896898 201.2312736670293
9254   102.8883771217959 173.4570151635389
9255   50.35244682103914 191.1610058007666
9256   14.64325615396322 166.0723681537462
9257   30.9017130832869 209.3994142958473
9258   82.3434503128066 212.3134432009326
9259   22.49842248462953 186.7189954576153
9260   101.7031321045874 164.1066725742166
9261   27.68843979794497 201.6285361303712
9262   68.93566064361904 185.6953596865205
9263   100.2299597632658 208.3326558142435
9264   15.30000218261215 190.6867083659912
9265   11.48139257751225 211.1539048635163
9266   95.5372446794732 181.8040826600733
9267   95.37400615564486 177.0553344577011
9268   68.3807544455552 188.7693351024508
9269   36.70383422651118 187.0120580288437
9270   97.24137872747451 183.6432369076771
9271   85.88495725036962 169.211603220645
9272   104.6327990773474 174.3943797292407
9273   -6.339455580690033 167.522220614989
9274   85.16858281423256 175.4086759968465
9275   8.046357584418322 167.6426528855283
9276   1.204021587327491 175.6082148206978
9277   98.64404401688284 175.9330950993374
9278   33.23537299536498 196.9235259658613
9279   42.52868297778423 210.4255352530615
9280   89.34272390300657 177.5810633041642
9281   17.26175753436548 186.6504373298332
9282   47.77151362102177 206.9251595273934
9283   4.096889336059157 162.1555153316686
9284   99.38556922675048 170.6335410970655
9285   31.14773173943124 212.8536710967127
9286   88.04453828001206 215.448501378385
9287   32.84579430128217 203.4755128897357
9288   41.85519224778845 174.4140650427113
9289   98.80402019461802 180.7269715957894
9290   4.275020158263692 183.7758369233095
9291   38.33614379488341 213.7671928529631
9292   27.05035589509657 200.5678875914585
9293   16.80152484873907 191.4427233713803
9294   106.4138965530676 198.5061728624228
9295   96.01928635502468 200.1966271838939
9296   28.65603157832422 212.3245382072046
9297   -1.96192362468444 184.6116567957929
9298   39.38331769793183 182.5822466448148
9299   83.36691478001705 168.8184851424652
9300   77.62493101505143 216.9552501544651
9301   99.01983622827183 188.3110349687693
9302   107.5012397712912 187.3810921349693
9303   51.24628193981013 213.063838398908
9304   93.17719128184766 184.2551502491588
9305   66.04215844143187 216.583376529707
9306   62.62959673181698 177.1568216210051
9307   80.29606028098459 222.4154187962554
9308   0.2170908830078026 183.6942909806521
9309   8.098746657695806 184.0424430570583
9310   85.80186806215445 167.2405052064738
9311   23.94094998242541 206.0001892822062
9312   23.3097046758318 205.7449107628184
9313   24.00125473326409 206.7143490553437
9314   6.000431260989878 163.9089800897173
9315   45.25419195871972 215.752296854785
9316   94.58562811255831 203.7392748123375
9317   78.95251600060378 163.495373528825
9318   21.07887474913487 208.0105789178653
9319   44.56334045917568 203.9042908847412
9320   35.18742804292643 172.0984426473312
9321   25.01375555003357 199.5566284422308
9322   86.51095836156696 162.8220754670787
9323   78.48248466873079 171.8930883163896
9324   79.33455633933744 203.224602106651
9325   78.7325210959128 203.6896498328985
9326   0.2000025225691266 191.4440355028188
9327   19.93476050939902 208.8078188828184
9328   57.83337668781687 207.061709328122
9329   17.98663427616505 165.7806011409124
9330   35.90244601559402 212.5512041609628
9331   50.44407983926378 163.9908283012968
9332   17.00180869237028 164.4039463531961
9333   12.97044113551542 166.2167787820942
9334   68.07865178028676 173.7066073093068
9335   70.00556944054671 193.6877231919636
9336   -7.081393686660478 182.1286084074645
9337   29.1334496181459 169.2384935930741
9338   46.64813991428694 208.4150299547748
9339   37.6329234549229 172.4026863017737
9340   70.51350539404343 176.7924720750426
9341   11.93013823055854 206.862965307956
9342   73.70923261299751 177.5648018412302
9343   65.67046115613914 173.3241912915013
9344   98.37347315471305 167.1977396559621
9345   36.89900794617718 208.2896227243367
9346   84.89216588406045 164.8530654778559
9347   12.0074409434357 196.3876047272172
9348   40.77814358369468 197.9932674716913
9349   18.78310617872474 209.5964855803411
9350   38.02772568861847 198.5552542717853
9351   54.60783640727512 173.9666034785762
9352   -2.81128528152706 194.0754225482975
9353   49.03004943072765 204.9853485268397
9354   48.43299953417257 205.2886282817792
9355   -4.073110643704225 201.4052853849157
9356   2.044293152827586 196.2781791764225
9357   39.17531314410595 179.944916085345
9358   33.34334638368194 169.4050225551121
9359   92.2608379353218 181.9202107570296
9360   29.52352555055896 180.1758508531573
9361   22.20228146388941 165.9162524863926
9362   19.65941678032002 165.636375889086
9363   36.86241379970493 189.5005087875301
9364   -4.663939732369982 180.5028528923477
9365   14.01506982345032 174.045362254276
9366   72.34814348222915 164.9476219103369
9367   79.32080611693426 178.7186717400707
9368   95.78474094633278 208.5669930996118
9369   25.5356639522807 165.6501714111065
9370   65.37777061502462 188.11759108706
9371   64.1680732101239 210.1137812781874
9372   44.13845462219436 216.4931306699555
9373   35.39415004429811 198.7184311798254
9374   -5.300155541390676 192.8717184521275
9375   34.02783959665936 198.0398615695555
9376   99.01349733731894 194.6339249296468
9377   10.68387947300078 207.6814691991007
9378   26.88546899752301 173.0988435506025
9379   102.6062366484706 165.5600745329852
9380   61.97938248246314 217.9088693074494
9381   20.39619414040731 172.6293852887765
9382   73.51142894505111 186.2916700181767
9383   14.29956554704419 162.2356743156158
9384   29.31629926296405 196.3862731865173
9385   70.77673891614006 181.409039660715
9386   30.6672904388334 197.0998040686262
9387   46.71558079321506 209.8226040897721
9388   80.94504205181019 179.5816948789208
9389   21.99914788945047 172.513209272846
9390   11.65315591049868 174.7655889689472
9391   47.45046475889922 177.2371004275573
9392   53.82673840034909 218.5071790575275
9393   77.3848928670688 187.4005415511331
9394   38.53968121865131 162.6493542899927
9395   44.82313610013569 208.8765779703092
9396   11.83580956298994 162.8820663327544
9397   -1.54183676724359 182.0632244156505
9398   39.63604938037712 187.6643160957186
9399   60.58548355289305 163.5520180838611
9400   83.32016846510979 179.9491976630588
9401   36.51202865836663 212.8566808150025
9402   60.85557646103014 173.5701705727233
9403   104.8300717183456 201.3874866823532
9404   -5.295216642865705 182.97135483668
9405   28.07323935820924 165.9435241726162
9406   1.121946098701497 174.6397524500105
9407   10.10905102384233 175.8268939982753
9408   75.07626699527074 187.0819692872946
9409   69.16896888732663 218.8014133251486
9410   76.91379601371546 178.3534390026521
9411   104.6402017326434 175.340926601213
9412   62.55115568760088 175.3299775155057
9413   58.38673450566669 216.218279719497
9414   45.15580670422865 176.9308738251597
9415   74.11095930769221 166.8096862214715
9416   17.19515419009824 172.871417000333
9417   81.99738225033137 184.52878082811
9418   54.2622538097812 194.9024499445719
9419   72.83352783466228 173.5629248477432
9420   96.05782462968952 201.9720776785902
9421   34.68515022845037 211.9379139136905
9422   83.60616461327712 185.3485942544938
9423   92.00675024854844 193.7322127272905
9424   69.7645706558362 186.9514838596144
9425   -3.777777507242047 176.0909628923903
9426   25.46584927180784 187.3846498142791
9427   6.950875576346653 177.0254758914409
9428   46.93406181099073 214.6399185259761
9429   27.2686163932768 180.770663692442
9430   21.09760208667259 162.5777369790375
9431   38.01366133494131 166.2422477919175
9432   55.42648242868232 216.0652363489721
9433   54.76896511685821 215.0875418203445
9434   85.21930035766987 186.1620839800703
9435   71.4037074605668 179.0314117489638
9436   89.76532661732138 196.0122672504259
9437   49.49469344430987 210.6788673458415
9438   41.20573262899721 190.0522516952337
9439   46.60508737932373 193.3415491096972
9440   99.08603583141786 197.3960173200899
9441   26.09408571193492 162.2408927816388
9442   48.13165699208418 194.0690075049387
9443   75.2044734382634 172.0373558713693
9444   85.27191319297727 191.4126756900286
9445   41.60695736451928 169.8015119443164
9446   66.08578824790914 217.2713679700545
9447   86.0173479569844 186.5858840823168
9448   47.897447677987 163.6516319558023
9449   43.76136602633205 164.393867011582
9450   49.56282797642343 212.0658703798122
9451   76.73782570685432 189.6245791073874
9452   77.11773569296658 162.7774092206331
9453   54.43368176108728 198.0335360606802
9454   23.50074200878841 207.8206419485551
9455   56.14881806511249 218.3824212144169
9456   51.48617785921279 186.9204696545648
9457   8.820019263730355 179.6563469447545
9458   105.1414417178571 192.7616320918271
9459   65.07004021309106 220.0757373854364
9460   98.23559342975044 163.2386742706428
9461   36.89359102795891 162.8913823266762
9462   36.33315095513824 166.352799740241
9463   80.63909152316958 208.3006483025446
9464   44.25450049353544 174.720951187482
9465   50.17718187792178 195.1323033718201
9466   41.42587983127788 179.3854499378428
9467   17.91312335727095 172.3478730329236
9468   5.423719340892013 178.115208027944
9469   45.93204006491059 206.678426833674
9470   40.11075840952665 214.6778691402314
9471   68.58925720078932 219.1798657712811
9472   78.26205413449426 200.0997772905135
9473   81.44734865037076 223.9657873840008
9474   31.07412330869759 180.0758895899276
9475   24.44762612369023 172.7981813975616
9476   69.62947826510009 216.3482979089935
9477   89.90037819669021 183.4368219850643
9478   47.50267493976156 173.9903723151935
9479   106.7521938012834 189.8548354314522
9480   105.2052898578329 194.733652346463
9481   -6.052246265077803 170.4556654195956
9482   47.87854861521985 209.0759438093203
9483   46.5526431684211 191.7422171545763
9484   22.81824963612017 178.2818614358489
9485   63.76501414016664 218.1228978676516
9486   3.201899592128104 180.6528221313928
9487   40.83642959326367 204.0820732489094
9488   49.28185862629854 186.6494328679908
9489   26.45323174284076 179.5108623490971
9490   16.51403699932598 200.7727856159702
9491   25.15641265396404 177.6165808409686
9492   4.040669309516648 203.9995995525586
9493   46.25701020795177 185.981726897206
9494   60.65140278704685 212.6251110107924
9495   105.8179935794294 210.3577617380133
9496   63.60018886098354 168.0041645096568
9497   23.03838754710742 200.8304881322297
9498   25.70368473915487 200.6508759527178
9499   56.69047400679335 209.3021447603987
9500   -3.283801036765279 172.6325731382749
9501   68.98990414771139 186.5634457909685
9502   62.74825055006444 220.2381845151786
9503   71.21111347552304 185.9849765029407
9504   72.40694071072008 208.6255094086239
9505   83.28262710249064 196.3507949786091
9506   74.3772926761963 208.9012795550418
9507   40.07133125996277 209.8625637269569
9508   41.14672693671545 163.0984256563449
9509   -3.99525584350756 198.7672692601511
9510   50.9098551496398 205.200955452837
9511   52.61870758361322 201.7649960179122
9512   82.40838604814081 209.3416676918125
9513   9.391408251962165 207.0789258978736
9514   38.98058726235436 167.6092032037251
9515   63.64087412602809 211.3496178001855
9516   15.48225534661866 196.539984216633
9517   39.8322123901079 168.0233512797299
9518   98.1316714320842 185.9833630579275
9519   28.56437745013115 178.0311158057868
9520   46.97088017218216 215.317813818638
9521   59.33987591625755 211.9816407507635
9522   64.65566220543688 188.5583833489746
9523   8.195528428383007 184.9334311137555
9524   16.66149272610053 177.7522334897314
9525   32.73746309610738 209.6251754154464
9526   28.23270769371785 205.354426499815
9527   39.45419270486202 212.3404086889648
9528   55.41103509516201 208.6644976151277
9529   19.19821498191412 201.8686417862233
9530   27.18665201540792 208.2527048874014
9531   53.08249558764631 188.5191938491978
9532   39.76324235296153 177.7375386580588
9533   101.3220624316333 192.3142465346988
9534   17.12203145292922 184.9109068972009
9535   45.68951387654757 213.3521530667881
9536   21.79048236025799 201.6684380982737
9537   57.18265428517046 206.7400296327738
9538   21.40103488082016 180.1766893025482
9539   21.35767512907312 190.8496430891631
9540   81.09034800877798 205.5409943736057
9541   17.73220521197251 182.6512447178421
9542   56.07061892235485 172.0026793682552
9543   76.93189736183892 203.3629572464472
9544   15.11961084910682 178.8061832955548
9545   107.4235462027738 184.442661338582
9546   51.19358294438374 210.2055991792013
9547   43.77040748998852 211.0468138614544
9548   51.75494482895981 199.7260497848578
9549   34.76359027317508 203.7150022105231
9550   25.62064795933519 211.5070303466475
9551   14.58913776810293 181.9768742410953
9552   8.116578707565754 206.4733050956569
9553   65.11907249916277 199.7354657336588
9554   87.05698152802219 200.8092137461211
9555   97.92775794442358 207.1547529675614
9556   26.40868753993399 205.8193956993568
9557   31.60680677099285 186.1197034652732
9558   42.94815640702249 164.9304891760586
9559   38.53330775536285 193.3472861025193
9560   8.676492964215301 181.7182741641008
9561   66.6855546913502 210.052801369327
9562   107.2205507228157 177.5114961240708
9563   62.40721229762094 172.5591645071132
9564   21.62439527609587 184.6203066198231
9565   23.66087769357161 199.6530314992436
9566   74.8560472073955 203.0740706973883
9567   43.33350636013974 172.4873578127668
9568   3.836694814074727 167.5572333106925
9569   105.5969672610819 199.004246366459
9570   82.54135312791666 206.2649481433229
9571   66.80926573040011 187.1729914690956
9572   51.24937498893281 211.6970053331177
9573   72.07635226384488 202.4341327351326
9574   15.23907780618901 207.6718075943948
9575   68.57727153833457 209.5906377824316
9576   55.91188398180334 186.6679873870963
9577   55.62571235639922 178.0044205964826
9578   56.39109393594751 204.213798664715
9579   72.19420021884117 193.9957954857505
9580   93.03909820391671 202.0656838574177
9581   82.71130474153023 222.3090129548352
9582   65.60672261664892 206.6547303094019
9583   52.20864232006642 194.6020745940751
9584   25.34543386964141 208.033774610797
9585   49.99107044981149 218.6466824809421
9586   60.24632098265522 176.830150567566
9587   42.74711346726924 205.0518648165861
9588   34.01939941931544 201.9191354816158
9589   69.43641367667959 197.4231801641728
9590   83.94010160549169 206.9857767079474
9591   54.07717949033157 207.3122756418871
9592   29.73997895903559 165.8257786422722
9593   105.3363132724285 169.917109836314
9594   20.66626164425486 180.6749218923121
9595   -4.632545612522274 179.4985645627924
9596   91.5245242991421 201.2683268501848
9597   16.1654491604657 203.9756033100966
9598   42.13460746844483 205.4527391146788
9599   -5.634053979669518 165.9653247797629
9600   31.7162930266094 173.7719198697494
9601   56.67743578628797 217.3404763302809
9602   67.99581642720655 196.6846658893514
9603   1.612902062808374 181.7195401752691
9604   55.80551812328549 212.9375677274366
9605   76.3575542472151 209.1871617199103
9606   58.17747623805464 202.2332081599867
9607   82.61879869222713 220.2629927774302
9608   4.752890331460302 192.6252641268245
9609   29.02212586715844 208.4859699605671
9610   50.18586199014054 203.44219953201
9611   6.17740807344819 191.6473085514342
9612   89.29953405076677 176.633643886417
9613   44.91646469122219 210.2787597098336
9614   79.48153329633482 217.2227818281352
9615   20.24742053124389 186.440850606387
9616   54.59309190138977 190.8831417428715
9617   8.324660225137643 189.2658981666059
9618   29.4196057572845 185.8371188871365
9619   48.32873493720251 197.9913082092035
9620   35.33266307965977 187.9479527436024
9621   21.4615334081634 205.5014244866715
9622   90.15329031909779 219.4239159969962
9623   94.84574020025676 164.3612538673516
9624   53.1329554946883 190.1556874384025
9625   48.788840531785 168.8648266575266
9626   31.40297420500737 165.7026246045301
9627   32.67386067785514 180.8555468763662
9628   59.04871858288116 206.2519970186644
9629   69.77820924380288 208.7477527567838
9630   49.05532651931441 181.4846644761344
9631   42.77169209104157 162.0102834062496
9632   33.30646555534683 174.526633390773
9633   33.14879161704093 173.6286066055027
9634   13.49676143123716 208.1547551027988
9635   60.28324216434408 205.4419286133987
9636   39.65646945525439 205.6083603448302
9637   83.42557548074414 199.7508725044834
9638   41.68846308927537 171.6611151227356
9639   101.545046038132 199.6209531702727
9640   47.74154223374461 199.9516900847819
9641   41.39747106144873 166.960931205581
9642   57.15509241166282 183.1254665552608
9643   43.26631751402174 193.9957730724117
9644   9.78412837462405 188.2630745390464
9645   12.64537354709866 207.2760873025924
9646   47.59754547235832 182.453413696931
9647   56.42392368502113 199.2964460146142
9648   44.88742204869966 171.4852711738274
9649   78.41495371065805 220.093418811068
9650   80.10580867320456 178.2469606630205
9651   98.16549602188928 192.3733704242498
9652   7.860101022419561 203.5701894262253
9653   41.95773028470141 176.2408021437381
9654   -2.537896591520672 207.4614214103966
9655   56.31359207430438 194.3760805944529
9656   63.39297964590118 203.3546582205778
9657   49.87536330440587 174.2798318262437
9658   41.01798282084469 186.7459740073945
9659   78.79796281538333 214.768021202749
9660   18.40025058325892 201.544468070024
9661   64.64818526723727 202.4875860683223
9662   108.1435644625457 196.5313790434009
9663   91.46134430098172 200.3489338805464
9664   22.96290926487025 194.0229261535824
9665   74.0284135521997 200.3196579769733
9666   66.6205906568307 201.9658722268569
9667   -5.898120000173639 195.2453109507937
9668   20.09890583321145 193.3950360241174
9669   71.62328526173712 206.0064694708977
9670   83.89699156449385 194.1364379552451
9671   73.93868744972616 198.7040248170645
9672   74.94509607047789 167.2584717660697
9673   66.21115258016046 219.3232897825224
9674   60.31106389305485 191.7929349697351
9675   -7.737053887386762 191.7484942825784
9676   26.21014411010287 187.7652104714014
9677   -4.068052381950615 173.2000771038927
9678   68.68487705394406 196.2387161506229
9679   36.02761523707208 198.2959292033069
9680   102.2024696470185 196.3487693540635
9681   76.10357833991715 200.5900538743423
9682   34.94162020851508 182.8792631050528
9683   58.94140669183947 192.7067270222574
9684   53.84715888105578 174.4756380848136
9685   29.0660084259404 168.2805199378291
9686   49.74861643596275 168.3835085234186
9687   5.493408938607105 167.3930147494372
9688   98.97137459111464 214.6104753319931
9689   31.8582133995388 181.3468346718481
9690   57.63781254872308 193.5870824798986
9691   10.01573567580253 206.6645615162348
9692   93.16021458121375 220.4108450892699
9693   11.00718051568197 202.9171736402173
9694   33.40537739673538 182.1161892238883
9695   56.45827132971488 198.3346228276804
9696   19.65027437292693 199.1498807384342
9697   6.272112993928145 207.7302453838078
9698   66.22169994943884 190.1595653141837
9699   34.25685503492664 181.6316643890497
9700   104.0257632887284 201.8729981876752
9701   67.36828454992002 176.9410268802659
9702   78.27189074954342 223.8542253288169
9703   45.33780556313756 207.0723123555385
9704   25.56335229841902 210.8184675287
9705   69.80375777556009 219.791910144928
9706   47.69996742454178 192.9585316299091
9707   27.99412958152747 211.3319687205584
9708   109.144009717043 208.4052253798165
9709   4.917949373830782 206.4334859423801
9710   11.54337592967948 200.9549025092501
9711   82.72473983240525 200.1982125978286
9712   28.3607401839792 207.4633603129041
9713   35.42047272007832 204.0385057884579
9714   32.19305637871312 165.1766632675752
9715   96.34096571838768 181.2965537795956
9716   102.9178982023459 174.4346441420302
9717   13.44543347660788 197.0934548425318
9718   24.76851689575912 176.4984894284373
9719   84.0246809974173 164.3978423239616
9720   0.3141883647500193 192.9929648701229
9721   28.97736961294212 207.7648993811109
9722   65.03006560704301 219.3998846894243
9723   35.8287824147472 182.4031111830975
9724   87.25401199563706 219.8761130683434
9725   -5.350378766780053 168.9133126839309
9726   50.43418646809719 199.7936728553161
9727   74.33816671104427 208.1406950458357
9728   79.84057603497365 207.1668109731462
9729   14.23718196832028 203.7481600035845
9730   99.99220404385656 188.7531245590486
9731   94.61447824202452 205.4491264710026
9732   39.1698679916525 170.4192386820076
9733   83.32832637673954 167.8492296359598
9734   57.31401377245275 208.9033280387482
9735   22.86760493536192 207.5171300914449
9736   101.0424286822468 169.5852262383927
9737   76.10213047219177 177.9272417523667
9738   86.7552689364409 214.0500152312416
9739   65.7839459259719 177.0089029889749
9740   2.170224539630296 204.4940732788162
9741   6.475356172503405 195.039950811231
9742   41.15767224470134 189.2283345715131
9743   5.654421969197665 194.6756930844259
9744   96.68254270814133 211.821553245782
9745   3.509749598966113 184.3069317693891
9746   53.61001242832276 195.3246005984579
9747   82.90876449975588 203.5090881256496
9748   30.27173989859813 209.1022776555563
9749   75.9578323236346 170.5761374461022
9750   83.28764625724341 166.874956450746
9751   75.02516712027624 186.1999239711433
9752   107.4039118647861 206.5330156524021
9753   96.60884924584111 210.5115616482224
9754   106.5055569266879 203.2228011748737
9755   -5.736375411805908 197.1031613935843
9756   105.9645910220432 216.5876389666028
9757   104.4284537787668 168.467028818923
9758   3.102956136947401 206.9822793689579
9759   102.3574841108927 200.0608829551784
9760   103.3263890305719 207.2940859532656
9761   76.37529553948887 221.1465261924619
9762   40.51928435513437 177.2206078365729
9763   43.42696452278143 206.1041610838455
9764   52.15047054207461 185.6038614623777
9765   64.20585173856506 177.0810245581129
9766   63.40082089044594 176.6641306945886
9767   62.87800221441249 222.9499053428511
9768   72.89626237124547 177.1394263163343
9769   103.3621210813031 189.007300799037
9770   72.2861242188739 163.9742115240285
9771   88.98775539584524 219.4757687402633
9772   57.28405060270261 217.641983925508
9773   21.11777420222888 201.3432340672149
9774   36.51721509023461 183.6364126729642
9775   99.89570845313474 197.8244854235502
9776   90.50284588451112 212.3849497245027
9777   97.9450344552936 209.9168647227868
9778   9.199328573546811 204.1885792299894
9779   99.04940322916856 161.7450145141732
9780   32.18726424904787 203.151861063693
9781   44.28883567050097 209.9731719784571
9782   52.81270136802051 212.7914751471607
9783   107.4943308100909 209.4003595970394
9784   64.2826454282687 217.0514123574152
9785   39.10595647321239 190.5924940800422
9786   9.588948355816644 201.5158851932144
9787   84.91739909571517 201.3393874969408
9788   32.56250307048494 215.8661142778977
9789   106.6914440364202 214.227457137869
9790   72.21574117059062 223.2723535870964
9791   -3.674325424949245 205.6320962600571
9792   24.38190487541309 171.8672725708423
9793   2.6889891037784 173.5121919890764
9794   -6.147613397576876 203.805468732722
9795   2.762842080133378 174.4990612821915
9796   91.82103571703476 216.0296231349211
9797   3.462050051392958 204.4022433598824
9798   100.4146656934673 222.1204708463245
9799   13.70124867398281 180.6853977425264
9800   38.67511410498113 198.1782369755182
9801   -3.941184926510888 165.8095403234698
9802   62.696473769244 219.558087577667
9803   107.3482198223382 181.476228500006
9804   47.3008897537221 209.4423950052085
9805   51.39486135213758 173.2566237086425
9806   56.11110712775182 217.7131993031693
9807   37.26759665559097 184.0284043947403
9808   104.9737270739527 208.098422816683
9809   82.18603043777027 203.1444941283289
9810   -4.660727148209853 175.6910221779875
9811   8.8348010574515 167.0847865530475
9812   65.50256885225153 205.1339993051561
9813   75.81844063001023 220.7492440367802
9814   90.01960462279482 200.4704321625609
9815   61.92821118151613 217.2304429662656
9816   90.51811363852836 195.5483616133174
9817   2.1246848074389 197.1219358913952
9818   80.1674500818819 172.7743233804494
9819   76.99405254624165 216.6328880805295
9820   37.11273080165668 212.4768304480544
9821   55.09080539019863 197.607094309573
9822   83.10478440536164 193.7210296194139
9823   44.06752878255104 206.4271243323116
9824   49.62193572879471 190.8066701093777
9825   94.80672219675576 163.3731799332755
9826   37.73165774109231 213.4708477405006
9827   101.9664527258038 214.4887158660756
9828   105.2661568431899 167.9355510506601
9829   63.65008433274454 194.4789833708029
9830   71.59520901711925 181.8347856070726
9831   39.4373109429966 209.552608312632
9832   107.5470580428303 189.340264509455
9833   87.66763421862085 176.7147682993236
9834   83.99594218273762 163.4350055540295
9835   27.2119323447694 179.8913492721038
9836   -6.242651310460904 168.5004275196775
9837   85.48916177608972 210.185731374448
9838   103.7522426547165 173.9175821047998
9839   78.96694069283305 207.5569822056166
9840   86.23218462275211 216.5841672119019
9841   33.31427445736173 209.241298636827
9842   19.87827188444357 180.2845868828423
9843   60.80550806184411 172.6541633513665
9844   64.33090702292394 217.7394220809753
9845   7.25663469566298 204.0047711871186
9846   77.62078418902814 223.774967283956
9847   40.5370650965542 166.5467600562327
9848   71.57746897264981 205.2336052731137
9849   87.14612431113639 203.3060964636652
9850   66.6562621895762 216.8866854220219
9851   25.29318714028375 207.329407570757
9852   56.34709123420266 176.6051580291144
9853   14.52343634979936 181.0808989413012
9854   12.76401632328138 211.5330504264199
9855   99.77759673746118 217.544979268126
9856   -2.560400896857378 208.6708607564064
9857   49.22282456606482 185.8054475058854
9858   80.99265811805157 172.2694125206611
9859   21.15954872214594 172.1071104262508
9860   93.74905506512764 216.3615536472604
9861   2.386019751937972 189.9196208783858
9862   97.47797489386753 213.8673866327871
9863   72.36993129652103 207.8740740564706
9864   13.76764876382656 165.6616526037498
9865   63.6005768223487 210.6266507378446
9866   55.5744034926277 177.1058279299723
9867   45.65736360664283 212.6660748069615
9868   93.70148568555064 209.9332441860639
9869   33.26410701202766 168.4560338978939
9870   18.77921849516141 165.2252023086652
9871   27.13944299877586 207.5504775407661
9872   1.697107607402135 208.9583259011683
9873   71.35471441875234 202.1035963847208
9874   44.61708567027832 164.8304585895788
9875   88.05401242862855 216.1541148704661
9876   70.39033099593063 219.4186845860332
9877   30.6244452613622 215.4010072664746
9878   44.69332191947276 206.0336473103189
9879   80.11247671336491 217.5500875060216
9880   74.1494712941375 202.713493399232
9881   80.37732923654876 183.7205878904249
9882   93.51866473773778 172.2861554623703
9883   107.3888764227557 205.5601465455451
9884   55.02409474583448 184.5734463248811
9885   77.61460729194597 202.9294432776288
9886   22.00667099312921 177.8851365347676
9887   59.48266608722833 214.0814822909011
9888   95.09823932702704 217.8289887325446
9889   19.47366072502639 186.0609266159342
9890   -7.190034946672245 201.5745995849513
9891   -5.542291396484345 166.9518265278102
9892   -4.757952677834961 174.7262242085326
9893   4.608609325062937 166.9890114518705
9894   14.1973016395048 209.8551337936713
9895   -8.523855793231819 208.5044137334693
9896   105.1791159251476 217.0629501125774
9897   49.50250157646902 194.8148378640489
9898   24.65523437822489 165.2332112338362
9899   21.30194971083547 190.0556413916336
9900   25.76420339154353 205.5066722185745
9901   16.16564572831563 196.0675939530002
9902   54.02994771713522 206.5924558128759
9903   22.18615462060654 192.8501440223829
9904   65.62076766979317 172.459136564335
9905   78.44516628644683 206.4409953513106
9906   98.10449350370473 185.0313855782745
9907   3.066443081107113 200.8477363223903
9908   73.19303278454971 211.9454663137536
9909   36.70092501307341 215.5613624692029
9910   103.5422838159981 215.2977366531267
9911   48.08748073282502 214.5788979955488
9912   51.43073446887469 186.0799937239975
9913   66.23208648342815 223.0353042192595
9914   73.66666698351793 207.8056261860585
9915   75.99978434530362 171.5258356970748
9916   74.93122344035166 206.207265600555
9917   81.85057891950942 173.652258513936
9918   -4.026613275905872 164.8204857036578
9919   -0.532512181291912 199.8876408405069
9920   104.3554726264669 166.4814576814083
9921   16.16908738127492 195.2483661763485
9922   72.55798221524205 212.336521125522
9923   91.93394758599091 219.0302591563232
9924   28.87815556254045 165.4006502526777
9925   27.69468766732342 172.7312658786964
9926   59.44854449496574 201.3739555641389
9927   68.11744074478861 212.173707526935
9928   39.58726000259632 186.8342547051451
9929   86.82756819927766 176.2691862653592
9930   -0.006284058784681365 179.8985695009123
9931   59.25922797872035 209.1725652686001
9932   58.34576664414548 215.5352910973167
9933   57.94133497391711 177.4241361257943
9934   17.68186694323858 181.7614345131876
9935   30.31436873460574 180.5649391381727
9936   56.30368858930584 193.6510552251187
9937   11.11549295489526 204.3918447581857
9938   95.46609070475469 179.9056804156522
9939   0.7374345361591734 198.0972611713592
9940   25.17395661139665 171.3315181471498
9941   56.34366648110521 203.470017150817
9942   80.57688960681895 163.6634559299689
9943   45.69907431742914 170.0405699576486
9944   80.91036985932732 178.6703534322094
9945   -2.410011643879889 203.8674188645138
9946   63.66221177380413 216.7497074584404
9947   91.74936498613158 208.0353871427732
9948   69.70838889980583 186.0829791986089
9949   77.00869915178954 208.7817047629527
9950   -2.669060417742835 195.9422794876043
9951   11.8495112264865 161.7981125939395
9952   81.4306996802806 220.3148768235767
9953   22.24113590700657 193.6668538226404
9954   89.07757524132808 182.9862220668454
9955   48.27041902398467 197.2132273882234
9956   23.96770552603876 186.6326993087435
9957   64.1997072954612 205.2257624037557
9958   54.21167231534023 215.4661896856284
9959   84.18281756957569 200.965273907817
9960   19.44918146403103 193.8608365160632
9961   66.5740508108108 201.1894784899426
9962   17.15380890301842 172.0562367795231
9963   41.58542821705084 182.0007726647887
9964   78.37418474181342 219.3958956882884
9965   19.35788490368422 184.315205558238
9966   -8.210884528180397 201.308691047045
9967   39.33282599053992 197.2278240171474
9968   45.10400618246055 176.0340821551245
9969   76.04048196385418 176.1134349996562
9970   72.85445158499509 176.2370728447558
9971   -4.857266910031194 173.7613435605337
9972   77.6177453583585 206.8455515162055
9973   52.52370518729887 215.9309663603032
9974   32.1301668680775 202.4159440244001
9975   106.4538191240053 199.4575994553927
9976   52.86844665747325 194.2397992232397
9977   30.72027097447725 168.1628466870828
9978   53.78035412351001 173.551174764808
9979   59.93070930807474 161.6829823771421
9980   104.849915076106 202.3197049951207
9981   77.03227057583948 205.7260954425832
9982   24.65010722126195 207.0214972030951
9983   34.70367820024028 216.9376125487394
9984   50.63741822563644 173.7659475568391
9985   74.48194378609662 218.1662584110004
9986   76.06415798241825 177.0098350985171
9987   19.63153239872446 198.430588473933
9988   81.62961897921511 193.8306944417257
9989   75.74454437311643 218.1007501741668
9990   35.34166917742792 197.9551566065754
9991   74.50388522431058 211.8877890198492
9992   61.58520370016289 172.1660682564358
9993   -4.629594002664802 203.6266170080685
9994   4.328049158886798 173.3679288830036
9995   86.77674317359737 175.3142222831876
9996   94.08603581977252 186.6089219758019
9997   39.34067169185762 208.8558416671513
9998   12.96471585666977 181.1947779420983
9999   103.3278610332969 188.0409919567479
10000   5.571793842414094 209.7846730253342
10001   14.17496353912116 203.0538624411075
10002   82.69448990610658 173.1524609404595
10003   75.60638799207456 206.5624160358317
10004   -4.536414037944574 192.3525243617084
10005   97.6365004484075 169.7048702598141
10006   3.020036253706087 206.2637924612223
10007   -6.427845375197344 178.6974039418404
10008   76.96020954709027 215.9264239820531
10009   16.78050288131755 203.5873903148551
10010   0.3040715318024294 205.0853869611744
10011   38.55621668347691 217.163764918123
10012   27.73183474533803 207.1537538049836
10013   13.38789747609496 196.2959959281969
10014   49.87139240149438 184.4857550195388
10015   49.16282581484818 184.9565466203376
10016   98.07118378230194 184.0877266166106
10017   55.67765222338346 203.1033668407741
10018   74.24665010462883 185.8088156909933
10019   -0.8155940487889899 163.4770179319181
10020   -2.338439924753142 164.6839123697851
10021   42.61927963990248 189.1470939982704
10022   54.57272498551112 205.4469328988505
10023   14.55965674241979 165.1065455234857
10024   8.165304686769197 200.8174318914407
10025   24.67366715899058 186.156195842124
10026   99.33687056656942 169.6475270708205
10027   51.07126716549062 199.3850835376776
10028   17.89050848319118 164.8126346895652
10029   91.31111410029189 196.8431175932711
10030   21.94201159861581 176.9867564938086
10031   42.35097220619352 181.5267176005701
10032   65.55697287377836 205.8979625206221
10033   -8.33445889112014 205.3088822916549
10034   19.41459948835704 185.1944490300269
10035   109.1553366755334 209.3868243917306
10036   53.55899121185923 194.5971896595525
10037   69.59370498540684 215.6626303138844
10038   23.84052783627927 176.1844999283277
10039   57.72127836901267 198.4295050011447
10040   43.95631993123856 182.3030741652651
10041   4.258099223448878 172.3925365575599
10042   20.08452432434969 183.8291486171761
10043   75.12639092407184 170.1416344262502
10044   43.28722695725023 171.5766510874547
10045   42.47585202260982 171.1542865913532
10046   25.71010842725488 204.7855475412811
10047   52.89734674466832 185.986086011974
10048   82.01489030764955 219.9367432072964
10049   81.53473641723627 192.9077201611508
10050   -3.241816178205108 201.7616526109071
10051   -4.721530744171716 200.1612010357682
10052   22.86848858675354 192.3981437455158
10053   86.68708621438728 219.5691857122655
10054   85.95940858783348 174.9194467339605
10055   8.745437878978393 166.116047527289
10056   77.62965974858369 214.2742332120406
10057   56.372022517099 212.5505167210439
10058   57.14701903472285 177.0152983165472
10059   36.02871985834086 203.6328101941089
10060   16.52754488547135 187.1444486549928
10061   77.69113378883553 209.8906901756618
10062   42.46877867962519 170.2277987096348
10063   21.07805289026757 171.2092295427409
10064   44.56918026231345 163.8576129435483
10065   70.25171227606405 205.3141057481188
10066   86.4515718017617 161.8922768140959
10067   77.77511927835556 212.121863174858
10068   71.58437984208675 219.3607185577878
10069   54.62832513234345 206.1891696567751
10070   53.84885962572898 189.7177243310573
10071   45.0533801614732 175.1310174988598
10072   95.4286042520219 178.9591983758465
10073   94.45326086762135 211.799227487242
10074   57.79183624267768 206.3355680364964
10075   43.12245142510334 182.7715867515991
10076   70.16233223321365 214.6052245509323
10077   9.13442516386577 203.4540586219841
10078   35.25854594242045 187.1145141088186
10079   101.8392237899532 210.0625750997727
10080   88.95735525688308 218.114142839617
10081   24.62922481927899 185.3017568389411
10082   95.34115456051518 205.0056803628455
10083   5.227073125798967 185.9987102199289
10084   70.80856839037297 195.7175108016924
10085   15.72240440904432 186.7772309477785
10086   45.07992812004034 200.8146069671515
10087   -5.753573979694456 173.35553556374
10088   -2.437881234054662 163.722576942683
10089   28.9548556181926 199.2348579671464
10090   69.40214329339763 196.611631344079
10091   24.36797231490012 210.9088304131847
10092   73.95678383067634 182.1475552977038
10093   76.49468118567911 184.3538466581647
10094   67.21109226231732 200.7653816752112
10095   87.31097694175176 221.8322456478573
10096   46.52152603601813 190.1627407477408
10097   75.78897473459722 212.5784071235043
10098   54.45290353661568 219.4648306073855
10099   54.71847655991145 214.3936607857892
10100   81.14764652464287 197.7542356887239
10101   -0.1121023858134863 170.3789871804545
10102   22.99061433595906 165.374268813405
10103   15.18060014280261 206.9659251928447
10104   74.10916202672395 201.9203650903184
10105   58.30815245964627 214.8527899768274
10106   44.6655281621845 183.5417940848943
10107   9.49868790694859 200.716254225636
10108   83.53457617673999 174.535480527931
10109   53.92468147074596 205.1383169734281
10110   102.3279561671772 199.1340025082024
10111   75.12931887007353 212.9548663896162
10112   46.83231889519894 212.6020825917554
10113   107.4491198970843 185.4240802483356
10114   60.06897523470091 200.9562683674012
10115   6.952634170846329 210.0555836124125
10116   102.5652495889907 164.5691333667739
10117   34.65425154006299 197.6150275619568
10118   44.41099669237566 199.7594906140457
10119   80.08504452887303 193.0424333706524
10120   45.4173453739583 183.9333086909575
10121   70.1250986524777 203.7135493679197
10122   -6.608005410622968 173.9085097647798
10123   30.55201306065081 165.2806171127541
10124   73.00252455490296 207.4648803300855
10125   26.28725093385643 204.3976830179579
10126   73.89881923259487 192.5507296264101
10127   46.94250316558229 197.3029720430364
10128   21.74298708480947 200.920277719774
10129   57.40318952952095 219.623704503546
10130   78.38385571070826 210.2369623497084
10131   15.08331891459889 188.1334809506887
10132   6.743975315752223 185.9116181196169
10133   104.1442315942097 187.516476923994
10134   23.01817836225706 175.6585638992169
10135   77.18262456932173 219.4595575186931
10136   40.2801495545338 186.3748700654716
10137   -0.1907294115968124 169.4000086899913
10138   99.05466737941492 196.4794532893147
10139   98.87769421632726 183.5888523302933
10140   87.85963885664069 218.1880102628806
10141   75.52857722150029 182.0837077779118
10142   68.7441014064232 162.9189656981393
10143   -6.745196529818871 196.661988111222
10144   101.8637948416484 210.9574521858748
10145   108.3491791279379 209.8377858595751
10146   95.71071168381633 217.4611722405449
10147   107.2418633912694 198.9248509994787
10148   5.905432681526954 172.2500287928303
10149   47.71407349196156 205.4861526242782
10150   15.01845357606054 200.1442744505042
10151   87.85413945180863 202.8522804797602
10152   85.59520769765248 198.3785743831342
10153   14.27040085604888 187.796041394568
10154   43.26259299250038 218.6276613391266
10155   81.99409416261483 219.2312145549506
10156   69.59189809274848 184.3138756239813
10157   52.71767958976119 181.7256437148917
10158   79.97847591709692 192.1140874562545
10159   35.9855926327831 202.8879007319069
10160   62.48422124406339 216.8481575017153
10161   -4.607973682585826 191.4287928991782
10162   14.04452383259082 211.8344193022078
10163   96.10755618647137 204.5542199985167
10164   43.54893208221167 200.154598458107
10165   80.38744689002866 197.3533299299639
10166   102.533099202937 163.5762762060821
10167   96.23599290266117 178.4442170285309
10168   46.23025448189108 163.7576014930354
10169   77.32940782072563 185.6462839723237
10170   105.6587972710921 201.835850306481
10171   -8.665222286947227 182.3777041268921
10172   30.86691056405084 202.5152048645668
10173   56.56422091777858 166.1642030623563
10174   32.13072082154809 193.07446252533
10175   84.35265691196803 174.0535353672057
10176   66.60839533175448 216.1979297648099
10177   88.11343434979777 161.7204295038147
10178   3.036332355869874 200.0095379926724
10179   55.06455099274952 219.7733487373797
10180   80.70977961246943 217.166149244998
10181   -8.241771316848599 186.8436209482135
10182   12.66772316886884 195.9470025239148
10183   49.782832383538 215.4218618952789
10184   1.486153331991333 169.2422518852107
10185   86.05915415663384 208.8785408075409
10186   6.700759843973256 184.9994630426349
10187   92.08809040175046 197.2585963741139
10188   21.59028885231695 183.7360869584703
10189   42.90501112432947 199.8216299933561
10190   79.0446542064969 209.8397706088959
10191   70.9985335143304 219.7260242154746
10192   16.61551362547624 210.3763610242989
10193   2.837245465903409 203.9574535365544
10194   67.02984658614258 190.5655781404391
10195   105.9890420518744 217.4919013149546
10196   44.94214650602188 197.0705704231135
10197   1.574536218210146 189.5515125121242
10198   89.55745096325666 219.1091130971578
10199   58.40242502920922 205.9317207312305
10200   23.4394750152021 207.1200333396943
10201   103.3677593879439 163.0421957175948
10202   50.58394701922157 184.0134207090923
10203   19.20830974880064 181.6694670437565
10204   74.98304227905803 185.3263494020965
10205   102.6737034735182 211.374167231627
10206   92.3415514692315 209.197351869598
10207   71.518597063284 196.9105168072832
10208   69.48391406970458 213.5639000312204
10209   28.79248144877277 198.3975576908267
10210   74.77051357981269 201.4841586508047
10211   7.538466331962766 172.1245683051736
10212   87.8147814589062 202.0394315951768
10213   88.67137060260966 215.780621937313
10214   57.81327341046605 197.4767432547318
10215   62.42387609870243 216.136656578316
10216   77.86657804983923 181.533119189288
10217   108.4623872510932 221.905438065765
10218   78.51653988465229 192.2297505362632
10219   103.3338954214756 162.0584576221342
10220   12.17856632652681 180.8289144359271
10221   63.17152130629623 167.0116006265783
10222   102.3087105488469 198.1971222147616
10223   71.87605608060859 172.5048189918502
10224   71.7504103100627 198.462913102067
10225   93.44274761795087 171.2924363486919
10226   52.56892993323528 179.0889759004648
10227   46.80112813640674 211.9128116491389
10228   22.90774626558661 164.3988918021848
10229   16.21392364813876 164.9631759079209
10230   88.21562868870616 164.6951097903447
10231   73.42995364258013 170.1897221257434
10232   -1.366888214302853 207.1787606707251
10233   77.13344695178031 218.7502265837825
10234   64.71136676221923 187.7442618290286
10235   96.20222438667442 177.4893616901013
10236   53.00791026542928 163.5182697312071
10237   8.64785348336244 165.1456895001604
10238   80.32159579224705 196.4976457688666
10239   8.447552122295198 203.1408073489291
10240   49.55928116477574 189.9987760283065
10241   46.87652569211657 196.5203470578579
10242   25.50751056004104 160.8199719774636
10243   79.1357602033944 168.5061637626067
10244   68.8080230661443 183.9222390713232
10245   12.60958343116237 195.1125143974608
10246   -7.106503480227387 177.3331283688404
10247   79.6913455726074 210.9387013259229
10248   99.83663247200761 195.9802433428825
10249   78.4066674851257 191.3160804706978
10250   33.95183487777747 197.2692687729526
10251   64.98667117367523 176.5872747201991
10252   11.7081360908873 203.9774947810945
10253   104.054306407185 205.8463223119824
10254   34.46050205235757 208.445438325736
10255   52.20739549907611 173.6641434953279
10256   3.146193621396239 169.0972179235316
10257   58.88697551220658 214.469358254457
10258   36.59211604546298 202.5284089381745
10259   45.82791058973772 174.627614306998
10260   99.44039654565259 207.9585847375656
10261   30.7139622951398 193.9351723712506
10262   9.1991079038013 171.946090369323
10263   -0.6290356866226773 208.1039213564598
10264   -5.426688487257694 203.2758942137909
10265   53.60006601923171 185.5221975788426
10266   25.32834751520319 184.8330097253332
10267   82.59264248834481 218.8637790160483
10268   68.72751464104624 183.0239597031013
10269   30.20912424497152 202.1910959848252
10270   76.88481724426626 191.3697514972825
10271   102.0659482416603 221.1900250904707
10272   87.78228684752375 201.1870877153781
10273   66.56248462842697 215.5035704080724
10274   22.82392727651231 163.4077509858223
10275   48.79995013224774 189.6244111055991
10276   61.76975702942183 215.1701188848839
10277   -5.450734459820551 191.0068111320556
10278   103.2598459998736 186.1062689665021
10279   69.65024010004541 185.2033643581328
10280   62.56181462335188 186.6303636849647
10281   63.19548289269532 187.8062031538727
10282   106.4906128575787 202.2917238748533
10283   10.15818791298442 210.8125313962933
10284   6.342966904787282 180.3502549281387
10285   33.8367745733292 187.2298201153278
10286   60.4855127633836 199.8044388257669
10287   7.768574631366478 164.7387557683162
10288   28.57799468880979 210.9464667550374
10289   67.63021004900794 213.2726294495917
10290   80.39636685430688 211.2823096040255
10291   100.5189185969238 217.1194260981261
10292   109.1893653241044 191.4157549300169
10293   72.90963476652696 222.5827397839071
10294   34.00187995731324 161.6802149992692
10295   77.9498658518033 182.4679244395912
10296   78.15043964552171 186.9376326760833
10297   54.79885802200549 166.2073496721129
10298   85.60249172953718 216.2533168638664
10299   103.1111882213851 197.6792427080463
10300   15.04598995694093 205.5229531528505
10301   80.68377597599648 216.4551530777161
10302   0.7590238130975917 189.1625760295382
10303   47.38443638373099 211.5347913652918
10304   61.66822498005368 187.0626679243086
10305   81.2388561074878 215.3341236456677
10306   46.17481204371143 196.1750744337098
10307   30.02092374903557 192.8008854562888
10308   75.73143376604449 184.8402305407155
10309   15.11351091166188 206.2482747993154
10310   74.72625043929585 200.6804990366871
10311   12.97993179920111 202.2550316786455
10312   70.95653236344009 198.9310614475417
10313   77.48898162812878 168.5959828691352
10314   -4.352928718208801 206.1135377349366
10315   81.0719157614379 210.8953834707178
10316   104.1118439656177 206.7296606241204
10317   63.14889077222963 165.8863077206541
10318   22.3720059035604 200.5001454797634
10319   92.8525935541664 196.8011635334455
10320   27.55377281736228 198.5572325289533
10321   91.78986533188511 171.3757802819959
10322   61.81869826932993 215.8535136600012
10323   60.19437509006197 187.1491821423788
10324   96.16897330615993 176.5311251749327
10325   23.19299967124623 211.0135882851237
10326   23.08492135846102 183.6377150076399
10327   45.46583058684952 218.3203149537763
10328   44.46569732015205 218.6461598470317
10329   78.87470299751912 196.5766633322551
10330   60.95417314273803 204.2954881278246
10331   99.81135549108403 195.066835501356
10332   54.96864004562392 182.0139724992295
10333   55.13024136439111 221.0194888649705
10334   39.75709570546499 167.0811698048905
10335   43.72004912459467 210.3627990654198
10336   79.49490046858345 182.3946514112818
10337   7.663769884660893 163.7524883956339
10338   15.33888965051054 164.5526594216347
10339   67.23148959604136 183.1388034609981
10340   21.88438297589744 176.1029592825089
10341   13.87164819741541 173.101070588992
10342   30.6658022239791 199.498826008979
10343   108.3001579884515 185.8967838482259
10344   76.62822992895025 168.1282147221539
10345   75.47874393982202 191.5613889548574
10346   53.55802172412604 184.6669898508179
10347   82.19575466533914 163.4264556930241
10348   91.71264844455176 170.3913993956163
10349   68.7821985563686 212.5052486909564
10350   103.01695388661 196.7850129145257
10351   81.70865488765915 211.9826811153037
10352   58.69868358099281 176.9322312548732
10353   91.9050060824763 218.2946968654497
10354   81.12403822052705 183.2413576374636
10355   32.64976997061 197.3753265247733
10356   57.78860347208166 222.3508852658055
10357   30.1589479968428 201.4670384051366
10358   68.23484612107337 206.5234308345714
10359   6.783537754674194 163.3469772903472
10360   103.232912440601 185.1196679843983
10361   29.25934291984506 193.2238144866409
10362   46.7222295262215 174.0976454655111
10363   51.29845802740296 183.5387353605068
10364   67.1381575995172 215.1118997554448
10365   59.01407559241977 205.5282899234689
10366   70.09975345086369 196.1626471811073
10367   93.15770906098291 208.8107525869787
10368   73.84515992632018 212.2782661134081
10369   58.11357614919667 188.5926837222966
10370   32.50000000008753 160.8136491982127
10371   90.04390746907703 204.8087558818565
10372   3.066796554735572 168.1221729731451
10373   33.97645529887415 201.2034320104515
10374   39.17959787727899 217.4285367436227
10375   86.17470907424726 222.8332798323929
10376   86.00725496292358 223.479101351538
10377   78.99889108881898 188.2113429462284
10378   96.13343389229681 175.5708553989328
10379   69.44229020054588 212.858715694858
10380   76.55615983760964 167.1654868158787
10381   63.07732908579088 163.9070632635301
10382   78.79776741854204 195.7200992968247
10383   23.0544676515445 182.7850502907401
10384   77.0331639545964 161.7555486785977
10385   0.6752490902491998 188.2652529879931
10386   36.36811511156191 192.9315607500155
10387   17.72649351226369 210.37899583959
10388   87.62612099582431 172.9876623861227
10389   23.37707948982665 206.4144324665416
10390   79.5650416725103 183.3038323769424
10391   40.23545633095033 185.5272402195006
10392   73.62821578120378 207.0574001203855
10393   68.9450924681965 206.8714818032659
10394   28.58148233870759 192.8666094992787
10395   45.30314862652888 206.3689663028783
10396   81.27471663968191 216.0567053733152
10397   40.18496389936752 184.6700959579154
10398   108.3616011900023 191.8650840621947
10399   58.57696005738741 175.0970076232782
10400   89.20069439727695 186.6253884935934
10401   89.30178034000747 216.1237155369681
10402   33.74814121775225 186.3809550745565
10403   27.37577192956492 197.6883708812359
10404   79.78305477791898 187.7525770481491
10405   54.27740856973101 184.1888464747983
10406   84.14664498288508 200.1327984755418
10407   67.13442911295579 182.2325301685456
10408   22.01707100757569 211.0851732849499
10409   66.57435621370493 176.5150228809165
10410   63.11057895692812 164.8907231969118
10411   59.0089395534597 197.610968954359
10412   108.4093662599995 161.9001476254237
10413   38.88561852841131 166.6584689939606
10414   -6.732748556227 208.5736263471489
10415   70.9955187304058 223.2564152083299
10416   -8.488869493611391 160.9229842216483
10417   43.09584122266227 210.0539114353652
10418   98.19816660429115 213.3799622425722
10419   33.62432040017698 172.1921140463683
10420   96.02766054708765 207.1239490937206
10421   5.265964329676472 186.9398451468005
10422   109.1586312616035 211.3721257090925
10423   101.3472707266388 194.1285328979855
10424   -4.754486270782454 189.5609404438608
10425   13.27979495961621 194.6676824613186
10426   33.24574994896747 208.5237424887087
10427   81.93389160987353 183.6554111274193
10428   61.31947717471799 200.1109094495783
10429   69.52310069530117 214.26377913197
10430   -2.231420586808028 191.7759393450582
10431   59.63455836110433 205.1202615027887
10432   93.64421764649637 198.0931342141937
10433   80.61341485979895 215.0066209509525
10434   -7.56468269469384 200.8059406612269
10435   89.19927997274802 182.0974749433149
10436   21.2715119079441 174.8618242295775
10437   6.678820816109686 162.3485438868432
10438   11.36522136977464 210.5570019197967
10439   -3.741774165305025 208.013087023181
10440   33.17347209603374 207.8113939160861
10441   87.66786210158145 188.3441914598066
10442   56.0157994965153 189.9900704375863
10443   46.14918993571588 162.7549310448117
10444   107.3229729419185 202.7361266781024
10445   106.7699835966723 217.0161952147978
10446   89.36248768957009 172.9046062374204
10447   40.9040404602279 184.2024726751347
10448   77.37620906890199 195.8369681185641
10449   32.58213498328385 196.5807305234579
10450   90.08708809205513 170.506781724009
10451   100.6015395352946 194.5725344465362
10452   87.68666709243891 189.1883515108225
10453   36.60526671230221 196.4591097078162
10454   83.87210924371843 206.2357696947667
10455   19.05091622002783 178.9679191593838
10456   27.84677946348166 191.7313596765555
10457   11.65712506377707 203.2397561300701
10458   55.67358856224482 211.5299694614968
10459   61.57480183742544 223.0159124277979
10460   21.91224868423721 210.3636525929926
10461   104.0420318858577 184.5795657092094
10462   48.8626653181858 202.8333058893398
10463   58.02997807923182 219.9163007740115
10464   96.10248134170597 174.6172853094529
10465   25.94512693207784 170.6680378124993
10466   73.59818617409098 206.2896396116848
10467   66.40888713335038 193.5105232067989
10468   22.74658770975498 206.1364855089351
10469   65.64458525428478 182.3513097320093
10470   80.54663991958017 189.0229255667436
10471   55.58852988272444 210.8088120938367
10472   84.9759405926376 215.9306501381464
10473   19.30880527945293 161.7950406995166
10474   67.17145738329702 193.8787705010267
10475   52.01309703803125 183.0592857086681
10476   -0.1271780658455884 187.9412015700848
10477   68.49096365585697 208.8415621922273
10478   67.09386595375307 214.4132333454823
10479   52.14111496658724 172.7336285556079
10480   97.81263719441186 173.5735793938563
10481   89.2106736205752 170.0185563829169
10482   54.55064044004877 190.0871882197164
10483   42.70989422563694 196.7079740565461
10484   63.870571913992 163.420375756108
10485   13.22360023245232 192.9142021417751
10486   96.85653689521277 202.3979793109504
10487   80.49024614747815 213.4870500521542
10488   67.88735979092542 193.4491774805541
10489   23.01576114831978 200.0728110673264
10490   83.80438466032987 218.8249345481497
10491   56.30240397819933 211.8422604593168
10492   37.70773729412367 212.7742513628711
10493   82.74084925216069 184.0734586219695
10494   -5.645837743050408 200.6737822537269
10495   92.44469465566922 185.7021157077619
10496   70.19935927412857 204.5273503884883
10497   54.41487196204993 210.9037181159368
10498   91.69225571638977 188.9391648646139
10499   90.06798807953429 174.274434157401
10500   82.17046688629256 188.972889491039
10501   54.32112393788758 210.1821676493948
10502   81.34204645124774 189.4243988726532
10503   26.20579634235272 198.0471713172918
10504   51.71817539430668 210.4922657851832
10505   51.82771664027204 209.8178722565897
10506   19.15330408194068 180.7787546556496
10507   46.0845550271641 161.7110833530722
10508   87.36268058488753 182.2403712379526
10509   89.53070613076953 218.4364962305687
10510   108.3175231573158 186.8880417963435
10511   67.79937788004713 208.489497420301
10512   41.01753064179182 175.8954782339713
10513   76.60650486483242 195.4228102458
10514   87.12405927590005 180.8445536839283
10515   58.64233856787113 176.0129556387295
10516   15.25229706606952 163.5639595949989
10517   89.11669723555424 169.0281675790175
10518   -4.843386948167021 188.6080786832059
10519   102.7107916733871 213.988828370035
10520   53.87494202296542 188.9121918511756
10521   103.1539875088383 183.1862791674577
10522   25.82129895851337 194.6341896676061
10523   8.750921968090665 209.529058761787
10524   65.54665908367654 181.4613213579262
10525   8.08039976603538 199.9758718872102
10526   42.47502684547817 209.7451184314722
10527   89.93872763555937 215.7450726283657
10528   98.90781668412468 212.8975669555045
10529   31.9631945872298 207.9047003106764
10530   98.66335969725647 174.0301626247017
10531   53.14081614150203 210.2895934054686
10532   12.12755712228017 180.008593302413
10533   49.00599645186765 172.0772991323519
10534   37.22834087906062 166.7682476672397
10535   67.67925683551186 214.0271679707762
10536   11.95868760715833 178.3382786224024
10537   13.9073174525507 192.4867251179076
10538   90.90880305287374 174.7272480595655
10539   13.46543401685761 160.9345480183933
10540   50.39367475741236 180.5709865856946
10541   96.94454166291655 174.0887717234984
10542   68.16546746453353 176.4438314308946
10543   52.01367337718123 171.6304721740186
10544   15.16854557409023 162.5765833964805
10545   88.05429784766312 207.6992055349761
10546   28.86651758950811 215.6567006239199
10547   74.266076498047 205.8602819603564
10548   92.52285670989887 189.3712276794702
10549   91.54173995765846 203.8328093867265
10550   27.10230624603626 192.1638163468249
10551   -2.322708682791241 190.7952956486579
10552   13.07447627159064 172.8022161038614
10553   -6.021841393906875 204.6480289188834
10554   58.52170425874461 218.8881036289313
10555   84.30672355140895 214.0987998343008
10556   25.28456466484077 183.9777368786701
10557   55.74147217743887 184.1099179071437
10558   85.71846755413756 181.2326328995977
10559   108.1455118960156 202.2396694087566
10560   87.52072765755383 169.1661403902545
10561   75.59624642221469 164.7686320758536
10562   71.42122198057446 190.2654343759279
10563   26.95656189410828 162.6934693922167
10564   59.65649556965133 218.1124850673903
10565   20.87210266555763 161.6262879411167
10566   45.2772718737953 205.6452174780201
10567   -6.715822775939718 195.6367783097
10568   2.959862220383821 167.1567100896592
10569   84.66281795201532 179.58130743924
10570   72.17734246377339 219.665645005739
10571   32.33273225690365 186.4868537838976
10572   51.98854106702599 182.2013141153836
10573   16.3854813044447 199.9398571791019
10574   76.51576368316306 194.5613943146458
10575   97.64036383891212 201.963910880467
10576   2.095180789747521 166.7576471619183
10577   103.1351586344636 182.1967489585266
10578   25.9730644374308 196.8826454996197
10579   84.12089850961257 199.2991462357539
10580   84.90448916153214 180.9541857588538
10581   94.41744763346837 197.6325541422414
10582   93.3376027986235 188.9213506318859
10583   101.2582376225452 218.3649267996315
10584   61.89138872973126 199.6628417310619
10585   45.8723012380757 205.2550901217621
10586   85.23750739143112 206.1656361335259
10587   23.49300526889261 213.672182804502
10588   12.5077471206613 184.3647176643289
10589   64.08539374619387 181.6259357826547
10590   74.67492124783763 199.88012857519
10591   5.465917110592783 160.8330395343863
10592   83.45834029818258 177.2916115155055
10593   94.51116560795926 220.437017621655
10594   26.41014259818533 191.7976825989984
10595   68.86585919415049 164.0479439240644
10596   34.51424725756782 214.4729593097105
10597   86.66876634774238 168.6692834094883
10598   74.78164534730435 222.894431532367
10599   107.5764092533463 217.4556875729694
10600   68.83129027813692 203.8281784678474
10601   99.62813864948129 211.5174364035424
10602   58.03581728262505 180.0490383093004
10603   -5.682182796894033 188.1597620873156
10604   49.43965840375468 218.3724439501824
10605   108.2539158604069 212.2595500036306
10606   -9.222099414819118 174.2894599999729
10607   11.75701068076625 184.0699851228224
10608   82.89636910968164 190.232041557081
10609   25.79141044079176 169.9010665307012
10610   65.33656185567455 208.7806174466656
10611   21.63559795720351 213.4439581353091
10612   59.7309631606724 197.0869716440531
10613   83.75379303144422 190.6266727857545
10614   81.0322671294378 223.3925674080282
10615   4.474892625663099 199.8580932716222
10616   80.23426310373954 175.557474070992
10617   82.58536014836588 177.703240644382
10618   80.88776326200055 177.7894972937283
10619   99.50595086319169 175.4619558776192
10620   84.55365087203091 190.187720369215
10621   57.7849451726222 174.692020424685
10622   69.72623385057906 176.3813145840336
10623   83.5465339807521 184.4906250311536
10624   76.99861331551735 174.7235097178058
10625   5.088336029160705 195.9651947230171
10626   20.48220003340162 213.5245598130904
10627   91.8624287772194 176.1407292615049
10628   3.159122347634362 161.7280234566678
10629   72.80353088882701 174.4400673745387
10630   75.0976667681905 194.6712182179088
10631   -8.332537302074659 185.7847564915925
10632   1.967989500393244 165.7490393011859
10633   75.24742082821626 175.7122534174466
10634   77.77012813263181 175.1664405727595
10635   107.9296178290877 177.0079934408691
10636   42.41262000710617 209.0374235995272
10637   7.275606963756443 197.9795641266673
10638   84.92509914810641 212.9095872478223
10639   59.09362971789773 218.5077603117076
10640   95.09145521005692 221.5091813047514
10641   25.2199461501488 183.1127644429615
10642   44.08233229954613 171.0825110513177
10643   17.10017844952993 212.0506640701323
10644   99.36469595117902 207.0581401650264
10645   86.8540338273709 190.4650597016729
10646   12.29659489967269 202.776218439416
10647   -7.067605770975149 161.6380565535707
10648   78.48623327323529 176.4964052046243
10649   35.59135775731971 166.8809193686869
10650   108.361991031948 218.8571485857292
10651   19.10034022855096 179.8714150710832
10652   44.8390269378248 196.2669718074451
10653   94.14608449763 190.2387100004673
10654   46.4891549893173 204.8754924741361
10655   37.69916419332178 212.0519088939956
10656   103.9387537682248 181.6407806691982
10657   73.62549221056842 175.7774230338634
10658   72.74889923188216 219.3039873146342
10659   55.7360882466829 183.2676179906358
10660   54.0418945868961 221.2161253680167
10661   74.34747131998506 194.2852572983019
10662   57.62901383886343 221.6794142918912
10663   27.94288036613477 195.6884299586509
10664   11.29942856435665 207.2708877717129
10665   107.5370693607965 220.4114206674011
10666   24.34510886010931 199.9793526109718
10667   72.2552012909772 197.2435884849885
10668   86.59981669202253 206.1439369033496
10669   24.8687298898906 197.355210925234
10670   1.356177595438267 196.7909237082444
10671   84.84504840994205 198.8374717598953
10672   -9.203726882641941 164.4003311248516
10673   90.05779668033765 203.9189873288382
10674   25.70973633614242 190.6404013082727
10675   -1.374149825916207 189.7891159760985
10676   6.583579541191821 203.7176603483782
10677   60.28148626226556 204.7106161230466
10678   63.53177581553372 210.0199481175482
10679   10.18207559669541 182.4637924865071
10680   7.969541128025623 197.470654906357
10681   108.3300641631301 187.865438042428
10682   74.6306153612364 199.0645469247146
10683   -4.96224467962897 186.7458297418077
10684   70.22178642417893 215.9898878627171
10685   51.06914616603211 208.790539669212
10686   7.975850248801608 196.6213084488272
10687   30.21008366866501 208.4335918200741
10688   98.42532963080217 203.2496706156876
10689   -8.239349547158525 206.1774959444197
10690   41.78269973241103 208.7015993281728
10691   94.9700315263719 189.7952362472159
10692   95.18848438743711 197.1288043940845
10693   72.25603067026758 190.6955084911404
10694   84.34853952761463 215.5807876170088
10695   34.21568812692018 191.8320608946016
10696   1.848136756112795 164.7569904516743
10697   103.0532830437542 180.2590684506863
10698   44.05956174333836 186.5610763556713
10699   63.23918894021733 201.0274406248591
10700   53.46938078864529 182.105062909849
10701   57.74184321883053 173.7806990177809
10702   58.75828174580483 179.6247744438133
10703   72.19499836551665 193.1917985994395
10704   100.8166334699454 221.4300608499726
10705   69.70817999194325 175.4422865679036
10706   59.62953011836732 217.4429664201987
10707   58.48176871279041 173.276290426658
10708   34.7189182667793 166.437358400364
10709   108.3738194173108 217.8974368691109
10710   24.96659904749602 190.2757281337639
10711   29.59313408246321 208.0702096411111
10712   66.3802291004728 212.7338862679163
10713   -7.943211714831165 198.604687327077
10714   49.64516165049743 213.3821367015847
10715   44.88557849521857 170.5572705216129
10716   58.69235265261149 171.0348603896365
10717   103.0429712258096 179.264590844641
10718   29.43970595896619 213.9991783361603
10719   2.166153085478287 208.5140694178622
10720   75.72494126817114 166.7290831856679
10721   9.298688578347583 196.5820627706462
10722   101.8956740201729 212.7131707988209
10723   60.23913361249765 211.6820871994044
10724   0.9910869042370695 164.3611770877785
10725   69.67686343603854 174.575120788581
10726   80.56833757166257 214.260162567042
10727   24.46481592694891 182.7356213728367
10728   59.80644558922288 196.2048067147837
10729   95.95306088443706 196.6091430888213
10730   90.5578621299301 216.0925378902901
10731   -5.065314492218527 185.7698757132256
10732   28.47432951764153 162.5186362909244
10733   41.7040001898458 207.9964024972611
10734   46.64187179211945 218.3296101905732
10735   70.86748387607435 216.2994077002177
10736   90.56826679866965 163.0295606251417
10737   48.91969098396132 218.7886790888593
10738   100.4853958239832 160.7919112125633
10739   85.15561655744656 174.494212622463
10740   66.97467977121501 212.9909130193957
10741   -2.439152547017179 188.890115826983
10742   84.35272825897297 184.9091630630832
10743   7.298097382294846 160.9132827155209
10744   95.71626275071402 191.1163036723183
10745   43.70456841018865 218.1245274453183
10746   64.07677678851391 214.3659654681977
10747   49.92163320077344 217.3816140028189
10748   53.56234510467996 168.5846145830214
10749   34.36948676790944 195.324571431434
10750   64.713802461657 162.915213450356
10751   58.42289248272314 172.3572001826071
10752   70.55554607345255 164.0389792993109
10753   9.039270443537688 161.5923208991431
10754   32.08401953985113 183.9068323041581
10755   19.76457195535319 178.4769778560008
10756   70.92746869188493 171.1653006063463
10757   103.8519147834383 178.7049910846021
10758   -8.207351094123425 188.6858871526042
10759   51.05756626541177 208.0231464798819
10760   -5.789456960887394 207.1368642209352
10761   100.501215989131 177.890325058527
10762   99.221582223627 202.8326395488334
10763   85.88803563695743 205.7670097403414
10764   83.52314627404078 223.850779899063
10765   55.19146069086484 200.0507611966582
10766   60.19965689140894 217.0174736961028
10767   60.25857049775314 179.6101241213135
10768   74.59732205202565 198.2770417562766
10769   59.42489685965752 170.6209102286251
10770   -0.884503521472905 206.0171367306166
10771   34.6023610229917 165.4854792847556
10772   46.47510507036988 170.4570112519169
10773   84.32108171321603 214.8413193802887
10774   24.22829194221851 189.9055282364719
10775   75.66425312128536 165.7455403438865
10776   68.81596353706348 222.5151309766523
10777   49.38647253808259 217.7715133675869
10778   -9.185446014629983 165.3723153408422
10779   13.24618049788181 193.8367537845354
10780   -5.90170686884115 185.2989125243802
10781   87.71915318749461 190.0867301245423
10782   54.21355647986969 181.6345712487382
10783   71.47384737767786 215.9392376626682
10784   79.53482496401472 224.0330081294384
10785   96.57829966838602 191.5379788414162
10786   86.2810705126008 198.8042503897838
10787   108.2202361937075 205.0235961611884
10788   41.0719495327628 217.5306477975096
10789   86.0870742350258 221.5449056093906
10790   14.994989277551 211.4342701161036
10791   108.3510059868664 188.8558726017778
10792   41.85152456565617 161.7487361124258
10793   17.01063266304487 199.436678810276
10794   32.26259941727999 185.6426082919546
10795   72.72819752772268 218.6179254757521
10796   60.67531637547623 214.674063865326
10797   23.51383658174277 197.4452712368786
10798   55.16207805509061 168.5441744541866
10799   68.60392123932047 193.8061673389125
10800   62.60643521879403 214.1529310705167
10801   51.69671006739881 220.1319803355075
10802   6.495229792213351 202.9699742914941
10803   61.5453645349678 204.6583523603385
10804   40.49493065977921 208.0786848295427
10805   12.17328322499411 199.6767695729722
10806   107.4480282368775 213.7273748492796
10807   19.71023259717442 177.5869939422897
10808   39.93894130513005 161.6611633682826
10809   104.6475389289643 177.1916239043912
10810   64.7213784917335 215.2899654181948
10811   31.92601758343322 215.1323168176945
10812   60.32783871477754 222.8900130969022
10813   76.30292908741735 206.143338816627
10814   33.01843670460427 165.6234567239789
10815   73.29695082779253 218.2466616343435
10816   67.88049662107797 161.6812370679689
10817   30.68024579108162 184.0542242928627
10818   86.81205911516969 213.2801659717483
10819   -5.189056336067877 183.8981673573974
10820   103.8296176295105 177.7453139820988
10821   18.92592882837294 177.2111799235589
10822   9.180338494539223 193.0008947491301
10823   49.31109781245079 216.4788128061462
10824   15.87572210017487 177.389573612964
10825   23.6839655522787 180.3794389606649
10826   74.45372560438233 175.3034518724141
10827   21.40721547625971 204.8483888873602
10828   102.0373321740102 217.9617365036003
10829   108.3702463637482 214.9796675157333
10830   0.8412571142125648 163.4191942617313
10831   23.46691685372356 189.5453225003257
10832   95.13665101901809 195.3289689622195
10833   4.622497656856437 208.8430180319029
10834   109.0699231307352 204.4839806976517
10835   60.16216687962127 216.3270206309017
10836   0.6759628017200715 197.269768006757
10837   26.93130688250135 187.4498792431151
10838   15.70828841034688 175.7793417632896
10839   30.70611580516258 196.3007198352797
10840   72.10400850387435 216.2501694020117
10841   65.93283006429574 209.0157420234053
10842   61.04697336041122 196.3933640496984
10843   99.98552734007787 205.7733178749107
10844   71.71384386006964 182.7828589913424
10845   16.55840775306898 211.8271767794247
10846   85.15922794627672 185.330810370515
10847   97.4012167295277 191.0976923586187
10848   72.74291566807983 215.869277539912
10849   14.93491771645671 161.6373982278775
10850   9.85113420459362 191.6199025138646
10851   69.30472833035796 193.362712015034
10852   22.7659366871941 189.9968101005717
10853   32.18494349925046 184.7822863444211
10854   27.63602119133311 214.3726601733219
10855   88.37347996448523 221.7969481570599
10856   -6.752856973206113 205.1530421161991
10857   51.63079734297552 207.5564761858084
10858   84.51062577643054 205.8167507578533
10859   71.82996987525713 222.7026929045465
10860   74.75821255481348 164.3465751739083
10861   29.87827993034013 183.6683583815001
10862   53.1199338568192 166.2131703583912
10863   -8.279834162166198 173.0476707231121
10864   24.38725138781231 179.9811022926611
10865   22.24171078740669 197.4746679165863
10866   51.10348483210491 163.2974342159666
10867   86.64610951198314 206.9042478234392
10868   26.36565566458294 200.9753119157536
10869   90.0039150355111 199.5043283464426
10870   76.41454245584049 212.9244162533288
10871   22.00994757032107 189.6360572810569
10872   47.47930271405469 160.7803330894241
10873   38.29481004064576 211.6847403108248
10874   52.08403346160434 219.2109422862222
10875   109.1893692177004 216.4055940964866
10876   82.22038991837869 223.2866406741884
10877   95.87421168196308 194.7870373700036
10878   89.93674495936935 198.6938150204485
10879   73.89245087822293 217.8605393030878
10880   11.09087614284518 192.0013949371944
10881   65.921490619013 184.8469665631167
10882   -8.374480333004556 163.8050400536346
10883   98.52478859904595 206.6409084833733
10884   58.88278993630641 222.1258214233148
10885   34.29311854417152 213.7307646015463
10886   47.26737934476674 169.9012349942865
10887   62.16734731126508 204.2332913020951
10888   91.1988717766781 215.7313046192519
10889   71.236479647225 201.3262713637686
10890   11.66650007981998 191.4900550159487
10891   74.72255883441194 163.3643198387427
10892   64.74146335514088 185.3643416509593
10893   73.00621220758983 196.7879569425081
10894   69.99259874876624 192.9018836632904
10895   25.7880143383 179.9736333185598
10896   64.37836930381239 184.0704093813304
10897   -9.170907596992816 185.2178931584782
10898   12.18444021337198 190.2144155168728
10899   107.5783431105173 219.3574226112591
10900   108.3936027624709 189.8618696596502
10901   84.9498381179316 220.1357243509727
10902   20.38220234952145 188.9167889728122
10903   98.87208311197975 212.0603347686964
10904   4.446867067483668 160.7737734847199
10905   46.95940628993101 201.9483350700535
10906   93.09029488947876 221.6988965092295
10907   60.10405644963259 215.6742377593058
10908   49.83095587854181 216.0822233300832
10909   19.68524740313633 189.3951452338837
10910   7.428943657566261 184.5307937170084
10911   33.04049876927007 213.6376877849185
10912   85.95948050082131 173.9909745955351
10913   21.20881739861137 189.2790443492513
10914   61.53004432129993 171.3102073616657
10915   73.3302011187208 216.1881689676192
10916   69.97017589611025 192.0839675348319
10917   16.63373032806858 211.1043937045058
10918   49.49594837271889 219.0064188265041
10919   72.96652955317876 161.5533723569078
10920   63.16932149444487 184.6331760565754
10921   87.35165654054089 207.2960494506001
10922   84.76512494057441 223.7695229412791
10923   -7.559537644490825 195.0422041677683
10924   17.54788701504896 195.1941184753594
10925   11.9554582735241 210.7211084851479
10926   61.16426577815182 195.1882307904204
10927   90.9475501339852 208.4478989009224
10928   73.95934385665534 215.8212952628201
10929   58.02165853996536 181.0430636448153
10930   109.2228348162876 161.4845135055654
10931   62.66648330259076 180.80206918489
10932   -0.9523750621026467 205.2879593668172
10933   62.53096590417856 184.1911956463216
10934   78.60167835603407 162.5223412702902
10935   13.02253080846235 190.5085562063861
10936   61.81189262336577 182.9782149891269
10937   104.63036150739 176.2580332790331
10938   18.30533026916739 190.3672799404684
10939   18.20628395869731 194.7271695014907
10940   18.8078972160429 193.6070241450357
10941   32.01020003290252 190.7583323059414
10942   36.82799694866168 216.2214947673066
10943   30.52235451455739 205.1228788907117
10944   77.06795431933097 212.5309441282959
10945   46.15338255922504 183.4801436384263
10946   107.9067372212288 194.715469349211
10947   37.99753749915966 183.5762606974393
10948   38.50200250734409 180.4254079595095
10949   75.19923373969326 215.7697392946314
10950   49.20537802697442 215.1731943522345
10951   48.54759955864462 200.9369360362561
10952   64.0896362622916 214.9832764688153
10953   60.92402665637776 183.4000221937703
10954   90.20921833367348 221.9982715892084
10955   88.0340097153759 213.2858623547946
10956   59.45148123890644 181.8000604119309
10957   -6.0670640165538 183.4425059857415
10958   60.21225817818738 183.0022715633724
10959   13.64728527061916 189.1866420595864
10960   106.4048222546949 175.2332391864426
10961   105.8361617341751 212.0398146177558
10962   108.3835538491533 216.9425934839733
10963   58.63342331804016 182.237599017271
10964   82.35246708287623 211.6192032057512
10965   62.1347202942294 203.4977108176394
10966   86.78769571631457 173.4786119053515
10967   50.97526436794494 206.5853869477565
10968   85.94566862792739 185.7447452269227
10969   36.00416114485002 161.5646364980818
10970   22.73356031470758 162.5559204935601
10971   84.90102387480334 213.7034469364055
10972   17.63421741230538 208.0874536161312
10973   29.79011361296808 204.0501109747862
10974   19.13954344491412 190.6445434279386
10975   86.61316708748497 167.7042526335503
10976   39.63867199588095 176.8775921784955
10977   75.11597813505873 217.7829176294701
10978   109.2759187528329 176.4557380952976
10979   14.72173758065785 202.6821219273654
10980   51.63084959281625 219.5098604054349
10981   39.47842720617405 211.647322535827
10982   7.313358995675621 183.6023636953526
10983   107.3186881160021 175.6811178306685
10984   -0.1272710857005457 196.953836701513
10985   83.15644452712998 205.8836762305165
10986   62.21609036461675 170.8188855938526
10987   44.63080906841295 193.1981560193127
10988   23.91678996097585 204.5512878328864
10989   107.9020920318478 173.2801340386682
10990   49.4803725200602 160.7076337566555
10991   30.47642145589442 162.4708357372535
10992   7.680025801889529 210.2394213926094
10993   -7.789310298964898 182.6595414357747
10994   97.04234700000907 219.8292552574461
10995   70.71032546276848 191.602760730627
10996   -6.938129988130464 183.0277541377179
10997   31.97137034541861 196.3833263001534
10998   99.97837435979837 204.1448485364156
10999   60.09294427770804 215.0352479431187
11000   32.90701691778398 163.6505724673481
11001   46.17723210350744 182.5417621064806
11002   38.0132552155695 182.6675168578838
11003   73.81080986459429 197.1539024001156
11004   38.12689454231895 208.9189061220745
11005   105.5015216255605 175.739540077693
11006   37.09712552046389 180.5579127179427
11007   109.2207089510074 190.3992843971001
11008   -0.8682092620548373 197.4782891105336
11009   -7.586019341351872 204.8076943705763
11010   62.76021014482412 203.0863445050721
11011   83.65075256533535 210.684162118008
11012   76.05151894818236 175.2461299003712
11013   38.09875809169659 176.9343143602503
11014   92.0643760568497 221.7044088774795
11015   -8.38837439261515 204.3845728785398
11016   82.99675120279525 211.1772927406775
11017   86.70507143777166 185.2767607734776
11018   37.39933224336318 206.3877669222226
11019   74.24613820631316 193.4440092073262
11020   -9.213879351347714 172.3925426768393
11021   46.45220144375611 204.1916863554736
11022   102.4916212125235 160.7092591011843
11023   38.01296248696741 208.2012561103188
11024   74.57310083615394 216.1263025897478
11025   6.50034550201396 183.1431499453135
11026   65.45341307429773 163.4399707011084
11027   82.44699001379462 205.5234260600981
11028   47.30212465833977 168.9086285549531
11029   62.41166633138328 222.509488227959
11030   92.99999999996417 161.5787065783419
11031   99.66366563706046 183.1705645077249
11032   46.90709135699898 182.0471943286395
11033   87.3758035691213 167.1734745875776
11034   18.16141868539788 175.9661768266925
11035   62.36745048865054 195.5203501143804
11036   55.301744960503 189.6352094666308
11037   51.55363265442822 206.138645802451
11038   36.89749013516495 179.6044713016594
11039   26.56771309317366 214.4778557120456
11040   31.41343769246045 193.4983853025619
11041   28.19823482614699 204.6962538582172
11042   23.82680706408329 203.9293505424138
11043   43.33052877061695 212.6753695242085
11044   80.92640202287119 204.7232336382194
11045   102.7833453288309 219.2090787402408
11046   23.92272361449906 161.6761862695159
11047   107.3894210675346 193.3054866611997
11048   104.0965546714392 161.6517236367101
11049   100.5749430430586 183.635073870613
11050   88.45387619822844 173.4020339463612
11051   63.83281491853725 170.7113483765991
11052   37.95588905535914 176.0454194592948
11053   63.07817364631907 198.733469806629
11054   27.84084118663332 203.6558522468566
11055   81.70669624127967 205.1345952017672
11056   51.49280372687733 218.2361443819372
11057   102.696355007839 212.2329697696889
11058   32.94855105471893 164.6282637050271
11059   83.1889094170791 163.0797753147794
11060   6.403979953252445 182.2169780137048
11061   96.51071392439448 162.4324347044195
11062   87.37591818893628 166.1769920690685
11063   38.68969262922361 182.2310621787057
11064   92.69922498365395 193.1646798256392
11065   50.20800412630127 162.0528963467902
11066   3.782298588187291 178.6759272877355
11067   67.1276725755501 163.3630708241556
11068   87.39118506648845 165.2126552510745
11069   -7.958333771964036 207.880290424111
11070   -1.477040587455481 206.4840309868378
11071   63.3800727258694 202.6475704226842
11072   27.23790452752706 203.4917239598198
11073   89.24791558712411 200.1409584780611
11074   17.41723182475256 175.5472591310836
11075   87.49677976832353 185.6857419887481
11076   88.50604988127 200.6524828604244
11077   -0.3579514956053377 203.9530394301467
11078   2.591115894422358 194.1533538577046
11079   -1.727946004965476 199.7574383421533
11080   28.97264550776598 201.5648633131362
11081   91.20890265346942 214.9582546764623
11082   49.17276171302804 214.5146312054485
11083   18.14401139380086 206.2497254323122
11084   88.9852952655772 165.2079107810619
11085   16.67712515132772 202.9177315580045
11086   3.328236022049615 192.8622291132841
11087   10.94888204873092 161.5736359286494
11088   47.63634050849898 181.545171545096
11089   48.10686551586814 168.3807069788789
11090   41.38618835125263 211.8321469671514
11091   56.70326835769612 189.5411315886635
11092   20.31379473663273 197.3147841073945
11093   62.48632774196845 194.3296510718785
11094   35.55871524339879 179.9832441518324
11095   -6.312480184133644 200.2593477742041
11096   6.385345225239437 181.3006601752634
11097   32.0059615461637 195.2498144931195
11098   -0.3418368536954955 204.7829140667034
11099   38.53102562521025 206.5507440895465
11100   99.73619100335077 220.7417084443495
11101   62.12712621001874 161.6366890570947
11102   -3.161111269637211 200.8529543595674
11103   -1.806178711026882 200.9949073349426
11104   96.4046239794613 222.3009606426407
11105   52.20212795708314 217.6094931620576
11106   16.59783283583978 175.1492155081466
11107   19.3439430401539 169.5827678075434
11108   37.41515561189028 207.9158603219421
11109   107.5196028394353 192.3253213360042
11110   36.46751401159746 176.1300053544897
11111   23.74250246255393 182.3507350233215
11112   58.02952816012653 163.2527776365824
11113   56.71564013623346 188.7050979438082
11114   91.83767741008802 212.86687008209
11115   33.6766826627579 163.1193428584993
11116   105.9762861926787 161.5833567064463
11117   98.18480102318273 191.4959923952978
11118   38.61911196035106 181.3343983363749
11119   94.7010127746971 162.5286883893624
11120   -8.34641097845121 183.9539150149022
11121   -8.428271584360278 162.8523146449244
11122   37.62352883576386 162.4937780838378
11123   100.645939171987 186.5103070970156
11124   83.97850787258439 161.5721421841338
11125   88.13192418943474 210.8224407784505
11126   63.99823688868413 161.5487910874124
11127   57.41949474984672 188.2356689654731
11128   58.05297754679506 201.5083499683941
11129   56.6751000476393 201.5050494615513
11130   75.7976648280575 216.0773967109217
11131   35.28054465924507 178.7156494370731
11132   103.7252398694672 222.1733997225421
11133   17.64696474993834 198.2840509173029
11134   66.7076739826251 168.8569343739426
11135   36.31357088962874 175.2340080473706
11136   103.6015083957936 219.6202146083207
11137   89.8134987658796 164.7091452060249
11138   26.18064948504423 203.7864060767861
11139   88.34712610340293 186.1285202048559
11140   38.57700798653921 205.5126822120639
11141   91.48119291758849 160.6858625037577
11142   21.01063149574278 213.1427922757436
11143   108.3769030566577 162.8568745056776
11144   55.54496297135625 220.6972220144617
11145   48.43586999459374 209.4245775986808
11146   93.75723580476415 213.8164784643807
11147   1.801944459382753 193.7944035950856
11148   49.7077792436183 214.1235503320592
11149   96.32615405583326 218.5989920162166
11150   32.69540672231779 194.1369867357778
11151   69.97335547597955 180.1527969153647
11152   24.0877891307 213.8949604541484
11153   5.902364312989591 202.6972484612888
11154   4.040675412834524 192.3431913829592
11155   90.632635096884 164.1438504488011
11156   37.38598310094014 207.1759105028291
11157   47.1976677979723 199.4851760451935
11158   70.32325383207382 223.2679205669001
11159   29.55270391012785 207.2994741993393
11160   4.75215642317073 191.8419185276178
11161   18.71991742980314 205.0935174882682
11162   70.04814496787586 181.0678194801836
11163   51.49547623524505 216.8632859028974
11164   18.02805594447714 202.8140833473568
11165   76.30501512144116 223.7234541966543
11166   49.55123494521703 179.1259773975664
11167   50.48023406104627 168.8385964271007
11168   79.3362646750674 176.0425232776996
11169   39.17191874828981 217.9738970662244
11170   1.902038865308351 161.6659774554648
11171   37.15366365673037 202.1682924197137
11172   48.51533761580176 206.0143077576066
11173   29.81015999919155 189.6993385123125
11174   89.24277520390444 211.0895481282802
11175   75.33578091932276 197.0734136570655
11176   74.54388932652428 197.5246098473362
11177   52.16078338399456 205.0734974172272
11178   25.87346850047674 202.7279829654921
11179   5.465738709894516 191.3558154371634
11180   3.338799976345687 193.6641510216308
11181   58.82057030242234 188.1564668289054
11182   16.98585552830939 198.7226414232588
11183   34.01350487860653 179.1959962226433
11184   32.3701760603092 173.3052413107253
11185   62.48841789834561 199.1948933923024
11186   66.35351174687493 172.0322170697689
11187   15.83452867070866 176.5728980291342
11188   6.196673574556401 190.8223686224738
11189   98.98972638672527 191.032678652164
11190   34.84560410787223 175.3220844425617
11191   3.802261260467878 209.381664297551
11192   2.557736772552238 203.3265119245318
11193   90.64644035016389 191.8926215768436
11194   30.12505817614868 206.9382634056659
11195   78.69735823632799 223.4259066427261
11196   49.08749769910146 213.1591444643047
11197   6.887880914638508 190.3234200376207
11198   7.613341272878834 188.9209514347903
11199   6.88338050663596 189.4629771009527
11200   76.09017430191972 197.4445343089196
11201   91.86414432980708 214.4830995952333
11202   -8.543072365025317 173.8766712256913
11203   29.50311537640791 215.8663892163905
11204   64.52453634869254 197.1663246766484
11205   103.5531018108026 211.7640715852181
11206   81.12363395428821 208.6877093534186
11207   45.52357404989579 201.2839372190545
11208   89.7899496951807 162.6506638226125
11209   63.32346848471592 201.8533542523122
11210   51.36035585476813 216.2854765543308
11211   -5.076971449745159 161.5821732357683
11212   51.31253127685344 168.273030434347
11213   58.84969989846269 187.226615160068
11214   24.91072653096447 203.1962711098269
11215   0.6179164786937424 186.452452344257
11216   59.56128933973685 186.7604554277087
11217   8.361897042588236 188.3685598667612
11218   108.375678144412 163.8364560027686
11219   34.68067346071559 174.3871098943602
11220   18.97545055539079 198.1562266837427
11221   39.14971649572633 203.6638706354307
11222   18.34243944123324 198.5954209166342
11223   33.71322628549363 177.9302499600578
11224   9.096445926065392 187.8660715727427
11225   104.4493304882096 219.2530991957408
11226   1.146838349367179 192.5693084851105
11227   29.55989584082779 201.1868841801937
11228   38.90056301149295 161.6643690289664
11229   96.92692811891945 221.3117373530932
11230   63.03984621706736 197.99914304857
11231   48.40285112811205 181.0438880253913
11232   19.70779104734472 205.4011267220533
11233   0.2813531243473633 202.652348266174
11234   22.7859086033111 170.1453835551036
11235   99.79048209738386 190.5465978293851
11236   9.833390966614523 187.3599190900459
11237   48.5954438033007 176.9270117970571
11238   91.86756710449858 213.6920088087388
11239   39.75800299000566 203.3034608710317
11240   76.76350286696646 198.5839168516074
11241   96.33419476983798 217.8669298638938
11242   77.59258387315903 198.2048921279231
11243   108.7553964314799 197.1778544814241
11244   79.66003640669707 204.9933211083051
11245   12.58112302830229 210.9413945910692
11246   86.81543816931924 198.2981043431873
11247   19.98509503718279 204.2960067033256
11248   38.62491858216579 201.9697314530013
11249   67.90179516984827 172.0640538496328
11250   78.33823990269836 198.5857074172247
11251   65.38847613392724 198.3014129987853
11252   66.51300297701873 222.5512472833227
11253   79.44781715267317 203.8775850088918
11254   -3.547614926127733 179.0136421265143
11255   56.2188326923614 163.3468776872096
11256   29.55015215814942 199.4093092635161
11257   85.30681268881644 190.5430645288885
11258   15.0503983854004 177.9761634950544
11259   76.39727824229465 215.6843708338075
11260   8.54431242449392 176.0638284399598
11261   11.27698672932138 187.2994630757242
11262   61.02173806404906 186.6582822331808
11263   20.60476054824156 203.8781745558718
11264   -9.25968602117511 171.4008055391638
11265   67.50470404934704 198.6735605709155
11266   62.63156223541649 200.7124762069276
11267   35.51542349504571 214.2283547023917
11268   71.38724255238886 160.7081211346556
11269   65.76145171043821 199.3954535873387
11270   16.89484170452259 161.6088244247632
11271   69.52480614956787 160.6616796620441
11272   51.54565223783264 205.4696543681181
11273   30.65255542404092 206.5646004370103
11274   -8.523580980781777 193.4863233575756
11275   0.5445625256232671 185.540377316819
11276   40.82172648380904 203.4661256446281
11277   39.22048572272858 201.7052503163468
11278   94.46922926149423 213.3551817960765
11279   -8.336118873697744 203.5970800675172
11280   19.63470506948704 197.7330273556108
11281   47.59507696027371 175.6123496371593
11282   104.353789765808 212.1857394968528
11283   25.70480477968643 214.9045500416391
11284   63.31547560450219 192.2257220447158
11285   69.81890480867611 201.4301986282312
11286   10.86850265364966 173.5836349617284
11287   63.71908128403537 197.561521233158
11288   23.6813773419173 181.414502507379
11289   41.70325749373031 217.8500427694335
11290   32.3545956093072 178.2541489983285
11291   49.13692346563426 180.5519906290777
11292   78.26531501811523 204.2015237524434
11293   -2.914311707255942 208.1270476649943
11294   63.32557755609245 222.5524311434008
11295   0.3045570330522572 192.2001902857299
11296   68.36910896466262 200.5409089518359
11297   1.430518342695573 202.7667661219903
11298   108.4016258058993 164.8410235791622
11299   17.25880464058758 202.5565369676603
11300   68.55590910627386 201.6447131574422
11301   22.67373289156348 205.5374233565628
11302   30.60108566546869 205.8449533693716
11303   86.26425736366127 219.2424291367752
11304   86.09971338634267 190.0819199642054
11305   56.46914313129103 182.8372042128975
11306   90.97311553061334 212.0253625890798
11307   42.10123185884831 203.4277661690863
11308   28.78926477902723 188.6183869436782
11309   15.60122215892045 211.6422798718621
11310   39.37247189266492 200.6054598324099
11311   33.77883017228522 173.113582907317
11312   14.25614128597751 177.6323331047485
11313   -8.502135200060732 161.9136704389929
11314   43.50000000011034 160.6465826616761
11315   49.04399612528377 212.4908843061816
11316   54.81967100787107 163.316517925655
11317   85.17780624381503 194.0445657860164
11318   21.32993411413365 204.1941105594081
11319   75.80466500683178 161.6593051339904
11320   96.3066177604713 217.0837393465334
11321   96.23966793560453 216.2460028151771
11322   62.55602837177608 199.9493651398496
11323   46.25540548263501 200.2083194636236
11324   31.58438522718894 178.011625127908
11325   17.67998232563071 209.6715042013237
11326   11.64921891085137 172.905739738432
11327   97.01433860595348 219.0750462932775
11328   63.81203891982074 191.7682477410583
11329   0.2491273186752536 203.5051245129926
11330   4.983173484432211 209.7522266448031
11331   104.9570706687815 222.1550198218767
11332   52.05037390882119 215.6150456247544
11333   43.7793252884012 202.9911377123263
11334   18.90035970694589 176.3592644739247
11335   95.5193018180818 215.8621681767989
11336   104.9431868696518 220.5815236503587
11337   2.815627892827626 208.7578662593128
11338   13.51959668612846 178.1062648371458
11339   86.75504188275164 222.1115548101922
11340   31.2659091313187 172.6281128929273
11341   45.72597774144461 203.2485667014178
11342   72.97824651340301 192.8095013451675
11343   20.97098105896907 197.5905539711879
11344   64.05275561547714 180.8791422714858
11345   49.18398986666413 206.3674525052267
11346   57.048676865681 168.5759156468116
11347   81.80297730846706 177.3082245125163
11348   65.24648149821864 222.6143711166706
11349   74.6492321773392 162.5516666763587
11350   65.41061641154306 170.7521621871162
11351   33.92553234552354 174.027458913577
11352   76.99241338150989 215.3145548471996
11353   40.45877101321371 200.9032447752444
11354   39.12209634140632 205.2714011246642
11355   57.19372323484782 182.3763654093173
11356   108.3678627650052 213.081973345237
11357   -2.807535587157689 161.7602924937075
11358   9.26217745084473 195.7516856339824
11359   52.77285234940559 205.3550073410314
11360   88.09917247282017 194.5134664437194
11361   22.03351256319775 205.1994586546583
11362   108.4221166307584 165.8426318715884
11363   72.03622447489461 173.2084754568947
11364   88.06604413552796 212.4805214727603
11365   49.7370982412673 180.3032228208406
11366   12.70222327955633 177.803814415346
11367   40.15428179757617 193.9876947381825
11368   78.13454222248552 201.5254940550975
11369   24.4032052589821 202.8708020093619
11370   31.24548595931494 176.7466700413102
11371   85.5461362020475 223.107689834619
11372   105.0569319301384 212.5591354153254
11373   23.80236948764481 203.2783379794828
11374   -2.177723845534843 183.704148527816
11375   100.7095286229583 205.384025824978
11376   94.13315394559612 215.0339170118982
11377   94.31828701203116 216.1042577799032
11378   40.90445356292604 200.454552269068
11379   41.11376398637213 195.2902927749269
11380   21.65060456577111 197.1480145954443
11381   64.1142380737727 222.0107502920312
11382   87.60744144326273 193.2992260378393
11383   40.46185842784515 195.0965519697396
11384   27.54469040646132 187.2828571840258
11385   27.52013054243172 215.4555511581201
11386   -0.1610452533859475 187.1331342737467
11387   39.10279452857219 204.5024206295699
11388   73.39104602775083 222.8289177479198
11389   10.89873836829173 174.4987715705441
11390   49.4684628387643 202.5649243554714
11391   77.59494121117746 214.9261934922795
11392   52.14226517608684 167.9079112430504
11393   31.18460044831009 189.7302137993403
11394   106.745033416396 220.5746210633071
11395   9.37263841913097 175.5799882337082
11396   20.39611913893894 175.4087752394904
11397   10.13794921101118 175.0484500829495
11398   -0.5878102593662724 191.8478384939419
11399   29.93498508343756 204.8069960925936
11400   12.02159424906469 179.184901122048
11401   98.56780576479196 220.8049632309166
11402   60.68271693230658 212.0161068540929
11403   78.205024852636 214.5509709324468
11404   19.62895130350532 175.9059747645689
11405   8.813883618593469 210.6322848305828
11406   23.23944116997407 205.1039311299289
11407   67.08534855850571 171.6179922113827
11408   17.57470956379115 212.21360400807
11409   32.41851385228176 215.3538724361662
11410   -2.254174972981144 182.7497822174191
11411   93.74855744024157 209.2126704768282
11412   0.08659389638620314 208.2077150561878
11413   57.92699231788671 181.9018448537944
11414   47.83243794223863 204.9161841900468
11415   27.47339775028535 188.5332318433522
11416   67.95623792772855 172.9331114659433
11417   86.88874353837406 197.5728243054443
11418   86.97711151291313 192.842801552906
11419   64.01606359052204 187.36993919417
11420   -9.287405393572127 208.5588751950582
11421   93.5838664650091 220.7734467274549
11422   79.8621977307863 163.3095121703838
11423   67.76514315912223 200.322130921269
11424   104.8824276134322 196.7242288246109
11425   30.0129719094003 177.2346595827944
11426   89.66080269881114 192.8889297310124
11427   46.38990901381806 203.5720798448924
11428   39.06150462615061 194.4283962582977
11429   32.03190852907841 161.4490553350576
11430   86.15054479826325 194.8274309383249
11431   38.50401939268026 194.0479372835603
11432   9.219427517572267 194.931434815597
11433   18.20607055715141 193.8594303154414
11434   85.46688210951231 219.7271364513733
11435   98.32618681885786 162.4527252617982
11436   7.753489922952304 175.733911587378
11437   68.79585104583512 173.3593973899627
11438   108.4391782459541 166.8370003578231
11439   -2.317630158809341 181.7804166549909
11440   5.813181785519002 201.8603223576424
11441   109.2729962068128 222.1004896885257
11442   32.60724821101496 194.9568694631494
11443   85.27056287535791 195.7747115763966
11444   49.56843376731666 219.5578562972182
11445   78.15040286783935 203.3343523557015
11446   24.73767886363263 214.2860915919601
11447   10.78292103104498 210.3863061263565
11448   105.6555956223709 196.3653399080964
11449   105.8264647577371 211.193205251737
11450   102.8975820897539 195.9240104398154
11451   88.07076163887895 211.6755762707676
11452   67.67116199260784 199.5219927967219
11453   -7.51818914991415 192.556281388806
11454   47.17213130484622 204.5863537443491
11455   64.56164701607838 170.3142996032651
11456   11.99369463550867 185.8878355898441
11457   29.54956544637764 200.4712292055232
11458   69.58011848553426 173.7479469342355
11459   42.14099562696573 194.8363337082843
11460   61.23080449924831 214.9612017198384
11461   15.97634608356227 202.6078664516435
11462   33.43491433558528 190.7991197217702
11463   75.365825436781 223.0662556182151
11464   56.41469732978896 220.27840747058
11465   45.17905746479624 161.5482797356888
11466   64.18539067810282 179.5496430480547
11467   34.18450806725372 191.1394380214097
11468   8.266166420450634 209.8546554593877
11469   11.99298527520388 186.771985004752
11470   62.95110059519193 170.3496485206911
11471   36.42003284762595 192.2036698635569
11472   40.99854182087398 199.3635274621242
11473   53.370688259665 204.9474541053978
11474   -8.445441147018729 170.1104319683532
11475   12.62530983185463 185.3082348618703
11476   -7.332379298218466 173.2805096354579
11477   -2.410418696380989 180.8377143201345
11478   61.29540503600374 211.5719811966261
11479   45.12730715418705 203.5979263831437
11480   49.03041801871645 211.7992481880084
11481   -1.373589856694887 192.2358332096576
11482   51.27924458712703 214.9700418809311
11483   15.27226658210186 202.2976218614355
11484   44.45789633442978 203.2809034565364
11485   65.52624421073966 171.6030877846042
11486   33.45122351525958 213.2307254181049
11487   31.92791132348756 190.0737555726338
11488   61.85850388481368 211.1772096548821
11489   59.83524194625598 163.2731429457396
11490   11.37979481350738 180.5528116533553
11491   28.43929072169726 177.3340768481597
11492   6.977045782260761 176.276615823722
11493   -7.469515368540166 194.2870034554238
11494   88.23110318691472 191.4446267117812
11495   -1.740280566804842 163.3226576337021
11496   37.86279542086157 192.9242234039612
11497   42.54213371480862 203.0540207766503
11498   55.76840342481111 166.4160551454464
11499   1.896290691706177 202.3797726724466
11500   18.84177136882555 169.1041874498839
11501   29.80564617632569 189.0197454437732
11502   -9.420095579258485 202.8683799999903
11503   37.10771498988535 216.9285807750984
11504   -2.44603456074414 179.8546660143678
11505   35.68363746732757 191.8568994255053
11506   27.16033912124829 214.6113106341624
11507   3.488281979706175 203.7842979137677
11508   9.184372089029871 194.1520565723898
11509   101.0868554601132 190.4507183938295
11510   95.01007976267688 211.2992860848946
11511   49.52589475331948 194.1817865482902
11512   70.3665786376481 173.3280210374427
11513   17.64357167658208 209.0269935801622
11514   -1.87257529756896 207.530780551213
11515   11.03684345559908 183.7012445590506
11516   37.05452034030228 193.3104862518244
11517   76.96719236807571 222.8425506454259
11518   10.6834478719776 181.0931051208662
11519   25.76563804773524 179.068172704412
11520   71.22894251073465 173.6849655259029
11521   107.499999999995 160.5967618944072
11522   43.21011300890027 203.3254271052515
11523   49.65223229507934 193.0612720187183
11524   40.23208923088684 198.2929199249692
11525   59.4502487156407 222.3246152037947
11526   34.98273643161613 192.2304129318035
11527   108.4655872914634 167.8380267847213
11528   54.66778093616345 203.9797457320477
11529   -0.9173216918666613 187.6599575798606
11530   65.43119725189779 187.3772475421858
11531   47.12126359418799 218.5056909324302
11532   90.23883604576318 190.5172610053394
11533   -9.294413252345905 160.7087476462316
11534   64.90997592387023 179.1987565820419
11535   101.892678235559 190.7980531238823
11536   5.651905987230219 200.292026607506
11537   10.91599949304285 182.796532903398
11538   40.71401520118772 216.9832545869978
11539   86.73601438800426 219.0454315528781
11540   109.2915669961635 160.7083269843891
11541   85.51283564848788 160.6080216175875
11542   51.07262953071604 192.9400719555925
11543   86.80367779015357 218.1037541729144
11544   5.750662384240937 201.0827367848671
11545   26.86810175505745 177.4500276501299
11546   61.85679968320275 210.5231612605715
11547   76.83950703663886 222.1282590370097
11548   66.13644256260072 186.9158638018433
11549   80.45072955495402 223.5921657661141
11550   102.1030681467726 194.6036171506308
11551   6.203772118613498 176.8090111595154
11552   2.604383882742007 202.7087826927218
11553   -0.002890742413910241 163.1782842984348
11554   13.22644913120601 211.1890387398612
11555   25.74180455196996 178.2606970831618
11556   -1.662481670932619 188.2336241405525
11557   46.95331458017941 161.4449844095864
11558   23.03426904798517 197.0341981840638
11559   -7.073472927493044 175.6646719425714
11560   30.52971242348164 190.0766412703205
11561   88.9739998154066 161.453776639384
11562   89.76124976681388 161.6451332230929
11563   78.09905620739177 202.5669429900462
11564   108.019322656524 200.4993460364626
11565   87.35120194492447 217.8602993745644
11566   32.77264976238371 191.1605478617871
11567   41.35460646637237 216.3251966494327
11568   107.9425508429513 199.2182138061256
11569   26.01465015495306 161.4452726464654
11570   63.08048951786785 209.6885329853498
11571   109.3051921249713 198.6410714434706
11572   4.504752261201668 202.9329447926526
11573   62.4509106052428 210.1099241203051
11574   28.41521424734938 189.0535792156286
11575   22.4640784072167 169.5124692201043
11576   107.5573879381895 210.2096087186133
11577   83.5558382420916 210.0848053776451
11578   102.0236573599554 191.8986253424457
11579   100.0289919459262 161.4215221590211
11580   69.38620586746714 222.6969940471692
11581   -4.850975173315828 207.3107733456937
11582   9.785259873091892 192.8347753417229
11583   49.47781980490214 209.2749297786407
11584   12.51975600626233 172.3038581783121
11585   106.6643314890848 210.6897690451458
11586   39.2181896469268 197.8376225113265
11587   18.73767916568813 192.4895994468112
11588   49.01851571938232 211.0828927925093
11589   64.11212511387073 190.507324934321
11590   10.02798144055121 181.6435226105234
11591   40.64036674729133 215.6252784660174
11592   102.0509567590775 192.8538938523079
11593   18.1457767183005 207.8783966991808
11594   78.7890946739356 214.0676176406429
11595   -8.49618105993472 191.4360756944566
11596   94.45686920630172 208.7898341877316
11597   24.45996526878029 196.9267948090972
11598   57.45577685688234 166.3249719107176
11599   51.93464474708071 214.2424423864506
11600   105.8599987821985 193.0363128190467
11601   61.23768367676979 222.5513024577664
11602   5.451949424490757 177.3533585897779
11603   102.8503941821276 195.092869989983
11604   3.882414737627329 203.3623181959687
11605   108.498344905729 168.8413056404929
11606   45.86386494051858 217.8820827871483
11607   21.66896221564591 213.9948504931396
11608   -8.326887916577764 183.1288529520994
11609   0.4738117929563126 207.7948319577508
11610   -7.781315980878537 199.9194741897694
11611   86.22246937224415 196.4441447638696
11612   91.05988681141073 211.4204230197563
11613   63.40707605541437 190.1136636651117
11614   93.618515510695 214.9406453161697
11615   102.6756333843313 221.5014831882418
11616   86.87390446720238 196.8324763270491
11617   40.59271126318238 214.9676085328474
11618   87.89353378669068 198.8477223176022
11619   5.219088154272479 203.1812377952404
11620   41.18864589351928 203.0941330814535
11621   102.0634101871808 193.7301691498905
11622   48.97874328965419 210.3915737721958
11623   20.00161267765458 161.4291537075282
11624   60.71924709194832 161.5863333207969
11625   87.17380526735852 161.5489835133065
11626   38.65408737898498 196.8164302455721
11627   67.0371190309636 179.7483560301239
11628   60.71628985921913 171.0281018820519
11629   103.6321983598408 196.3846058013639
11630   6.70193552863768 161.5937119080311
11631   76.80698657519878 221.5104466906707
11632   33.56323620056779 162.3529204671413
11633   52.29258956249719 164.1521616647262
11634   60.3566098272177 168.4511819491595
11635   37.59074484258618 201.7768240916487
11636   96.10736074890202 211.6689378342219
11637   29.93138007511228 173.1683115350175
11638   90.374734315311 211.046626857075
11639   36.69957831111405 195.8440482040998
11640   4.738027891484133 177.8771938747348
11641   83.91215436814986 179.4384280455535
11642   81.76061050268831 223.5097683015246
11643   97.63061009356113 220.2040459164795
11644   38.09204720963324 196.4199804506495
11645   14.11782341742875 202.4632280095344
11646   -7.846628913076941 161.5157768479226
11647   47.96924399711475 200.5529520546586
11648   32.95218412187356 214.6721206955798
11649   88.37191067028692 217.9311111610768
11650   108.4490674919955 210.6250790882699
11651   53.93449761371966 204.5911401783156
11652   18.49271462603992 160.5945396072262
11653   88.41875842079953 198.3979135197513
11654   51.17298294985494 213.6451532993436
11655   21.74333190393072 170.8466350187499
11656   27.52322130091174 187.904052587387
11657   34.49756355289965 194.716343534527
11658   89.68263400833625 210.6593408135015
11659   18.1118052172672 207.1809316212738
11660   66.4922212677276 199.0612015824463
11661   47.46093717906753 202.3384921129007
11662   66.10984843141415 186.0608816667919
11663   88.61175841437814 181.6032424885857
11664   63.09324482030878 194.0935750222098
11665   89.78753279944054 193.5685618864301
11666   29.55972229389808 176.8137430189507
11667   44.58608619480193 192.0590812228253
11668   5.878350857650332 209.3267101904925
11669   62.04402394535005 168.3418373681494
11670   61.77375291558084 214.6199032177919
11671   61.25358267369921 190.6551346910026
11672   89.10922595000204 194.0366599631055
11673   86.01893542775528 193.3466777384636
11674   37.14945959173034 196.8839019209328
11675   108.5377831636795 169.8497457225652
11676   27.97943917311824 176.9161028298958
11677   12.52524207490968 208.9515193039988
11678   27.80358088978372 171.9190709773453
11679   35.70257197808539 195.4075239121989
11680   53.68720669506299 164.0867419748549
11681   77.81821458744443 162.4330261072522
11682   48.20920099350799 206.5700293860567
11683   89.74554234311876 221.6225619047563
11684   16.63930470504162 171.5352749086102
11685   63.68632341439917 214.0110836795691
11686   47.08979284272385 192.8966154082828
11687   107.7940899030483 221.310437012556
11688   55.25087664996232 192.6615204523515
11689   54.71075130972907 193.1050244816719
11690   81.26866105986782 163.2930774089108
11691   26.41521221979226 177.0273346076022
11692   3.989291752891068 179.3688634352773
11693   48.88867955671233 178.9375296906912
11694   64.82898373807765 198.1974936004173
11695   28.4779068812584 173.1386107526867
11696   45.61027725816426 200.3235325880573
11697   62.77906220100111 167.8758315729936
11698   -8.437568802696982 169.2202078263268
11699   54.05394986383179 193.5459227906956
11700   95.17047914496538 208.3613277967586
11701   101.5076236406579 221.5293614203638
11702   67.47685622039972 222.4552680925236
11703   12.72284883971663 161.5710883794864
11704   15.82552452683225 172.0516831606953
11705   33.85512299154949 194.4008166627817
11706   35.31367002236747 195.8121775029649
11707   64.42415013997616 167.7775983710841
11708   18.14050164522648 192.2584659588603
11709   -8.385619009846083 197.1713163355696
11710   75.6066925995815 220.0405215993451
11711   20.04142399188894 168.2415571345453
11712   68.58398047274183 179.6507525724445
11713   105.7520881224189 195.1467661037425
11714   68.14866491353942 162.5137929996959
11715   18.120504442764 169.3703293498593
11716   -7.144423506097447 208.0377776272792
11717   96.72800738910652 211.2019826475063
11718   1.400247791638805 181.0122160802917
11719   15.13344791785702 172.5103166414079
11720   64.35751442093031 209.4656701915997
11721   27.61968705455586 162.3465587868775
11722   17.90814570142991 170.6547136842829
11723   -9.417992362146506 182.2125600880099
11724   105.602916356669 220.7543884678551
11725   62.93754513792218 214.509573546972
11726   78.67225100324109 201.3179392112533
11727   51.77667459783664 212.8231044900378
11728   83.85070796303178 178.5940280443425
11729   27.02570095348077 171.536279781998
11730   8.78214831452693 160.703126998464
11731   12.99945147876745 207.8679854036967
11732   50.84445820427783 162.4911569815511
11733   64.99002982328639 208.385906747775
11734   42.05076880993261 194.2534755845943
11735   25.97816708477178 169.2512268139415
11736   75.49496506863836 219.4532211374728
11737   -3.505674857408392 160.5806277730192
11738   57.48519109186871 192.9276317037418
11739   -1.109652357509054 199.5057407199229
11740   18.07658306549436 191.5470460856926
11741   43.39831512003146 213.6268298266006
11742   -7.04174654070942 174.466945771618
11743   108.5590203356915 170.8495659703048
11744   47.04166478896641 192.0785846655648
11745   55.78669323430378 202.3957904934954
11746   48.80540657539613 178.0646840260378
11747   28.84585387582549 204.4102470211104
11748   64.2121727798135 208.9687288436853
11749   -6.898230765796988 200.7132599685069
11750   105.7314769096434 194.2797193329874
11751   18.63704341906465 206.0849583916881
11752   24.73784037451885 168.7983510083134
11753   108.4766157864053 172.7546769622978
11754   58.82655997249248 192.0265117429072
11755   109.4666029920815 173.4637857143351
11756   23.15442674393525 168.9579598758635
11757   58.15822453345876 192.4820639598335
11758   53.89410464617656 166.472758728367
11759   71.32848441089357 222.8567687611574
11760   63.06871467366977 193.3298204820001
11761   2.868743910577177 209.2865719191083
11762   100.5426189522465 188.0807202895406
11763   51.53488535312833 202.8249049887557
11764   -8.635650197436963 190.5603284454598
11765   59.52083123893684 191.5672730056139
11766   3.24134893335959 179.9215959305438
11767   54.5726445654315 203.4300683348324
11768   9.283580870822664 181.4330326985034
11769   57.02609722464146 220.4533670576765
11770   108.5946967674782 194.9287961973455
11771   52.23596386630526 218.7559971857613
11772   87.77746737917742 221.9932801711448
11773   49.99523112388265 201.5213720651236
11774   60.2157935514921 191.1438811580047
11775   0.6637505741933721 180.5945949516855
11776   88.94587033397698 197.9743629829267
11777   96.59511992223517 207.4671864994792
11778   11.33033040810073 209.9673093933334
11779   29.27726022530156 172.7751154249369
11780   62.61699647933153 190.5418119989297
11781   68.2165150328855 169.2592803699339
11782   94.64057979269421 221.0654134656233
11783   40.4976645763228 199.2511145993687
11784   -8.628822089441522 198.4646235400494
11785   58.34544127009411 171.6165822615174
11786   101.5483688171667 205.784141414098
11787   42.68379669712214 193.813315554718
11788   28.86340576550172 185.3848981147489
11789   48.91763825622802 209.7285902887229
11790   56.33562670402486 193.0281197144671
11791   95.88789108888926 207.8998167792284
11792   54.34868539124354 168.3264003647762
11793   41.25933001088837 162.3931845398288
11794   26.76629657856844 186.220137417327
11795   8.528051212440808 181.0787146807467
11796   108.6255535678503 176.9476994319475
11797   59.74660026024537 211.6273954742097
11798   40.07089746600131 218.080173576721
11799   84.9955680710776 223.3520772296302
11800   46.97387149805456 191.3372179702434
11801   2.543613678647191 180.4060000482274
11802   47.28342006166781 173.363297406741
11803   44.16915704618764 218.2902241125541
11804   36.55418079179751 201.9534197039998
11805   14.11265437932113 161.4715949052616
11806   35.65572950443435 201.5174959040285
11807   30.04269420756349 215.4543074282032
11808   44.6169666628336 190.601211529092
11809   52.83907750927402 193.6257937810333
11810   109.4265255714349 197.3386889235292
11811   89.93120633319262 181.8354177356683
11812   77.38614984285358 223.2852369785144
11813   72.07472588889098 171.8880948263688
11814   56.93761441846585 193.3058509434224
11815   72.77302633349305 160.6944946435423
11816   108.5580464505165 171.8593461481121
11817   97.41184568358875 210.7036396286666
11818   48.74060396771834 171.5048346787365
11819   76.19713218267248 218.9541413850494
11820   53.14593473155891 170.7463197458131
11821   55.11519225388437 203.0507214516773
11822   17.88528586374878 200.9856586666062
11823   51.99456822187903 193.259985075236
11824   13.84030152312503 211.3997010293802
11825   108.6379167769761 195.9008133264242
11826   57.18168582879735 170.9561788754561
11827   52.68023135674395 168.4310364681929
11828   83.86141087911997 223.4144125105902
11829   53.92275426113665 171.1178962317827
11830   51.79050908294207 212.1641970505236
11831   50.73937342396923 193.3454821866592
11832   11.83206626309076 209.5859908019551
11833   47.99649765915937 172.8593714760414
11834   91.26566097639888 221.2692354660657
11835   43.19127412646854 191.9877759211793
11836   -7.819207881718121 176.1702165139191
11837   35.62892071399445 214.8576915259868
11838   64.36684567901608 191.5941382586875
11839   24.07990677099583 169.2922308734706
11840   17.83881852295932 213.0115219422204
11841   3.984586041742718 161.3895971790748
11842   90.13327063398737 180.5804253285901
11843   43.28697592690387 193.4102324049464
11844   47.98597745317473 176.8151428676576
11845   28.84207469724527 184.6302896214893
11846   66.00744608415029 179.4423693837857
11847   -7.664147155549993 196.6694651187018
11848   44.61080970854727 189.8246710543098
11849   100.4330889825885 185.1823051973357
11850   -1.151783679416665 198.6942879401981
11851   -4.07846832032373 207.4792354105155
11852   44.43681529912713 219.0890330401949
11853   100.3994276051275 190.2126438073451
11854   17.24639416569365 200.6765007227443
11855   61.66360582457747 191.0237353082992
11856   80.10600926307563 208.2865963355474
11857   89.22120092068789 190.973300943175
11858   9.22056281151935 209.5468984898203
11859   49.85696066140861 170.90561748159
11860   18.04237980876052 212.0692723525898
11861   56.40639268961615 170.5734303557501
11862   51.74621389045311 211.4727704116317
11863   31.64001655386988 173.084190534533
11864   41.14341261504701 214.5431378975017
11865   51.49130227292292 170.8356176061642
11866   53.47564191368697 193.9148145881829
11867   -2.678526035928579 179.1553865925307
11868   90.9250177156824 179.1498062448634
11869   102.2700747025787 205.354664544402
11870   12.36161479674652 208.5302102718298
11871   35.1433631027192 201.3295235903089
11872   52.19746995193888 210.4065067339443
11873   79.29473719889113 223.5970603218404
11874   86.25454373301412 221.0874300047245
11875   41.13117699280613 212.7735033104056
11876   108.6173899826372 198.9290461893856
11877   72.44234107328147 222.8185450656403
11878   71.12930163556184 170.5079976749916
4986  11684  7732  
8907  11842  4648  
4704  7105  5373  
3430  7193  6721  
7070  11817  9777  
3155  6944  3156  
6583  11046  8736  
6316  11090  8153  
470  7374  7373  
7732  11722  4986  
4648  8914  8907  
9064  10627  4371  
7216  7377  511  
8877  11090  6316  
4650  10511  8050  
6690  11342  10126  
4050  11026  8742  
6805  8050  5974  
557  6907  6905  
87  8028  526  
5629  8337  8336  
6946  9049  6221  
10126  11342  5161  
4740  11008  7676  
7065  10373  3851  
380  6986  381  
3157  9049  6946  
6855  7096  3269  
5756  8065  6880  
5300  9065  8908  
1925  9442  8059  
6807  11859  1838  
9595  11254  6655  
570  10459  6797  
8852  10818  7799  
6797  11029  570  
8908  11868  5300  
6880  8065  1327  
6721  9131  3430  
2054  7737  7338  
5373  7105  6874  
4896  10038  9718  
5119  8390  6155  
6944  9710  3156  
1838  6959  6807  
5496  10038  4896  
8309  11524  5956  
8059  9442  8058  
7737  9472  7338  
7179  10246  7144  
5237  11577  6715  
7070  9777  5679  
9355  11102  10050  
89  11446  7609  
5889  7951  5886  
5836  7158  7157  
8594  9081  1631  
7362  11059  8900  
6715  7727  5237  
7370  11281  6687  
5956  11586  8309  
6943  7900  6674  
8896  10538  8653  
6465  10038  5496  
5530  7158  5836  
2064  7900  6943  
7096  8701  3269  
7524  9219  4765  
6995  8542  4694  
441  6986  380  
5786  9877  5410  
4765  9595  7524  
1066  10096  8255  
6465  10134  10038  
2005  7768  7617  
2005  7617  7616  
7462  9031  6311  
6874  7164  5373  
6829  9064  1848  
4508  6972  6971  
8591  9081  8594  
6384  11046  6583  
4033  7004  6993  
6519  11170  10628  
7135  7573  4845  
6990  8274  6128  
10628  11170  8927  
8910  11842  8907  
6585  11564  8073  
1100  8995  6791  
6791  11627  1100  
4817  8393  6862  
6993  7004  6068  
4355  10345  8393  
4042  8274  6990  
3851  10373  7812  
7002  11859  6807  
8073  8216  6585  
2888  8522  6827  
5034  7648  4822  
6843  7810  3088  
7663  11229  6083  
6484  8873  7072  
5791  7336  5487  
1848  9065  6829  
6841  9730  8082  
6851  7336  1726  
10573  10793  6623  
6737  8298  2009  
8082  9730  2744  
9777  11817  3879  
6874  8952  7164  
5886  7951  5888  
575  7432  6964  
8017  10342  2698  
6789  8542  6995  
8050  10511  5974  
2009  11634  6737  
6813  6944  4227  
6083  7664  7663  
8914  11868  8908  
7290  10885  10596  
4507  6973  4653  
5104  10646  10311  
6090  10793  10573  
4227  6944  3155  
8058  9442  3511  
7769  8166  7768  
7653  7654  3840  
6422  11047  7155  
7373  7408  470  
1427  7100  1425  
5128  9430  8358  
6753  7965  5024  
5024  7964  6753  
8064  11064  3196  
7072  8873  4809  
6949  9837  5892  
9491  9718  7700  
4896  9718  9491  
4845  8745  7135  
6252  10959  7130  
10543  11865  1872  
3511  9706  8058  
6472  11134  7345  
6745  8734  493  
6829  10627  9064  
7768  8166  7617  
6056  7188  7081  
10422  10605  6838  
6040  10531  7019  
8010  9555  8012  
3195  7313  6893  
7325  10812  7602  
424  6931  6895  
566  7006  6814  
5622  9472  7739  
1726  7335  6851  
4703  7105  4704  
3088  7811  6843  
6715  9512  7727  
6893  7313  5445  
6041  11019  10126  
8900  11059  8800  
7155  11047  6717  
6465  10340  10134  
7215  7377  7216  
530  10605  10422  
8739  10750  6926  
6641  9081  8591  
10224  10312  5259  
7865  11278  9106  
7727  9512  3786  
6600  10983  7402  
5217  8958  5232  
8012  9555  1585  
7000  9210  6999  
6039  10505  7068  
10086  11696  7694  
6875  8017  3203  
7247  10752  3126  
6964  11069  575  
7324  10812  7325  
8393  10345  6862  
3171  10503  6857  
7676  11008  6564  
10134  10340  8718  
2114  8807  6799  
2256  9837  6949  
2021  8136  7345  
5974  8051  6805  
89  7609  15  
6756  8138  7226  
8591  9297  6641  
6111  10538  8896  
7836  10551  7835  
10430  10551  7836  
6852  7335  5775  
4594  11631  9761  
742  7003  740  
7226  8138  3196  
483  7952  6945  
6857  10578  3171  
7695  11323  4631  
4631  11323  7712  
6034  8958  5217  
5531  8701  7096  
4594  9761  5415  
2212  9989  2183  
5891  10615  5354  
2455  11123  2452  
642  7339  639  
6975  7025  446  
7339  11745  639  
5679  7071  7070  
7462  11141  9031  
5775  7685  6852  
8112  10253  4694  
8435  10508  1149  
8744  11714  4225  
7246  10752  7247  
6415  11129  7407  
1421  7340  1419  
6881  10617  10592  
6970  7907  5971  
6949  10185  2256  
7311  10543  1872  
8742  11026  8741  
1149  10514  8435  
4109  8281  8280  
6698  11285  7611  
2132  8207  2520  
6480  11261  5925  
7181  7560  5942  
4682  10818  8852  
2212  11819  6992  
4694  10253  6995  
10592  10617  4690  
6900  8948  460  
10142  10595  4225  
7948  10704  7606  
6904  7167  640  
10149  11172  5131  
6875  10342  8017  
6574  11289  10788  
5618  10270  6002  
6992  9989  2212  
6999  9210  2239  
4596  9930  7322  
7393  10341  6227  
3176  7907  6970  
8207  11781  2520  
3840  9070  7653  
8357  11046  8990  
2021  8366  8136  
7259  8776  7257  
3269  7322  6855  
7739  9472  7737  
7573  8152  7574  
6695  10781  7411  
8103  9966  6528  
5205  11281  7370  
6827  8523  2888  
7165  10839  5437  
7370  10362  5205  
10080  11649  2166  
198  7952  483  
549  6951  6919  
4777  9107  9106  
8228  10758  484  
9761  9813  5415  
10558  10580  8439  
640  7167  638  
4022  8353  4085  
2533  7403  2455  
6902  6986  441  
1104  8996  6790  
8438  10558  8439  
2322  7056  2157  
6799  8806  2114  
5415  9813  6872  
1575  9131  7413  
10320  10403  2900  
4777  10073  9107  
3786  9512  6781  
6790  11712  1104  
3156  9710  7180  
7247  10595  10142  
6867  10403  10320  
10341  10552  6227  
6941  9491  7700  
7269  9660  4396  
2533  11762  7403  
7126  9629  3180  
454  7228  7227  
2170  10080  2166  
6773  10845  415  
7413  9131  6721  
7019  10531  5228  
415  11309  6773  
10716  10769  6239  
6239  10769  6927  
501  11191  6871  
7559  10107  5838  
6814  10283  566  
7524  10007  9219  
6781  7866  3786  
2028  7561  1891  
460  11503  6900  
6739  8103  6528  
5923  8521  8519  
8763  10728  10612  
4227  10311  6813  
115  6726  578  
7866  11206  3097  
9654  11293  6217  
6871  10833  501  
6074  8390  5119  
6895  7039  424  
1883  8170  8168  
10612  10728  1952  
7354  10232  6208  
4225  11714  10142  
6598  10607  10588  
7405  10854  8483  
418  7405  6887  
8255  10096  8253  
4998  10607  6598  
7105  7106  6403  
8936  11128  803  
86  8028  87  
7694  11207  10086  
1706  10304  10280  
7084  7798  6097  
6984  6985  4479  
7464  11158  457  
7185  10765  6146  
8136  8366  8134  
4508  7352  6972  
1436  7798  7084  
7164  8952  3161  
9219  10007  4605  
7137  11014  6209  
8306  10931  6588  
1586  7128  6859  
5793  9003  9002  
10280  10304  6645  
454  7401  7228  
8870  9629  7126  
7327  10021  6028  
8152  11043  7574  
2448  11049  2446  
9496  11697  10221  
7133  8745  3954  
10596  10885  3194  
557  7565  6907  
8366  11707  8134  
640  7168  6904  
7170  7336  5791  
3955  10092  4872  
9653  10512  5719  
6918  9660  7269  
483  10559  8216  
9496  10221  8135  
5223  10673  7785  
7536  10923  10567  
2239  9126  6999  
7051  7273  4516  
7257  8776  7260  
10567  10923  5680  
917  7693  7691  
9354  11172  10149  
10384  11319  8526  
5923  8522  8521  
6217  11293  10439  
7967  10712  3161  
5205  10362  9478  
6966  9130  1298  
6858  11150  3192  
4516  7273  3816  
6859  7327  1586  
2856  10805  2462  
3885  7322  2926  
6921  7174  4252  
6574  10788  6575  
5017  10246  7179  
4765  11254  9595  
7390  11421  4203  
2240  9126  2239  
441  6997  6902  
2954  7003  742  
7068  10505  913  
436  11014  7137  
7130  10959  864  
5985  9130  6966  
9106  11278  4777  
6959  11865  10543  
8546  10465  4731  
7050  7052  433  
3196  11064  7226  
4252  7174  4249  
10465  10609  4731  
7963  10861  7962  
7106  10746  6403  
6862  10126  4817  
7245  8752  7243  
6972  10889  9118  
9039  10876  7845  
7606  11100  7948  
477  10219  6951  
8216  10559  6585  
526  8028  8027  
7345  11134  2021  
2954  7026  6912  
7789  10998  6336  
6882  7100  1732  
7076  7077  3297  
7058  7175  518  
6877  8275  7962  
6064  8901  6888  
7419  9631  535  
6505  10953  10936  
10281  11419  3572  
10126  11019  6690  
7466  11158  7464  
6912  7003  2954  
7406  10854  7405  
5247  10829  6578  
7560  7655  5942  
6002  10270  8079  
539  11065  6931  
7372  7373  5112  
8385  9461  6155  
1732  7100  1427  
10936  10953  6711  
6888  8901  1881  
7592  9355  4602  
6877  11845  8275  
5755  8065  5756  
6064  11829  8901  
5745  8523  8047  
7097  7427  507  
10089  10209  3152  
2450  7431  2448  
5679  7433  7071  
7844  9039  7845  
3203  8018  6875  
4203  10593  7390  
4503  7352  4505  
7592  11102  9355  
6878  10209  10089  
7545  9877  5786  
7162  11468  10992  
6914  10367  10206  
10992  11468  478  
638  7167  641  
4605  10007  7143  
7310  7660  6834  
8161  9289  7697  
7402  10635  6600  
7156  8808  4409  
7280  8929  7279  
10311  10646  6813  
7611  11285  1989  
10206  10367  4463  
3475  10569  8439  
899  7484  904  
7125  8870  7126  
7120  10995  5116  
10808  11228  8388  
8888  8889  6520  
5334  8870  7125  
5487  7336  6851  
2450  11849  7431  
1881  9026  6888  
6994  11072  6507  
8177  8805  4006  
6887  10546  418  
6507  11072  11054  
8439  10580  3475  
3177  8161  7697  
7081  9921  6056  
6942  10920  3700  
6255  8994  8993  
7143  10246  4605  
7170  9511  7336  
9210  10509  2170  
7572  8152  7573  
8086  10652  2916  
3700  10896  6942  
5629  10732  8337  
2983  8282  3077  
437  9951  8956  
7403  11123  2455  
3557  9695  6910  
3540  10842  8761  
5334  10393  5333  
6649  10311  7702  
1842  8152  7572  
4872  10092  7073  
4908  11099  7926  
24  10154  108  
7102  10332  5246  
7835  10551  3241  
11006  11038  8536  
10898  10935  3567  
6351  11038  11006  
8761  10926  3540  
6889  9930  4596  
7163  7641  5183  
6533  10839  7165  
7185  7187  1715  
7691  10905  917  
7926  11140  4908  
5445  7313  5258  
891  10850  7861  
7652  9070  2587  
7130  10935  10898  
3241  10675  7835  
2889  7812  2708  
7861  10880  891  
6677  11319  10384  
11190  11219  8004  
886  7423  894  
1216  11219  11190  
8889  11170  6520  
3338  8813  6977  
430  10897  10631  
7441  7443  4710  
7114  11056  1728  
4508  6973  4507  
7411  10781  3223  
1327  8066  6880  
8438  10514  1149  
8148  11261  6480  
2170  10509  10080  
10695  11526  771  
449  11446  89  
7310  11165  7660  
6910  10214  10039  
1149  10558  8438  
7151  8625  2916  
4109  8282  8281  
4602  10051  7592  
1383  11193  7763  
9962  11684  4986  
9118  10889  2070  
11151  11162  6139  
9814  11073  10869  
4252  7188  6921  
533  8344  6925  
2919  9921  7080  
6149  11228  10808  
7187  9647  1715  
4249  7174  870  
494  8490  7057  
1706  10280  6861  
7583  10767  1081  
10631  10897  6662  
1390  9498  983  
559  9027  7425  
10436  11396  1331  
7187  9695  9647  
7407  11129  803  
3272  9561  8051  
6973  10312  10224  
7135  8745  7133  
1728  11105  7114  
7442  10673  5223  
10039  10214  655  
8358  10970  5128  
5780  8163  5778  
7636  10615  5891  
7440  7441  4710  
11240  11242  6705  
873  9047  879  
6861  10281  1706  
6666  11162  11151  
5112  7499  7372  
5942  7561  7181  
2278  10164  10118  
713  11242  11240  
4822  7648  6576  
3161  10712  7164  
5944  8820  8819  
6919  7124  549  
5112  7374  5029  
9027  9028  6365  
9947  10927  6985  
1253  7558  7182  
7374  11860  5029  
1577  10981  1565  
6781  11206  7866  
2256  10185  7340  
10118  10164  6913  
6774  11039  503  
6153  7648  5034  
5944  10153  8820  
10967  11037  8972  
6956  10591  447  
898  11508  6818  
5944  8819  8530  
9188  10341  7393  
8293  11094  6481  
6893  7583  3195  
4516  7641  7161  
7703  7704  6003  
6208  10263  7354  
8718  10340  6803  
9767  11029  6606  
6134  9385  6133  
2457  7196  1302  
517  10662  10356  
503  11283  6774  
10613  10620  2528  
1987  10600  8454  
8091  10620  10613  
7953  9384  6953  
9647  9695  3557  
9385  9830  6133  
6803  10436  8718  
7004  10995  7120  
3552  9384  7953  
6481  11131  8293  
6411  9245  9005  
4387  11037  10967  
6528  9966  9890  
8918  10986  10914  
6502  11161  7675  
6230  10758  8228  
7393  11719  9188  
6861  11419  10281  
8990  10970  8357  
6818  10822  898  
2278  10118  7713  
7922  11366  10536  
9625  9686  1812  
6492  9686  9625  
3095  10881  6955  
7188  8782  7081  
7161  7641  7163  
7675  11232  6502  
6911  7295  480  
1732  11011  6882  
6955  10892  3095  
8000  9498  1390  
9531  10520  4472  
1036  8396  1168  
6971  6973  4508  
803  11128  7407  
1941  7688  7687  
1715  10765  7185  
11077  11098  6718  
480  7425  6911  
6879  11526  10695  
7001  7205  436  
4705  7449  4706  
2011  10986  8918  
3544  10508  8435  
493  11270  6745  
6843  8018  7810  
7376  11244  3735  
6400  10465  8546  
744  7171  2954  
4224  11556  10741  
8752  11271  7243  
7177  7909  1497  
7962  10861  6877  
2900  10209  6878  
3171  10403  6867  
7440  8704  6168  
7242  7243  438  
2992  10578  6857  
8490  8491  7057  
6937  7558  3130  
3647  7075  7074  
3815  9697  7139  
6016  7909  7177  
7713  10086  2278  
6638  10327  8702  
6739  11279  499  
8741  10750  8739  
6178  10332  7102  
7837  10675  3241  
7611  11300  6452  
7010  7196  2457  
7795  10974  10938  
7125  10393  5334  
8530  8819  6548  
8702  10328  6638  
6029  8814  6027  
2169  7055  6967  
4706  7449  7048  
10741  11556  7837  
6643  11826  8903  
8546  11729  6400  
3735  11253  7376  
4899  10931  8306  
3771  10963  10956  
10938  10974  7009  
10323  11262  1688  
552  9021  9020  
7907  7908  5971  
527  10689  7432  
3241  10741  7837  
8281  10844  9830  
9966  10434  9890  
7027  10483  8625  
10956  10963  7154  
7027  8625  7151  
6830  11539  2322  
7382  7383  5761  
6452  11296  7611  
8815  11536  6842  
6013  9000  8999  
6692  8805  8177  
7431  11049  2448  
6379  9728  7921  
7863  10663  6144  
7079  11277  11248  
6857  10669  2992  
7509  10698  8814  
6547  7678  7315  
4516  7161  7051  
7079  11248  6974  
3568  7043  4336  
5305  8518  8056  
3816  7273  3815  
513  7001  157  
7182  7558  6937  
6867  10503  3171  
1306  7095  1304  
7731  11722  7732  
766  11516  11496  
10865  11558  6292  
6878  10320  2900  
11517  11812  439  
1343  11106  10838  
2100  7470  7078  
8903  11785  6643  
6296  10797  7847  
7636  10178  7504  
7310  11517  439  
5223  10549  7442  
7169  9511  7170  
8941  10761  6192  
634  7169  636  
7630  11440  11153  
511  11289  7216  
7144  10246  7143  
6953  9384  2693  
2693  7863  6953  
7653  9070  7652  
8763  10411  8764  
11496  11516  7200  
2256  7340  1421  
2322  11543  6830  
9223  9926  5106  
2762  7872  2556  
7683  8877  6316  
7077  7796  3297  
746  7171  744  
11021  11454  10654  
1577  8877  7683  
3863  7767  6960  
6927  10769  2007  
8494  11639  5957  
83  7408  12  
6853  11558  10865  
8435  11663  3544  
4873  10141  5263  
8908  9065  8916  
7182  10107  7559  
3130  7560  6937  
7111  10976  9196  
7847  11597  6296  
5957  11679  8494  
1933  8523  1931  
7328  8066  5464  
1302  7196  1300  
2916  10652  7151  
499  11502  6739  
10611  11142  8029  
8934  9926  9223  
7784  10625  8874  
7713  11696  10086  
437  11703  9951  
7241  7242  438  
2598  7514  2600  
6379  9839  9728  
3815  7139  3132  
6461  8018  6459  
8228  8229  6230  
2462  7561  2028  
7058  11702  7175  
11044  11055  9540  
3925  11225  11136  
8808  10987  4409  
4659  10998  7789  
7665  10734  7045  
11286  11326  6899  
9728  9839  2915  
6076  10718  4326  
8519  8524  5923  
115  578  28  
2622  9947  6914  
10051  10494  6562  
6756  11193  8138  
7432  10689  6964  
5917  10452  10441  
6803  11396  10436  
8056  9168  5305  
2007  11628  6927  
5975  8342  6555  
5786  10811  7545  
5183  10523  7163  
7221  11326  11286  
10942  11503  7277  
10759  10857  7069  
1419  7340  3297  
7165  11097  6246  
7921  11856  6379  
5917  10441  9049  
6246  10997  7165  
6187  9770  7489  
7011  10686  10680  
10400  11139  8129  
509  7764  7333  
10645  10781  6695  
6926  11126  8739  
6694  10878  10869  
10680  10686  2990  
7871  7872  2762  
4342  7176  4338  
6881  10592  4729  
8484  9288  8486  
6547  7315  7085  
9371  10678  5233  
11110  11135  7854  
7249  7566  7252  
3192  11150  8604  
7116  11382  6667  
3169  7443  3099  
973  9261  9253  
8763  10612  10411  
6859  10021  7327  
10941  11566  777  
1891  7561  5942  
4338  7176  4340  
6309  11256  6800  
7052  10115  433  
7367  10790  567  
4602  10494  10051  
11136  11225  7488  
8168  11346  1883  
6800  11457  6309  
7171  10483  7027  
7016  7176  4342  
6910  10039  3557  
5410  9877  6741  
9253  9261  6965  
3223  10452  5917  
2462  10805  7561  
7456  10713  5851  
1659  10857  10759  
5851  11610  7456  
7116  11418  11382  
3569  11135  11110  
6985  7484  4479  
7021  10878  6694  
5981  11400  6631  
5793  11119  9003  
7085  7315  4439  
8336  10991  5629  
5817  8190  6195  
7974  11513  2621  
9028  10874  6365  
6973  10224  4653  
2826  10885  7292  
9292  10868  6310  
892  7424  6989  
8934  10114  9926  
5719  10512  8486  
9107  11510  1264  
7861  10890  10880  
8169  10173  8167  
510  7044  111  
7045  11606  7665  
6195  8190  8189  
10536  11366  6532  
5542  7582  7189  
6941  11555  9491  
119  10660  30  
10286  10428  5160  
2621  10972  7974  
7862  10890  7861  
6945  10559  483  
8386  11228  9394  
5892  9837  7100  
5587  11155  10736  
8390  10969  6155  
8415  11566  10941  
7273  9697  3815  
6192  10761  8163  
8253  8254  5958  
3926  10529  5322  
11536  11544  5355  
6623  11854  9490  
2157  7056  2169  
6025  10781  10645  
10667  10893  6173  
6880  8066  7328  
10845  10917  6620  
3154  7091  3153  
5880  10749  8493  
7097  10760  7427  
7425  9027  6911  
8935  10114  8934  
8138  11193  1383  
5233  11720  9371  
3792  10262  5537  
7646  7648  6153  
5104  10311  6649  
7405  8483  7404  
9317  10934  8798  
6914  10206  2622  
4021  8353  4022  
410  11702  7058  
1264  11636  9107  
4342  7041  7016  
7404  8483  4326  
8961  10428  10286  
4225  11067  8744  
7100  9837  1425  
8255  11800  1066  
6977  8814  3338  
6967  7502  2169  
9430  10565  8358  
3547  11481  11398  
4596  7322  3885  
4479  7423  6984  
8645  10850  891  
6913  10189  7003  
10174  11040  831  
434  7363  7361  
10164  10189  6913  
8350  9156  8348  
8916  9065  1848  
9233  11016  11011  
410  7058  133  
106  7049  511  
5891  10178  7636  
567  10162  7367  
8055  9168  8056  
7221  8328  5208  
6210  11421  7388  
7708  7709  7060  
9490  10573  6623  
7231  11339  10095  
6258  9997  7717  
4090  10804  7771  
6153  7647  7646  
2457  7094  7010  
7123  11424  7028  
7301  7767  2968  
7025  11104  446  
10825  10864  9117  
10193  11192  6866  
7292  11486  2826  
6960  7767  7301  
6550  11178  7061  
8238  11042  10988  
6931  10990  539  
3153  7092  5369  
7025  11229  523  
6866  11507  10193  
5408  11440  7630  
2926  7322  3269  
8229  10181  6230  
4729  11728  6881  
9117  10864  6441  
10920  10933  3700  
11398  11481  7836  
6578  10829  8019  
3700  10933  8541  
7061  11214  6550  
366  7565  367  
3223  10781  10452  
6905  11698  557  
7717  9997  2113  
7700  11691  6941  
6960  9068  3863  
7123  11448  11424  
6394  11042  8238  
7695  9640  7692  
7173  8251  1922  
6842  11536  5355  
196  10834  197  
6900  11503  6901  
7078  7497  2100  
10500  10502  8400  
655  10214  8764  
11221  11239  6870  
7510  7513  2380  
5228  11872  7019  
596  11148  10714  
6483  7352  4503  
3792  8328  7220  
577  10217  7588  
503  11039  8113  
9721  11159  10711  
2185  10977  2187  
5820  8161  8160  
7004  7120  6068  
3401  8513  3399  
10067  10944  1491  
6780  10924  7080  
7091  7092  3153  
5994  10511  4650  
197  7952  198  
9830  10844  6133  
7220  8328  7221  
6870  11239  7103  
2322  11303  7056  
5986  7026  5987  
6606  11294  9767  
8396  10698  7509  
8493  11706  5880  
5224  11258  10824  
1391  9130  6987  
4371  10627  8896  
6771  11201  11081  
2380  7513  1172  
6240  11356  10806  
375  8620  376  
6827  8522  5921  
11081  11201  5559  
3539  9292  6965  
8242  10800  6669  
6780  10939  10924  
8022  11446  11152  
6987  9130  5985  
7346  7347  6348  
3851  7812  2889  
5263  10141  7166  
7233  11339  7231  
5322  7346  6348  
7234  9808  2860  
7205  11014  436  
2622  10927  9947  
3999  10866  8409  
6900  10011  8948  
7360  10693  10562  
7442  10549  7441  
7189  7582  529  
9654  11514  7355  
2367  10502  10500  
7020  10345  4355  
11535  11578  6636  
11246  11417  7015  
8160  8552  5820  
891  11582  8645  
2100  7497  2099  
447  11630  6956  
7000  10509  9210  
6958  9905  2915  
556  11020  10863  
446  10640  6975  
501  10833  6909  
7271  10847  10785  
8251  8252  1922  
3227  10533  6783  
6935  11786  11375  
429  7648  7646  
10838  11106  6787  
7108  8485  7109  
4505  7352  4508  
7957  11578  11535  
6248  11055  11044  
9122  9921  9901  
8764  10411  655  
470  7375  7374  
8990  11046  6384  
8522  9931  8521  
6965  9261  3539  
9905  9972  3121  
6958  9972  9905  
5529  11209  10699  
904  7484  914  
8461  11644  5650  
8447  11183  6560  
7166  7212  5263  
173  11132  7037  
11379  11383  7549  
6989  7423  892  
6955  10881  9142  
10618  11347  6170  
5650  11674  8461  
7550  11379  7549  
8118  10296  8116  
8482  11290  8481  
430  10181  8229  
6901  11503  10942  
8929  9909  7279  
6560  11223  8447  
6943  10284  2064  
7502  10490  4254  
11039  11506  8113  
1391  11536  8815  
10292  10398  6668  
7686  7687  6014  
1417  7796  905  
2183  9989  2185  
10143  11847  7536  
8047  8523  6827  
8820  10153  859  
1941  7689  7688  
6507  11054  8297  
11290  11324  8481  
8545  11467  11462  
3100  8485  7108  
8353  11112  4085  
7536  10567  10143  
10446  11050  1739  
5305  8524  8518  
5301  9065  5300  
2984  8282  2983  
2915  9839  6958  
11462  11467  783  
2693  10663  7863  
7059  11340  1290  
11152  11446  449  
7545  10811  7437  
10785  10847  1406  
992  11399  10973  
7080  9921  7081  
7315  7678  7088  
6952  11748  4750  
7126  10477  5994  
8297  11041  6507  
11020  11264  7318  
7377  10154  24  
9752  9883  7581  
6829  9065  5301  
10388  10966  6328  
3132  7139  5252  
4252  8782  7188  
5315  7121  6124  
2698  10342  7876  
8044  11702  410  
8409  11633  3999  
2430  10619  2428  
6977  7327  6028  
5820  9289  8161  
6951  11022  477  
1034  8396  1036  
2888  9931  8522  
6723  11317  7117  
4407  7708  4847  
6155  10969  8385  
7683  10981  1577  
6409  10174  8604  
10616  11168  4040  
7220  10262  3792  
5365  11514  9654  
64  7087  520  
6668  10398  5839  
7037  11331  173  
3878  11372  10961  
8653  10538  2573  
10173  11598  8167  
5838  10024  7559  
10477  10511  5994  
4750  11733  6952  
8716  10211  7240  
6258  7771  6983  
6192  8163  5780  
6912  7026  5986  
5934  10270  5618  
894  7423  4479  
10497  10501  7127  
3077  8282  4109  
6172  10667  6173  
7702  11645  6649  
2556  7872  2558  
5027  8524  4757  
5095  11098  11077  
5867  7212  7166  
9049  10441  6221  
2573  10499  8671  
6950  10743  342  
2277  7940  1218  
7402  10983  7228  
6339  10501  10497  
2259  9126  2240  
8800  10347  8797  
5408  11544  11440  
5411  7449  4705  
5921  8522  5923  
10825  11288  2972  
8369  11302  10943  
4479  7484  899  
6946  10400  3157  
4388  10495  8853  
412  11142  10611  
7462  7463  442  
2190  10879  2191  
6983  9997  6258  
11004  11023  7717  
8280  10092  4109  
9981  10813  3202  
7318  11264  7317  
2573  10538  10499  
2602  7718  2604  
7386  9285  7450  
6947  11378  11353  
5958  8255  8253  
7934  7940  2277  
6970  10067  3176  
7697  8162  3177  
3647  7514  7075  
535  11314  7419  
6655  11254  7107  
5434  10361  10307  
8051  9561  5677  
10307  10361  8569  
513  7121  7001  
7566  7567  7252  
8091  10608  8092  
6909  11330  501  
3130  7655  7560  
10796  10999  1518  
46  10376  152  
7874  11262  10323  
4971  11406  10988  
6987  11536  1391  
7907  11594  7908  
8508  8511  3979  
8887  10019  9069  
7870  10522  6201  
7090  11210  903  
4386  11023  11004  
1774  7433  1599  
8454  10600  7043  
7283  8929  7280  
6844  11470  11051  
10217  11687  7588  
6534  10519  7595  
6669  11670  8242  
10863  11020  7318  
5160  10114  8935  
8091  10613  10608  
7003  10189  740  
7206  11378  6947  
7709  11340  7060  
7239  10148  5848  
4109  10092  3955  
510  7045  7044  
8634  11862  3510  
11013  11052  9196  
424  10990  6931  
2708  7812  3088  
11114  11238  4909  
3540  10926  8768  
7980  10353  2259  
7172  9808  7234  
10356  10662  6356  
7902  10531  6040  
7048  7450  4706  
10218  10249  8061  
1160  7939  1211  
4291  11070  5365  
9142  11662  6955  
8974  10940  6664  
4674  7521  7150  
5354  10615  6842  
11233  11329  7470  
6783  11833  3227  
7067  7140  5252  
2955  8184  1663  
10939  11433  2572  
8935  10286  5160  
11456  11475  6831  
3510  10504  8634  
4703  7106  7105  
10050  11102  2102  
7022  9047  4478  
5172  11274  7539  
5252  7139  7067  
3297  7340  7076  
7020  10270  5934  
9341  10664  2539  
11011  11016  6680  
376  8620  7178  
8231  10828  8200  
5355  11544  5408  
8513  10520  9531  
2861  7782  2550  
430  10631  10181  
6457  7811  6456  
7062  10224  5259  
9020  11796  552  
11393  11487  1718  
892  7423  886  
6664  11587  8974  
7093  7209  3270  
6935  11375  7789  
8486  9288  5719  
5156  11329  11233  
6805  10841  4746  
2668  8162  7696  
1969  7208  1967  
8411  11487  11393  
6598  11475  11456  
11466  11534  7146  
6621  10192  8331  
6002  10249  10218  
879  9047  885  
9020  9021  9018  
1200  11052  11013  
4326  10718  7404  
7074  7718  3647  
7799  10818  7798  
6031  10212  8334  
5818  9645  8190  
7019  10505  6039  
10443  10507  7040  
7582  9752  7581  
6843  7811  6457  
9321  10666  8697  
3272  8051  5974  
8406  11065  539  
157  7001  49  
7146  11534  7145  
5322  10529  7346  
7023  11079  3671  
7089  11163  7090  
1952  10728  8761  
2520  11781  2587  
5262  9020  9018  
670  11035  8768  
4478  9047  873  
8182  8184  2955  
7233  10375  6991  
7909  11594  7907  
7695  11157  9640  
4336  7043  4342  
6027  8814  6977  
7870  7871  2762  
6946  11139  10400  
5449  10253  8112  
11125  11451  1921  
10192  10917  5069  
10973  11399  6962  
7763  11193  7005  
4710  8704  7440  
989  11072  6994  
7696  8162  7697  
6160  7707  6162  
7900  11795  6674  
155  7530  417  
8045  9822  8046  
7763  11532  1383  
8768  11093  670  
636  7169  640  
5778  8163  7696  
1304  7095  2457  
11163  11210  7090  
10591  10904  345  
8874  10625  7095  
903  11332  7090  
10832  10877  7756  
5058  9019  5056  
549  11022  6951  
1971  9957  1969  
7912  11671  5359  
7022  10151  6031  
5818  8190  5817  
10212  10272  8334  
1298  10525  6966  
6886  10546  6887  
115  11444  6726  
7508  8395  7509  
2380  8395  7508  
6106  11146  7098  
2954  7171  7026  
3012  8745  2925  
566  7034  7006  
6989  7440  6168  
983  9498  981  
9196  10976  3542  
6255  11048  8994  
7015  11417  4461  
3543  10296  8118  
7047  9774  7046  
8847  10629  8846  
11515  11537  9036  
11512  11520  6618  
10097  10111  7749  
2430  8941  7540  
5012  7216  6574  
5141  7483  4405  
6041  10126  6862  
10736  11155  6765  
11478  11488  9098  
6631  11400  10532  
7509  8814  6029  
6557  11376  8932  
3931  9762  7113  
6977  8813  7327  
5794  7514  2598  
5934  10345  7020  
7429  7483  7168  
885  9047  7032  
5304  9017  9015  
9341  9645  6764  
7704  11388  6003  
6038  11537  11515  
639  11745  3226  
342  11730  6950  
5889  11764  7951  
7540  8941  6192  
7018  9981  3121  
1057  9174  1061  
7117  11430  6723  
2512  8487  7141  
11051  11470  2015  
8761  10842  1952  
1969  9957  7208  
3270  7208  7093  
8768  11035  3540  
9018  9019  5262  
7328  10877  10832  
7047  9807  9774  
12  7408  562  
6172  10224  7062  
6893  10767  7583  
1168  8396  8395  
4847  7191  5565  
3192  11705  6858  
5380  10211  8716  
10624  10634  6437  
470  7408  83  
7086  7679  2608  
8046  9822  5604  
7225  9086  4135  
4710  7443  3169  
8491  11319  6676  
6711  10958  8555  
1253  10525  1251  
7406  11385  8113  
5761  10662  7382  
10863  11476  8624  
565  10859  9790  
10151  10212  6031  
3979  8514  8508  
7248  7565  479  
3671  11103  7023  
7170  7429  7168  
6986  11723  381  
8189  8191  6195  
10961  11372  6883  
1931  8523  5745  
10458  10471  7224  
10953  10958  6711  
7122  7132  6248  
6863  11520  11512  
7329  7330  5509  
6692  11392  11212  
7489  9770  3696  
6942  10896  3095  
6445  10325  7414  
7539  11453  5172  
7191  7192  5565  
6764  9645  7031  
4226  11788  7964  
156  7147  513  
6437  10634  6436  
7109  8485  7112  
2630  9723  7046  
8119  10169  5366  
9943  10715  6174  
6189  7489  7246  
509  11521  7764  
7073  10141  4872  
4759  10111  10097  
8624  11202  10863  
3931  10512  9653  
7308  7309  6556  
10869  11073  6694  
7810  8018  3203  
8113  11506  7406  
6745  10849  8734  
4236  10471  10458  
7997  10188  7996  
5376  10148  7239  
11428  11431  6969  
1967  7208  3270  
5818  11731  9645  
7248  7566  7249  
1061  9174  7202  
5156  11233  7053  
8071  11028  10886  
3568  8454  7043  
6988  11451  11125  
1390  9321  8000  
416  10876  9039  
7129  10186  10132  
7213  8285  508  
30  10660  573  
10943  11302  6406  
11204  11287  1408  
3539  10868  9292  
10806  11356  7623  
3099  7443  3830  
7005  11193  6601  
1908  11454  11021  
10643  10845  6620  
3095  10892  6942  
5662  10975  10597  
8592  11275  11215  
7508  7510  2380  
8342  11429  6555  
4478  10151  7022  
4226  11845  11788  
3121  9972  7018  
6612  11488  11478  
5199  7132  7122  
7936  10691  10653  
7149  7530  7232  
8999  11435  6013  
6459  8018  6843  
6804  10999  10796  
436  7137  158  
2888  8523  1933  
6148  10808  8392  
7876  10342  6800  
2041  10878  7021  
10638  10971  3145  
7671  11318  11263  
1306  8874  7095  
6545  11337  10719  
6969  11431  9559  
6966  10525  10024  
2586  9070  2869  
2600  7514  3647  
8943  11284  2935  
3853  10952  10810  
9394  11122  8386  
6225  11752  8195  
7420  7639  3137  
5490  7214  7210  
7068  10685  7069  
5461  7201  5081  
3126  10595  7247  
8274  10618  6128  
10456  10550  8857  
4787  7308  6556  
8275  11845  4226  
108  10154  462  
7115  9723  9682  
10481  10517  7552  
1172  7513  1174  
5489  7214  5490  
7311  11820  6847  
10132  10186  3558  
6875  8018  6461  
5429  10550  10456  
5082  7199  7197  
10040  10075  7207  
8742  11067  4050  
8932  11377  6557  
6891  11573  11570  
7429  9548  4789  
6994  11138  989  
1027  8252  1025  
5320  8055  7209  
11820  11829  6847  
10824  11258  6810  
10119  10158  8049  
10347  11690  8797  
7223  9086  7225  
6990  10616  4042  
6902  6997  5176  
8274  11347  10618  
7087  11412  7088  
1374  11066  8319  
10024  10525  7559  
8594  11275  8592  
7157  7160  5836  
3483  8700  7136  
7056  11303  6485  
7108  8487  3100  
7354  11514  10232  
10624  11012  8256  
4852  7302  6326  
6409  11040  10174  
11265  11452  7013  
3968  11452  11265  
4746  10841  10610  
10653  10691  1860  
9682  9723  2630  
6187  7489  6189  
4834  11464  7381  
1805  10517  10481  
6780  11433  10939  
11284  11328  2935  
9565  10489  8638  
6925  11101  533  
3979  8513  3401  
7514  7515  7075  
7046  9774  2630  
8484  8486  8485  
634  9511  7169  
11570  11573  4756  
6506  10446  8671  
11464  11769  7383  
7209  9157  5320  
376  7178  377  
5509  9061  7329  
10988  11406  8238  
7557  10106  7556  
11576  11585  4511  
10555  10773  8320  
4743  10275  8254  
6189  7246  7242  
7322  9930  6855  
10482  11036  1705  
5320  9168  8055  
11150  11442  6263  
10562  10693  7120  
10685  10759  7069  
529  9708  7189  
6238  10534  9462  
5299  11008  4740  
3803  11599  7304  
1768  11859  7002  
2367  10500  8092  
11350  11455  2019  
7303  7304  6730  
8195  11735  6225  
7234  10316  5449  
2259  10353  9126  
10714  11148  6750  
5960  10158  10119  
5199  7316  7132  
4439  7639  7085  
1663  8184  1661  
6520  11170  6519  
553  7144  7142  
6842  10615  8815  
8910  11811  8675  
10418  10528  7529  
7373  7374  5112  
1174  10447  1176  
7771  10804  6983  
7150  7522  4674  
7753  10267  7754  
10699  11209  6766  
4817  10126  5161  
4206  8011  7460  
5434  10307  8567  
10152  10671  8954  
197  10834  7952  
7047  11002  10947  
8079  10249  6002  
3190  10973  6962  
10513  10574  8042  
6896  7039  6895  
7468  10762  10688  
8331  10387  6621  
796  11308  6923  
11320  11321  7517  
7557  10120  10106  
10602  10929  5552  
2608  7718  7086  
7197  7211  5082  
7002  11818  1768  
4675  7522  4678  
7141  8487  6289  
7687  10462  1941  
10602  10702  7153  
724  11427  11341  
111  7044  26  
434  11541  7363  
5791  7429  7170  
7141  8488  2512  
559  9028  9027  
9015  9803  5304  
6993  10703  4033  
8896  10627  6111  
7573  7574  4845  
6886  11203  10546  
133  7058  37  
6369  10315  10290  
2964  11619  11153  
8798  11422  9317  
7450  9285  4706  
8671  10499  6506  
1922  9094  7173  
2464  10075  10040  
5359  11774  7912  
7309  9913  7364  
1938  9086  7223  
7634  11100  7604  
6470  11114  4909  
5449  10316  10253  
9117  11288  10825  
1218  7940  1230  
1780  8925  1864  
2099  7497  2257  
8518  8524  8519  
5465  7211  7197  
3407  9576  3405  
8675  11842  8910  
5937  10267  7753  
6970  10944  10067  
5032  11443  7334  
7334  11611  5032  
7216  11289  6574  
5022  7708  4407  
6991  10789  4831  
2  7087  64  
367  7565  557  
11263  11318  6509  
7075  10984  5299  
9005  11119  6411  
479  7565  366  
6209  10906  7137  
6837  11585  11576  
11212  11392  9185  
9445  10062  4468  
1031  9094  1029  
7983  10946  6717  
8567  10261  5434  
6485  11434  7056  
10290  10315  2595  
8503  11213  11181  
7381  11464  7383  
8083  10306  8085  
9012  9803  9015  
6997  6998  5176  
8604  11150  6409  
7434  8191  1829  
10947  11002  3299  
7534  11274  5172  
7215  10154  7377  
3861  7499  4589  
1922  8252  1027  
1574  10883  10644  
6558  10780  10731  
2169  7056  7055  
10984  11008  5299  
7098  11146  6678  
7172  7234  5362  
6948  11455  11350  
8620  11836  7179  
6441  10864  6996  
11221  11387  936  
1723  10574  10513  
523  11104  7025  
11177  11272  8778  
5833  11199  11198  
7381  11144  4834  
5246  10332  6320  
7026  7027  5987  
5530  7159  7158  
6923  11501  796  
8621  11836  8620  
8513  9531  3399  
6648  10542  5520  
417  7530  7149  
542  8491  8490  
2955  8185  8182  
2744  11762  2533  
6055  7188  6056  
5398  10194  9698  
8730  11083  6644  
1938  7223  7222  
484  10758  7951  
6847  11829  6064  
2990  10686  7024  
7146  11344  8306  
7087  7088  520  
5868  10169  8119  
6619  10643  6620  
7015  11618  5506  
8377  11255  9158  
8736  10242  6583  
4135  9087  7225  
7259  10647  8776  
11133  11182  7888  
6218  10243  8313  
7702  10311  4227  
7093  9157  7209  
8820  10959  6252  
4305  10314  4918  
5966  9595  9364  
3180  10477  7126  
7973  9349  7975  
10688  10762  5064  
10485  10537  6922  
7540  10619  2430  
1100  11627  8970  
2762  10522  7870  
7597  10091  7474  
7595  10519  2066  
2464  10040  7556  
5916  10188  7997  
8511  8513  3979  
9901  9921  2919  
6003  10598  7703  
7153  10702  7152  
6990  11168  10616  
2277  7937  7934  
1018  10987  8808  
477  11048  10219  
4834  10179  3917  
11146  11278  6678  
5029  11860  6619  
11181  11213  1708  
6322  9068  5455  
8118  10404  10377  
5333  10393  6103  
567  10790  7598  
6720  11321  11320  
10469  10524  7343  
1599  7433  5679  
7460  8011  5932  
7566  10778  7567  
3297  7796  1417  
7411  11494  6695  
7862  10898  3567  
6407  10528  10418  
10859  11877  9790  
6046  11345  11172  
3070  10756  7570  
7011  10637  7196  
6634  10908  10823  
7576  7782  2861  
4872  10141  4873  
10731  10780  3244  
6506  11050  10446  
10377  10404  2366  
6921  7188  6055  
7975  9349  4997  
7113  10512  3931  
193  9708  529  
450  8620  375  
3647  7718  2602  
4006  10862  8177  
9989  10977  2185  
4374  11118  10948  
9245  11030  9005  
10019  11495  9069  
6146  10765  7167  
7388  11421  7390  
6727  10704  7948  
11341  11427  6936  
10083  10421  7330  
4613  7571  5442  
7388  10906  6210  
8227  9916  5621  
3577  9699  7115  
10717  10757  8610  
1667  8186  1665  
8010  8012  8011  
9882  10225  8249  
4631  11157  7695  
378  8137  379  
8183  10488  10474  
7785  10673  7032  
2458  11310  6947  
8400  10470  8401  
1946  7502  1865  
7786  8551  6388  
7182  7559  1253  
7183  7308  4787  
507  10414  7097  
8059  11523  7294  
6145  10828  8231  
29  7425  118  
3034  10903  10601  
7210  7215  5490  
3910  10524  10469  
7291  11648  3959  
4510  11591  9179  
7294  11511  8059  
10823  10908  2535  
8109  10254  8110  
10330  10677  8669  
7183  7348  6198  
9991  10368  6332  
6858  11442  11150  
7096  11867  5531  
7951  10758  5888  
6996  10895  6441  
4342  7043  7041  
5437  10839  7953  
5542  9752  7582  
428  10473  7038  
7935  10582  10548  
7897  9295  5518  
10361  10394  8569  
5418  7576  7575  
7893  9691  9513  
8569  10394  8570  
2716  7384  3071  
10474  10488  681  
5923  8524  5027  
8061  10158  5960  
10485  10779  3128  
4648  11868  8914  
569  10376  46  
23  7049  106  
9631  10792  535  
1086  7583  1083  
6522  11166  7203  
8033  10413  9431  
3405  9576  8514  
6869  7657  7656  
2260  7980  2259  
7412  7506  3801  
905  7796  900  
7302  7303  6730  
7604  11401  7634  
5248  9472  5000  
2454  11849  2450  
5506  11246  7015  
7499  9068  7372  
48  7147  156  
10886  11028  1783  
7414  10325  4827  
461  7230  153  
10711  11159  6349  
7329  9061  3965  
8400  10502  10470  
6676  11319  6677  
5082  7201  7199  
3332  10757  10717  
6991  11339  7233  
418  7406  7405  
11591  11617  9179  
7689  10905  7691  
6922  10537  7174  
6198  7308  7183  
5621  10547  2897  
6201  7576  5420  
9988  10049  8046  
10205  11205  11057  
8085  10306  6386  
10788  11289  7049  
5659  10303  4895  
6103  10358  7176  
6556  7744  5661  
7204  9699  9694  
4406  10419  5022  
6907  7565  7248  
7417  7419  466  
8092  10608  2367  
1911  7433  1774  
7517  7680  7494  
3959  10911  7291  
6896  7040  7039  
4847  7708  7707  
6196  10966  10388  
3156  10805  2856  
8303  9296  4321  
10614  11642  9473  
6110  10829  5247  
1081  10767  1080  
5365  11070  10232  
8055  8056  2375  
9023  10177  498  
7281  9983  8310  
6195  8191  7434  
5956  11524  9090  
7011  10680  10637  
8350  11489  9156  
6223  7367  7366  
7227  7229  454  
5261  11725  8158  
7302  7668  6326  
7463  11562  442  
6854  7885  7884  
8385  11122  9461  
6436  10634  8205  
4757  8524  5305  
7997  10383  10326  
6969  11367  2958  
2550  7782  2552  
10548  10582  3579  
7018  10813  9981  
461  7233  7230  
5765  11545  7029  
8993  11116  6255  
11249  11407  2521  
11198  11199  7840  
6947  11353  2458  
7450  8300  6271  
7902  10501  6339  
7085  7639  7420  
10672  10882  7567  
7556  10106  2464  
2604  7718  2608  
7557  11001  10945  
2461  7980  2260  
49  436  158  
7559  10525  1253  
3462  8248  8246  
7758  9663  5773  
5304  9019  9017  
4918  10314  7435  
6320  10782  8221  
7024  10721  2990  
6054  10726  10487  
5251  9691  7896  
6869  7656  5659  
7292  10885  7290  
411  7704  139  
429  11531  7648  
6934  11589  7365  
6870  11387  11221  
6486  11338  11312  
7567  10778  10672  
9694  9699  3577  
8047  11797  5745  
7115  9682  3577  
8501  8504  4010  
1400  8111  1329  
8158  11685  5261  
8392  11793  6148  
5362  7735  7172  
6503  10712  7967  
11412  11609  7088  
562  7408  7371  
7356  10644  6262  
6687  11281  7312  
6103  10393  10358  
426  10294  7531  
7078  11077  6718  
1211  7939  2277  
6934  11613  11589  
512  10882  10672  
7128  11808  8806  
6904  7483  5141  
7379  7383  7382  
7330  8925  5509  
1838  11865  6959  
8853  10495  7939  
5876  10049  9988  
6748  11287  11204  
3405  8514  3403  
8319  11640  1374  
3863  9068  7499  
3462  8249  8248  
5081  7201  5082  
11092  11280  7881  
7136  9094  3483  
7858  10175  10108  
3567  10890  7862  
6162  7707  7060  
7623  10829  6110  
8245  9235  8246  
4789  9548  6202  
8227  10003  9916  
1160  8853  7939  
8481  11324  5214  
7627  10231  2068  
2235  10496  10121  
1390  10666  9321  
10408  10460  7414  
10321  10348  7341  
640  7169  7168  
8585  10031  9963  
8065  11064  8064  
523  11229  7663  
11242  11250  6705  
6056  9921  9122  
7222  7326  1938  
7219  10630  6489  
487  11120  8818  
7382  10662  517  
5214  11370  8481  
8344  11126  6925  
2257  9945  2465  
1104  11712  8995  
7142  8137  553  
4066  7973  7972  
6211  8606  8529  
4405  7483  4789  
8958  11087  5232  
11018  11156  2578  
4781  9991  7749  
7237  8585  3907  
3907  8584  7237  
7544  9293  7542  
4066  9349  7973  
6988  11125  3141  
5960  10218  8061  
2069  9812  7272  
8246  9235  3462  
6202  10027  7384  
5122  7314  6608  
7474  10091  4793  
5418  7575  5416  
7062  10667  6172  
6764  10664  9341  
8808  11667  1018  
10326  10383  6580  
9158  11316  8377  
10426  10440  8110  
6231  10005  8785  
4514  7668  6319  
8306  11466  7146  
7568  7897  5518  
7128  11848  11808  
2998  10083  7129  
7054  11688  2223  
8205  10648  6436  
5537  10262  8716  
7336  9511  1726  
1589  10348  10321  
6261  10409  8147  
8254  10275  5958  
7348  7349  4035  
7332  11798  104  
5111  9293  7544  
6505  10936  8541  
6289  8487  7108  
11113  11127  1707  
6705  11250  7338  
10339  10407  8652  
6967  10490  7502  
515  7276  101  
6974  11248  1571  
7053  11297  5156  
4847  7707  7191  
7529  9688  4775  
7021  11776  2041  
10945  11001  3662  
7191  7707  6160  
2366  10404  8401  
5697  10629  8847  
1965  8054  1963  
7044  11531  429  
6102  11182  11133  
8207  11134  6472  
7642  10150  7643  
6882  11577  5237  
7342  10440  10426  
5489  9042  7214  
8027  10587  526  
5056  9019  5304  
8574  10560  8575  
10708  10771  8581  
7570  11813  3070  
3954  8745  3012  
10131  10153  7978  
8049  10049  5876  
10630  10661  6489  
917  7694  7693  
7162  10115  7052  
5262  9019  5058  
2457  7095  7094  
6034  10753  8958  
9985  10879  2190  
3430  7194  7193  
8102  10295  10216  
7084  10638  1436  
155  417  48  
7897  7898  3562  
7513  10447  1174  
7029  11676  5765  
10635  11796  9020  
7898  10575  10486  
10577  10656  8614  
7994  8380  8100  
7192  7786  5565  
1883  10798  8170  
377  7178  553  
7301  10460  10408  
6339  10531  7902  
6108  7570  7569  
7896  9377  5251  
5155  11715  11500  
1658  9235  8245  
9596  9663  7808  
7140  9709  7481  
7337  8310  414  
10108  10175  3966  
7235  7329  3965  
63  7353  456  
5465  7601  7211  
5172  11493  7534  
3965  7482  7235  
7898  9420  3562  
502  10962  10875  
2102  11102  7023  
6343  11272  11177  
2925  8745  4845  
7148  10954  7147  
4380  8109  8107  
10157  10572  1056  
487  11608  11120  
6203  11025  10982  
159  7137  514  
4852  7303  7302  
3403  8514  3979  
1055  9174  1057  
5490  7216  5012  
10068  10191  8263  
8245  8785  1658  
8962  10584  8961  
4864  10775  10561  
7453  10179  4834  
6348  10687  6349  
10719  11337  444  
8541  10933  6505  
7067  9709  7140  
10560  10597  8575  
441  8137  6997  
10216  10295  7212  
7344  9327  7972  
8302  10288  2227  
7168  7483  6904  
5363  7384  2716  
6836  11669  8298  
3088  7812  7811  
8465  10402  8466  
8488  9339  6287  
913  10685  7068  
5155  11500  11107  
2595  10315  7131  
7848  10184  6442  
479  7566  7248  
7080  10924  2919  
7304  11482  3803  
7919  11307  6609  
7262  8919  7268  
6588  10931  7313  
5518  8472  7568  
5416  7577  4883  
859  10153  10131  
10329  10382  8203  
6271  8300  6272  
562  7371  7298  
9088  10600  1987  
8812  10226  9137  
10076  10429  6568  
5068  7368  4107  
6717  11047  7983  
7349  7358  4035  
3490  10407  10339  
3141  11174  6988  
4810  7739  7738  
10690  10733  8365  
6962  11747  3190  
4678  7522  5243  
6957  10904  10591  
5420  7576  5418  
8505  11127  11113  
515  7277  7276  
804  11830  11727  
7339  11129  6415  
8313  10243  1855  
3483  9493  8700  
6809  7392  5038  
7032  10673  885  
9394  11228  6149  
7202  9137  1061  
4473  7348  4035  
9074  9809  7316  
4674  7522  4675  
4810  7740  7739  
8174  10748  8176  
8085  10652  8086  
8478  11370  5214  
7528  9688  7529  
6836  11697  11669  
7428  7621  7426  
11312  11338  8241  
11078  11147  8729  
8871  10291  7632  
1290  11637  7059  
7386  7450  6271  
4472  10520  10070  
6961  11407  11249  
790  11415  7066  
10790  11309  7598  
7418  10507  10443  
2838  9627  7204  
6710  10928  10915  
4589  7499  5112  
10687  10711  6349  
8469  10078  8470  
5565  7786  6388  
7575  7577  5416  
7079  11310  2458  
7060  11340  7059  
2958  11428  6969  
7129  10132  2998  
6873  11736  6992  
4875  9743  7238  
6575  11538  7274  
2869  9070  3840  
10344  10380  6438  
6957  10591  6956  
8110  10254  2871  
2839  10771  10708  
8054  8055  2375  
559  7425  29  
5363  7385  7300  
6995  11869  6789  
7679  9950  5504  
6621  10917  10192  
7619  8421  5771  
11260  11395  1359  
6667  11382  7119  
7371  7408  7373  
10655  10873  6449  
804  11727  9303  
6479  11251  7007  
7884  8868  6854  
11172  11345  9132  
7553  10450  7552  
1764  10715  9943  
518  7320  134  
7891  9848  5342  
11709  11847  5852  
7391  9244  3120  
5773  9814  7758  
6517  10603  10518  
7519  10026  7518  
7271  10744  7270  
8301  8302  6272  
10455  10651  8531  
1028  8813  1030  
9513  9691  5251  
10982  11025  6672  
8327  11484  11333  
7618  9182  1851  
7430  7438  5409  
7619  9182  7618  
993  10489  9565  
7972  9327  4066  
11047  11109  7982  
8729  11147  8728  
7705  9910  8607  
10129  10463  7351  
4137  8527  7236  
1934  7326  1936  
7297  10333  573  
553  7178  7144  
2536  10656  10577  
2587  9070  2586  
9548  10027  6202  
6553  10405  6053  
5881  10250  9278  
5773  9663  9596  
7321  9240  6060  
7300  7384  5363  
10949  11024  6593  
11257  11304  6007  
5682  7438  7430  
7274  11567  6575  
6736  11709  5852  
7497  9945  2257  
10486  10575  4869  
8310  9983  414  
7127  10471  4236  
711  10382  10329  
8180  9059  5515  
8807  8808  7156  
514  7387  160  
7477  10062  9445  
8512  10482  10070  
6737  11634  7616  
7141  9339  8488  
5737  11368  7741  
8068  8069  5502  
104  11169  7332  
7242  7244  7243  
8948  10011  544  
8314  10374  10011  
5876  10119  8049  
8251  8254  8253  
4477  10239  5625  
2458  11277  7079  
6589  10783  10735  
2236  10380  10344  
122  7378  517  
9820  10655  10492  
6686  7965  5405  
6981  9307  8141  
7571  10231  7627  
7808  8863  5325  
6369  10247  7958  
2169  7502  1946  
11363  11520  6863  
4500  11491  8475  
6101  10733  10690  
10450  10481  7552  
4254  10490  7753  
6644  11659  8730  
9627  9689  7369  
1864  8925  2377  
35  7445  130  
8785  10005  1658  
2452  11123  2454  
6074  10294  8390  
838  7316  4243  
3863  7499  3861  
49  7001  436  
7571  7627  5442  
10734  11531  7044  
5467  10349  9927  
8300  8301  6272  
2958  11367  7549  
7119  11360  6667  
8529  8606  8528  
7471  7480  6130  
5208  11326  7221  
2998  10421  10083  
7217  10740  6503  
6387  10190  10130  
9462  10534  2503  
7236  8528  4137  
1326  8066  1324  
1064  9096  1714  
8708  10041  9994  
1029  9094  1922  
7057  10919  494  
6757  11624  8343  
2522  8550  2876  
9963  10031  3570  
10875  10962  6578  
612  9131  614  
11269  11660  6624  
6800  11256  7876  
7542  9293  6228  
7174  10537  870  
11153  11619  7630  
7084  10971  10638  
4831  11339  6991  
5052  9013  5050  
8094  11304  11257  
9088  10121  7042  
7293  10596  3194  
7203  11365  6522  
7749  10111  4781  
7295  10660  480  
488  11007  10900  
9698  10194  8186  
3570  10031  7207  
8107  8452  4380  
5625  9652  8131  
766  11496  9559  
7323  8700  6229  
7541  7542  6228  
1722  7507  1721  
6748  11204  8096  
10668  10763  7684  
158  7137  159  
10650  10709  7610  
3562  9295  7897  
5405  7965  6753  
6229  8699  7323  
7271  10785  10744  
3184  9822  8045  
9641  9847  3976  
7689  11661  10905  
7481  7955  7140  
4010  8515  8501  
8100  8380  8098  
7066  11574  790  
6108  7571  4613  
7379  7382  7378  
8069  8070  5502  
10070  10520  8512  
8073  11564  8074  
154  7530  155  
5550  7653  7651  
2254  10861  7963  
5771  9182  7619  
2881  7477  2879  
9613  9781  4467  
7635  7636  7504  
9994  10041  6334  
6437  11012  10624  
3206  7358  3204  
7844  10764  9039  
1182  8585  1180  
7299  9887  1518  
7240  10211  7239  
3284  11265  7013  
7890  9848  7891  
8557  10817  2254  
7103  11239  1809  
2237  10853  10754  
9077  10495  4388  
414  8445  7337  
7131  10351  2595  
6144  10663  7872  
10735  10783  2200  
8900  11124  7362  
8116  10296  8119  
7023  11103  2102  
4809  10901  7072  
2069  9957  1971  
3195  7583  1086  
7007  11660  11269  
1865  7502  4254  
8700  9493  6229  
7743  9195  7738  
6850  11699  6849  
6014  11773  7686  
6120  7654  5549  
5848  10148  8579  
8210  11711  7159  
10518  10603  3072  
5461  9559  7201  
448  7445  35  
7372  9068  6322  
1665  8186  2955  
6198  7348  4473  
7121  10954  6124  
8253  10096  8252  
4859  10934  9317  
7669  9958  6326  
5509  8925  1780  
62  7353  63  
8377  8548  8352  
8133  9392  3151  
2838  9689  9627  
7204  9694  2838  
7656  10303  5659  
433  11668  7050  
4243  7316  5199  
7217  9927  6264  
11000  11058  5977  
7232  10855  7149  
7738  9195  4810  
6223  10790  7367  
6259  10379  10349  
4668  7400  5315  
11057  11205  6535  
10130  10190  1560  
6287  9216  8488  
5502  8676  8068  
7180  10805  3156  
7319  10084  3189  
3483  9094  1031  
3271  9190  8527  
8146  10251  8145  
6313  9911  5482  
6422  11109  11047  
8961  10584  10428  
2417  7886  2413  
7007  11269  6479  
5501  8070  5561  
6849  11699  11689  
7410  8696  6552  
4418  8812  8811  
7458  7459  996  
8418  9812  2069  
1083  7583  1081  
8466  10402  4544  
8623  11559  8621  
8141  9307  8139  
10597  10975  8575  
9364  9595  6655  
417  7147  48  
7278  7491  7281  
7446  7744  7445  
379  8137  441  
7524  9595  5966  
6070  10671  10152  
553  8137  378  
7459  11114  6470  
4813  10150  7642  
6678  11278  7865  
8370  9670  3184  
11188  11197  5184  
1938  7326  1934  
6132  10909  10902  
746  10483  7171  
2640  9977  2641  
7038  11652  428  
7086  9950  7679  
2223  11790  7054  
8179  8180  5515  
1773  9263  1859  
7553  10348  1589  
7716  8983  8981  
7176  10358  4340  
6503  10740  10712  
10360  10461  8618  
6552  8696  5213  
570  11029  9767  
478  11468  7034  
6609  11620  7919  
8143  9581  7845  
4236  10497  7127  
6369  10290  10247  
7446  11294  6118  
4836  9406  8429  
5329  9793  8708  
7478  9100  8892  
7544  10938  7009  
8301  9296  8303  
7899  9457  7900  
1564  8111  1400  
515  7491  7278  
7140  7970  5252  
4781  10368  9991  
7966  10837  8969  
3137  10006  7420  
4307  10207  3189  
3907  8585  1182  
7399  10002  9917  
5429  10456  8570  
2446  11049  2580  
3181  10042  2073  
1676  7916  1678  
7651  8882  5550  
10644  10883  6262  
8475  11666  4500  
9033  10913  10902  
3411  8515  3409  
6910  9695  6060  
6809  7393  7392  
2748  7626  2733  
5000  9472  5622  
545  10628  8927  
7218  10037  4996  
4996  10076  7218  
5393  7560  7181  
8527  9190  7236  
5328  7735  5362  
9002  11061  5793  
5604  9988  8046  
4883  10052  4065  
7053  7507  1722  
139  7704  40  
8251  8253  8252  
3907  9466  8584  
7091  11146  6106  
333  8777  493  
7344  8955  3276  
8528  8606  4137  
1571  11635  6974  
4769  10529  3926  
6100  10773  10555  
5867  10216  7212  
6367  9392  8133  
7549  11383  2958  
7491  9983  7281  
5455  9068  6960  
7900  9457  6930  
47  7230  521  
6868  11861  11826  
8722  11528  5812  
6849  11689  7054  
6319  7668  7302  
8570  10394  5429  
8890  9069  7265  
10492  10655  6449  
4380  8111  8109  
6937  7560  5393  
4471  10002  7858  
8401  10470  2366  
8607  9910  5873  
7650  8882  7651  
7378  7382  517  
7219  10574  1723  
5367  7478  7360  
5925  11261  6548  
7054  11689  11688  
4010  9576  3407  
7916  7917  7914  
3370  11068  11062  
440  7538  392  
5550  7654  7653  
7392  7393  6227  
6201  7782  7576  
8343  11101  6757  
10817  10861  2254  
2424  7916  1676  
10165  10238  7473  
3036  10006  3137  
118  7425  480  
7366  7368  6223  
6619  11408  10643  
1617  11386  11215  
1924  7528  1919  
4393  10225  9882  
7392  7759  5038  
7470  11077  7078  
3380  9281  7659  
10810  10952  7106  
1963  8054  2375  
7518  10026  1720  
3215  7867  3213  
10900  11007  6668  
9026  11861  6868  
159  514  160  
8508  8514  8506  
47  521  154  
3380  7659  7658  
1497  10487  7177  
6992  11819  6873  
6336  10998  7480  
8659  10319  6495  
6130  8332  7471  
5235  11280  11092  
7886  8868  7884  
989  11138  7061  
6334  10041  8579  
8682  9745  7482  
8144  9581  8143  
9431  10413  2505  
6223  7368  5068  
6268  11074  11034  
9013  9803  9012  
63  456  2  
2580  11031  8160  
4973  10291  8871  
9917  10002  4471  
10060  10085  7659  
3120  9244  1416  
3857  8827  7992  
7498  10042  3181  
6266  7500  7175  
1305  7635  1307  
5229  9782  7594  
10692  10729  4288  
9181  10542  6648  
1329  8111  4380  
8379  8407  8378  
9670  9822  3184  
3271  8658  7359  
2280  8114  2827  
7601  9785  7211  
669  8650  667  
6556  11348  7744  
8041  10448  8042  
2547  7590  2308  
8857  10594  8856  
7765  8658  2755  
5214  11425  8478  
480  10660  119  
2413  7886  2411  
5022  10419  7710  
7359  9190  3271  
4135  9104  9087  
225  7401  226  
6110  10806  7623  
8134  11707  8135  
226  7401  454  
8482  11223  6560  
10550  10594  8857  
7471  8332  7813  
7207  10075  3570  
7424  7440  6989  
6273  7526  6710  
3094  7668  4514  
4438  7314  5122  
5143  10858  8647  
8235  8719  5368  
7316  9809  7132  
1685  8832  1683  
4837  9285  7386  
514  7388  7387  
8713  10277  5885  
8445  8672  7337  
7892  7893  6247  
8512  11036  10482  
8560  10133  8921  
6253  9670  8370  
4388  9304  9077  
4035  7358  3206  
7356  10843  6592  
7454  7455  471  
994  7458  996  
8640  9216  6287  
8629  10028  9332  
9087  9104  5804  
11247  11263  6509  
7386  7554  4837  
10259  10362  7370  
6601  11426  7005  
7338  9472  5248  
8068  8676  8072  
8518  8519  3306  
7770  8549  7643  
4018  10639  10564  
7504  10178  3120  
7620  9534  7658  
2255  10677  10330  
7153  10929  10602  
8331  10192  5441  
7687  7688  6014  
7345  8136  7520  
2513  7955  7481  
8217  9964  8218  
9137  10226  1061  
1622  11299  11164  
407  7432  575  
8831  10194  5398  
7955  7970  7140  
5791  9548  7429  
5200  7740  4244  
7449  10718  6076  
563  10614  9473  
6268  11034  6267  
2968  10460  7301  
2827  8114  7472  
6515  11351  11311  
519  7364  131  
3270  8054  1965  
8852  10955  4682  
6508  11247  6509  
440  7539  7538  
27  7647  500  
7173  9094  7136  
516  7353  62  
3276  9327  7344  
7990  7995  1627  
8485  8486  7112  
11088  11231  1050  
7061  11178  989  
7489  10752  7246  
6662  10897  8818  
7993  9330  7992  
3165  7626  2748  
5203  11237  8678  
7798  10818  6097  
37  518  134  
8458  9318  8955  
499  7444  404  
8977  9160  3952  
8235  9372  9042  
8497  8499  4391  
8141  10614  6981  
4928  10909  6132  
400  7454  471  
2233  7890  2235  
9652  9845  8131  
8378  8407  467  
11173  11560  784  
1809  11276  7103  
3573  9474  7369  
4903  10515  10399  
4652  7400  4668  
7415  8287  3151  
5502  8070  5501  
9474  9935  8326  
2797  10184  7848  
5367  9100  7478  
135  457  38  
4875  10625  7784  
8859  10123  5631  
10244  10268  9144  
11175  11176  1628  
7422  7890  2304  
9401  9820  3834  
8151  9241  7554  
8584  9466  5560  
7733  9138  6233  
5050  9013  5478  
5566  9145  8663  
1667  9698  8186  
7167  10765  641  
3576  10085  10060  
7368  9208  4107  
10960  10983  6599  
5560  8583  7409  
6331  8937  8677  
11333  11484  6525  
7577  10052  4883  
7599  8106  7600  
7438  9772  5409  
8969  11794  7966  
3059  11418  7116  
4186  10191  10068  
8183  10467  8184  
4237  7635  1305  
7359  8658  7765  
7520  8136  5142  
1627  7995  1535  
1324  8066  1327  
3932  9996  9076  
2580  11049  11031  
4381  9216  8640  
8470  10078  5764  
7594  9782  6729  
3830  10549  4242  
8981  8984  7716  
7679  9352  2608  
7681  9911  6313  
5398  8832  8831  
6228  9264  7541  
8574  10517  1805  
8640  8641  4381  
5549  7654  5550  
4423  9982  9313  
6380  9955  7788  
162  7457  446  
2860  10316  7234  
7477  9445  2879  
7568  8472  5446  
2876  8550  3268  
6331  8677  7760  
3151  9392  7415  
474  9856  60  
8429  9406  8427  
8447  11131  6481  
8249  10225  8248  
8399  8402  8093  
6226  7760  7759  
8352  8548  8351  
1961  8517  1959  
9482  9804  7726  
7152  10702  1080  
9042  9372  7214  
3851  11871  7065  
6264  10289  7217  
2304  7889  7422  
4172  7412  3801  
7546  7547  6594  
4833  9858  7399  
10960  11005  5564  
3578  10238  10165  
1392  8249  1649  
7493  11241  7494  
7976  8451  6446  
5366  10169  8417  
575  11069  9895  
4321  9707  8303  
2212  10233  7421  
3137  7639  3138  
1560  10190  7958  
8972  10857  1659  
9887  10257  8272  
5173  7680  2619  
7996  10188  3181  
9017  9019  9018  
1810  7754  2057  
1586  8813  1028  
9077  9304  8324  
3574  11718  8430  
8303  10288  8302  
7834  11197  11188  
9499  9734  7326  
4244  7740  4810  
464  7436  96  
6370  10093  8417  
7089  11105  1728  
7689  7690  7688  
8407  8408  8406  
10601  10903  7071  
7088  11609  7315  
7645  9704  5397  
7788  9955  4880  
2546  10461  10360  
2181  10233  2212  
8070  8071  5561  
9336  10996  10993  
7658  9534  3380  
7662  7663  7605  
464  7437  7436  
6599  10983  6600  
1649  8249  3462  
7516  7680  7517  
3980  9946  4876  
1678  7916  7915  
8476  8477  5239  
10448  10513  8042  
7772  7773  5407  
7326  9734  1936  
5122  6608  6208  
8504  9576  4010  
5325  9596  7808  
10044  10045  7476  
8218  9964  5399  
3814  7503  5240  
3191  8079  7745  
7938  9077  9076  
2956  7601  7416  
7626  9785  7601  
838  9074  7316  
6060  9240  5456  
7143  10007  6998  
7741  11563  5737  
5515  8940  8179  
6060  9695  7321  
6273  7729  7526  
7993  9820  9401  
7682  10463  10129  
7979  7980  2461  
7430  7682  5682  
7460  10163  4206  
4056  9922  9908  
7409  8584  5560  
7272  9957  2069  
9208  9894  3864  
5469  8106  7599  
11718  11775  8430  
7479  11804  7064  
7012  11599  3803  
11175  11200  7615  
6518  10390  10336  
5464  8066  1326  
1898  10043  2068  
5239  8478  8476  
1859  9263  7677  
7516  7517  3839  
2640  8551  7786  
6790  11151  6139  
7978  10085  3576  
3870  8882  7650  
4996  10429  10076  
3194  11267  7293  
7323  8699  8431  
1678  7915  1680  
2901  7516  3839  
4965  7633  3838  
3771  10956  8555  
7117  11317  3058  
6266  7804  7500  
2289  7894  2291  
9916  10547  5621  
7645  10091  7597  
2149  7963  2151  
1829  10300  7434  
7575  7576  2861  
1789  10300  1829  
7541  9264  854  
9223  11128  8936  
7574  11043  2142  
7064  11806  7479  
8293  11038  6351  
4217  7778  7479  
8309  11586  9967  
130  7445  519  
8655  8656  7920  
11559  11836  8621  
4965  7634  7633  
8749  8977  3952  
5830  9509  7591  
7136  8700  5332  
4391  8516  8497  
9031  11030  6311  
8183  10474  10467  
6331  7760  4829  
7239  10211  5376  
7225  10491  7224  
8351  8548  423  
448  7446  7445  
7358  9099  3204  
8600  10362  10259  
8007  9248  7385  
10336  10390  5945  
1637  11187  6810  
453  7501  397  
4054  7523  5966  
6806  8255  5100  
7482  9745  7235  
10545  10921  6093  
10487  10726  7177  
152  10376  461  
1062  9096  1064  
7447  7475  4026  
2254  7963  2149  
6201  10522  7782  
1683  8832  5398  
7672  8996  1108  
7792  7793  7543  
6063  11185  11053  
8534  9934  8533  
9702  9846  6357  
8395  8396  7509  
7461  8992  4359  
7354  10263  7353  
3218  7698  6568  
3430  9131  612  
8827  9421  7989  
1209  8127  1148  
4467  9781  8364  
9626  9714  2638  
7624  7625  6220  
8379  8408  8407  
523  7662  165  
8355  9867  6398  
7494  7680  5173  
10948  11118  6617  
4206  10163  3602  
5460  7546  6594  
7993  9401  9330  
4381  8641  2497  
6226  7759  7392  
10121  10496  7042  
393  7538  7537  
476  11615  7035  
5328  9752  7735  
7554  9241  4837  
107  7377  24  
6922  10779  10485  
6720  11335  11321  
1771  7754  1810  
7532  7535  453  
2564  7984  2253  
7890  7891  2235  
7341  10225  4393  
8357  10970  8358  
7989  8838  8215  
3100  8487  2487  
11149  11241  7493  
3882  8938  8154  
3653  9509  5830  
2289  7895  7894  
7086  7718  7074  
8892  9217  7478  
9433  9958  7669  
3590  7778  4217  
6601  11193  6756  
8179  8940  1467  
7376  11044  3656  
8716  10262  5380  
9278  10250  3476  
7501  11709  6736  
8517  8518  3306  
101  7276  21  
7385  9248  7300  
8538  11395  11260  
153  7230  47  
7588  7589  7587  
1685  9268  8832  
7384  10027  3071  
7587  7589  531  
8106  8107  7600  
9701  10409  6261  
3409  8515  4010  
3301  7645  7597  
3656  11044  9540  
8430  11775  6889  
8267  8268  8264  
8252  10096  1025  
4026  7649  7447  
847  9138  7733  
7340  10185  7076  
7416  7905  2956  
10480  10541  4362  
7245  10816  8752  
5409  9772  3672  
5329  9795  9793  
4854  9409  8265  
4418  9096  8812  
7731  11715  5155  
8011  8012  5932  
6665  11018  7926  
8106  8452  8107  
7162  10992  10115  
7209  8054  3270  
4026  7477  2881  
4201  4204  4202  
131  7364  36  
1030  8813  3338  
5448  8097  7584  
4876  9946  7612  
6090  10573  7642  
7148  11683  10954  
564  8672  8445  
5557  11448  7123  
3701  9809  9074  
9814  10869  7758  
3219  7867  3215  
396  7532  453  
8431  8699  1584  
8311  8312  4258  
8499  8515  4391  
8786  8875  8789  
2379  8816  2726  
7892  9552  7579  
7028  11424  6670  
4204  4651  4205  
4468  10062  10045  
9741  9743  3794  
192  9708  193  
7590  7889  2308  
3697  4201  4200  
1598  9263  1773  
848  8114  2280  
7102  10659  6178  
4671  7521  4674  
5332  8700  7323  
7685  9610  3580  
2992  7855  2553  
6998  7523  5176  
5213  8696  8132  
37  7058  518  
2497  8641  2500  
8579  10148  6334  
2745  10099  3094  
5100  8255  5958  
8239  8421  4881  
4968  7607  6871  
4789  7483  7429  
6563  10820  10809  
7184  7348  7183  
7076  10185  5310  
1721  7507  1806  
413  11798  7331  
7736  7743  7738  
5109  6191  4651  
3571  9949  7998  
6560  11290  8482  
5775  9610  7685  
6000  7553  7551  
8663  9145  8662  
7770  8550  2522  
1805  10560  8574  
5658  9804  9482  
7644  9704  7645  
7525  7731  4979  
7992  9330  3857  
2667  4115  3062  
8098  8380  1627  
511  7377  107  
7238  9743  9741  
8127  8128  8126  
4291  5365  5127  
5368  9372  8235  
5453  7640  6259  
5153  11322  11266  
2487  8487  2512  
7925  8923  8284  
9823  9878  3455  
8955  9318  3276  
9240  9821  3936  
1859  7677  2024  
3802  7495  7492  
1535  7995  1533  
7615  11200  7614  
8053  9150  3396  
7893  9513  6247  
7858  10108  4471  
1208  8479  1213  
667  8650  1408  
1714  9096  4418  
2897  7590  2547  
7585  7586  3129  
7908  10056  5971  
3952  9085  8749  
5478  9011  9009  
573  7596  120  
7619  9082  8421  
8067  8072  3939  
8811  9192  4418  
1919  7528  1917  
4115  4116  3062  
7467  11759  7466  
1627  8380  7990  
7467  9211  8982  
4200  7979  2989  
6157  7979  4200  
7413  9132  1575  
7643  8550  7770  
3857  9421  8827  
7567  8876  7252  
7633  7634  7496  
4439  7314  4438  
8402  8836  8093  
9908  9922  8180  
6093  7585  887  
11062  11068  6714  
2198  8266  2199  
3775  4439  4438  
9118  11285  6698  
8330  8331  5441  
7580  7581  443  
31  7378  122  
7369  9689  3573  
5458  7624  6220  
8075  9269  8771  
2411  7886  7883  
7998  9949  5901  
7935  10498  7940  
7297  10660  7295  
1608  7482  3965  
614  9131  1575  
4713  7452  4116  
473  7623  7622  
10084  10366  687  
5446  7728  7486  
2488  8489  2490  
2304  7890  2233  
7807  8863  7808  
9927  10349  6264  
7750  7751  7748  
8364  9395  4467  
7486  7568  5446  
7474  10325  6445  
3458  9587  8199  
3977  8036  4071  
8440  8627  8626  
4391  8515  3411  
10045  10062  7476  
10480  10530  6491  
4416  9934  8534  
2417  8868  7886  
1924  9688  7528  
3976  9847  8036  
8536  10948  6617  
3591  7778  3590  
5890  10354  6518  
1830  8191  1909  
3191  9451  2354  
8859  9714  9626  
7786  9977  2640  
5468  7632  3604  
7746  7747  5688  
2465  9945  2667  
6997  8137  7142  
3976  8036  3977  
5601  9505  7864  
6976  10593  7412  
7237  10031  8585  
2424  7917  7916  
7769  8167  8166  
6350  9763  8199  
5736  9781  9613  
7551  7593  6000  
8708  9994  5329  
7098  11614  6106  
8555  10958  3771  
8329  8330  5441  
7905  9363  3185  
9793  9795  8429  
7451  7590  2897  
8631  9042  5489  
2667  3062  2931  
808  7743  7736  
8038  9412  8037  
5176  7523  4054  
7230  7231  521  
11205  11282  6535  
4829  7760  6226  
1004  7458  994  
8312  11161  6502  
525  7456  7454  
6917  11822  6918  
8015  8016  8014  
1001  7558  1253  
11028  11089  1783  
1307  7635  1312  
8398  8404  8397  
7048  8300  7450  
6330  7725  7073  
5771  8421  8239  
2606  9352  2609  
8182  8185  8181  
6577  10572  10157  
7603  7662  7605  
8977  8978  5585  
7034  11405  478  
130  519  131  
5351  7629  6865  
7663  7664  7605  
2411  7883  2409  
7533  7536  7535  
1606  7482  1608  
5022  7709  7708  
1080  10767  7152  
195  7580  443  
8851  8852  7799  
7015  11653  11618  
7368  9894  9208  
10177  11625  498  
4439  7315  7314  
4116  7452  4291  
484  7950  389  
8771  9269  4840  
8545  8554  6627  
10221  11697  6836  
4116  4291  4117  
7472  7864  2827  
11078  11180  2837  
61  516  62  
9645  11731  7031  
2930  9743  4875  
6387  10061  7998  
484  7951  7950  
8313  10313  6438  
7533  7535  7532  
7026  7171  7027  
7215  7216  5490  
864  10935  7130  
165  7662  166  
6665  11156  11018  
8265  9409  8259  
5514  8230  915  
8068  8072  8067  
1063  8221  1060  
7666  7984  2564  
1565  10981  1804  
9433  10099  6338  
181  7587  531  
7121  7205  7001  
5471  7593  7551  
3803  11654  7012  
6591  10058  5720  
7205  11834  6191  
7715  8984  4192  
1148  8127  1146  
27  500  114  
10011  10374  544  
889  7772  897  
5740  9847  9641  
3697  4200  2989  
3213  7867  7640  
5942  7655  919  
8340  8341  427  
8788  9736  9164  
7480  10762  6130  
7564  7858  5846  
4201  4202  4200  
3189  10084  691  
7965  7966  5024  
6772  8988  4492  
4569  10264  9794  
8081  9661  8733  
1959  8517  3306  
1723  10630  7219  
1209  8128  8127  
4865  7804  3987  
1589  10450  7553  
2151  7963  7961  
5200  7741  7740  
6917  11854  11822  
6247  9552  7892  
97  564  19  
5626  9412  8038  
4078  8787  7701  
6864  8063  8062  
7327  8813  1586  
4041  10129  7351  
5537  8716  8715  
3859  11360  7119  
7733  9747  3701  
7426  7621  58  
6997  7142  6998  
4398  10012  3551  
2835  10319  8659  
7309  11252  9913  
2428  10619  3228  
7422  7889  6265  
3925  11045  8231  
3802  7492  2994  
332  8777  333  
7401  7402  7228  
5625  10239  9652  
4979  7730  7525  
392  7538  393  
152  461  153  
3573  9935  9474  
4722  8015  2238  
7620  7658  5532  
6975  6976  5220  
531  7610  182  
7668  7669  6326  
7701  8787  7519  
2321  8451  7976  
2852  11653  7015  
7851  8155  7849  
7599  8809  5469  
6093  7586  7585  
8978  9251  5585  
6740  11517  7803  
8165  8894  4087  
471  9966  8103  
3183  7840  2384  
8181  8185  5512  
4359  9734  9499  
8266  8267  8264  
2733  7626  2956  
6418  9920  9199  
5478  9013  9011  
7436  9788  564  
7894  9691  7893  
10706  10766  6098  
1010  8086  2916  
3198  7730  3262  
1806  7507  7469  
8789  8875  3942  
200  8216  8073  
6864  8062  5225  
26  429  112  
2965  10277  8713  
9332  10028  3377  
7445  7744  519  
8118  10377  3543  
7572  8153  1842  
7196  10637  1300  
1917  7528  7527  
4204  4205  4202  
7644  8599  5639  
7656  7657  5165  
5116  10562  7120  
2198  8267  8266  
10332  10782  6320  
8756  10137  7942  
6312  8824  8582  
3917  10179  3916  
2253  7984  2023  
9385  11162  6666  
473  7622  187  
1623  8311  1787  
821  8277  823  
166  7603  167  
8931  9712  4398  
1880  2100  2099  
6481  11183  8447  
8488  8489  2512  
393  7537  394  
7584  8650  669  
7712  7713  6044  
6491  10530  7563  
6330  7947  7725  
2156  7516  2901  
8247  8248  6001  
10632  10696  9171  
1909  8191  8189  
8850  8851  7799  
6350  9878  9823  
7505  9199  2849  
7745  9451  3191  
160  7387  161  
1208  8480  8479  
9233  11011  1732  
9313  9982  6405  
3882  8154  3101  
5360  8319  7959  
9076  9996  7938  
7806  9580  8863  
1728  11163  7089  
8987  8988  6772  
897  7772  5407  
6984  7423  6989  
8863  9580  5325  
921  7661  5514  
8921  10133  2614  
456  7087  2  
6998  10007  7523  
6274  8826  8132  
6376  7607  4728  
521  7530  154  
7773  10245  5407  
5585  9160  8977  
11266  11322  9143  
7466  11759  10415  
5145  7676  7104  
5598  9898  6539  
3092  3697  2989  
5824  10208  5822  
4885  9867  8355  
7851  8156  8155  
2539  7895  2287  
7673  9165  3794  
7184  7349  7348  
527  7432  406  
5794  7515  7514  
7794  8277  6151  
1108  9435  7672  
2342  9217  8892  
11403  11594  9659  
2215  8549  7770  
845  7792  2053  
3055  7503  3814  
7237  8584  6213  
8572  11288  11111  
4115  4713  4116  
7901  7902  6040  
5328  9883  9752  
2238  8015  3385  
6118  11381  7446  
7305  10524  3910  
6265  7889  7590  
3143  7910  1694  
8166  8894  8165  
8009  8011  4206  
7169  7170  7168  
6819  7673  5037  
5281  8836  8402  
887  7585  881  
7569  7571  6108  
5470  8898  7665  
5479  8642  7699  
405  7444  527  
2311  7579  2313  
8763  8764  8762  
6558  10683  8495  
5142  8543  7520  
919  7655  918  
7360  10562  5367  
8417  10093  5265  
3218  9140  7698  
2511  9869  8551  
4408  9320  8295  
9794  10264  6501  
7415  9177  8287  
7443  10549  3830  
8041  10382  711  
2310  7893  7892  
5183  7641  4277  
6868  11826  6643  
5453  7734  7640  
1955  8830  1940  
4541  7948  4965  
4237  7636  7635  
3597  11056  7114  
4624  7607  4968  
467  8825  8378  
7469  7470  2100  
423  8821  8351  
429  7646  112  
862  7719  6490  
4595  11631  4594  
1829  8191  1830  
11517  11547  7803  
5460  7969  7546  
11231  11291  9630  
2589  7806  2258  
567  7598  79  
8590  8593  8587  
11224  11236  9644  
8665  8666  4649  
432  7602  125  
7518  10005  6231  
7027  7151  5987  
4924  7857  3273  
6276  8294  4300  
8139  9307  3882  
7989  8215  7985  
999  8559  1905  
1880  7469  2100  
7775  8816  2379  
5846  7857  7564  
3143  7911  7910  
525  7454  399  
8854  9924  5627  
5315  6124  4670  
8187  9320  4408  
8514  9576  8506  
577  7588  7587  
7343  10407  3490  
1397  7674  1524  
8583  9237  7409  
1247  7671  7670  
1917  7527  1915  
8039  9766  8038  
2553  7855  2551  
1687  9268  1685  
6458  9974  8679  
9818  9858  4833  
7646  7647  113  
8474  8475  7030  
2053  7792  7543  
7682  10554  4804  
2277  7939  7937  
7929  8822  4028  
1621  1722  1721  
5890  8695  8122  
1518  9887  1515  
8412  8413  8411  
2512  8489  2488  
3916  10098  8133  
7650  8802  3870  
7385  8453  8007  
5363  8833  7385  
8401  8404  8398  
7856  9909  4048  
4769  10440  7342  
8982  9211  8980  
8382  9259  5588  
3138  7639  3775  
7674  7675  1524  
7523  7524  5966  
5121  7729  4133  
7721  7722  6923  
2726  8816  3102  
2219  8467  2125  
7925  8284  4349  
2375  8517  1961  
7754  10267  2057  
7242  7246  7244  
8788  10026  7519  
7958  10247  1560  
18  464  96  
2465  2667  2666  
832  9074  838  
523  7663  7662  
2568  7671  1246  
8789  9736  8788  
6325  8294  7555  
2068  10043  7627  
7698  10076  6568  
2311  7892  7579  
8022  8024  6775  
7416  9363  7905  
5774  9316  7809  
7357  10644  7356  
8715  8920  5537  
7399  9917  4833  
4848  8247  6001  
8708  9793  8707  
2024  7677  2943  
6569  10835  10766  
4807  8412  4160  
3606  8200  5468  
7175  10776  518  
8369  9214  4843  
1806  7469  1880  
2151  7961  2221  
4776  7721  4166  
8733  9661  3560  
5619  8080  5936  
8670  9234  5085  
4696  8762  8649  
6279  8187  3164  
5471  8164  7593  
9463  11856  7921  
8818  11120  6662  
4668  5315  4670  
6390  9681  8860  
8626  8864  8440  
4235  9152  8104  
5661  8222  4607  
861  7719  862  
6065  9978  8883  
6484  11874  8873  
2687  11445  11292  
1975  8418  1973  
8427  9406  8424  
8030  8031  6175  
3343  7608  3345  
5440  7702  3841  
2112  10306  8083  
8155  8156  2223  
3801  7506  3092  
4192  9189  7715  
7790  7791  3968  
6788  11704  11684  
1109  9435  1108  
7931  8822  7929  
6144  7871  5427  
8421  9082  8420  
6772  8989  8987  
1659  10967  8972  
7492  7493  5173  
2619  7680  2284  
5052  9803  9013  
7006  7706  5984  
4049  7728  1996  
10313  10344  6438  
7989  9421  8838  
1680  7915  1690  
3189  10207  7319  
5262  9562  9020  
3172  7750  7748  
5965  10275  4743  
8467  8468  8465  
4631  7711  4329  
6971  10312  6973  
5458  7869  7624  
7811  10373  6456  
7935  10548  10498  
1434  7720  1508  
1606  8682  7482  
5109  6209  6191  
8669  8670  5085  
7809  9316  2867  
1850  8662  1853  
8056  8517  2375  
6550  7766  982  
135  7320  457  
8429  9795  4836  
1787  8311  4258  
3262  7730  4979  
166  7662  7603  
6191  7400  4651  
430  8229  386  
398  7501  525  
8140  8144  8143  
2608  9352  2606  
2202  8260  2203  
5459  8024  4444  
4438  5122  5006  
7716  8984  7715  
9017  9018  445  
8668  8669  5085  
9739  10251  8146  
1060  8221  1640  
1461  7746  5688  
5625  8131  8130  
8473  8474  7030  
6151  8277  821  
7500  7804  4865  
1568  1621  1620  
4254  7752  1800  
7035  11132  476  
1394  3120  1416  
7222  9499  7326  
7920  8657  8655  
4071  8036  8034  
5148  8029  6321  
4289  7732  5495  
3226  11745  10017  
2287  7895  2289  
4204  5109  4651  
7430  10554  7682  
2202  8261  8260  
6213  8584  7409  
8226  8227  5621  
3198  8712  7730  
8799  8900  8800  
4798  8247  4848  
1385  7774  5464  
491  9108  283  
4464  7676  5145  
8368  9214  8369  
7815  7838  7828  
5770  9035  8533  
7471  7813  4309  
1012  8086  1010  
4595  9228  7803  
8611  10697  8610  
2994  5173  2619  
5969  9234  8670  
5255  7785  7032  
8234  8719  8235  
7618  10243  6218  
407  575  408  
547  8900  8799  
529  7582  7580  
162  446  163  
400  471  401  
10561  10775  6656  
6896  8687  7040  
7399  9858  5847  
3576  10131  7978  
2284  7516  2156  
8931  9721  9712  
4668  4670  4669  
7640  7867  6259  
7528  7529  7527  
7864  9505  2827  
2155  2156  1945  
2859  7666  2564  
9099  9673  2326  
7757  7758  2463  
7178  7179  7144  
2267  8911  8909  
8157  8158  3167  
6520  10830  8888  
7711  7712  6044  
8270  11154  11086  
7597  8630  3301  
9232  10064  6206  
8108  8455  7600  
5532  8208  7620  
7564  7857  4924  
8394  9503  8843  
8142  11642  10614  
3591  9226  7778  
4305  4918  4917  
674  8563  672  
2206  8259  8258  
7803  11547  4595  
5823  10535  10289  
5345  5346  1722  
2994  7492  5173  
5503  7649  5500  
3037  3798  3797  
7427  7428  7426  
2155  2284  2156  
7841  8598  7842  
3798  4332  3797  
6699  7790  5151  
8261  8263  8262  
4254  7753  7752  
2206  8258  2207  
7325  8528  6777  
3838  7633  3599  
486  11243  9662  
6351  11094  8293  
3109  7767  3863  
3037  3797  3035  
1901  7768  1902  
4652  4668  4667  
4631  7712  7711  
405  527  406  
3612  8231  8200  
4615  7969  3895  
4975  9775  6478  
809  9259  8382  
5237  7727  4125  
8765  8766  8760  
4048  9114  7856  
3654  8457  4739  
2723  3037  3035  
7867  10379  6259  
6144  7872  7871  
1497  7909  7906  
4295  7785  5255  
2219  8468  8467  
403  499  404  
3839  7503  3055  
7584  8563  5448  
8719  9315  5368  
6350  9823  9763  
528  7533  7532  
1944  2155  1945  
5594  10032  9812  
4189  8984  4188  
2199  8266  2202  
4624  4968  4332  
8641  8726  2500  
2272  8630  5516  
4776  7722  7721  
5408  7630  7629  
106  511  107  
7454  7456  7455  
8811  8812  6245  
5037  7673  4178  
8664  8665  4649  
1944  1945  1924  
3798  4624  4332  
3199  9457  7899  
2955  8186  8185  
4722  8016  8015  
8233  9315  8719  
3396  8953  8053  
6968  7841  5324  
6371  8645  8644  
5625  8130  4665  
6787  11106  11074  
8787  8788  7519  
8750  8751  5762  
6871  7195  6544  
2037  7757  2463  
1905  8559  6394  
4906  9893  5599  
8097  8650  7584  
134  7320  135  
1312  7504  1394  
7475  7477  4026  
4807  8413  8412  
2261  9237  8583  
8104  9152  6317  
7696  8163  2668  
5240  5527  4768  
1804  8099  1541  
564  9788  8672  
9904  11485  11186  
555  11755  7229  
8199  9587  5726  
6787  11074  6268  
8743  9108  491  
7807  7808  3146  
8649  8762  6061  
4071  8034  4485  
8350  9979  6758  
4651  7400  4652  
118  480  119  
2988  2989  2662  
1902  7768  2005  
26  7044  429  
9222  10710  10674  
2904  7866  3097  
2710  10268  10244  
4028  8315  7637  
2399  7888  2579  
8520  8830  1955  
100  515  101  
4820  8765  4583  
2267  8912  8911  
1391  8815  1301  
3610  7705  3614  
9884  10405  6553  
2172  7775  2379  
3216  9140  3218  
2901  3839  3055  
892  10371  7424  
4309  7813  2632  
100  7491  515  
7244  7245  7243  
880  8657  3147  
8724  8725  2574  
3697  4203  4201  
7783  9685  2644  
1549  8703  7755  
2291  7894  2310  
3775  4438  3776  
6380  7788  7787  
6377  6909  6376  
6008  10293  7716  
1312  7635  7504  
1247  7670  1249  
528  7532  395  
2539  7896  7895  
2310  7892  2311  
8810  8811  6245  
10144  10205  3594  
3813  9228  4595  
7526  7729  5121  
7910  7911  7852  
425  8388  310  
1860  10691  7270  
4381  9732  9216  
5155  11722  7731  
323  8340  427  
2081  8769  6270  
3352  8457  3654  
1973  8418  2069  
2849  9379  7505  
8287  9177  3901  
8096  8097  8095  
3814  5240  4768  
398  525  399  
7878  7879  4239  
3097  11206  9463  
4992  7800  6314  
486  7777  205  
3357  8112  4694  
2755  9802  7765  
8786  8789  8787  
6328  8966  8632  
4096  8144  8140  
8607  10519  6534  
3881  9338  7726  
8906  9359  8909  
8687  9448  3937  
4968  6871  6544  
9747  9809  3701  
7321  9821  9240  
6079  6377  6376  
1146  8125  1144  
7554  8769  8151  
464  8525  7545  
5347  5348  5346  
5239  8477  1220  
4728  7607  4624  
564  8445  19  
2500  8726  2502  
2258  7806  2154  
6315  7781  7780  
515  7278  7277  
2250  7779  1943  
461  10375  7233  
8261  8262  8260  
8596  9586  8597  
1621  1721  1620  
1213  8479  5239  
7725  10141  7073  
8196  9062  8195  
2783  8920  8715  
4393  10321  7341  
6380  7787  1834  
3723  7956  3936  
5936  8080  7219  
1936  9734  1939  
7813  8332  1999  
5151  7790  3950  
4651  4652  4205  
1923  1944  1924  
6358  9428  8471  
508  8285  8076  
7968  8418  1975  
6865  6866  5350  
1424  8850  7797  
8762  8764  6061  
8428  8930  8707  
3340  8196  2649  
6079  6376  4728  
2285  8219  2173  
8243  8244  4798  
3654  4218  3652  
4688  7901  6040  
5468  8871  7632  
1146  8127  8125  
4359  8992  3520  
220  9016  221  
3765  9198  8543  
11375  11786  6592  
8861  9722  2330  
6777  8528  7236  
9559  11496  7201  
5349  5350  5348  
3774  7801  3025  
8860  9681  4454  
6371  8644  5186  
1923  1924  1919  
8244  8247  4798  
113  7647  27  
4464  5145  4218  
1483  7904  3224  
5351  6865  5350  
3088  7810  2706  
6953  7863  5432  
1458  7746  1461  
4122  9374  3346  
8662  9145  1853  
7995  9202  1533  
18  8525  464  
2136  8599  7644  
1214  8325  1166  
6082  6975  5220  
6294  8638  5090  
7759  7760  5513  
7110  7853  6290  
1915  3034  1913  
5346  7053  1722  
7637  7929  4028  
7447  7649  5503  
8663  9858  9818  
5220  7412  4172  
1285  8642  5479  
3129  7684  872  
7669  10099  9433  
1957  8520  1955  
59  474  60  
8551  9869  6388  
2033  7807  3146  
8849  9918  8848  
7299  10257  9887  
10416  11313  576  
3153  5369  3134  
9016  9017  445  
7857  8975  3273  
5122  6208  6207  
8636  8637  8635  
7049  11289  511  
2378  7840  7839  
8501  8515  8499  
10748  11827  8176  
5522  8617  5045  
4160  8412  4162  
5353  7629  5351  
3161  8952  1492  
2654  8195  8194  
2621  8330  8329  
3796  8112  3357  
8025  8026  5147  
4535  8668  4533  
2644  9685  2645  
6540  7023  6541  
4188  8984  8981  
4323  7869  4317  
3947  8009  4206  
2068  8286  2002  
7701  9080  4078  
9705  9876  4182  
8679  9974  1727  
8201  8221  1063  
1246  7671  1247  
2962  8233  2577  
4359  9499  7461  
2405  7878  4239  
8652  10268  2710  
5389  7097  6963  
6535  11282  5036  
8969  9676  9426  
1915  7527  3034  
8794  8798  8792  
8843  9503  4935  
3094  10099  7669  
5504  8457  3350  
8062  8063  6166  
120  7596  121  
8075  8771  8770  
8458  8955  7800  
8178  8179  1467  
8450  8540  8539  
8694  9816  5751  
8203  10238  3578  
8212  8213  6054  
8075  8770  1927  
8448  8449  8318  
7899  7900  2064  
2551  7846  2482  
3225  8710  1202  
2440  8162  2438  
7486  7728  4049  
951  7558  1001  
9078  9433  6338  
3352  3654  3652  
40  7703  140  
7124  10738  549  
3939  9239  8067  
1489  7967  3161  
8969  9426  8968  
7385  8833  8453  
9805  9984  6786  
5408  7629  5353  
996  7661  945  
7304  11599  6730  
5188  7860  6371  
10604  10918  10737  
5145  6540  5146  
3882  9307  8938  
4826  8025  5147  
7802  11003  10893  
2084  8779  2227  
7797  8850  7799  
5531  11867  11254  
1255  8452  997  
164  523  165  
2649  8196  2651  
2154  7806  7805  
3855  7901  4688  
8519  8520  3306  
7358  9673  9099  
1454  7750  3172  
20  7491  100  
577  7587  180  
7849  8155  1700  
982  7766  984  
3160  8329  5441  
6775  8024  5459  
529  7580  194  
7959  9041  5360  
3133  3815  3132  
6699  7791  7790  
2654  8194  2655  
8308  9348  8309  
5324  7841  4684  
1800  7752  1638  
1576  8211  1639  
4166  7721  4168  
5984  7706  4281  
5504  9950  8457  
1559  8682  1606  
2156  2901  2836  
8379  8409  8408  
5427  7871  5425  
1379  7674  1397  
926  7918  1809  
8021  8023  8020  
56  507  57  
882  7772  889  
2394  7829  7814  
6645  7873  5337  
1225  8480  1206  
3204  9099  2315  
5477  9779  9183  
937  7923  4349  
396  453  397  
8603  9612  3639  
7752  7754  1771  
1553  8472  1569  
6834  7868  5344  
3131  3132  2618  
6896  9448  8687  
6331  9178  8937  
8197  9134  6125  
1621  5345  1722  
5522  8618  8617  
1569  8472  5518  
7608  9352  7679  
124  432  125  
7495  11327  7492  
2125  8467  2127  
7555  8294  6276  
7428  10439  7621  
8037  9412  3260  
2386  7877  3183  
7705  8607  5035  
4390  8540  5326  
3075  9114  4048  
7198  7903  5413  
1512  8320  3174  
1690  7913  1692  
3335  9918  8849  
3101  8154  2999  
4193  9189  4192  
3492  9192  3494  
1497  7906  1444  
4968  6544  4969  
10902  10913  6132  
2513  7481  2723  
4606  7945  5786  
4300  8294  3971  
2752  9802  2755  
3987  7804  3714  
3518  9796  5559  
311  8388  8387  
7981  7982  421  
7923  7924  4349  
1480  7904  1483  
3352  3652  3353  
4291  5127  4117  
7088  7678  520  
4740  7676  4464  
5803  11284  8943  
6414  10025  9956  
6294  9565  8638  
2284  7680  7516  
5812  11651  8722  
8043  8080  5617  
54  568  55  
4642  8030  6175  
1940  8830  1937  
1405  7774  1385  
6788  11684  9962  
3593  9226  3591  
7649  8547  5500  
3164  8187  3163  
32  7562  124  
8338  8340  322  
8132  8696  6274  
8397  8404  8403  
7977  7978  5943  
8677  8937  2771  
4820  8766  8765  
4327  8595  2948  
4222  8095  3282  
5221  8021  8020  
222  9021  223  
4694  8542  3355  
8780  9395  8364  
7880  7887  4239  
802  7761  806  
6157  7980  7979  
8013  8014  4547  
4346  8050  6805  
7457  10640  446  
7195  11191  67  
8107  8108  7600  
6315  7780  5395  
2802  10137  8756  
3193  8212  1509  
10697  10717  8610  
5192  8188  5195  
1533  9202  1532  
6024  8058  8057  
5355  5408  5353  
4892  8178  1462  
471  8103  401  
3841  7702  3267  
2378  7839  2117  
2414  7882  7881  
6413  8003  6284  
2967  7767  3109  
4087  9220  8165  
5069  6773  6222  
4116  4117  3062  
5064  10762  7480  
4743  8254  8250  
1486  7967  1489  
4055  8898  5470  
1642  8444  798  
5117  7954  6638  
2936  8329  3160  
5195  8188  7862  
3742  8013  4547  
2901  3055  3040  
2390  7943  2519  
8007  8453  3046  
8883  9978  3758  
4048  7928  3030  
5594  8149  4337  
5480  8315  4521  
2894  8223  2544  
1366  7899  2064  
945  7661  921  
2057  7762  1861  
6113  9612  8603  
2109  8462  754  
7172  7735  4435  
8587  8593  8586  
183  7610  502  
5200  7742  7741  
8624  11476  10122  
9706  11686  6812  
2194  8269  2195  
79  7598  10  
8749  9085  8922  
6387  10130  10061  
4392  8564  1885  
8793  8794  8792  
7344  7972  6315  
6320  8201  4528  
6333  8178  4892  
1001  1253  1251  
4921  7977  5943  
5615  8043  5617  
8052  8053  5965  
1524  7714  1522  
2768  9203  2771  
3211  7734  1473  
2567  8368  960  
7985  8215  1802  
2765  8712  3198  
8180  9922  9059  
1750  9288  1752  
1399  8220  1378  
7720  8320  1508  
6467  10651  10455  
8426  8427  8424  
9216  9732  8489  
4108  5069  5068  
6731  8006  8005  
2384  7840  2378  
802  8444  7761  
2810  8423  2811  
2250  8223  7779  
6617  11006  8536  
8045  8046  2395  
1355  7922  1527  
7416  7601  5465  
9626  10123  8859  
7657  8926  5165  
3969  8780  8361  
5035  6534  5036  
8909  9359  2267  
2108  7784  1737  
9599  9891  7250  
7643  8549  5583  
8040  8041  5620  
6534  7595  6535  
4533  8668  5085  
8048  8049  3188  
3373  9745  8682  
4938  8033  8032  
7515  10984  7075  
4076  8052  5965  
3654  4464  4218  
8237  9432  9078  
394  528  395  
167  7603  459  
3135  3153  3134  
6731  8005  4936  
8796  8798  8794  
188  7622  530  
8084  8086  1012  
5806  8087  7548  
8992  9528  3525  
1628  7802  700  
1509  8212  1437  
8060  8061  2569  
125  7602  33  
2637  9816  8694  
5425  7871  7870  
443  10834  196  
3940  9239  3939  
3413  8516  4391  
4133  7729  4058  
2154  7805  1993  
1504  8157  3167  
3872  7956  3723  
5500  8547  3263  
4275  4516  3816  
8360  8365  8359  
3908  8243  4798  
2319  8002  6338  
3243  8426  2804  
3655  8631  4038  
2730  7905  3185  
5447  8613  5051  
5456  9240  7956  
4095  8878  7941  
8073  8074  431  
4345  8214  4341  
8078  8079  3191  
3775  7639  4439  
3348  5504  3350  
5491  8220  1399  
1225  8481  8480  
850  7541  854  
4670  7521  4671  
2075  7996  3181  
1183  9357  1185  
8088  8089  5290  
7580  7582  7581  
6719  11335  6720  
3177  8162  2440  
693  8288  4307  
8234  8235  3013  
2868  8279  3622  
9765  9766  8039  
4668  4669  4667  
3055  3814  3710  
5469  8809  954  
5145  7104  6540  
4349  8284  939  
8339  8341  8340  
4380  8452  1255  
4607  8222  4063  
4727  4728  4624  
1432  7720  1434  
7707  7708  7060  
8052  9150  8053  
823  8277  835  
6606  7999  5134  
1519  8211  1576  
1473  7734  1474  
3160  4108  4107  
9078  9432  4858  
4444  8024  4445  
8101  8102  3240  
3564  8275  4226  
8105  8106  5469  
5291  8403  8117  
8240  8241  3200  
2394  7814  2116  
9071  11474  463  
6432  8181  5133  
2080  7947  1122  
1641  8494  761  
8115  8119  5366  
4583  8765  4581  
6449  10873  8602  
6024  8057  4889  
9222  10674  5422  
2883  7649  4026  
2551  7855  7846  
4203  9692  4201  
7992  8827  7988  
1224  8325  1214  
8120  8121  3229  
889  897  896  
4882  8145  8039  
1996  7728  1770  
7159  11500  8210  
7546  7969  4615  
3036  3137  3039  
4946  8147  8146  
2467  3131  2618  
2810  8424  8423  
8582  8824  2088  
6570  10835  6569  
908  909  905  
6011  10709  10650  
5527  7098  6678  
1320  8064  3196  
10223  11363  6863  
7134  9470  8456  
1582  8311  1623  
3614  7705  3875  
672  8563  7584  
1549  7755  1547  
5221  8020  4447  
6511  6512  4462  
6935  7789  5327  
221  9016  445  
2515  2619  2284  
5516  8630  7597  
6512  7667  7666  
4192  8984  4189  
994  996  945  
9026  9542  6888  
5108  5220  4172  
4716  6165  4717  
3507  8869  3509  
6820  6822  6821  
7350  9722  8861  
4329  7711  4458  
2670  8226  5621  
3599  3802  2994  
179  577  180  
5022  7710  7709  
911  918  910  
3814  4768  4209  
904  905  900  
907  910  906  
208  7981  421  
2544  8223  2250  
2723  3035  2724  
1779  7859  1614  
5038  7759  3933  
1508  8320  1512  
2878  2994  2619  
186  8019  473  
6570  10907  10835  
3350  3352  3351  
5583  8549  2398  
894  895  887  
1316  8138  1383  
694  8288  693  
7731  7732  4979  
6078  6079  4728  
902  906  901  
1151  8008  1209  
6119  6718  4713  
9165  9741  3794  
7757  9663  7758  
406  7432  407  
787  8867  8858  
2662  7979  2461  
4979  7732  4289  
195  443  196  
8543  9198  7520  
3895  7969  3721  
841  7792  845  
4852  9973  7303  
6822  7024  6823  
1885  8564  1785  
673  8976  1660  
2621  8329  2620  
1474  7734  1477  
4088  9220  4087  
1499  8157  1504  
897  902  901  
507  7426  57  
5069  6222  5068  
3097  7921  2834  
8497  8516  8496  
4222  8096  8095  
57  7426  58  
7138  11677  5210  
6818  6820  6819  
6968  8598  7841  
2669  9360  2303  
5482  9911  8471  
8111  10254  8109  
3282  8095  3280  
19  8445  98  
8441  8442  3209  
8072  8676  3266  
7353  10263  456  
8160  8161  8159  
399  7454  400  
5447  8614  8613  
2414  7881  7878  
4717  8704  4025  
4108  5068  4107  
899  900  895  
8937  9178  2775  
5639  9704  7644  
4923  7948  4541  
8116  8119  8115  
5617  8080  5619  
2924  8234  3013  
1948  7775  2172  
5327  6336  4309  
4337  8149  4335  
2712  8193  8192  
1176  10447  1414  
4776  8410  7723  
6168  8704  4717  
6771  6772  4492  
677  8563  674  
897  901  896  
3632  8864  8626  
5830  10051  6562  
8747  8922  4095  
6799  8684  5139  
2370  8045  2395  
3114  8275  3564  
3875  7705  5035  
1155  8129  4320  
10093  10308  4977  
7887  7888  2401  
877  3128  882  
8771  10078  8469  
1014  8084  1012  
2364  8048  3188  
8132  8826  3708  
3368  9750  4881  
6369  7958  5909  
5613  8040  5620  
404  7444  405  
1377  8236  4415  
8749  8922  8747  
6167  6985  6984  
2580  8160  8159  
828  9195  7743  
8424  8425  8423  
1694  7910  1696  
4881  9750  8239  
4528  8201  1070  
948  8105  5469  
1220  8477  1227  
2360  8060  2569  
8259  9409  8258  
4926  7357  7356  
860  866  865  
193  529  194  
5219  7099  6401  
9720  11226  2913  
11686  11744  6812  
5342  10065  7891  
1621  9244  5345  
8471  9428  3124  
3147  8657  7920  
4040  8205  8204  
8291  10396  10305  
5498  8240  1347  
3240  8732  1128  
3875  5035  3877  
1849  8662  1850  
6627  8554  4841  
3320  9599  8951  
4841  8554  4154  
6868  9542  9026  
3131  3133  3132  
1510  8242  1517  
2472  7955  2513  
2300  8237  2062  
5285  8088  5290  
8010  8011  8009  
7039  10872  424  
2356  8078  3191  
4462  7666  2859  
4317  7869  4315  
943  3130  951  
6387  7998  5903  
311  8387  312  
3160  4107  3158  
7366  7367  7099  
4743  8250  4742  
4671  4674  4673  
4643  8030  4642  
4926  7356  6592  
629  8724  2574  
2308  7889  2305  
8489  9732  2490  
7652  8206  5475  
2305  7889  2304  
40  7704  7703  
2017  8366  2018  
2438  8162  2668  
7667  10079  7984  
8381  9192  8811  
7627  7628  5442  
4549  8473  7030  
4204  9692  5109  
5521  8441  1332  
3579  10582  7936  
6125  9134  4647  
918  7655  943  
4299  8276  5132  
321  8338  322  
2699  8017  2698  
7991  8380  7994  
3941  8751  8750  
5497  8299  1357  
391  440  392  
4344  8050  4346  
6165  6167  4717  
5623  8010  8009  
8869  8870  5334  
5738  9411  4081  
4539  8664  4537  
1130  8101  3240  
4275  7641  4516  
6976  7412  5220  
6432  8182  8181  
886  887  881  
6727  7948  4923  
7828  8270  7817  
8339  8340  8338  
3392  9150  3394  
8361  8780  8364  
5345  5347  5346  
5660  8869  3507  
5425  7870  5423  
2467  2618  2468  
6270  8769  7554  
2401  7888  2399  
3306  8520  1957  
3136  8007  3048  
1921  8851  8850  
5273  8403  5291  
6273  9006  7729  
2936  3160  3158  
866  870  869  
5667  8552  5669  
6806  11800  8255  
8381  8811  8810  
1731  8272  5508  
4537  8664  4649  
1977  7968  1975  
902  907  906  
2121  2324  2120  
2218  7850  7849  
4038  8631  5489  
2325  2620  2324  
4341  8214  4339  
1394  7504  3120  
5269  8115  5366  
2580  8159  2444  
2804  8426  2806  
990  8559  999  
181  531  182  
198  483  199  
1886  2120  1885  
1886  2121  2120  
837  8224  768  
2470  7970  7955  
4696  8649  4575  
9644  11236  6480  
6310  8000  6302  
1787  1886  1885  
1140  8120  3229  
8410  8411  7723  
112  7646  113  
7879  7880  4239  
8544  8554  8545  
1779  9093  7859  
2121  2325  2324  
87  526  14  
8002  9078  6338  
847  7733  843  
2671  8226  2670  
2121  8730  2851  
2325  2621  2620  
201  8073  431  
8391  8392  425  
5939  8202  5607  
4807  8544  8414  
3187  8704  4710  
3267  7702  4227  
2876  3267  3155  
2522  2876  2856  
876  3129  872  
9014  9016  220  
2667  2931  2666  
492  8385  8384  
3134  7458  1004  
8372  8548  8377  
4716  4717  4025  
4895  10303  4894  
3007  9215  3870  
391  7949  440  
5239  8479  8478  
2577  8233  2382  
5327  7789  6336  
4096  8140  8139  
3732  8256  4560  
4938  8032  4939  
3018  7957  3016  
8335  8336  489  
4288  8703  1557  
2783  8714  2784  
2188  11024  10949  
915  8230  908  
3415  8516  3413  
8474  8477  8476  
190  455  191  
8799  9051  547  
845  2053  850  
921  5514  915  
7160  11234  4568  
8371  8372  540  
936  7927  7923  
2214  2522  2462  
1525  9246  8291  
2513  2723  2514  
183  502  184  
8345  8346  534  
10033  10689  527  
5029  6619  5030  
4776  7723  7722  
8324  9304  8325  
141  7660  41  
2158  2322  2157  
9630  11291  3559  
2783  8715  8714  
3128  7773  7772  
909  1418  1417  
745  8308  747  
866  869  865  
808  7736  800  
3267  4227  3155  
2876  3155  2856  
3145  7720  1432  
5369  7459  7458  
3239  8292  1192  
1541  8099  1539  
3190  8297  8296  
188  530  189  
1279  8473  4549  
8586  8593  4224  
8635  8637  4004  
2522  2856  2462  
1257  3134  1004  
3151  8287  2978  
1886  8730  2121  
6558  10731  10683  
7875  8496  4922  
124  7562  432  
904  908  905  
7603  7605  7604  
1638  7752  1771  
620  9353  622  
907  911  910  
1947  2157  1946  
8265  9876  9705  
5432  7863  5430  
2053  7542  7541  
3305  8225  3234  
4670  4671  4669  
9272  9411  5738  
490  8357  8356  
8707  8930  8706  
4780  6597  6529  
1787  1885  1785  
7461  9528  8992  
7814  7838  7815  
2018  8366  2021  
1416  9244  1568  
2641  9977  2644  
6692  11212  6691  
856  857  852  
2112  8083  1713  
4265  7800  4992  
3936  8150  3119  
872  7684  867  
186  473  187  
7990  8380  7991  
4040  8204  3289  
5213  8132  4245  
6378  7050  6377  
1916  1917  1915  
7600  8455  3921  
4396  9660  9529  
8924  10804  4090  
2579  6090  5583  
3969  8360  8359  
6166  6914  6165  
11326  11584  6898  
5133  8181  4383  
5281  8402  5279  
4418  9192  3492  
2227  8779  8302  
1920  1923  1919  
6320  8221  8201  
8644  8645  6109  
2943  4926  3973  
3331  8304  718  
1918  1919  1917  
2221  7961  2477  
2264  8081  3618  
5670  9715  9173  
3870  8802  3009  
3133  3816  3815  
2216  8075  1926  
8661  8662  1849  
4069  8416  3896  
6090  7642  5583  
3653  5830  5008  
390  7950  7949  
4678  5243  4680  
6749  8047  5922  
2698  7876  2696  
6233  9747  7733  
2219  8469  8468  
532  7983  7981  
3751  5327  4309  
1426  1436  1428  
5147  8029  5148  
3346  9374  3344  
5145  5146  4218  
1557  8703  1551  
9076  9077  8324  
3173  7793  7792  
861  862  857  
8053  10240  5965  
1228  8446  1197  
1951  8208  2123  
7624  7869  4323  
911  919  918  
5310  8643  4128  
4800  8456  3929  
5362  5449  4741  
7325  8529  8528  
6333  8179  8178  
6872  11710  6873  
3444  9338  3442  
867  7719  861  
4357  8393  4817  
6825  7011  7010  
7051  7052  7050  
1525  8291  1514  
8354  8355  6398  
8544  8545  8414  
5101  8278  6122  
1373  8236  1377  
8023  8027  8025  
201  431  202  
5345  9244  7391  
6129  7468  6131  
3243  8427  8426  
5623  8009  4558  
5202  8130  6708  
5803  8865  4730  
3751  4309  2632  
4223  8279  8278  
7422  9848  7890  
1206  8480  1208  
5255  7022  6031  
899  904  900  
835  3173  841  
7113  10976  7111  
1251  10525  1298  
4277  7641  4275  
1576  1638  1590  
7725  7947  2080  
4358  7986  7985  
1801  1865  1800  
8357  8358  8356  
7608  7679  5504  
6000  10348  7553  
6812  11744  6806  
1623  1787  1785  
3608  8200  3606  
8403  8404  8117  
4807  8414  8413  
4589  5029  4590  
5347  5349  5348  
3190  8296  970  
6442  10184  8756  
3441  9395  3443  
817  8856  8855  
2214  2462  2028  
736  8657  880  
6129  6131  4049  
8371  8548  8372  
2957  9035  2592  
8632  8966  1594  
2711  3099  2993  
1914  1915  1913  
8220  9290  3373  
7081  8782  6355  
3808  8037  3260  
3962  5440  3841  
3622  8279  4223  
2409  7883  2414  
2354  9451  2352  
2285  8553  8219  
6314  6315  5395  
934  7923  937  
1519  1576  1525  
7972  7973  7781  
4266  7674  1379  
3435  8354  6398  
4125  7727  3784  
3098  8276  4299  
121  7596  451  
4216  8321  3454  
2989  7979  2662  
2139  8630  2272  
6290  7853  6286  
8316  8319  5360  
829  832  830  
3193  8213  8212  
4090  7771  4091  
2911  8586  4224  
8430  11801  3574  
8665  8667  8666  
816  7743  808  
2173  8219  2175  
2275  8451  2321  
5047  8617  8616  
1512  1519  1514  
1357  8299  1358  
6315  7972  7781  
2218  7849  1698  
3273  8975  1797  
2298  8151  2046  
6820  6821  6819  
4622  4716  4025  
888  8327  728  
3929  8456  3726  
5349  5351  5350  
3128  7772  882  
8746  9742  3805  
894  899  895  
3969  8359  3450  
829  830  828  
6336  7480  7471  
3385  8015  8013  
3800  4025  3187  
1273  4266  1379  
4330  8608  3107  
5437  7953  5435  
8164  9084  7593  
5805  8087  5806  
856  861  857  
1291  8556  2727  
293  8821  423  
1397  1524  1522  
8959  11724  4766  
2266  4049  1996  
1553  1569  1557  
8114  10100  7473  
827  828  816  
843  3701  839  
4316  8576  4313  
1522  7714  1582  
3908  8459  8243  
800  2054  715  
5498  8241  8240  
2313  7579  2467  
2526  2711  2589  
1418  1420  1419  
1891  5942  919  
7246  7247  7244  
6354  6780  6355  
6540  6541  5146  
5360  9041  3990  
4808  5324  4684  
4665  8130  5202  
297  8825  467  
5326  8540  8450  
7769  8168  8167  
2266  6129  4049  
1508  1512  1509  
7637  8315  5480  
2382  8233  8232  
2175  8219  8217  
2579  5583  2398  
389  7950  390  
6284  8003  6283  
1825  1993  1826  
1866  1946  1865  
1539  8099  8098  
8757  8758  4696  
1394  1416  1415  
2712  8192  2713  
4684  7841  5105  
8758  8762  4696  
9199  9920  2849  
3025  7801  3023  
8271  8729  8728  
1629  1825  1630  
8417  10169  6370  
5208  8328  4334  
4881  8421  8420  
6350  8199  5728  
7944  10848  10840  
6778  11080  9253  
7011  7196  7010  
4251  8782  4252  
5705  9828  8928  
397  7501  398  
7805  8863  7807  
1420  1422  1421  
8751  9928  5762  
5330  8448  8318  
6109  6818  5037  
5240  8932  5527  
4558  8009  3947  
2706  7810  2704  
3933  7759  5513  
826  8866  827  
467  8407  8405  
1634  8124  8123  
8519  8521  8520  
1332  8441  1334  
1587  8272  1731  
3187  4710  3169  
7762  7775  1948  
924  7918  926  
2035  7757  2037  
2053  7541  850  
2096  8599  2136  
4690  8273  3624  
5719  9288  1750  
1943  7779  1904  
6385  10241  10127  
2502  8726  2506  
3170  3187  3169  
3826  8283  4791  
832  838  830  
3387  8013  3742  
3564  3945  3944  
1347  8240  1348  
5053  8613  8612  
7808  9663  3146  
5505  8581  8580  
2734  8210  2735  
8140  8141  8139  
5289  8398  8397  
1225  8482  8481  
4107  9208  3158  
6401  8289  5209  
3936  9821  8150  
2609  9352  3343  
3612  8200  3608  
7224  10491  10458  
6314  7344  6315  
2002  8286  2282  
8317  8319  8316  
1834  7787  1795  
1993  7805  1994  
3345  7608  3348  
1312  1394  1393  
3396  9150  3392  
4949  8562  8561  
97  7436  564  
6822  6823  6821  
5505  8580  4962  
6381  9742  8746  
8432  8436  4712  
3957  7945  4606  
4481  5219  5209  
5219  6401  5209  
8104  9782  5229  
7281  8310  7282  
1569  1629  1570  
811  6639  5125  
5142  8136  8134  
8692  8693  5753  
831  8567  8566  
7723  7724  7722  
2968  7767  2967  
1742  8583  5560  
817  8855  791  
6396  6397  5324  
7850  7851  7849  
6355  8782  4738  
6314  8955  7344  
7487  7898  7897  
5601  7864  5603  
3911  10064  9232  
7640  7734  3211  
1430  3145  1432  
4223  8278  5101  
7643  10150  8550  
4922  8496  4036  
3916  10179  10098  
1865  4254  1800  
96  7436  97  
1810  2057  1861  
310  8388  311  
4947  8147  4946  
5404  6923  6526  
3945  5024  4411  
827  829  828  
5820  8552  5667  
8663  9818  5566  
7973  7975  7974  
8299  9053  3199  
3422  8052  4076  
747  8308  750  
999  1905  1246  
3182  8148  7943  
219  9014  220  
987  3142  990  
3348  3350  3349  
2313  2467  2423  
1243  8895  1245  
30  573  120  
395  7532  396  
1508  1509  1437  
6124  7521  4670  
3664  3925  3612  
5362  7234  5449  
7209  8055  8054  
322  8340  323  
3765  8543  3836  
8566  8568  780  
8895  8896  8653  
1757  8600  4129  
1506  8242  1510  
671  8976  673  
3107  8608  2749  
1905  2568  1246  
7762  7776  7775  
5045  8617  5047  
1553  1557  1551  
1122  7947  1120  
3197  8656  8655  
4773  8540  4390  
4461  8558  2152  
528  7534  7533  
2050  8769  2081  
5892  6882  5237  
3028  8556  8283  
1639  1800  1638  
4293  7785  4295  
4741  8112  3796  
3173  7792  841  
3916  8133  3122  
3109  3861  3648  
817  8857  8856  
5199  6551  5198  
2988  3092  2989  
8433  8436  8432  
8753  9084  8164  
9718  10038  5479  
3114  3564  3563  
1547  7755  3144  
886  894  887  
4577  8757  4696  
6279  9320  8187  
3781  8527  4137  
7755  7756  3144  
7122  7376  6551  
1761  8601  1828  
6298  8697  6295  
4354  8393  4357  
4384  8145  4882  
2481  4303  2914  
7736  7737  2054  
2711  2993  2589  
3861  4589  3862  
763  8494  8492  
7784  8874  1737  
7924  7925  4349  
6780  7080  6355  
3793  3794  3106  
9081  9308  1631  
2635  6510  2568  
4589  5112  5029  
2140  8628  2141  
6333  8180  8179  
4248  4249  870  
708  713  706  
6534  6535  5036  
4370  4684  4369  
3099  3830  2993  
4992  6314  5395  
4936  8005  4629  
635  8685  912  
4374  9357  1183  
6512  7666  4462  
6762  8314  5318  
1049  8683  3238  
4242  5223  4293  
4358  7985  1635  
4279  5183  4277  
2635  6614  6510  
2286  2539  2287  
1422  1424  1423  
6123  7944  5098  
1905  2635  2568  
750  8308  8307  
320  8335  489  
2062  8237  2060  
3992  8316  5360  
7543  7544  7542  
533  8343  288  
420  8344  286  
291  8345  534  
1861  7762  1948  
490  8356  327  
9080  9344  3678  
9529  9660  8556  
7738  7739  7737  
2592  9035  5770  
1045  8689  1584  
1512  1514  1509  
5413  7903  4842  
702  1628  700  
787  8858  789  
5481  8709  7271  
7493  7494  5173  
9272  9838  8946  
14  8619  88  
1615  1779  1614  
4881  8420  3372  
7875  8497  8496  
1928  8750  5762  
7794  7795  7793  
6818  6819  5037  
7421  10233  10135  
295  8371  540  
5195  7861  7860  
3768  8783  5483  
5567  8326  3799  
4251  4252  4249  
492  8384  313  
1434  1508  1437  
6024  8059  8058  
756  8462  8460  
6059  6060  5456  
309  8391  425  
330  8383  428  
2531  8333  2692  
316  8389  426  
1526  1891  919  
206  7777  532  
2930  4875  2928  
5236  5237  4125  
5452  6091  5451  
1041  8699  6229  
6432  8183  8182  
7906  7907  3176  
5035  5036  3877  
388  484  389  
4164  8410  4776  
8414  8415  8413  
7760  8677  5513  
451  7378  31  
1547  3144  1545  
862  5143  4255  
3996  8448  5330  
7013  11660  3284  
8660  8661  1849  
2526  2589  2258  
4739  4740  4464  
1821  8152  1736  
3945  4411  3944  
7724  11560  11173  
3268  3841  3267  
1519  1525  1514  
4117  9791  3062  
1076  8735  1073  
5521  8442  8441  
467  8405  298  
6325  10040  7207  
4250  4251  4249  
4949  8561  4950  
3168  3169  3099  
5297  8094  8088  
4239  7887  2403  
631  8724  629  
2978  8287  2977  
7620  8208  1951  
6711  8555  5444  
3695  8753  3689  
8469  8470  8468  
3277  8660  1817  
2967  3109  3108  
5567  9474  8326  
1569  1570  1557  
700  7802  697  
305  8419  466  
2286  2287  2134  
9637  9711  8866  
3700  8541  3699  
895  6093  887  
2152  8558  2153  
2067  9915  9749  
1994  7807  2033  
7298  10626  562  
8578  8579  3242  
1092  8305  1089  
167  459  168  
388  8228  484  
2382  8232  2243  
1638  1771  1590  
2726  2999  2627  
7748  7749  7747  
1576  1590  1525  
4313  8576  4311  
3028  8283  3826  
6354  6355  4738  
7364  9913  36  
2620  2936  2725  
6126  8044  5696  
8265  9705  4854  
1780  1863  1779  
3466  8323  1224  
4431  7954  5117  
6175  6593  5121  
8893  9211  7465  
3109  3863  3861  
8615  10521  8614  
3263  8547  2887  
2897  10547  7451  
2403  7887  2401  
9601  9806  2301  
8373  8825  540  
1892  2028  1891  
4561  4738  4251  
8347  8821  534  
2727  8556  3028  
1612  1614  1613  
960  8368  962  
5125  9033  812  
6330  9052  7947  
6321  7298  6322  
5996  6698  5151  
2116  7814  2575  
2203  8260  2206  
126  504  127  
8217  8218  2180  
4404  4405  3893  
6500  9141  3512  
3130  7558  951  
2379  2627  2285  
4853  6359  5216  
507  7427  7426  
2615  8458  3517  
3564  3944  3563  
7689  7691  7690  
754  8462  756  
7667  7984  7666  
2133  2286  2134  
5450  5451  3812  
8001  9347  907  
4243  5198  4244  
2239  9210  2171  
1273  1379  1274  
2539  10664  7896  
3892  3893  3136  
5688  6332  4892  
3842  3962  3841  
3283  3284  3282  
2723  7481  3037  
2029  2214  2028  
6698  7611  6699  
5640  9308  9081  
2716  2893  2544  
1134  8695  5890  
8790  8793  8792  
7138  8577  5372  
2117  2394  2116  
3281  3282  3280  
1379  1397  1380  
5134  7999  5135  
6137  8652  8651  
3637  8432  4712  
4877  6354  4738  
1610  1612  1611  
1864  2116  1863  
4295  5255  4910  
2407  7878  2405  
7800  8955  6314  
2950  8691  4327  
4521  8315  3914  
4891  5456  4572  
516  7354  7353  
4884  5416  4883  
881  7585  876  
3343  9352  7608  
3146  7757  2035  
4927  5940  4480  
7986  7989  7985  
8025  8027  8026  
8758  8763  8762  
6308  6965  6306  
3236  8256  3732  
2466  8833  5363  
1629  1630  1570  
2133  2294  2286  
98  8445  414  
8585  9963  1180  
3090  8783  3768  
482  7660  141  
3284  7007  4222  
8107  8109  8108  
7805  7807  1994  
3963  5075  3962  
4157  8544  4807  
4303  6853  2914  
5181  8546  4628  
4649  8668  4535  
3317  9085  3315  
3912  8801  4762  
7946  11648  7289  
121  451  31  
838  4243  2939  
2466  2544  2250  
8465  8466  8464  
6558  8495  6022  
8122  8695  3229  
3770  8717  1286  
831  8566  778  
3941  8750  1625  
3768  4639  3766  
4662  8709  5481  
5423  7870  6201  
3784  3786  3079  
5110  6604  5075  
169  524  170  
8301  8303  8302  
8463  8465  8464  
140  7703  482  
5142  8134  4656  
5395  7780  6644  
2904  3097  2834  
8099  8100  8098  
3192  8604  772  
4338  4339  4337  
3150  8826  6274  
2834  7921  2686  
4336  4337  4335  
1995  2154  1993  
4620  5098  4062  
5223  7785  4293  
8463  8464  2237  
4327  9297  8595  
2883  8547  7649  
1630  8633  1570  
5892  7100  6882  
4005  8635  4004  
2033  3146  2035  
1135  8695  1134  
6031  8334  4910  
1823  8750  1928  
4340  4341  4339  
5196  8804  7079  
1981  8454  3568  
2936  3158  2937  
1690  7915  7913  
761  8494  763  
3212  3213  3211  
1825  1826  1630  
962  8368  8367  
4857  8810  6245  
3214  3215  3213  
7981  7983  7982  
806  7761  811  
5344  7868  4927  
3172  7747  7746  
4650  8050  4344  
1853  8443  1854  
4096  8139  3727  
2157  2169  1946  
3216  3218  3215  
7941  8747  4095  
4343  4344  4341  
5417  5418  5416  
2037  2463  2039  
6679  7131  5913  
3202  8227  8226  
1299  9130  1391  
5225  8062  4622  
276  8490  494  
8119  10296  5868  
2414  7878  2407  
5289  8397  5277  
1477  7734  5453  
3910  10589  7305  
6059  6910  6060  
5236  5892  5237  
1947  2158  2157  
6304  6310  6302  
2156  2836  1945  
2696  7876  3152  
1634  8123  8120  
3280  8095  5448  
1491  7751  7750  
3279  3280  3201  
2399  2579  2398  
4541  4965  3838  
5688  9991  6332  
2690  3114  3113  
7631  8571  1944  
8308  8309  8307  
1397  1522  1398  
3210  3211  1473  
4492  8988  4106  
2582  2967  2966  
1608  1610  1609  
2123  8208  2688  
4891  6059  5456  
8589  8592  8590  
6985  10927  7484  
7829  7838  7814  
8861  9673  7350  
5516  6445  4308  
8706  8930  2799  
6653  6654  6276  
204  486  205  
5366  8417  5267  
1912  1913  1911  
3114  3563  3113  
6594  6969  5461  
5911  6369  5909  
1993  1994  1826  
1614  7859  1616  
5221  8022  8021  
5430  7863  6144  
1424  1426  1425  
8351  8821  8347  
6814  7006  5984  
8589  8590  8587  
8058  9706  8057  
8378  8825  8373  
3150  3971  3081  
6302  8000  6300  
5847  8660  3277  
909  1417  905  
4485  8034  4938  
5051  8613  5053  
5453  5467  1479  
4920  7977  4921  
6979  6980  6978  
2226  2258  2154  
5083  8805  6692  
6521  6552  5213  
3969  8361  8360  
795  8754  1642  
5337  7873  4698  
6040  7019  6039  
274  8526  542  
1539  8098  1537  
5909  7958  5907  
2632  7813  2229  
6325  7207  6324  
3015  8082  2742  
4992  5395  5394  
9720  11295  11226  
6362  6363  6361  
8862  9082  6219  
5229  7594  6835  
4842  6626  4841  
852  9138  847  
8381  8810  3503  
3721  3981  3720  
3606  5468  3604  
2479  2730  2478  
6678  7865  4768  
2525  2526  2258  
3768  4640  4639  
7199  7200  7198  
1461  4892  1462  
171  476  172  
5805  5806  4615  
2684  2915  2682  
693  3189  691  
2217  2478  2216  
2582  2968  2967  
2559  3171  2557  
2147  8557  2254  
8292  8293  1228  
5460  5461  5081  
8250  8251  7173  
5053  8612  5055  
3166  3720  3165  
3610  9910  7705  
6851  6852  5486  
3071  8783  2893  
2481  2914  2419  
5199  7122  6551  
3148  8809  7599  
2555  2992  2553  
8090  8836  5290  
2321  2582  2581  
3531  3532  3530  
8323  8325  1224  
1909  2133  1910  
3517  8458  4263  
2264  9661  8081  
43  8945  146  
8535  8536  3239  
4555  10777  10747  
8189  8190  2294  
5848  8578  2789  
5200  9324  7742  
8573  8574  6713  
2696  3152  2694  
4549  7029  4621  
7875  8498  8497  
6215  7047  7046  
2611  2900  2561  
1377  1399  1378  
5089  8636  8635  
394  7537  528  
2676  3202  2674  
1514  8291  3193  
2636  7997  7996  
4159  4841  4154  
7202  7203  6244  
3784  7727  3786  
6282  6284  6283  
5323  6628  4865  
194  7580  195  
9173  9715  1272  
2928  7784  2108  
5452  6978  6091  
2418  2419  2417  
2692  8333  3595  
7548  7549  7547  
4335  8149  7968  
2246  8833  2466  
4766  11724  11336  
6397  6968  5324  
6319  6730  6728  
7853  7854  6413  
2680  3121  2678  
6243  6244  5180  
4404  5141  4405  
1692  1694  1693  
5450  5452  5451  
2129  8463  2237  
5298  5299  4740  
5484  6014  4640  
387  8229  8228  
5905  6387  5903  
6851  7335  6852  
1522  1582  1523  
1928  2216  1926  
3892  4404  3893  
1582  1623  1583  
6146  6904  5141  
6884  6885  4761  
7906  7909  7907  
5931  8629  5928  
2420  2481  2419  
7997  10326  5916  
6282  6283  6281  
5903  7998  5901  
4780  9794  6597  
82  470  83  
7846  7847  4303  
2852  7015  4461  
2716  3071  2893  
5482  8471  4093  
5560  9466  1740  
3048  8007  3046  
1868  2056  2055  
4344  4346  4345  
1606  1608  1607  
3118  3136  3048  
4644  5037  4178  
11159  11194  6349  
4263  8458  7800  
3224  6503  1485  
7797  7798  1436  
2466  2716  2544  
6559  7102  5246  
2670  2897  2547  
1161  8912  1163  
1327  8065  8064  
6774  7609  6775  
2303  9360  2213  
6280  6282  6281  
5561  6174  5503  
2133  2134  1910  
6360  6361  6359  
4857  5180  4069  
6363  7114  6361  
4642  5121  4133  
1552  1553  1551  
4346  4746  4347  
4688  6039  5215  
2233  2235  2030  
3505  8810  4857  
1808  1868  1867  
2394  7834  7829  
2970  8826  3150  
6046  9353  620  
8981  8982  8980  
1866  1947  1946  
5419  5420  5418  
7961  7962  7960  
8492  8493  837  
1690  1692  1691  
11311  11351  9633  
8722  8723  8721  
5245  5246  4528  
1550  1551  1549  
3205  3206  3204  
2291  2310  2293  
3136  9248  8007  
800  7736  2054  
1734  8648  5553  
5219  7366  7099  
2227  8582  2086  
6215  7046  5581  
7109  7111  7110  
7817  8270  7819  
5579  7115  5577  
3207  3912  3206  
8484  8485  3100  
6833  6834  5344  
2421  3204  2315  
6280  6281  6279  
8003  8004  6514  
3925  8231  3612  
1927  8770  2104  
4968  4969  4332  
3118  3892  3136  
5575  7204  5573  
4243  5199  5198  
3595  8333  6474  
2872  8394  2877  
5150  5151  3950  
2246  2250  1943  
697  8288  694  
862  6490  5143  
4805  8606  6211  
5435  7953  6953  
936  7923  934  
4129  9464  1755  
7729  9006  4058  
5854  6727  4923  
3532  7902  7901  
5098  6121  5466  
5475  8206  5474  
6131  7487  7486  
5501  5503  5500  
8603  9833  6383  
4842  7903  6626  
3596  9787  8897  
6286  7853  6413  
6836  8298  5387  
5571  7369  5569  
2479  2731  2730  
4159  4842  4841  
4198  4480  4196  
1904  6380  1834  
1801  1866  1865  
4762  5696  4473  
6146  7167  6904  
3725  4063  3107  
6539  9898  9116  
3727  8139  3882  
3527  3530  3529  
6885  8031  8030  
1416  1568  1567  
2217  2479  2478  
4942  8804  5196  
3793  7673  3794  
5400  8610  8609  
4684  5105  4369  
5990  7129  5991  
8232  8719  8234  
1694  1696  1695  
2906  3107  2749  
5460  6594  5461  
3712  3968  3375  
5047  8616  5049  
3442  9338  3881  
997  8452  8105  
3218  6568  3219  
8446  8447  3225  
1471  1473  1472  
6091  6357  6092  
3162  3164  3163  
4178  7673  3793  
5754  8692  5753  
5944  8530  5303  
2552  2553  2551  
6709  8430  5834  
8109  8110  8108  
1249  7670  1273  
5940  6003  5941  
1928  2217  2216  
271  8793  8790  
6278  6280  6279  
3150  4300  3971  
174  508  175  
8680  8681  4864  
3166  3721  3720  
3736  4062  3220  
3197  8655  732  
3298  8963  661  
1696  1698  1697  
8020  8023  4825  
2246  2466  2250  
6121  6589  6327  
2594  2933  2593  
6058  6864  5225  
2704  7810  3203  
3802  7496  7495  
7197  7199  7198  
2299  2593  2298  
3530  7901  3855  
6275  6276  4300  
7714  8312  8311  
6299  6300  6298  
6364  6365  6363  
5196  6426  4945  
1279  4549  3481  
1454  3172  1456  
3568  4335  1980  
2554  2555  2553  
3997  8805  5083  
6295  8697  6294  
4310  8824  6312  
1731  1808  1807  
180  7587  181  
1434  1437  1435  
1432  1434  1433  
1698  1700  1699  
8093  8836  8090  
4927  7868  5940  
3162  3163  2545  
3090  3768  3766  
2999  3178  3000  
7815  7828  7817  
7873  7874  4922  
223  9021  552  
8361  8362  8360  
2056  8002  2319  
7142  7143  6998  
3002  8209  2870  
5481  7270  6105  
3932  8322  3471  
1795  2112  1713  
5430  6144  5427  
7884  7885  7882  
2708  3088  2706  
1904  7779  6380  
2048  2298  2046  
5473  8802  7650  
6220  6774  5459  
8149  9812  8418  
6275  6653  6276  
1623  1785  1624  
8460  8461  1641  
4750  4752  4751  
8262  8265  8259  
2175  8217  2177  
6612  6749  5922  
798  8444  802  
2299  2594  2593  
573  10333  7596  
7644  7645  3301  
1202  8710  1204  
1700  1702  1701  
6298  9321  8697  
1696  2218  1698  
2970  3081  2584  
8628  8731  2141  
679  3201  677  
3525  3527  3526  
4477  5625  4665  
8723  8725  8724  
4368  4369  4366  
8368  8369  8367  
3950  7790  3712  
4383  8181  5512  
1477  1479  1478  
4614  5805  4615  
6701  8087  5805  
3030  7928  2917  
1444  7906  1446  
5501  5561  5503  
2733  2956  2731  
3083  3166  3165  
4549  4621  3481  
7197  7198  5413  
2556  2557  2555  
5083  5978  4587  
7109  7110  6290  
7548  7550  7549  
6301  6302  6300  
5255  7032  7022  
4371  8895  1243  
2558  2559  2557  
4253  8847  8846  
4752  4754  4753  
2272  5516  4308  
4614  4615  3895  
1698  7849  1700  
1713  8083  1711  
8056  8518  8517  
7924  7926  7925  
2970  3150  3081  
1548  1549  1547  
5255  6031  4910  
2172  2285  2173  
6619  6620  5030  
445  9021  222  
537  8342  8335  
7736  7738  7737  
2379  2726  2627  
5212  5213  4245  
6286  6413  6284  
5423  6201  5420  
1503  6402  1498  
1195  8292  1228  
4339  8214  5594  
3083  3165  2748  
6654  7557  7556  
1702  1704  1703  
4245  8132  3708  
4364  4365  4097  
1948  2172  1949  
4315  7869  4318  
3052  3774  3025  
4299  4383  4382  
6303  6304  6302  
1401  1532  1400  
1330  1400  1329  
1795  7787  2112  
4435  7735  5542  
532  7981  207  
2704  3203  2702  
1256  1329  1255  
1430  1432  1431  
5449  8112  4741  
2048  2299  2298  
4754  4756  4755  
3727  3882  3101  
1639  1801  1800  
1483  1485  1484  
1704  1710  1709  
959  8809  3148  
8361  8363  8362  
6243  7202  6244  
6453  9549  4959  
182  7610  183  
6283  8003  6514  
4756  5026  4757  
2207  8258  2210  
5190  7860  5188  
1861  1948  1862  
5435  6953  5432  
4198  4927  4480  
4819  6325  6324  
999  1246  1000  
6162  7059  6731  
4866  6044  6043  
1702  2223  1704  
5212  6521  5213  
4636  4883  4065  
6833  7310  6834  
8474  8476  8475  
998  1255  997  
4857  6243  5180  
7074  7075  5299  
2726  3101  2999  
5492  5990  5493  
5516  7474  6445  
1692  3143  1694  
2127  8467  8463  
3729  4629  4628  
4851  9973  4852  
990  999  991  
3959  7945  3957  
6939  8538  8537  
1190  8535  3239  
4629  8005  5181  
3694  8164  4017  
283  9108  284  
2655  8194  2712  
3178  5450  3812  
8507  8509  8508  
8942  8944  8943  
843  7733  3701  
6308  9253  6965  
3590  4217  3851  
6278  6279  3164  
2172  2379  2285  
5645  9593  8939  
8500  8502  8501  
5458  5459  4444  
8250  8254  8251  
6150  6431  5133  
3023  3833  3021  
386  8229  387  
3673  4159  4154  
3178  3812  3179  
1462  8178  1464  
7487  7897  7568  
2651  8196  2654  
3981  5460  5081  
8505  8507  8506  
1562  3941  1625  
8981  8983  8982  
6414  9956  8382  
4334  8328  3791  
3247  4408  4406  
8372  8374  8373  
3590  3851  2889  
5883  6473  5002  
1458  1461  1460  
1327  8064  1322  
1426  1428  1427  
3147  7918  924  
4215  8635  4005  
3148  3149  2567  
8538  8539  8537  
8502  8505  8504  
1446  7906  3176  
1428  1430  1429  
6767  6768  5154  
3742  4547  3866  
4082  5501  5500  
6307  6308  6306  
6305  6306  6304  
6588  7313  3195  
4285  4853  4851  
5026  5028  5027  
7841  7842  5105  
3172  7748  7747  
1298  9130  1299  
4017  8164  5471  
5132  5133  4383  
4365  9581  8144  
5481  6105  5480  
1980  7968  1977  
2177  8217  2180  
4950  8561  5041  
536  8390  8389  
3618  8081  4269  
5806  7548  7547  
2416  2417  2413  
3341  3729  3342  
8509  8512  8511  
6270  6271  3300  
3122  8133  3151  
1710  4722  2238  
4180  4865  3987  
8321  8924  3643  
1823  1928  1926  
4269  5529  4271  
5196  6974  6426  
2472  2513  2474  
3921  3922  3149  
5188  6371  5186  
8498  8500  8499  
5158  8573  6713  
4415  4714  1399  
4926  6592  3973  
5562  9170  4693  
2523  8234  2924  
8405  8406  539  
4808  6396  5324  
4467  9395  3441  
7858  10002  5846  
3350  8457  3352  
5028  5922  5921  
6359  7089  5216  
4287  5334  5333  
759  11379  7550  
4405  4789  4788  
8980  9211  4184  
4642  6175  5121  
4370  4808  4684  
6340  9199  7505  
6118  6606  5134  
7947  9052  1120  
3023  7801  3833  
4662  5481  5480  
1479  7904  1480  
4082  5500  3263  
8666  8668  4649  
3147  7919  7918  
5144  6235  6234  
932  936  934  
2674  8226  2671  
2506  3162  2545  
5922  8047  6827  
5083  6691  5978  
3060  8527  3781  
1997  2266  1996  
6004  7127  5361  
7878  7881  7879  
2145  8557  2147  
6251  8188  5194  
2352  9092  2349  
1373  1377  1376  
5323  7464  6628  
949  997  947  
1489  1492  1490  
4350  4920  4351  
2127  8463  2129  
7896  9691  7895  
4279  7706  5183  
4514  6319  6318  
2397  2398  2269  
2745  3094  3093  
1612  1615  1614  
8346  8348  8347  
4629  5181  4628  
2093  8824  4310  
8374  8376  8375  
3742  3866  3743  
3959  7946  7945  
5421  5423  5420  
1637  6810  5498  
6104  6152  5034  
5954  6075  4003  
7231  7232  521  
5981  6631  5982  
2893  3090  2894  
5144  8647  6235  
8026  8029  5147  
4527  4528  1070  
3729  4628  3342  
4942  5196  4945  
2831  3194  2829  
1322  8064  1320  
4620  6123  5098  
5195  7860  5190  
10160  10215  4876  
2272  4308  2273  
2617  2978  2977  
646  8936  803  
8889  9029  458  
25  8702  110  
4961  6238  5505  
8271  8728  8727  
2956  7626  7601  
6445  7414  6446  
4942  4945  3915  
4787  5661  4607  
4496  9711  9637  
2269  8549  2215  
187  7622  188  
5323  8893  7465  
1285  5479  3770  
1771  1810  1772  
8359  8365  4216  
4310  4311  3285  
1810  1861  1811  
4103  9123  4105  
3866  4886  3867  
3762  8802  5473  
8532  8534  8533  
4312  4313  4311  
2231  2315  2232  
3997  5083  4587  
1199  8446  3225  
5424  5425  5423  
6190  7330  7329  
4603  5229  5227  
4714  5492  5491  
3054  7809  2867  
7223  7224  6006  
4076  5965  4743  
2248  9268  1687  
3505  4857  4069  
1464  1467  1466  
2570  2749  2571  
176  571  177  
1353  7922  1355  
4314  4315  4313  
2301  2617  2616  
3214  3216  3215  
2405  4239  2403  
3947  4206  3602  
8507  8510  8509  
3167  8242  1506  
3079  7866  2904  
2485  8484  3100  
1527  5981  5497  
3011  8631  3655  
2210  2231  2211  
3634  9995  9929  
3212  3214  3213  
839  9074  832  
3098  4299  4298  
1251  1298  1252  
1363  7899  1366  
2560  2561  2559  
6258  7717  6256  
5426  5427  5425  
5202  6708  6707  
1389  3373  1411  
5951  7726  5546  
987  990  988  
5245  6559  5246  
3341  3342  3340  
1378  8220  1389  
2330  2570  2331  
6252  7130  6251  
3855  4688  4686  
2670  5621  2897  
5029  5030  4590  
3939  8072  3717  
1921  8850  1422  
1170  8395  2380  
882  889  883  
5848  8579  8578  
9273  9836  6906  
1485  7967  1486  
4889  8057  5099  
3925  11136  11045  
4698  4922  4036  
6918  7269  6605  
483  8216  199  
1438  8212  6054  
5041  8561  8560  
877  882  878  
2310  7894  7893  
3912  4473  4035  
1596  7728  5446  
1001  1251  1002  
3721  7969  3981  
750  8307  752  
5194  8188  5192  
4076  4743  4742  
5098  7944  6121  
3714  8801  3207  
5728  8199  5726  
4825  8025  4826  
5105  9040  4369  
5696  6199  6198  
5148  6321  5455  
7991  7992  7988  
2875  3098  2729  
5143  8647  5144  
4235  8104  4603  
4083  4084  3182  
3210  3212  3211  
4324  4844  4323  
5679  9777  1556  
3997  4587  3985  
2916  8625  1008  
765  8492  837  
912  8722  8721  
8089  8090  5290  
3473  8822  3932  
5730  6350  5728  
5400  8609  5057  
6402  8158  8157  
4687  9167  8971  
1887  2048  2046  
8661  8663  8662  
1461  5688  4892  
1313  3222  1561  
1318  8138  1316  
4742  8250  5331  
720  8304  1908  
4068  4822  4821  
7465  9211  7467  
3174  8211  1519  
8812  9137  6245  
874  877  875  
2901  3040  2836  
3736  4620  4062  
1468  1471  1470  
7285  7337  7287  
8738  8739  420  
8500  8503  8502  
5387  6737  4972  
8089  8091  8090  
1537  8098  1627  
4572  7956  3872  
2116  2575  1863  
4761  8030  4643  
4136  8606  4805  
926  1809  928  
6162  6731  4936  
972  8296  975  
2409  2414  2407  
6180  6645  5337  
828  7743  816  
984  7766  987  
4762  6126  5696  
8356  8358  538  
2771  9203  8677  
693  4307  3189  
6789  6935  5327  
4875  7784  2928  
1615  1780  1779  
3205  3207  3206  
1370  8236  1373  
8666  8669  8668  
3094  7669  7668  
3090  3766  3091  
5453  6259  5467  
6184  6861  6182  
4180  5323  4865  
8105  8452  8106  
970  8296  972  
8596  8597  4903  
6548  11469  8530  
2143  2243  2242  
1163  8912  2267  
3584  3959  3957  
4608  6118  5134  
4826  5147  4828  
4326  8483  4324  
2755  8658  2756  
8597  9586  9172  
6137  8651  6138  
5331  8250  7173  
5192  5195  5190  
4149  8680  4864  
2421  3205  3204  
6167  6984  6168  
7714  8311  1582  
95  8525  18  
2077  7996  2075  
4921  5943  5303  
4069  8678  8416  
1168  8395  1170  
5592  6414  5590  
3138  3775  3140  
4340  4343  4341  
6654  7556  7555  
4318  4444  4319  
4747  4750  4749  
3325  8878  4095  
5116  8276  3098  
4343  4650  4344  
7472  7473  5939  
7638  7936  7930  
4338  4340  4339  
2106  2301  2300  
1537  1627  1535  
6768  8665  8664  
7962  8275  7960  
770  8224  3192  
4658  5623  4558  
768  8224  770  
758  8460  1641  
1438  6054  1440  
2141  2143  2142  
2589  9580  7806  
5590  8382  5588  
1267  8474  8473  
3611  3612  3608  
756  8460  758  
9449  9558  5683  
8140  8142  8141  
1492  1495  1493  
2243  8232  2523  
88  8619  449  
4440  9538  6466  
2386  3183  2384  
880  3147  924  
4336  4338  4337  
876  7585  3129  
2043  2852  2152  
5404  6526  5405  
1783  11089  9625  
1720  10005  7518  
1418  1419  1417  
4548  8416  6566  
492  8386  8385  
4970  5034  4822  
1471  8940  3210  
7814  7815  2575  
2390  2519  2388  
6965  9292  6306  
8041  8042  5620  
5099  8057  6812  
4180  8893  5323  
1278  1313  1277  
2059  2060  2056  
2187  2190  2189  
1446  3176  1448  
6219  9082  7619  
4447  8020  4449  
2519  7877  2388  
7253  8876  7256  
1192  8292  1195  
869  874  871  
6249  6814  5984  
2961  2963  2962  
1230  1277  1229  
2648  3341  3340  
2977  8287  3901  
4606  5786  5410  
3725  4607  4063  
6270  7386  6271  
763  8492  765  
1215  8915  1231  
5252  7970  2618  
3281  3283  3282  
487  8818  383  
2216  9269  8075  
2550  2551  2482  
5428  5430  5427  
2995  8954  5071  
962  8367  964  
2388  7877  2386  
1420  1921  1422  
2483  8484  2485  
6229  9493  1039  
3499  8381  3503  
7932  7935  7934  
3210  8940  5515  
1450  1491  1452  
1474  1477  1476  
6218  8313  5396  
2195  2198  2197  
2275  2321  2297  
1218  1229  1217  
2906  3725  3107  
206  532  207  
3148  3921  3149  
4853  5216  4851  
3222  7411  3223  
4527  5245  4528  
3896  8416  4548  
2742  2744  2533  
2319  6338  2540  
4265  4992  4991  
1591  4358  1635  
6396  6991  6397  
1188  8535  1190  
6304  9292  6310  
3971  4819  4818  
5150  5996  5151  
5161  6993  6068  
1545  7774  1405  
718  8304  720  
4357  4816  4815  
1437  8212  1438  
4263  7800  4265  
752  8307  2109  
3912  4762  4473  
1635  7985  1802  
8121  8122  3229  
3798  4727  4624  
5117  6638  6637  
1546  1547  1545  
7991  7993  7992  
6309  6778  6308  
3251  8596  3253  
4894  8354  3437  
2191  2194  2193  
2136  3301  2137  
5806  7547  7546  
1471  3210  1473  
7350  9673  7349  
524  7971  170  
6892  7157  3431  
3522  3525  3524  
4662  5480  4521  
3497  8381  3499  
1608  3965  1610  
1088  3195  1086  
1587  1731  1729  
3104  8991  3103  
5757  8692  5754  
2617  2977  2616  
5387  8298  6737  
1442  1497  1444  
2298  9241  8151  
2444  8159  2442  
3224  7217  6503  
3035  3036  2724  
2636  7996  2077  
3196  8138  1318  
8134  8135  5025  
2963  3615  3096  
5570  5571  5569  
1480  1483  1482  
2917  3734  2862  
1830  1909  1832  
4078  9080  2941  
6043  6913  6912  
4346  6805  4746  
1355  1527  1357  
5532  5874  4920  
3975  8587  8586  
7352  10889  6972  
3981  5081  3982  
4698  7873  4922  
6297  6298  6295  
1901  7769  7768  
5696  8044  6199  
1366  2064  1368  
1495  1498  1496  
937  4349  939  
3132  5252  2618  
1088  6588  3195  
1513  1518  1515  
9933  10058  6591  
2392  7943  2390  
2060  8237  8002  
5926  6251  5194  
4787  6556  5661  
2199  2202  2201  
2231  2421  2315  
4162  8412  8410  
1420  1421  1419  
7282  8310  7285  
7658  7659  5874  
8533  9934  5770  
1456  7746  1458  
4866  6043  5986  
9106  9107  6696  
6544  6545  4969  
4084  8148  3182  
5568  5569  5567  
5090  8638  5089  
1486  1489  1488  
3568  4336  4335  
1211  1217  1210  
889  896  890  
4688  6040  6039  
4819  6324  6213  
3595  6474  4980  
3046  8453  2660  
8183  8184  8182  
5572  5573  5571  
3279  3281  3280  
6293  6294  5090  
7298  7371  6322  
1361  3199  1363  
4716  6166  6165  
5606  5939  5607  
8531  8532  4893  
7684  7719  867  
2482  7846  2481  
1477  5453  1479  
2789  8578  2790  
5470  7954  4431  
5547  8969  8968  
8420  9082  4142  
4354  4357  4356  
6939  8537  5382  
2717  6892  3431  
8202  8203  6009  
8335  8342  8336  
5447  8615  8614  
3505  4069  3896  
2344  9217  2342  
8740  8741  8739  
1739  8632  1573  
951  1001  952  
5431  5432  5430  
4247  4766  3970  
998  1256  1255  
3013  9042  8631  
3712  7790  3968  
1576  1639  1638  
1345  1637  1347  
1568  1620  1618  
2688  4350  3104  
8372  8373  540  
1984  4359  3520  
789  8858  817  
8336  8337  489  
8083  8085  8084  
2620  8329  2936  
4588  5387  4972  
2081  6270  3300  
5574  5575  5573  
5089  8635  4215  
2562  2611  2561  
4038  5012  4778  
3527  3531  3530  
2570  2906  2749  
1464  8178  1467  
3284  4222  3282  
6698  6699  5151  
8206  8207  6472  
7701  9344  9080  
8088  8094  8089  
2181  2212  2183  
1503  6403  6402  
1249  1273  1254  
1483  3224  1485  
5660  8870  8869  
2075  3181  2073  
1256  1330  1329  
5473  5474  4551  
3870  9215  8882  
171  7971  476  
949  998  997  
8232  8234  2523  
2730  3185  2922  
3503  3505  3504  
2612  2694  2611  
4844  7625  7624  
1612  1613  1611  
8399  8400  8398  
6626  6879  6627  
2301  2616  2300  
4322  4323  4317  
3452  8359  4216  
2136  7644  3301  
6526  7066  6686  
728  8327  730  
3531  5361  3532  
7569  7570  6120  
1520  8272  1587  
4384  4882  4232  
3518  5559  4726  
2688  8208  4350  
1330  1401  1400  
6037  8280  5166  
780  8568  782  
2738  6828  6335  
2203  2206  2205  
3185  3673  3186  
3135  3154  3153  
4289  5495  5038  
2171  9210  2170  
5534  8459  3684  
7935  7940  7934  
3055  3710  3040  
3298  8964  8963  
1625  1823  1626  
8346  8347  534  
2567  9214  8368  
3673  4154  3674  
5005  6258  6256  
2177  2180  2179  
1401  1533  1532  
730  8327  3197  
8120  8123  8121  
1562  1625  1563  
6291  9268  9050  
4946  8145  4384  
4588  4972  4175  
860  865  864  
1823  1926  1824  
3922  4769  3926  
2784  8714  2787  
1736  8152  1842  
3457  8321  3643  
3345  3348  3347  
3182  7943  2392  
4683  5984  4281  
5519  9217  9034  
4315  4318  4316  
1614  1616  1613  
7665  8898  4821  
6828  7525  6335  
6426  6428  6427  
3262  4289  3933  
1926  8075  1927  
4055  5470  4431  
3198  3262  3261  
1351  3200  1353  
663  9073  3298  
4310  4312  4311  
6336  7471  4309  
4752  5233  4754  
3437  8354  3435  
5551  6120  5549  
8881  9614  8880  
1680  1690  1689  
2811  8423  2814  
1591  1635  1592  
3615  4055  3096  
5576  5577  5575  
2924  3013  3011  
561  9877  8525  
4625  9835  9489  
8095  8097  5448  
1532  1591  1564  
909  3141  1418  
2917  7928  3734  
4817  5161  4816  
2220  2302  2045  
3280  5448  3201  
5520  6261  5092  
4168  7721  5404  
6174  7448  7447  
959  3148  2567  
5943  5944  5303  
140  482  141  
6199  7309  7308  
4269  8081  5529  
964  8367  992  
939  941  940  
4365  8144  4097  
3234  8225  3233  
1610  1611  1609  
4274  4275  3816  
941  947  942  
1612  9061  1615  
1324  1327  1322  
4063  4608  4330  
937  939  938  
4946  8146  8145  
5088  5089  4215  
526  8619  14  
4449  8020  4825  
4481  5209  4482  
2742  8082  2744  
4644  6109  5037  
3813  4595  4594  
3122  3151  2978  
3075  4048  3030  
1158  8129  1155  
4603  8104  5229  
1510  1513  1511  
5527  6678  4768  
1197  8446  1199  
2695  2696  2694  
2566  8973  2921  
934  937  935  
1498  8157  1499  
4920  4921  4351  
5578  5579  5577  
2053  7543  7542  
2243  2523  2242  
959  2567  960  
1422  1423  1421  
5803  9030  8865  
2081  3300  2082  
2143  2242  2142  
943  7655  3130  
1554  8472  1553  
3684  8459  3685  
4324  8483  4844  
8349  8353  8352  
4355  8393  4354  
4620  9006  6273  
1358  8299  1361  
6026  7430  5409  
932  934  933  
2207  2210  2209  
7802  8288  697  
1730  9104  4135  
941  949  947  
3450  8359  3452  
7843  9040  5105  
8560  8921  5522  
2963  3096  2962  
1506  1510  1507  
8776  11211  7260  
2046  8151  2047  
7448  7476  7475  
3165  9785  7626  
5433  5435  5432  
1780  1864  1863  
1414  1562  1528  
5291  8116  8115  
3454  8321  3457  
3623  9286  3621  
185  8019  186  
1504  1506  1505  
385  430  386  
4882  8039  8038  
6414  10081  10025  
1337  3209  1339  
8117  8118  8116  
5407  8001  902  
3736  9006  4620  
6835  8634  5227  
683  8565  680  
7133  7134  5918  
4964  8580  6584  
5028  6612  5922  
2870  2895  2588  
6319  6728  6318  
8000  9321  6300  
8532  8533  4893  
1316  1383  1314  
4097  8144  4096  
7285  8310  7337  
1673  2424  1676  
5154  8664  4539  
854  860  858  
3385  8013  3387  
4648  8674  3854  
1837  8648  1734  
5473  5475  5474  
4353  4354  2850  
4962  8580  4964  
1144  8125  1634  
3019  9191  3111  
3922  3926  3923  
1596  5446  1554  
9276  9406  4836  
930  932  931  
5874  7977  4920  
2477  7960  2690  
3652  3653  3353  
2475  2729  2334  
2093  3285  2094  
4400  6610  5249  
4067  4068  3810  
850  854  853  
6072  6313  5482  
3253  8596  3256  
8280  8281  5168  
2933  3584  2934  
5890  6518  1221  
4312  4314  4313  
3387  3742  3389  
2969  3182  2392  
2141  2142  1890  
4318  5458  4444  
8437  8864  4712  
5322  6348  6347  
2215  7770  2214  
8322  9076  8324  
2870  8209  2895  
7366  9894  7368  
2139  2272  2271  
6018  6517  5887  
6793  7343  6794  
5458  6220  5459  
4373  5166  1643  
3448  8780  3969  
1887  2046  1888  
866  4248  870  
5198  5200  4244  
5143  5144  4255  
4427  8880  2874  
3207  8801  3912  
2979  3122  2978  
1559  1606  1604  
2961  2962  2577  
2093  4310  3285  
679  3279  3201  
5978  6492  5979  
1565  1804  1541  
1153  8008  1151  
8199  9763  3458  
4887  6024  4889  
1802  1887  1803  
2286  9341  2539  
3926  5322  3927  
6495  8692  5757  
3173  7794  7793  
4656  8134  5025  
2316  2326  2318  
9048  9049  3157  
6414  8382  5590  
7223  7225  7224  
6431  6432  5133  
8076  8285  8077  
5580  5581  5579  
2819  8701  5531  
8533  9035  4893  
1389  8220  3373  
2477  7961  7960  
3262  3933  3261  
7092  11114  5369  
3094  4514  3093  
2056  2319  2055  
7651  7652  5475  
464  7545  7437  
1377  1378  1376  
4449  4825  4794  
3352  3353  3351  
3232  3233  3231  
5936  6489  6041  
2844  8875  2846  
3198  3261  2767  
5847  8661  8660  
4383  5512  4382  
4052  5142  4656  
5331  7173  7136  
5101  6122  6100  
7651  7653  7652  
1847  1996  1770  
8568  8569  1716  
6631  6632  5982  
1868  2055  1867  
1159  8853  1160  
4339  5594  4337  
3584  3957  3585  
1608  1609  1607  
4289  5038  3933  
122  517  123  
3315  9085  3952  
2061  2062  2060  
4314  4317  4315  
1635  1802  1636  
6460  6475  6462  
6283  6514  6288  
3422  4076  4075  
1637  5498  1347  
4253  8846  3733  
6366  9027  6365  
3420  8052  3422  
5990  5991  5493  
897  5407  902  
4335  7968  1980  
5977  8859  5632  
8034  8035  8033  
4445  5221  4447  
5109  9692  6210  
3230  3231  2067  
7550  11459  759  
6285  6286  6284  
6911  9027  6366  
2697  2698  2696  
5495  6809  5038  
2079  2636  2077  
5525  6797  6776  
3163  3247  3246  
6398  8628  3433  
4634  5768  4633  
5489  5490  5012  
4835  8862  6219  
862  4255  857  
5250  9157  7093  
3685  8459  3688  
5099  6812  6806  
3965  9061  1610  
4322  4324  4323  
5631  8854  5628  
5981  5982  5497  
1151  1209  1148  
6138  8651  6141  
845  850  849  
928  930  929  
3142  8559  990  
6332  6333  4892  
423  8548  8371  
450  8621  8620  
4494  8690  3657  
3473  3932  3471  
3172  7746  1456  
5474  8206  6472  
561  8525  95  
2106  2300  2062  
4344  4345  4341  
5582  6215  5581  
5307  6511  4462  
1864  2117  2116  
8225  8256  3236  
1910  8720  1832  
2765  3198  2767  
3256  8596  4903  
1736  1842  1602  
3615  8898  4055  
1808  1867  1807  
4350  4351  3104  
3202  8226  2674  
5672  8845  8844  
9587  9598  5721  
1495  1503  1498  
7973  7974  7781  
1770  7728  1596  
5867  7166  2080  
2658  3751  2632  
3433  8628  2140  
6596  6869  5659  
1512  3174  1519  
5551  7569  6120  
3762  5473  4551  
3616  3810  3615  
8770  8771  8469  
5603  5606  5605  
1489  3161  1492  
2153  8558  4400  
2063  2106  2062  
5446  8472  1554  
4835  5396  4567  
2959  2961  2577  
4589  4590  3862  
9011  9012  497  
2573  8671  1396  
3826  4791  4790  
3464  8737  3852  
2261  8583  1744  
488  8705  212  
6028  8746  4685  
1320  3196  1318  
1615  9061  5509  
3532  7901  3530  
4364  4366  4365  
2852  4461  2152  
918  943  920  
401  8103  402  
5012  6574  4778  
2082  8779  2084  
2327  2330  2329  
1155  4320  1153  
912  8721  633  
3243  8930  8428  
8149  8418  7968  
9146  9678  683  
7112  7113  7111  
4608  5134  4609  
1660  8976  8942  
2944  8586  2911  
4346  4347  4345  
6277  6278  3164  
811  7761  6639  
4884  5417  5416  
1789  1829  1791  
3348  7608  5504  
2943  7677  4926  
8440  8864  8437  
6488  7154  7153  
2664  3184  2374  
6458  8679  6460  
5759  6495  5757  
1257  3135  3134  
9009  9545  5478  
1499  1504  1501  
6289  6290  6286  
5195  7862  7861  
4226  7964  3945  
5229  6835  5227  
3980  4876  4655  
6721  7193  5951  
4746  4747  4347  
6039  7068  5215  
5768  6900  5769  
1461  1462  1460  
4961  5505  4962  
1527  5497  1357  
6319  7302  6730  
3021  7957  3018  
6446  8451  4308  
5609  6009  5611  
1744  8583  1742  
4146  8862  4835  
926  928  927  
4243  4244  2939  
1160  1210  1158  
1711  8084  1014  
4882  8038  8037  
4630  4936  4629  
3530  3855  3529  
1167  8915  1215  
7465  7466  7464  
3905  4631  4329  
2370  2395  2368  
7108  7109  6290  
5887  8713  5885  
3490  10469  7343  
5950  5951  5546  
3586  8803  3463  
3675  4633  3645  
8790  8791  419  
4299  4382  4298  
943  951  944  
5072  5409  3672  
3227  8601  1763  
5436  5437  5435  
4368  4370  4369  
5613  5620  5615  
5438  7165  5437  
3474  4028  3473  
2634  3095  2899  
5070  8986  8985  
2446  2580  2444  
1909  1910  1832  
4297  5551  5549  
1348  8240  1351  
3814  4209  3710  
3000  8553  2627  
2364  3188  2362  
5492  5493  5491  
6160  6162  4936  
7926  11099  6665  
3123  3916  3122  
2096  2136  2098  
7960  8275  3114  
2452  2454  2450  
776  831  778  
1828  8600  1759  
924  926  925  
5166  5168  5167  
5369  7458  3134  
2195  8269  2198  
1229  3157  1217  
4714  5491  1399  
4821  8898  3810  
3730  8516  3415  
2360  2569  2358  
3752  9984  9805  
6593  7526  5121  
3820  4893  3818  
170  7971  171  
4135  9086  1930  
5287  8088  5285  
6141  8651  6793  
1721  1806  1738  
4606  5410  4705  
8405  8407  8406  
3200  7922  1353  
3213  7640  3211  
817  8858  8857  
5296  5297  5287  
6737  7616  6738  
5619  5936  5935  
3051  3700  3699  
3699  8541  4378  
1759  8600  1757  
8374  8375  8373  
7118  7119  5633  
1825  1995  1993  
4822  6576  4821  
5444  8555  6204  
2374  8045  2370  
2356  3191  2354  
1763  8601  1761  
4768  7865  4209  
2506  2545  2507  
3643  4090  3644  
4898  6711  5444  
2368  8048  2364  
3109  3648  3108  
4675  4678  4677  
2140  2141  1890  
3861  3862  3648  
4248  4250  4249  
4560  10826  4253  
1377  4415  1399  
1731  5508  1808  
5467  7904  1479  
6321  6322  5455  
4727  6078  4728  
2575  9093  1863  
8270  8271  7819  
880  924  923  
3830  4242  4241  
1210  8129  1158  
1473  1474  1472  
3732  4253  3733  
5410  6741  5411  
5253  6996  3804  
854  9264  860  
2362  8060  2360  
5821  6125  4647  
3799  8326  3548  
4411  5547  4412  
1116  1643  1114  
3218  3219  3215  
5289  8399  8398  
1510  1517  1513  
4458  4866  4720  
5005  6256  5211  
2198  8269  8267  
4162  8410  4164  
8159  8161  3177  
4168  5404  4170  
3199  7899  1363  
6082  7025  6975  
4110  8654  5533  
9145  9323  8443  
4735  5567  3799  
2824  2926  2823  
8102  10336  5945  
1112  9435  1109  
1134  1221  1132  
1303  8815  4237  
4068  4821  3810  
5285  5290  5283  
5098  5466  4062  
3247  4406  3248  
3175  9159  5660  
1868  2059  2056  
8717  8718  1294  
4318  7869  5458  
2348  2850  2346  
2576  2577  2382  
4250  4561  4251  
1581  8877  1578  
2872  9503  8394  
2142  11741  7574  
4752  4753  4751  
3672  9772  2107  
2381  2382  2243  
4038  4778  4037  
4688  5215  4686  
3957  4606  3958  
91  8113  16  
6266  8801  7804  
4036  8496  3730  
793  8754  795  
752  2109  754  
1494  9153  6722  
4987  6033  5828  
10955  11364  9123  
4548  6566  4758  
5279  5289  5277  
2877  8394  4987  
8372  8377  8374  
8637  8842  4004  
1140  3229  1138  
3791  8328  3792  
3527  3529  3526  
5147  5148  4828  
5483  5484  4640  
2962  9315  8233  
1479  1480  1478  
1467  1468  1466  
3975  8586  2944  
5607  8202  5609  
2702  8017  2699  
1142  8120  1140  
5412  5413  4842  
5277  8397  5275  
3098  4298  2729  
4164  4776  4166  
841  845  844  
4406  5022  4407  
2690  3113  3112  
8348  8349  8347  
8690  8691  2952  
2986  3791  3274  
1485  1486  1484  
8033  9431  8032  
3732  4560  4253  
5273  5291  5271  
1471  1472  1470  
9010  9011  497  
1313  1561  1277  
3170  3800  3187  
5269  5366  5267  
5417  5419  5418  
547  9051  268  
4636  4884  4883  
3287  3305  3234  
1411  8682  1559  
3499  3503  3502  
5267  8417  5265  
1130  3240  1128  
3271  8527  3060  
1132  8101  1130  
1070  8201  1065  
8273  8274  4042  
1282  8642  1285  
1731  1807  1729  
2060  8002  2056  
6235  6236  6234  
1994  2033  2032  
1144  1634  1142  
2358  8078  2356  
2711  3168  3099  
4754  4755  4753  
2511  8551  2543  
5035  8607  6534  
7748  10097  7749  
2732  2733  2731  
1227  8477  1267  
5930  8629  6683  
5611  8040  5613  
9011  9013  9012  
8778  9510  625  
1881  8901  1877  
3222  3223  1561  
3289  8204  3287  
2703  2704  2702  
8219  9964  8217  
3981  7969  5460  
4756  4757  4755  
1513  1515  1511  
7726  9338  5546  
4975  6478  5877  
2996  3885  2926  
4350  8208  5532  
4621  7700  7699  
948  5469  954  
7749  9991  7747  
7843  9581  9040  
4877  6664  6354  
3471  8322  3469  
4087  8894  4024  
1889  1890  1821  
4157  4807  4160  
5835  6709  5834  
4750  4751  4749  
5275  8403  5273  
3509  8869  4287  
964  992  966  
3236  3732  3237  
4674  4675  4673  
2090  2093  2092  
1268  8473  1279  
2398  8549  2269  
5729  5730  5728  
5146  9509  4218  
506  8776  8775  
4299  5132  4383  
9004  9005  550  
5161  6068  4816  
1176  1414  1178  
4561  4877  4738  
5026  5027  4757  
3233  3236  3235  
1424  7797  1426  
3886  4593  3885  
8346  8350  8348  
3757  3895  3721  
5132  6150  5133  
2887  8547  2884  
2574  8778  627  
6121  6327  5466  
2705  2706  2704  
5465  7197  5413  
9592  9924  8854  
3655  4038  4037  
5492  6203  5990  
8707  9793  8428  
1124  2080  1122  
3472  3473  3471  
1893  2067  1894  
3159  3864  3832  
2707  2708  2706  
8588  8589  8587  
5474  6472  5476  
6610  7334  5249  
4154  8554  4155  
956  959  958  
1492  1493  1490  
8436  8438  8437  
1170  2380  1172  
5271  8115  5269  
4115  6119  4713  
5807  6701  5805  
770  3192  772  
503  8113  91  
2477  2690  2689  
2720  8686  2734  
7439  9772  7438  
5043  8560  5522  
5198  9324  5200  
8721  8724  631  
4281  7706  4279  
5254  6146  5141  
8693  8694  5753  
493  8734  334  
3786  7866  3079  
4656  5025  5015  
2050  2081  2052  
8436  8437  4712  
1477  1478  1476  
5028  5921  5027  
5041  8560  5043  
8091  8092  8090  
7472  8114  7473  
6243  9137  7202  
3525  3526  3524  
1504  3167  1506  
4522  4662  4521  
6503  7967  1485  
4297  5549  5548  
4628  8546  4731  
8425  9066  8422  
3695  9084  8753  
2442  3177  2440  
4835  6218  5396  
6022  8495  6020  
6589  7218  6327  
3026  3052  3025  
4853  6360  6359  
3800  4622  4025  
5467  9927  7904  
1278  1314  1313  
3711  8781  3382  
5922  6827  5921  
4155  8544  4157  
1483  1484  1482  
2952  8691  2950  
6741  6886  6742  
6796  7305  7146  
9758  10006  3797  
5494  5845  3277  
4137  8606  4136  
4805  5624  5406  
2747  2748  2733  
1138  8695  1135  
1230  1278  1277  
4052  4656  4053  
3495  8917  3493  
4806  8931  4399  
6141  6793  6792  
1735  1736  1602  
1491  7750  1452  
3058  8370  2664  
4188  8981  8980  
1489  1490  1488  
6274  6275  4300  
947  8105  948  
3852  8737  4871  
8795  8796  8794  
3942  9736  8789  
2654  8196  8195  
2104  2219  2125  
2003  8903  1900  
4357  4815  4356  
6885  8030  4761  
2442  8159  3177  
9428  9520  2961  
205  7777  206  
1452  7750  1454  
4331  4924  3273  
3082  3083  2748  
1692  1693  1691  
4669  9622  4667  
2648  3340  2649  
1820  1821  1736  
8760  8761  8759  
200  8073  201  
3024  3025  3023  
782  8568  1716  
495  8794  8793  
4597  4614  3895  
5485  5486  5484  
836  839  832  
2129  2237  2131  
2481  7846  4303  
4320  8008  1153  
3762  4551  3763  
1218  1230  1229  
1229  9048  3157  
5928  8629  5930  
8023  8025  4825  
3049  3118  3048  
4634  8314  5768  
5396  6438  5915  
4155  8554  8544  
3675  4634  4633  
6105  7638  7637  
2999  3000  2627  
863  867  861  
8271  8727  7819  
5727  5728  5726  
2875  5116  3098  
5606  7472  5939  
6493  8069  8068  
6761  6762  5318  
208  421  209  
5396  8313  6438  
1279  3481  1280  
5330  8317  8316  
2543  8551  2640  
6360  6362  6361  
2816  2823  2817  
4925  6346  4924  
287  8344  533  
289  8343  465  
465  8345  290  
984  987  986  
537  8335  319  
1816  3277  1817  
1498  1499  1496  
7369  9474  5569  
4593  5834  4596  
2709  2889  2708  
778  8566  780  
2198  2199  2197  
328  8356  538  
2806  8426  2810  
3460  8828  4034  
1067  8683  1052  
3160  5441  4108  
3053  3824  3052  
835  841  840  
4146  4835  4567  
4298  9050  2729  
423  8371  294  
5845  7399  5847  
5639  8599  3285  
3078  9032  4967  
3184  8045  2374  
5297  8088  5287  
285  8738  420  
8723  8724  8721  
5920  8817  5218  
3564  4226  3945  
1162  8853  1159  
6086  6558  6022  
1495  1496  1493  
2084  2227  2086  
736  880  738  
3942  8875  2844  
8400  8401  8398  
3102  3727  3101  
8738  8740  8739  
4573  4891  4572  
2088  8824  2090  
954  8809  956  
5940  5941  4480  
5487  6851  5486  
1424  1425  1423  
6663  6947  6629  
3041  9558  9449  
2086  8582  2088  
6774  6775  5459  
538  8383  329  
2011  8918  2008  
3243  8428  8427  
2000  2246  1943  
5632  8859  5631  
314  8384  536  
2418  2420  2419  
772  8604  774  
6226  6227  5207  
536  8389  315  
3238  8689  1047  
3264  4082  3263  
3256  4903  3258  
4242  4293  4292  
6763  7138  5372  
2475  2875  2729  
8957  8958  496  
5834  8430  6889  
535  8391  308  
1942  1943  1904  
5164  5482  4093  
218  9010  497  
3071  9726  8783  
2777  2986  2779  
2876  3268  3267  
5326  8449  8448  
5166  8280  5168  
1052  8683  1049  
2890  3590  2889  
3168  3170  3169  
1654  9124  1652  
5207  5208  4334  
5383  6938  5382  
758  1641  761  
1903  1904  1834  
3249  7239  5848  
3047  3048  3046  
1286  8717  1288  
1334  8441  1337  
2416  2418  2417  
7478  9217  5519  
5598  6539  6538  
6421  9166  4402  
1211  1218  1217  
4126  5236  4125  
1601  1602  1581  
2485  3100  2487  
8973  9668  8974  
637  8685  635  
1195  1228  1197  
2731  7905  2730  
1893  3230  2067  
1116  4373  1643  
765  837  768  
1245  8895  1328  
4639  9640  3766  
5628  8854  5627  
4146  4567  4147  
1301  8815  1303  
4373  6037  5166  
1510  1511  1507  
4093  8471  3124  
3233  8225  3236  
1047  8689  1045  
326  8736  490  
508  8076  175  
1796  3273  1797  
4354  4356  2850  
7331  7332  6762  
299  8405  539  
3291  4040  3289  
3986  3997  3985  
2585  2970  2584  
3928  4942  3915  
968  3190  970  
1506  1507  1505  
2214  7770  2522  
4136  4805  4803  
2752  2755  2754  
3230  3232  3231  
2816  2824  2823  
2155  2515  2284  
4987  8394  6033  
541  8419  304  
5117  6637  5118  
3143  7912  7911  
1694  1695  1693  
4400  8558  6610  
5092  8147  4947  
1833  1834  1795  
2825  2826  2594  
6442  8756  5584  
3689  8753  3691  
2395  8048  2368  
6003  6008  5941  
1561  9048  1277  
1285  3770  1286  
4199  8897  6071  
5918  8456  4800  
3791  3792  3274  
2967  3108  2966  
4485  4938  4557  
2262  2584  2261  
8626  8627  4729  
1806  1880  1827  
8740  8742  8741  
1190  3239  1192  
4444  4445  4319  
4488  8803  3586  
4232  8037  3808  
5566  9323  9145  
8428  8429  8427  
2438  2668  2436  
8498  8499  8497  
5606  5607  5605  
5537  8920  3274  
2202  2203  2201  
4711  5212  4245  
716  3331  718  
8425  9406  9276  
3709  4245  3708  
3013  8631  3011  
8500  8501  8499  
5318  8314  4634  
7804  8801  3714  
3652  9509  3653  
7988  8827  7986  
4618  9225  5920  
1434  1435  1433  
2420  2482  2481  
5072  6026  5409  
4939  4961  4941  
3188  8060  2362  
2194  2195  2193  
4715  8433  8432  
3864  4481  3865  
2986  3274  2779  
3372  8420  3745  
5609  8202  6009  
6091  6092  5451  
2190  2191  2189  
4311  8576  5639  
3060  3781  3061  
3781  4136  3782  
2907  3241  2865  
1043  8699  1041  
5936  7219  6489  
5914  6679  5913  
8502  8504  8501  
730  3197  732  
3232  3234  3233  
1569  5518  1629  
3785  4125  3784  
4762  8801  6266  
8260  8262  8259  
4025  8704  3187  
1437  1438  1435  
4829  5207  4334  
2033  2035  2034  
6009  8040  5611  
6402  8157  1498  
720  1908  722  
3287  8204  3305  
842  843  839  
8397  8403  5275  
1606  1607  1604  
5657  5659  4895  
4091  5005  4562  
2570  2571  2331  
2321  7976  2582  
1794  1795  1713  
8507  8508  8506  
5917  9048  1561  
1584  8699  1043  
3080  3784  3079  
1983  8454  1981  
2231  2232  2211  
3017  9191  3019  
2582  2966  2581  
5071  8839  2628  
902  8001  907  
2796  8706  2799  
6840  8709  4663  
3163  8187  3247  
3728  4096  3727  
838  2939  830  
7846  7855  7847  
3919  4834  3917  
4353  4355  4354  
3295  4042  3293  
3022  3023  3021  
1432  1433  1431  
5108  6082  5220  
5400  8611  8610  
7252  8876  7253  
793  8855  8754  
4451  9101  3302  
8505  8506  8504  
2569  8078  2358  
6819  9165  7673  
807  808  800  
4357  4817  4816  
4356  9034  2850  
3457  3643  3642  
1712  1713  1711  
799  800  715  
4431  5117  4432  
2717  3431  2718  
3494  9192  3497  
2664  8370  3184  
6628  7500  4865  
3912  4035  3206  
2315  2316  2232  
1385  5464  1326  
1871  9534  7620  
2229  7813  1999  
5186  8644  4645  
3745  8420  4142  
1221  8101  1132  
3945  7964  5024  
4782  5546  3934  
2206  2207  2205  
6938  6939  5382  
5672  8844  5673  
8509  8511  8508  
1690  1691  1689  
2741  8712  2765  
2969  4083  3182  
4964  6584  5120  
5696  6198  4473  
5291  8117  8116  
2035  2037  2036  
5456  7956  4572  
5291  8115  5271  
2502  2506  2504  
4939  8032  4961  
4970  6104  5034  
1696  1697  1695  
4188  8980  4185  
3274  8920  2779  
5912  5913  5911  
1578  8877  1577  
8909  8911  8910  
4255  9138  857  
4546  8781  3711  
7816  9093  2575  
9489  9835  6417  
1504  1505  1501  
175  8076  176  
811  5125  812  
282  8752  491  
3843  4894  3437  
5512  8831  4382  
4497  8880  4427  
4579  8757  4577  
2620  2725  2324  
1698  1699  1697  
1361  8299  3199  
6513  6836  5387  
7122  11044  7376  
868  872  867  
9801  9918  3335  
5343  5344  4927  
4871  8737  5598  
3470  3471  3469  
6075  9693  4003  
2495  4381  2497  
6231  8785  5535  
5043  5522  5045  
8767  8768  8766  
2905  3079  2904  
5936  6041  5935  
8434  8435  8433  
7987  7988  7986  
1700  1701  1699  
4024  8894  4023  
5464  10877  7328  
732  8655  734  
1854  1893  1856  
542  8490  275  
5246  6320  4528  
6291  9050  4298  
5830  6562  5008  
8537  8539  5378  
1817  8660  1819  
4350  5532  4920  
4333  4334  3791  
4399  8931  4398  
3836  8543  4052  
1877  8901  1876  
5209  8289  5210  
2310  2311  2293  
2164  2165  2162  
8263  9876  8262  
3340  9062  8196  
3435  6398  3433  
8885  8890  8884  
1799  1816  1815  
1702  1703  1701  
3624  8273  3295  
1299  1391  1301  
5910  5911  5909  
4276  4277  4275  
2903  2904  2834  
3178  3179  3000  
8906  8909  8907  
1787  4258  1886  
2210  2211  2209  
2037  2039  2038  
1392  9882  8249  
5919  7133  5918  
2787  3249  2789  
1430  1431  1429  
3946  9089  1529  
2543  2640  2639  
1948  1949  1862  
1544  1545  1405  
1526  1892  1891  
2348  4353  2850  
3728  4097  4096  
8832  9268  6291  
3226  8685  637  
2924  3011  2925  
6199  7308  6198  
1995  2226  2154  
6445  6446  4308  
5419  5421  5420  
5915  8681  8680  
4844  7624  4323  
3452  4216  3454  
8885  9069  8890  
8939  9593  3339  
1704  1709  1703  
4458  7711  4866  
3011  3655  3012  
6832  6833  5344  
1288  8717  1294  
5328  5362  4741  
2172  2173  1949  
419  8526  273  
1634  8120  1142  
2735  8210  2738  
2814  2816  2815  
1307  1312  1310  
2147  2254  2149  
8076  8077  571  
4318  4319  4316  
4177  4588  4175  
6732  7485  6088  
714  715  712  
2701  2702  2699  
3992  5360  3990  
2756  2760  2758  
7874  7875  4922  
4405  4788  3893  
7166  7725  2080  
1819  1849  1845  
2552  2554  2553  
1199  3225  1202  
5395  6644  5394  
4055  4431  4283  
8233  8719  8232  
3448  3969  3450  
1134  5890  1221  
7941  8878  5510  
851  852  847  
3626  4690  3624  
4445  8024  5221  
4825  4826  4794  
5089  8638  8636  
2728  8842  2613  
5519  9034  4356  
1900  8903  1899  
855  856  852  
972  975  974  
5624  5761  5406  
4068  4970  4822  
6368  6911  6366  
5908  5909  5907  
2824  2996  2926  
5382  8537  5379  
6233  9138  4255  
5296  6025  5297  
4520  4521  3914  
1850  1853  1852  
7713  10118  6044  
3474  8315  4028  
5532  7658  5874  
2105  11719  11704  
2180  2181  2179  
2073  10042  2071  
2893  2894  2544  
1426  1427  1425  
1898  2068  2002  
2282  4297  3003  
826  827  816  
1160  1211  1210  
1710  2238  1709  
5951  9482  7726  
2760  3060  2761  
7287  8672  7289  
1204  1225  1206  
726  888  728  
2690  7960  3114  
8081  8733  5529  
2767  9203  2768  
846  847  843  
3812  3813  3179  
176  8076  571  
2793  3242  2795  
1087  1088  1086  
2550  2552  2551  
4197  4198  4196  
980  6550  982  
7599  7600  3921  
8951  9599  7254  
2921  8973  3739  
8243  8459  5534  
11547  11631  4595  
1861  1862  1811  
2641  2644  2643  
6362  6364  6363  
7753  7754  7752  
2330  2331  2329  
3596  8897  4199  
7638  7930  7929  
2645  2648  2647  
3630  4729  3628  
8305  8306  6588  
8904  8906  8905  
5620  8043  5615  
451  7379  7378  
6900  6901  5769  
2118  9842  9594  
2120  4392  1885  
1531  1739  1573  
5571  9627  7369  
2202  8266  8261  
3007  3870  3009  
2833  2834  2686  
2801  8930  3243  
1570  8633  4288  
6131  7486  4049  
4938  8034  8033  
2135  7632  7631  
2713  8192  2717  
1566  1577  1565  
3836  4052  4051  
6761  7331  6762  
4315  4316  4313  
5946  8881  8880  
2226  2525  2258  
2225  2239  2171  
10020  10088  4060  
1542  1565  1541  
1538  1539  1537  
5381  5382  5379  
5781  8784  5961  
2008  8918  2007  
5648  9142  1906  
2627  8553  2285  
3866  3867  3743  
1540  1541  1539  
1816  8975  5494  
7178  8620  7179  
2554  2556  2555  
3971  8294  4819  
1534  1535  1533  
3085  3762  3127  
5508  9128  1808  
1551  8703  1549  
9018  9021  445  
4593  5835  5834  
2525  2867  2526  
4366  9040  4365  
3996  5330  3994  
3268  3842  3841  
6460  8679  6475  
7551  7552  6069  
2059  2061  2060  
390  7949  391  
1633  1796  1793  
8912  8913  8911  
2447  2448  2446  
1426  7797  1436  
4034  8828  5115  
6297  6299  6298  
1268  1279  1270  
1796  8966  4331  
7424  7441  7440  
4325  4326  4324  
1124  5867  2080  
2470  7955  2472  
2765  2767  2766  
2449  2450  2448  
2760  3271  3060  
3520  8992  3522  
7923  7927  7924  
5510  8878  3848  
5835  6982  6709  
7101  8678  5180  
5070  8985  4102  
2996  3886  3885  
7204  9627  5573  
6357  6740  6092  
323  427  324  
3745  4142  4141  
4331  8966  6328  
6115  6383  6117  
3368  4881  3372  
6299  6301  6300  
9109  9481  6659  
2712  8194  8193  
4143  4146  4145  
6683  6685  6684  
2618  7970  2468  
1573  8632  1594  
7830  9326  7822  
5283  8836  5281  
6768  8664  5154  
976  989  978  
1816  5494  3277  
2532  2632  2229  
820  6151  821  
711  10448  8041  
2556  2558  2557  
5494  5846  5845  
4886  4887  3867  
5466  9140  4062  
2326  2327  2318  
4273  8448  3996  
5837  8781  4546  
5379  8537  5378  
2828  2829  2826  
2738  6335  2739  
5906  5907  5905  
2132  2220  2045  
3249  5848  2789  
2911  4224  2909  
9079  9736  3942  
2321  2581  2297  
815  816  808  
2451  2452  2450  
2520  2521  2220  
1231  8915  8904  
3994  8316  3992  
5471  6069  5007  
6517  10424  8713  
3009  8802  3085  
7650  7651  5475  
5627  8803  4488  
2020  2045  2019  
1892  2029  2028  
6079  6378  6377  
320  489  321  
3742  3743  3389  
2467  2468  2423  
5494  8975  7857  
2772  8937  2775  
326  490  327  
5976  5977  5632  
5915  8680  4567  
4385  4946  4384  
4233  4384  4232  
5088  5090  5089  
497  9014  219  
4683  6249  5984  
4311  5639  3285  
4401  8708  8707  
1351  8240  3200  
2453  2455  2452  
2586  2588  2521  
506  8775  356  
1128  8732  1125  
4871  5598  5004  
287  533  288  
289  465  290  
291  534  292  
285  420  286  
293  423  294  
4934  6884  4761  
6266  7175  6126  
6293  6295  6294  
4767  8757  4579  
3842  3963  3962  
2655  2712  2657  
4390  5326  4273  
4805  5406  4803  
2743  3015  2742  
7990  7991  7988  
2467  7579  3131  
4149  4864  4302  
90  503  91  
1532  1564  1400  
4331  4925  4924  
5421  5424  5423  
5926  6252  6251  
8438  8439  8437  
2039  2041  2040  
2651  2654  2653  
1796  4331  3273  
318  537  319  
1536  1537  1535  
2713  2717  2715  
2523  2924  2923  
6654  7555  6276  
1213  5239  1220  
4672  9622  4669  
4105  9123  4862  
6211  6356  5624  
1858  1911  1774  
3781  4137  4136  
4789  6202  4788  
8787  8789  8788  
1819  8660  1849  
328  538  329  
1923  7631  1944  
6839  6840  4663  
2206  8260  8259  
3723  3936  3119  
1329  4380  1255  
5398  9698  1681  
1227  1267  1266  
703  704  702  
6244  7101  5180  
1428  1429  1427  
6629  8804  4943  
2211  8772  2209  
2279  8866  826  
1116  9052  4373  
3717  8072  3266  
4229  5511  5510  
8846  10629  9419  
4063  4330  3107  
6027  6028  4685  
309  425  310  
7921  9728  2686  
295  540  296  
2883  4026  2881  
2029  2215  2214  
4185  8980  4184  
312  492  313  
1396  8671  1413  
2534  2742  2533  
8261  8264  8263  
6084  8840  5998  
2221  2477  2476  
314  536  315  
3637  4712  3635  
1810  1811  1772  
316  426  317  
5904  5905  5903  
3984  3985  3940  
3295  8273  4042  
7337  8672  7287  
5630  5631  5628  
330  428  331  
3042  3263  2887  
307  535  308  
7961  7963  7962  
272  8790  419  
2685  2686  2684  
6301  6303  6302  
1550  1552  1551  
3938  3939  3717  
705  706  704  
5424  5426  5425  
4136  4803  3782  
5511  6442  5584  
5725  5726  5723  
297  467  298  
7928  8929  3734  
5586  6799  5139  
3373  8682  1411  
3963  5110  5075  
2684  9728  2915  
1100  8970  1097  
707  708  706  
3640  8432  3637  
282  491  283  
3971  4818  3081  
710  712  708  
8629  9332  6683  
4293  4295  4294  
4076  4742  4075  
4110  5533  5179  
987  7766  3142  
3208  3714  3207  
2063  2107  2106  
1331  5521  1332  
997  8105  947  
2397  2399  2398  
305  466  306  
1514  3193  1509  
5955  6629  4943  
2117  7839  2394  
1868  9128  2059  
4091  7771  5005  
2456  2533  2455  
2869  2870  2588  
5377  5378  4773  
1008  8625  1006  
299  539  300  
1467  8940  1468  
3458  9598  9587  
1552  1554  1553  
5110  6605  6604  
5762  8841  2217  
5779  8784  5781  
303  541  304  
1267  8473  1268  
2061  2063  2062  
3820  8531  4893  
8928  9828  2997  
6273  6710  6123  
489  8338  321  
5806  7546  4615  
6914  9947  6165  
5166  5167  1643  
3703  3915  3593  
3357  4694  3355  
1802  8215  1887  
5049  5447  5051  
3854  4715  3640  
4132  4398  3551  
255  9004  256  
5968  8834  4512  
1016  1711  1014  
5061  5720  4937  
3981  3982  3720  
301  424  302  
3715  3987  3714  
1010  2916  1008  
3242  4401  2795  
5902  5903  5901  
2948  8595  2946  
3660  8917  3495  
3781  3782  3061  
2830  2831  2829  
6113  8603  6115  
7579  9552  3131  
312  8387  492  
2683  2684  2682  
1742  5560  1740  
279  438  280  
3064  3708  2971  
4786  4787  4607  
2991  3002  2870  
2558  2560  2559  
6045  10763  10668  
5336  5337  4698  
5093  5520  5092  
5326  8448  4273  
4771  5627  4488  
4015  4019  4013  
1225  8710  8482  
4697  4698  4036  
1700  8155  1702  
8215  8838  2048  
4000  4006  3998  
5673  8844  5779  
4006  8805  3998  
3246  8605  2545  
3616  4067  3810  
2999  8154  3178  
3045  3046  2660  
3988  4180  3987  
383  8818  384  
6179  6180  5337  
3922  3923  3149  
2428  3228  2426  
4009  4012  4007  
4022  4023  4020  
6001  7341  5999  
1580  1581  1578  
947  948  942  
2079  8572  2636  
1303  4237  1305  
1282  1285  1284  
3090  3091  2894  
2617  2979  2978  
435  9008  9007  
9712  10012  4398  
8715  8716  7240  
5031  5946  4497  
2832  2862  2831  
4373  9052  6330  
3589  9091  3587  
3818  9035  2957  
4798  4848  3989  
6646  6648  5520  
8083  8084  1711  
1652  9124  4362  
3908  3989  3695  
3833  7957  3021  
8822  9996  3932  
1387  2573  1396  
3655  4037  3953  
2445  2446  2444  
6590  6591  5720  
3888  4036  3730  
1746  2261  1744  
5779  8844  8784  
4992  5394  4991  
1548  1550  1549  
8886  8887  8885  
9008  9009  9007  
7349  9673  7358  
3632  8626  3630  
8245  8246  8244  
8909  8910  8907  
2735  2738  2737  
6181  6182  6180  
941  942  940  
2136  2137  2098  
4017  5007  4138  
4571  4572  3872  
3708  8826  2971  
2326  8861  2327  
2749  8608  2750  
1813  1838  1782  
5821  6634  6125  
276  494  277  
4958  5837  4546  
5311  7076  5310  
4119  8531  3820  
3070  6863  3002  
4549  7030  7029  
4321  4322  4317  
3688  8459  3908  
4134  4642  4133  
5768  5769  4633  
3144  7774  1545  
5330  8316  3994  
4086  4087  4024  
7123  11713  5557  
3739  5097  4212  
8574  8575  6713  
4308  8451  2273  
3694  4017  3746  
8790  8792  8791  
1757  4129  1755  
1879  1881  1877  
6626  6627  4841  
3424  8902  3426  
1761  1828  1759  
5575  9699  7204  
2979  3123  3122  
3229  8695  1138  
2963  3616  3615  
5426  5428  5427  
5864  5918  4800  
7776  8816  7775  
9764  9912  5894  
4063  8222  4608  
4593  9041  5835  
959  960  958  
6517  8713  5887  
1328  8653  1387  
2681  2682  2680  
4174  4175  4088  
2093  2094  2092  
6303  6305  6304  
2790  8578  2793  
911  1526  919  
8246  8248  8247  
6183  6184  6182  
274  542  275  
6426  6427  4945  
2730  2922  2478  
3123  3917  3916  
2720  2734  2722  
1766  3227  1763  
5330  8318  8317  
4715  8432  3640  
939  940  938  
2801  3243  2804  
4229  5510  3848  
1295  1331  1297  
5168  5169  5167  
648  8936  646  
3220  9140  3216  
4593  4596  3885  
701  702  700  
3766  3767  3091  
8906  8907  8905  
8973  8974  5097  
3285  8599  2094  
8907  8914  8905  
1591  1592  1564  
6793  6794  6792  
5857  6453  4959  
2679  2680  2678  
5404  7721  6923  
6271  6272  3300  
5845  5847  3277  
8892  9100  2337  
4403  9310  3366  
8772  9204  8773  
1288  1294  1293  
3233  3235  3231  
5900  5901  5899  
7908  11594  11403  
1841  1872  1839  
1071  4527  1070  
6572  10907  6570  
6174  7447  5503  
5135  7999  5525  
272  419  273  
2977  3901  3900  
6346  7564  4924  
4802  4806  4399  
2918  3030  2917  
3505  3896  3504  
1337  8441  3209  
7048  7449  6076  
4848  5999  4849  
4059  4133  4058  
7032  9047  7022  
937  938  935  
2956  7905  2731  
5536  8244  8243  
2434  8941  2431  
3031  3075  3030  
5535  5536  5534  
7115  9699  5577  
6072  6750  6313  
4360  5534  3684  
8401  10404  8404  
4004  8842  2728  
3076  3645  3075  
5511  5584  5510  
6496  8659  6495  
6305  6307  6306  
2771  8937  2772  
3060  3061  2761  
2081  2082  2052  
3688  3695  3689  
2936  2937  2725  
3469  8323  3466  
1104  8995  1101  
1625  8750  1823  
8302  8779  6272  
1902  2003  1900  
7930  7932  7931  
1273  7670  4266  
5115  8828  5931  
7264  8849  8848  
8963  8964  8962  
3217  3220  3216  
5835  9041  7959  
6972  9118  5996  
7642  7643  5583  
2950  4327  2948  
939  8284  941  
1884  1899  1882  
1108  8996  1105  
3961  9808  7172  
4853  9177  6360  
6043  6912  5986  
3901  4285  4284  
1662  8942  2935  
1097  8970  1096  
7806  8863  7805  
2677  2678  2676  
8884  8890  475  
3926  3927  3923  
5584  8756  7942  
3630  8626  4729  
1875  1876  1873  
4017  5471  5007  
6823  6825  6824  
2741  2765  2764  
8899  8900  547  
1905  6394  2635  
6348  6349  6347  
635  912  633  
2933  2934  2593  
2819  5531  2822  
6874  7105  6403  
934  935  933  
1816  1817  1815  
2775  2777  2776  
5471  7551  6069  
3604  7632  2135  
4767  8760  8759  
207  7981  208  
8410  8412  8411  
3069  9152  4235  
5428  5431  5430  
2334  9050  2248  
2759  9111  6098  
7551  7553  7552  
4052  8543  5142  
3221  3736  3220  
6913  7003  6912  
4819  6213  4818  
7685  7686  6852  
2863  2917  2862  
495  9051  8795  
4038  5489  5012  
8322  8324  8323  
4371  8896  8895  
8795  8797  8796  
2219  8770  8469  
2749  2750  2571  
8688  9345  1330  
5081  5082  3982  
4921  5303  5302  
5978  5979  4587  
2946  3975  2944  
2725  8639  2324  
6324  7237  6213  
5930  6683  6682  
8085  8086  8084  
2272  2273  2271  
4196  9189  4193  
495  8795  8794  
3269  8701  2823  
6261  8147  5092  
2135  7631  1923  
5525  7999  6797  
2010  2011  2008  
5303  8530  6831  
3914  8315  3474  
3350  3351  3349  
3646  3675  3645  
11710  11736  6873  
5115  5931  5928  
5834  6889  4596  
3468  3469  3466  
5326  8450  8449  
6185  6652  6184  
9002  9003  452  
4738  8782  4251  
2014  2015  2012  
5525  6776  5526  
495  8793  270  
6428  7479  6427  
256  9004  550  
2006  2007  2004  
5579  9723  7115  
1785  8564  1786  
1049  3238  1047  
3203  8017  2702  
3657  8690  2952  
2755  2756  2754  
1796  1797  1793  
1054  1067  1052  
5522  8921  8618  
387  8228  388  
1752  9288  2483  
44  416  148  
6443  7848  6442  
8950  8951  7254  
3682  3684  3683  
5057  8609  5059  
2777  2779  2778  
5322  6347  3927  
2635  8238  6614  
6394  8238  2635  
1630  8947  8633  
2346  9034  2344  
7698  9140  5466  
2675  2676  2674  
8013  8015  8014  
8622  8623  8621  
2429  2430  2428  
3394  9150  3420  
1085  1086  1083  
4228  4229  3848  
5055  5400  5057  
3503  3504  3502  
6307  6309  6308  
2046  2047  1888  
6115  8603  6383  
6773  10917  10845  
7776  9952  8816  
1849  1850  1845  
2282  8286  4297  
9601  9772  7439  
2893  8783  3090  
2018  2019  2016  
1101  8995  1100  
2143  2381  2243  
4715  8434  8433  
932  933  931  
8453  8833  2247  
709  8961  8960  
1351  1353  1352  
4910  8334  4911  
2059  9128  3906  
4882  8037  4232  
7046  9723  5581  
3321  9085  3317  
2846  8875  2853  
5158  6713  6712  
2120  8639  4392  
2121  2851  2325  
2105  11704  6788  
1926  1927  1824  
3673  3674  3186  
1379  1380  1274  
4154  4155  3674  
4805  6211  5624  
1887  1888  1803  
1337  1339  1338  
9812  10032  7272  
1823  1824  1626  
1267  8477  8474  
1660  8942  1662  
4866  5986  4720  
4231  4232  3808  
1635  1636  1592  
5135  5525  5524  
4608  4609  4330  
5396  5915  4567  
4493  4494  3657  
1492  8952  1495  
5059  8609  6563  
1045  1584  1043  
3185  3186  2922  
7161  7162  7052  
2660  8453  2247  
4295  4910  4296  
2548  2670  2547  
1625  1626  1563  
7986  8827  7989  
866  9264  4248  
5568  5570  5569  
699  700  697  
4581  8765  4767  
3262  4979  4289  
3236  3237  3235  
3921  8455  3922  
3584  3585  2934  
3732  3733  3237  
5431  5433  5432  
7319  10366  10084  
2811  2814  2813  
7699  9718  5479  
8951  9801  3320  
4723  5994  4650  
7487  7568  7486  
1345  1347  1346  
7699  8642  3481  
5699  8971  6342  
5941  9189  4480  
5570  5572  5571  
1397  1398  1380  
8463  8467  8465  
5759  6496  6495  
5007  8573  5158  
2309  2547  2308  
1771  1772  1590  
382  487  383  
7932  7934  7933  
2431  8941  2430  
1343  1345  1344  
4195  4196  4193  
8496  8516  3730  
2443  2444  2442  
1599  5679  1556  
2806  2810  2808  
3691  3694  3693  
6737  6738  4972  
1276  9054  1382  
7256  8876  7266  
7448  7475  7447  
1853  1854  1852  
4278  4279  4277  
1802  1803  1636  
1041  6229  1039  
6219  7618  6218  
3743  8823  3389  
3694  8753  8164  
8027  8028  8026  
4760  4761  4643  
1334  1337  1336  
1562  1563  1528  
2576  2959  2577  
127  10459  34  
3057  8946  4902  
1079  1080  1077  
2234  2304  2233  
4068  9134  4970  
2768  2771  2770  
6049  6499  5896  
2266  6130  6129  
3635  8864  3632  
4848  6001  5999  
3688  3908  3695  
4577  4696  4575  
5091  5092  4947  
2929  2930  2928  
8521  8830  8520  
1105  8996  1104  
3733  8846  4612  
930  931  929  
4618  5920  5218  
6226  7392  6227  
1848  9064  1239  
6162  7060  7059  
3155  3156  2856  
4360  8965  5543  
3901  9177  4285  
2031  2233  2030  
6283  6288  6281  
3729  4630  4629  
5572  5574  5573  
7125  7126  5994  
4499  4741  3796  
8424  9406  8425  
4191  4192  4189  
211  488  212  
458  9029  349  
5381  5383  5382  
3908  4798  3989  
3301  8630  2137  
1546  1548  1547  
4687  8971  5699  
2615  9318  8458  
6492  6493  5979  
6632  6929  6633  
4767  8759  8757  
1233  8904  3333  
2427  2428  2426  
5946  8880  4497  
1829  1830  1791  
1893  1894  1856  
1204  8710  1225  
4219  4937  3660  
1991  9088  1988  
3249  7240  7239  
6971  6972  5996  
3685  3688  3687  
6238  9462  5505  
4187  4188  4185  
2381  2576  2382  
1091  1092  1089  
3163  3246  2545  
9409  9471  8257  
9324  9325  7742  
5474  5476  4551  
2560  2562  2561  
3403  3979  3401  
6282  6285  6284  
2437  2438  2436  
3503  8810  3505  
3158  3159  2937  
4028  8822  3473  
791  8855  793  
3  9872  444  
1387  8653  2573  
2435  2436  2434  
2439  2440  2438  
2760  2761  2758  
4735  5568  5567  
8886  8888  8887  
2772  2775  2774  
1273  1274  1254  
7158  8686  3431  
7134  8456  5918  
2133  8189  2294  
4142  8862  4143  
2688  3104  3103  
5443  6004  5361  
7264  8848  7261  
3320  9891  9599  
4183  4184  4181  
795  1642  798  
782  1716  785  
2441  2442  2440  
5377  5379  5378  
4285  4851  4377  
2041  2043  2042  
1797  8975  1799  
1992  2030  1991  
8942  8943  2935  
4440  6466  5076  
5180  8678  4069  
3247  8187  4408  
6656  6657  4515  
1594  8966  1633  
4581  4767  4579  
3682  8965  4360  
8795  9051  8799  
6178  6553  6053  
2972  8572  2079  
5059  6563  5136  
2738  8210  6828  
2210  8257  2231  
1361  1363  1362  
5574  5576  5575  
5378  8540  4773  
3789  9481  9109  
5481  7271  7270  
3085  8802  3762  
2793  8578  3242  
3409  4010  3407  
2926  3269  2823  
8679  10172  6475  
6278  6287  6280  
217  9010  218  
4567  8680  4147  
4090  4091  3644  
3162  6277  3164  
4829  6226  5207  
2814  8422  2816  
4678  4680  4679  
4906  5599  5084  
2426  8648  1837  
6256  6257  5211  
3417  3730  3415  
451  7596  7380  
5549  5550  5548  
3588  9187  8979  
1909  8189  2133  
7616  7617  6738  
3020  3021  3018  
806  811  810  
1353  1355  1354  
1988  9088  1987  
1355  1357  1356  
3426  8902  3429  
1363  1366  1365  
6759  6761  5318  
2419  8868  2417  
4142  4143  4141  
5954  6813  6075  
5167  9113  1643  
8361  8364  8363  
5536  8245  8244  
8904  8905  3333  
8786  8787  4078  
1853  9145  8443  
5738  9838  9272  
1366  1368  1367  
4258  8730  1886  
1414  1528  1178  
2986  4333  3791  
6364  6366  6365  
5164  6072  5482  
4360  5535  5534  
2094  8599  2096  
956  8809  959  
213  8705  548  
5410  5411  4705  
5317  5318  4634  
5769  9114  4633  
1060  1640  1058  
3067  4462  2859  
8423  8425  8422  
1981  3568  1980  
3682  4360  3684  
5397  9704  9550  
8394  8843  6033  
1095  1096  1093  
8246  8247  8244  
3413  4391  3411  
7304  11332  903  
928  929  927  
2090  8824  2093  
8140  8143  8142  
3957  3958  3585  
1522  1523  1398  
3868  8979  4566  
5576  5578  5577  
2315  9099  2316  
3951  5150  3950  
6028  10021  8746  
639  3226  637  
6472  7345  5476  
4657  5310  4128  
2873  9127  2371  
3325  4095  3323  
2562  2612  2611  
1065  8201  1063  
8971  8972  6342  
5002  9374  4122  
3374  3375  3283  
1889  2140  1890  
7109  7112  7111  
926  927  925  
2612  2695  2694  
1582  1583  1523  
3847  3848  3327  
4606  4705  3958  
3588  8979  3868  
6398  9867  8628  
6005  6006  6004  
4146  4147  4145  
5005  5211  4562  
5055  8612  5400  
1069  1070  1065  
333  493  334  
1099  1100  1097  
546  8885  8884  
7845  9581  7843  
8168  8170  8169  
4297  5548  3003  
3654  4739  4464  
319  8335  320  
7439  9806  9601  
9550  9704  8576  
548  8872  214  
327  8356  328  
1113  1114  1112  
546  8886  8885  
2810  8426  8424  
814  820  819  
286  8344  287  
288  8343  289  
290  8345  291  
6741  6742  5411  
5599  9893  9568  
5536  8243  5534  
5163  9058  6084  
3643  3644  3642  
7753  10490  5937  
1623  1624  1583  
1231  8904  1233  
5950  6721  5951  
3103  8991  3821  
3159  9208  3864  
1246  1247  1000  
1075  1076  1073  
294  8371  295  
999  1000  991  
1999  8332  1997  
2717  8192  6892  
4656  5015  4053  
3472  3474  3473  
4663  8709  4662  
1422  8850  1424  
308  8391  309  
335  8734  543  
313  8384  314  
284  8738  285  
4861  9089  3946  
315  8389  316  
1115  1116  1114  
4333  4829  4334  
4184  8893  4181  
329  8383  330  
7730  8712  6335  
4455  9101  4451  
924  925  923  
9001  9002  452  
450  8622  8621  
11215  11386  8592  
4961  8032  6238  
298  8405  299  
2506  8726  3162  
5978  9686  6492  
4585  4820  4583  
7222  7223  6006  
2855  4078  2941  
6766  6767  5154  
5578  5580  5579  
304  8419  305  
1854  8443  1893  
4736  6421  4402  
3713  3950  3712  
5433  5436  5435  
4630  6160  4936  
629  2574  627  
2628  8839  2279  
5753  8694  5751  
3812  9228  3813  
8655  8657  734  
5279  8402  5289  
357  8775  572  
4057  4058  3737  
6825  7010  6826  
990  991  988  
3286  3287  3234  
2342  8892  2339  
5657  6596  5659  
1820  1889  1821  
823  835  833  
5802  5803  4730  
4514  6318  6317  
5660  9629  8870  
4240  9505  5601  
7255  8950  7254  
1185  9357  1188  
4358  7987  7986  
3684  3685  3683  
789  817  791  
5163  6084  5998  
2816  2817  2815  
6069  8573  5007  
2104  8770  2219  
4848  4849  3989  
4628  4731  3342  
7031  11731  4483  
880  923  738  
2695  2697  2696  
633  8721  631  
3565  8654  3113  
3327  8878  3325  
1785  1786  1624  
5999  6000  4849  
646  803  644  
3376  3712  3375  
5781  5961  5783  
325  8736  326  
3679  3682  3681  
3932  9076  8322  
3843  4895  4894  
6200  9036  4600  
6728  7012  6729  
2545  8605  2507  
6105  7637  5480  
4938  4939  4557  
1107  1108  1105  
357  572  358  
4791  6623  4790  
4653  10224  6172  
437  8956  338  
1103  1104  1101  
8557  10754  6524  
3105  3106  2930  
908  8230  909  
4470  9207  4513  
3915  9226  3593  
275  8490  276  
6915  6916  5033  
5134  5135  4609  
340  8957  496  
8839  8866  2279  
3762  3763  3127  
4961  4962  4941  
873  876  872  
2823  8701  2817  
4658  6262  5623  
6584  6779  5120  
3102  3728  3727  
6418  8949  5709  
2853  8786  2855  
3750  3793  3106  
5218  8817  6035  
5580  5582  5581  
4159  5412  4842  
4052  4053  4051  
5372  8577  4683  
4782  5950  5546  
1114  9113  1112  
4652  4667  4666  
4937  8917  3660  
273  8526  274  
692  693  691  
2837  2928  2108  
3247  3248  3246  
4358  9202  7987  
4282  4683  4281  
2780  2783  2782  
5898  5899  4861  
5290  8836  5283  
627  8778  625  
546  9029  8886  
4820  8767  8766  
6514  6515  6288  
1725  8934  8933  
3147  7920  7919  
1601  1735  1602  
2810  2811  2808  
2584  9237  2261  
2479  2732  2731  
1348  1351  1350  
3809  4178  3793  
1928  5762  2217  
1735  1820  1736  
3718  11600  7155  
1368  1370  1369  
3087  3678  3677  
6285  6289  6286  
5007  5158  4138  
2515  2878  2619  
2726  3102  3101  
8375  8379  8378  
3429  4906  3756  
5709  8949  5711  
3266  8676  3264  
7278  7281  7280  
1328  8895  8653  
1340  1343  1342  
3739  8973  5097  
3119  8150  3118  
5049  8616  5447  
2673  2674  2671  
4501  5737  4455  
3348  3349  3347  
709  8960  657  
7157  7158  3431  
4017  4138  3746  
4862  6587  6586  
8174  8176  8175  
3323  8922  3321  
2787  2789  2788  
8325  9304  1166  
6119  7078  6718  
4082  5502  5501  
281  8752  282  
2043  2152  2044  
4621  7699  3481  
6330  7073  6037  
5582  6216  6215  
812  9033  814  
269  495  270  
3288  3289  3287  
8349  8352  8351  
6092  9228  5451  
6289  7108  6290  
1370  1373  1372  
2433  2434  2431  
9012  9015  9014  
3990  9041  3886  
1373  1376  1375  
8172  8174  8173  
3514  6500  3512  
2867  9316  2526  
2319  2540  2320  
5729  6032  5730  
534  8821  292  
3645  9114  3075  
8330  11513  11325  
3166  3757  3721  
6167  9947  6985  
5436  5438  5437  
3688  3689  3687  
8960  9133  654  
2377  2378  2117  
687  9146  684  
5875  9554  4257  
3470  3472  3471  
3655  3953  3012  
8904  8915  8906  
4400  5249  4709  
5991  6190  5992  
3887  3990  3886  
5196  7079  6974  
8235  9042  3013  
8170  8172  8171  
2697  2699  2698  
1311  9356  1843  
7419  11314  466  
2299  2825  2594  
540  8825  296  
5584  7942  7941  
6222  6223  5068  
2168  2170  2166  
3768  5483  4640  
2540  2745  2541  
7080  7081  6355  
4970  9134  8197  
4614  5807  5805  
4815  7360  5519  
2902  3672  2107  
8034  8036  8035  
2855  8786  4078  
3694  3746  3693  
684  9146  683  
4520  4522  4521  
2793  2795  2794  
2842  9079  3942  
3011  3012  2925  
8264  10068  8263  
2307  2308  2305  
3773  8954  2995  
6886  6887  6742  
3985  9239  3940  
2506  2507  2504  
9053  9457  3199  
270  8793  271  
5869  8711  4177  
4866  7711  6044  
5083  6692  6691  
4819  8294  6325  
5175  6337  5063  
1871  7620  1951  
4680  4831  4681  
4039  5072  3672  
4406  4407  3248  
8886  9029  8889  
7815  7817  7816  
2710  10339  8652  
5511  6443  6442  
1515  1520  1516  
1111  1112  1109  
734  8657  736  
1825  9295  1995  
2123  2688  2333  
2324  8639  2120  
2640  2641  2639  
3563  3565  3113  
2853  8875  8786  
352  8884  475  
7956  9240  3936  
6390  8860  6602  
5727  5729  5728  
3682  3683  3681  
4065  10052  3707  
7715  9189  5941  
3751  6789  5327  
2723  2724  2514  
1570  4288  1557  
678  679  677  
2327  8861  2330  
8284  8923  949  
4271  9143  4564  
4469  9091  3589  
8337  8339  8338  
6323  9113  5167  
5598  6538  5004  
2648  2649  2647  
3201  8563  677  
4543  6494  5242  
3599  7633  3802  
3821  6200  4600  
5607  5609  5608  
4269  4271  4270  
4854  9471  9409  
1089  8305  1088  
2814  8423  8422  
1887  8215  2048  
4588  6513  5387  
7481  9709  3037  
4287  8869  5334  
8125  8126  8124  
2218  7852  7850  
3429  8902  4906  
5404  5405  4170  
4522  4663  4662  
7371  7373  7372  
8151  8769  2047  
8579  10041  3242  
4175  9220  4088  
21  7276  460  
2745  3093  2746  
3150  6274  4300  
2780  8920  2783  
1358  1361  1360  
4401  8707  8706  
7258  8950  7255  
3489  9946  3980  
5005  7771  6258  
5998  8840  6520  
6360  9177  7415  
4143  8862  4146  
3118  8150  3892  
8999  9000  551  
6275  7410  6653  
4404  5254  5141  
4248  9264  6228  
8748  8978  8977  
355  8919  506  
4481  4482  3865  
3341  9685  9337  
814  9033  820  
2466  5363  2716  
2644  2645  2643  
1378  1389  1388  
7184  7350  7349  
4958  8755  5837  
7525  7730  6335  
1990  1991  1988  
6329  7020  4355  
4426  9067  4428  
5139  8684  4597  
3290  3291  3289  
1566  1578  1577  
254  9001  452  
1542  1566  1565  
8823  9255  8953  
3691  8753  3694  
271  8790  272  
6368  7295  6911  
6663  7206  6947  
5212  6522  6521  
2711  9316  3168  
4608  8222  6118  
1692  7913  3143  
7856  9114  5769  
1544  1546  1545  
4055  4283  3096  
1540  1542  1541  
3975  8588  8587  
2712  2713  2657  
2026  2426  1837  
7719  10763  6490  
4235  4603  4495  
2249  2334  2248  
2799  2801  2800  
3468  3470  3469  
5547  8968  5767  
5609  5611  5610  
5603  5605  5604  
3548  9360  2669  
1532  9202  1591  
212  8705  213  
1462  1464  1463  
5601  5603  5602  
884  886  881  
879  881  876  
5085  9234  4531  
3431  8686  2718  
3481  8642  1280  
1119  1120  1117  
1520  1587  1521  
8622  8624  8623  
4179  4644  4178  
4739  5298  4740  
2801  2804  2803  
5518  9295  1629  
1967  3270  1965  
4747  4749  4748  
2654  2655  2653  
1994  2032  1826  
4857  6245  6243  
2703  2705  2704  
8743  8744  8742  
4603  5227  4604  
1587  1729  1588  
7942  8748  8747  
2335  2475  2334  
1963  2375  1961  
4564  9143  6063  
2705  2707  2706  
1121  1122  1120  
4512  8834  4469  
4417  9410  6434  
6696  9744  5385  
4712  8864  3635  
5611  5613  5612  
1959  3306  1957  
2300  9432  8237  
8998  8999  551  
2707  2709  2708  
3643  8924  4090  
335  543  336  
338  8956  339  
1141  1142  1140  
6340  7505  6341  
1538  1540  1539  
5619  5935  5934  
5473  7650  5475  
6526  6686  5405  
5613  5615  5614  
3370  4403  3366  
1734  5553  1657  
2784  2787  2786  
5412  5465  5413  
987  988  986  
1580  1601  1581  
5615  5617  5616  
4411  4412  3944  
2924  2925  2923  
2767  2768  2766  
213  548  214  
1973  2069  1971  
1468  1470  1469  
2756  8658  2760  
6378  7051  7050  
2701  2703  2702  
7928  9909  8929  
4428  9067  5801  
6167  6168  4717  
1458  1460  1459  
1139  1140  1138  
6979  9307  6981  
4517  5968  4512  
4037  4510  3953  
2355  2356  2354  
3933  5513  3261  
4943  8804  4942  
6103  7176  7016  
8915  9359  8906  
8757  8759  8758  
4788  9248  3893  
1986  1987  1983  
5617  5619  5618  
3855  4686  3856  
2137  8630  2139  
9353  9354  3331  
7263  7264  7261  
3296  3624  3295  
1499  1501  1500  
7261  8848  7258  
1464  1466  1465  
3991  3992  3990  
3678  8965  3679  
3292  3293  3291  
2357  2358  2356  
1456  1458  1457  
5919  7135  7133  
2878  3599  2994  
2995  5071  2628  
4849  9084  3989  
4533  5085  4531  
2353  2354  2352  
2732  2747  2733  
3294  3295  3293  
1486  1488  1487  
3678  3679  3677  
5333  6103  5335  
2347  2348  2346  
3810  8898  3615  
8956  8957  339  
6390  6602  6391  
5603  7864  5606  
1480  1482  1481  
2790  2793  2792  
8322  8323  3469  
1474  1476  1475  
3956  9032  3078  
8589  8594  8592  
7603  7604  459  
8154  8938  5450  
3148  7599  3921  
3998  8805  3997  
2516  8967  2244  
2345  2346  2344  
5714  6340  5716  
334  8734  335  
1179  9298  9161  
6853  6854  2914  
6691  11167  9686  
4537  4649  4535  
4771  5628  5627  
1847  1997  1996  
5630  5632  5631  
6270  7554  7386  
1088  8305  6588  
3848  8878  3327  
4891  6061  6059  
7612  10160  4876  
2343  2344  2342  
2747  3082  2748  
1979  1980  1977  
2361  2362  2360  
3961  7172  4435  
434  8899  266  
2363  2364  2362  
2365  2368  2364  
2359  2360  2358  
5725  5727  5726  
2369  2370  2368  
3757  4597  3895  
1389  1411  1410  
8569  8570  1716  
3986  3998  3997  
5516  7597  7474  
199  8216  200  
1536  1538  1537  
3625  3626  3624  
2717  2718  2715  
5268  5269  5267  
6776  7324  6777  
5807  7156  6701  
2122  9230  1950  
2814  2815  2813  
1411  1559  1558  
5266  5267  5265  
8933  8936  648  
3928  4943  4942  
5270  5271  5269  
1133  1134  1132  
3830  4241  2993  
3847  4228  3848  
348  8927  458  
3923  9214  3149  
1131  1132  1130  
5144  6234  6233  
2709  2890  2889  
6190  7329  7235  
2890  3591  3590  
2373  2374  2370  
5152  5154  4539  
5222  7000  6999  
1123  1124  1122  
5272  5273  5271  
435  9007  216  
2775  9178  2777  
2523  2923  2242  
7342  10529  4769  
2765  2766  2764  
4818  9237  3081  
1880  2099  1907  
355  506  356  
998  2578  1256  
1129  1130  1128  
6115  6117  6116  
1152  1153  1151  
5476  9198  4551  
3984  3986  3985  
3938  3940  3939  
1289  9147  1244  
6776  6777  5526  
3446  8780  3448  
5001  9681  6390  
6113  6115  6114  
5917  9049  9048  
5274  5275  5273  
5227  8634  5228  
622  9353  716  
3113  8654  3112  
5543  6231  5535  
1294  1295  1293  
2527  2664  2374  
2582  7976  2968  
6335  8712  2739  
1987  8454  1983  
1154  1155  1153  
2665  3058  2664  
3922  8455  4769  
4901  5564  4900  
1150  1151  1148  
5117  5118  4432  
8848  8950  7258  
5276  5277  5275  
1256  8688  1330  
6478  9775  9440  
2153  4400  3858  
1328  1387  1386  
6637  7210  5118  
5032  5033  3773  
5707  8928  6418  
4287  5333  4379  
2690  3112  2689  
3934  9338  3444  
2383  2384  2378  
2796  2799  2798  
5033  8954  3773  
6683  6684  6682  
914  915  908  
7638  7929  7637  
3627  3628  3626  
498  9022  263  
2836  9688  1945  
2857  8967  2516  
4100  9286  3623  
4325  6076  4326  
5278  5279  5277  
4058  9006  3737  
4015  4020  4019  
5280  5281  5279  
1984  3520  3519  
2734  2735  2722  
2425  9844  9784  
4297  8286  5551  
1401  1534  1533  
1285  1286  1284  
4915  5633  4914  
1143  1144  1142  
4086  4088  4087  
7726  9804  3881  
4280  4281  4279  
5525  5526  5524  
3042  3264  3263  
4009  4013  4012  
8591  8594  8589  
4095  8922  3323  
4022  4024  4023  
4174  4177  4175  
1147  1148  1146  
5236  6949  5892  
5955  6663  6629  
1279  1280  1270  
3004  9215  3007  
3522  3524  3523  
5282  5283  5281  
267  547  268  
3520  3522  3521  
1914  1916  1915  
5864  5919  5918  
4310  6312  4312  
6027  6977  6028  
3875  3877  3876  
4000  4007  4006  
3228  8648  2426  
7991  7994  7993  
216  9007  217  
5695  7117  7116  
2799  8930  2801  
3845  8946  3057  
3629  3630  3628  
3943  9072  5597  
1468  8940  1471  
4685  8746  3805  
5483  5485  5484  
5284  5285  5283  
2033  2034  2032  
5586  8806  6799  
4431  4432  4283  
1087  1089  1088  
3703  3928  3915  
6358  9520  9428  
4322  4325  4324  
4926  7677  7357  
5447  8616  8615  
4147  8680  4149  
5711  8949  5714  
6232  7518  6231  
3821  8991  6200  
6427  9226  4945  
5292  5296  5287  
1784  9571  5648  
1725  8933  650  
4282  5372  4683  
941  8284  949  
1145  1146  1144  
442  9024  260  
3993  3994  3992  
5286  5287  5285  
5634  7118  5633  
1531  1573  1572  
7883  7884  7882  
9003  9005  9004  
3049  3119  3118  
2262  2585  2584  
263  9022  264  
4198  5343  4927  
2777  2778  2776  
1413  1531  1530  
2072  2073  2071  
3709  4711  4245  
3178  8154  5450  
2429  2431  2430  
2585  2971  2970  
8905  8914  8908  
650  8933  648  
2132  2520  2220  
3185  9363  3673  
1702  8155  2223  
4902  8967  2857  
7282  7285  7284  
6117  6197  6196  
9833  9929  6383  
4900  8946  3845  
2971  8826  2970  
1267  1268  1266  
4240  5601  5364  
5298  7074  5299  
5254  7185  6146  
5148  5455  5454  
267  8899  547  
573  10660  7297  
3631  3632  3630  
2520  2586  2521  
7285  7287  7286  
8942  8976  8944  
2199  2201  2200  
1657  9124  1654  
2020  2132  2045  
10819  10957  9404  
5323  7465  7464  
262  9023  498  
1879  1882  1881  
4132  4399  4398  
2986  9178  4333  
6046  9354  9353  
696  697  694  
2775  2776  2774  
1396  1413  1412  
4493  4718  4494  
5452  6979  6978  
4102  8985  4100  
2738  2739  2737  
2210  8258  8257  
2941  9080  3087  
3057  4902  2857  
546  8884  351  
7593  9084  4849  
2586  2869  2588  
3995  3996  3994  
5209  5210  4482  
4874  6622  6241  
5187  5188  5186  
3047  3049  3048  
4987  5828  4988  
6236  6248  6237  
1534  1536  1535  
3024  3026  3025  
6967  7055  5562  
356  8775  357  
2447  2449  2448  
1884  1900  1899  
1387  1396  1395  
2445  2447  2446  
3076  3646  3645  
2427  2429  2428  
5245  8646  6559  
1778  2248  1687  
460  8948  102  
354  8919  355  
1315  1316  1314  
1930  9086  1932  
1902  2004  2003  
5485  5487  5486  
8488  9216  8489  
6340  6341  5716  
253  9001  254  
4998  6598  4083  
296  8825  297  
215  8872  435  
292  8821  293  
5541  8755  4958  
4369  9040  4366  
1683  5398  1681  
9012  9014  497  
4564  6063  5230  
1454  1456  1455  
4367  4368  4366  
3026  3053  3052  
4802  8837  4806  
5920  9225  9176  
2273  8451  2275  
2477  2689  2476  
4272  4273  3996  
2578  8688  1256  
3022  3024  3023  
7779  9955  6380  
261  9023  262  
2035  2036  2034  
550  9031  257  
4233  4385  4384  
3064  3709  3708  
2074  2075  2073  
690  691  688  
1085  1087  1086  
665  9073  663  
3633  3635  3632  
2804  2806  2805  
5828  9144  5829  
2014  2016  2015  
1259  9115  1261  
2385  2386  2384  
2010  2012  2011  
9000  9002  9001  
2387  2388  2386  
2203  2205  2204  
1746  2262  2261  
686  687  684  
2000  2247  2246  
2339  8892  2337  
352  475  353  
7287  7289  7288  
1942  2000  1943  
3443  9395  3446  
2389  2390  2388  
1331  1332  1297  
21  460  102  
6759  7274  6761  
5533  6085  5179  
2985  9127  2873  
8588  8591  8589  
7531  10370  426  
5189  5190  5188  
2825  2828  2826  
4527  5552  5245  
2037  2038  2036  
4363  4364  4097  
8887  9069  8885  
4762  6266  6126  
4314  4321  4317  
2018  2020  2019  
4385  4947  4946  
1797  1799  1798  
2869  2991  2870  
2006  2008  2007  
1903  1942  1904  
7591  10051  5830  
2449  2451  2450  
2247  8833  2246  
3650  9075  4394  
4274  4276  4275  
4566  5812  5788  
5535  8785  5536  
3618  4269  4268  
3675  5317  4634  
3636  3637  3635  
1833  1903  1834  
5726  9587  5723  
2884  8547  2883  
2195  2197  2196  
5599  6613  5084  
6038  9193  2892  
1813  1839  1838  
257  9031  258  
214  8872  215  
975  976  974  
2779  2780  2778  
2991  3070  3002  
452  9004  255  
5676  6113  6112  
3078  4967  2985  
1633  8966  1796  
2207  2209  2208  
682  683  680  
4702  4900  3845  
7324  7325  6777  
3920  4041  3919  
6323  9435  9113  
1875  1877  1876  
3638  3640  3637  
1237  8916  1848  
9903  9953  2565  
4199  6071  6070  
3031  3076  3075  
2191  2193  2192  
1799  8975  1816  
5979  9239  4587  
3918  3919  3917  
2341  2342  2339  
261  9024  9023  
5714  8949  6340  
2351  2352  2349  
3792  5537  3274  
2771  2772  2770  
2252  2259  2240  
1137  1138  1135  
6574  6575  4778  
4835  6219  6218  
5961  5962  5783  
8674  8675  8434  
2391  2392  2390  
3522  8992  3525  
6738  9220  4972  
509  8993  244  
6576  7665  4821  
350  546  351  
6657  9415  4515  
2451  2453  2452  
5221  8024  8022  
545  8927  347  
2026  2427  2426  
1916  1918  1917  
1573  1594  1593  
7465  7467  7466  
2047  8769  2050  
1794  1833  1795  
2842  3942  2844  
2918  3031  3030  
1841  1873  1872  
2934  9241  2593  
4231  4233  4232  
5264  5265  4978  
4873  4977  3956  
3829  3854  3640  
337  437  338  
3069  4235  4234  
7803  9228  6092  
1016  1712  1711  
5844  6817  6415  
1730  4135  1930  
2393  2969  2392  
1712  1794  1713  
3053  7028  3824  
4389  4390  4273  
1233  3333  1235  
3056  9095  3844  
2853  2855  2854  
5589  5590  5588  
676  677  674  
3679  8965  3682  
1918  1920  1919  
4906  5084  3756  
4445  4447  4446  
2943  3973  3972  
2316  2318  2317  
1799  1815  1814  
5584  7941  5510  
5707  6418  5709  
3854  8674  4715  
1157  1158  1155  
246  8994  477  
1817  1819  1818  
3205  3208  3207  
3725  4786  4607  
5547  5767  4412  
8799  8800  8797  
1920  2135  1923  
1127  1128  1125  
4610  4648  3854  
4417  6434  5014  
4388  8853  1162  
1120  9052  1117  
3898  9250  5685  
348  458  349  
1594  1633  1632  
8168  8169  8167  
5507  5875  4257  
2039  2040  2038  
241  574  242  
340  496  341  
4505  4508  4507  
5093  6646  5520  
5400  8612  8611  
7930  7931  7929  
5169  6666  6323  
5250  7093  6163  
3701  9074  839  
667  1408  665  
6979  6981  6980  
3045  3047  3046  
7987  7990  7988  
346  545  347  
2855  2941  2940  
1633  1793  1792  
148  9039  149  
2977  3900  2616  
3355  8542  2658  
9009  9011  9010  
4460  6483  4503  
351  8884  352  
6065  8883  6848  
4394  9075  5309  
4893  9035  3818  
6135  6137  6136  
2435  2437  2436  
7256  7266  7259  
5645  8939  5703  
4826  4828  4827  
2756  2758  2757  
2453  2456  2455  
4913  4914  3890  
8949  9199  6340  
8197  8198  6104  
339  8957  340  
918  920  910  
2294  9645  9341  
2231  8257  2421  
2433  2435  2434  
2752  2754  2753  
343  447  344  
7263  7265  7264  
4765  9219  3032  
2922  9269  2478  
2534  2743  2742  
5091  5093  5092  
1159  1160  1158  
8506  9576  8504  
5352  5353  5351  
2538  2634  2633  
244  8993  245  
663  3298  661  
5175  6765  6337  
5829  9144  6135  
5317  6759  5318  
5191  5192  5190  
869  871  865  
4447  4449  4448  
5564  9272  4900  
3614  3875  3874  
829  836  832  
8993  8994  245  
2941  3087  3086  
3659  9103  4466  
2437  2439  2438  
5380  5381  5379  
5061  6590  5720  
4655  5842  5260  
5914  6680  6679  
8865  9030  8767  
2760  8658  3271  
1634  8125  8124  
2187  2189  2188  
1091  1093  1092  
4977  9032  3956  
2456  2534  2533  
2779  8920  2780  
2743  3016  3015  
2076  2077  2075  
8324  8325  8323  
906  4459  901  
1819  1845  1844  
11032  11088  9646  
5996  9118  6698  
672  7584  669  
2850  9034  2346  
5705  8928  5707  
347  8927  348  
4202  6157  4200  
4242  4292  4241  
3980  4655  4654  
2443  2445  2444  
7220  7221  5383  
1237  1848  1239  
2877  4987  2984  
2828  2830  2829  
10521  10577  8614  
859  10959  8820  
1850  1852  1851  
9071  11698  11474  
7331  11798  7332  
3886  9041  4593  
4921  5302  4351  
3722  9418  3871  
8714  8715  7240  
4772  4773  4390  
10604  10737  6152  
2846  2853  2848  
1932  1938  1934  
2830  2832  2831  
1610  9061  1612  
7053  11233  7507  
1939  1984  1953  
1277  9048  1229  
5343  6832  5344  
3509  4287  4286  
4529  5844  5843  
1503  6874  6403  
5001  6390  6389  
9194  9254  5642  
2816  8422  2824  
2415  2416  2413  
4616  4636  4065  
3489  3980  3853  
4513  9207  4529  
1893  8443  3230  
266  8899  267  
243  509  244  
659  709  657  
7795  10909  4928  
1671  1673  1672  
265  434  266  
2729  9050  2334  
6008  7716  7715  
4450  6482  4452  
3964  5980  4974  
5051  5053  5052  
2412  2413  2411  
2439  2441  2440  
3819  3820  3818  
1494  6722  6010  
5057  5059  5058  
5031  5947  5946  
252  8998  551  
5912  5914  5913  
2441  2443  2442  
4620  6273  6123  
3133  4274  3816  
260  9024  261  
2327  2329  2328  
349  9029  350  
5899  9089  4861  
5185  5186  4645  
3175  5660  3507  
3685  3687  3686  
5354  5355  5353  
2787  8714  3249  
3083  9742  9438  
2634  2899  2898  
1095  1097  1096  
5376  5377  4773  
5136  6159  5137  
5055  5057  5056  
1452  1454  1453  
5591  5592  5590  
7942  8747  7941  
2832  2863  2862  
8928  9920  6418  
5045  5047  5046  
9015  9017  9016  
215  435  216  
4843  9214  3923  
4697  5336  4698  
1662  2935  1664  
1245  1328  1309  
2863  2918  2917  
262  498  263  
4219  5061  4937  
3952  9160  3313  
5336  6179  5337  
7817  7819  7818  
8922  9085  3321  
3020  3022  3021  
246  477  247  
1450  1452  1451  
3500  9351  3661  
8539  8540  5378  
4401  8706  2795  
3888  4697  4036  
5384  9106  6696  
2817  8701  2819  
1696  7910  2218  
5053  5055  5054  
3689  3691  3690  
245  8994  246  
248  549  249  
468  8998  251  
1099  1101  1100  
5059  5136  5060  
3601  9912  9764  
5714  5716  5715  
6794  6796  6795  
3679  3681  3680  
250  468  251  
6219  7619  7618  
4683  8577  6249  
5711  5714  5713  
3328  9677  3555  
785  8867  787  
235  9044  236  
2795  8706  2796  
2159  2160  2158  
2495  9732  4381  
252  551  253  
1448  1450  1449  
5910  5912  5911  
1870  2071  1776  
4382  8831  6291  
6179  6181  6180  
102  8948  103  
254  452  255  
7300  9248  4788  
256  550  257  
1673  1676  1675  
259  442  260  
2899  3051  3050  
4118  4119  3820  
5049  5051  5050  
7249  7250  6908  
2185  2187  2186  
5552  8646  5245  
1912  1914  1913  
1079  1081  1080  
7797  7799  7798  
251  8998  252  
8521  9931  8830  
4064  4065  3707  
4104  5070  4102  
218  497  219  
2759  6098  3478  
1854  1856  1855  
6466  6467  5076  
7520  9198  5476  
2783  2784  2782  
2227  10288  8582  
1559  1604  1603  
8570  8867  1716  
916  921  915  
1239  9064  1241  
5829  6135  6134  
2680  9905  3121  
5737  9101  4455  
2915  9905  2682  
2041  2042  2040  
1337  1338  1336  
6538  8990  5004  
9965  10034  1647  
4437  5588  3304  
6632  6633  5982  
3368  3372  3371  
3120  10178  7391  
4360  5543  5535  
10399  10515  6590  
1241  4371  1243  
5699  6342  5701  
5643  5645  5644  
6181  6183  6182  
5908  5910  5909  
8748  8749  8747  
2181  2183  2182  
5047  5049  5048  
3844  9095  4701  
1050  11231  9630  
3232  3286  3234  
1676  1678  1677  
1906  9142  2230  
3116  6038  2892  
1894  1896  1895  
8819  8820  6252  
3214  3217  3216  
2094  2096  2095  
2996  3887  3886  
4701  5643  5371  
1446  1448  1447  
5761  7351  5406  
1678  1680  1679  
6141  6792  6791  
4449  4794  4793  
5685  9636  6393  
835  8277  3173  
7667  10205  10144  
3988  4181  4180  
4293  4294  4292  
4575  8649  4573  
4375  4647  4067  
6349  11194  6347  
2905  3080  3079  
1784  5648  1906  
1863  9093  1779  
1733  9163  1836  
4707  6650  4119  
5645  5703  5646  
1438  1440  1439  
3563  8891  3565  
9044  9045  236  
3497  9192  8381  
1680  1689  1688  
3210  5515  3212  
3733  4612  4361  
657  8960  654  
1103  1105  1104  
1408  9073  665  
221  445  222  
3582  9693  5010  
5158  6712  5159  
4647  9134  4067  
1444  1446  1445  
4460  9573  6483  
223  552  224  
5043  5045  5044  
2082  2084  2083  
7591  9509  5146  
7932  7933  7931  
9733  9750  3362  
2460  2461  2260  
4195  4197  4196  
8834  9091  4469  
6856  9301  5023  
4571  4573  4572  
2750  2752  2751  
3208  3715  3714  
226  454  227  
4397  9206  6416  
9594  9842  6466  
4742  5331  4744  
4333  9178  6331  
350  9029  546  
9003  9004  452  
960  962  961  
379  441  380  
3087  3677  3676  
268  9051  269  
5097  7008  4212  
4331  6328  4925  
228  555  229  
3417  3888  3730  
1442  1444  1443  
8565  9678  9602  
2107  9601  2106  
4786  7183  4787  
481  9044  235  
5824  10379  10208  
3868  4566  4565  
229  9038  230  
2789  2790  2788  
3372  3745  3744  
230  469  231  
2410  2411  2409  
3322  3323  3321  
4887  4889  4888  
3051  3699  3698  
236  9045  237  
2024  2943  2265  
7409  9237  4818  
2238  3385  3384  
7756  10729  6497  
4612  6107  4613  
4909  6771  4492  
231  9037  232  
5588  9259  3304  
9022  10066  7363  
1107  1109  1108  
3745  4141  4140  
3699  4378  4208  
5906  5908  5907  
4153  6561  4995  
269  9051  495  
8908  8916  3333  
6716  7155  6717  
2183  2185  2184  
8748  8977  8749  
2806  2808  2807  
3097  9463  7921  
232  554  233  
4143  4145  4144  
4736  6422  6421  
4142  9082  8862  
7934  7937  7933  
3715  3988  3987  
2532  2658  2632  
8439  8440  8437  
5494  7857  5846  
3300  8779  2082  
3080  3785  3784  
3111  9191  4949  
3813  4594  4352  
8772  8773  4989  
233  9043  234  
7051  7161  7052  
2795  2796  2794  
4378  4898  4897  
2549  2550  2482  
5752  5753  5751  
4181  8893  4180  
7987  9202  7995  
3691  3693  3692  
2903  2905  2904  
234  481  235  
1440  1442  1441  
2078  2079  2077  
3880  9836  9273  
8938  9307  6979  
3780  9853  9799  
10101  10137  2802  
6796  7146  7145  
6183  6185  6184  
2222  4989  3620  
5131  9282  4783  
377  553  378  
5536  8785  8245  
2793  2794  2792  
555  9038  229  
451  7380  7379  
857  9138  852  
1241  9064  4371  
2592  5770  2590  
1291  9529  8556  
4803  4804  3782  
3168  9316  5774  
4898  5444  5258  
5193  5194  5192  
230  9038  469  
1317  1318  1316  
4373  6330  6037  
238  9055  239  
2084  2086  2085  
5543  6232  6231  
5041  5043  5042  
6488  7153  7152  
8237  9078  8002  
4702  4901  4900  
5835  7959  6982  
3817  3818  2957  
1179  9161  1181  
4191  4193  4192  
4183  4185  4184  
469  9037  231  
2833  2903  2834  
5415  6872  5488  
9007  9010  217  
5703  5705  5704  
3324  3325  3323  
5099  6806  5100  
74  422  75  
8042  8043  5620  
7778  9226  6427  
8905  8908  3333  
2047  2050  2049  
3385  3387  3386  
2787  2788  2786  
7672  9435  6323  
1113  1115  1114  
3785  4126  4125  
3387  3389  3388  
4889  5099  4890  
4343  4723  4650  
1896  1898  1897  
232  9037  554  
5925  5926  5194  
4187  4189  4188  
1648  9147  1289  
4147  4149  4148  
2032  8947  1826  
1382  9054  1585  
5904  5906  5905  
2799  2800  2798  
2230  2538  2537  
6204  6488  6487  
2050  2052  2051  
2177  2179  2178  
661  8963  659  
4552  6433  6095  
4594  5415  4814  
2801  2803  2800  
11744  11800  6806  
1339  1340  1338  
1995  9295  3562  
3422  4075  4074  
5331  7136  5332  
2173  2175  2174  
3943  5597  5596  
6292  6293  5090  
8092  8093  8090  
3286  3288  3287  
5707  5709  5708  
554  9043  233  
3678  9344  8965  
1111  1113  1112  
237  522  238  
9000  9001  551  
3251  9586  8596  
7266  7267  7259  
3531  5443  5361  
1351  1352  1350  
4280  4282  4281  
3326  3327  3325  
1347  1348  1346  
1345  1346  1344  
6551  9324  5198  
6288  9320  6281  
8289  8290  5210  
3420  3422  3421  
1075  1077  1076  
7270  10744  1860  
6185  6954  6652  
1668  1671  1670  
5902  5904  5903  
1808  9128  1868  
5072  8673  6026  
6232  7519  7518  
8934  9223  8933  
234  9043  481  
1115  1117  1116  
4134  4643  4642  
1656  1657  1654  
5444  6204  5445  
3315  3952  3313  
374  450  375  
8886  8889  8888  
4362  9063  1650  
7142  7144  7143  
2316  9099  2326  
4837  9241  2934  
6138  6141  6140  
4466  9103  5341  
3485  3489  3487  
1650  9063  1648  
5593  6017  5592  
3087  9080  3678  
5705  5707  5706  
5557  6716  5558  
5303  6831  5302  
3223  5917  1561  
7089  7090  5216  
2209  8772  2222  
551  9001  253  
1716  8867  785  
3675  9212  5317  
6296  6297  6295  
1343  1344  1342  
4450  9566  6482  
3989  9084  3695  
962  964  963  
4695  5821  4647  
5402  5562  4693  
4671  4673  4672  
948  954  953  
2086  2088  2087  
103  544  22  
4760  4934  4761  
5600  9260  9180  
2811  2813  2812  
2222  8772  4989  
9180  9260  3330  
3901  4284  3900  
1164  4388  1162  
237  9045  522  
1932  9086  1938  
4412  8891  3944  
1319  1320  1318  
6287  9339  6280  
2175  2177  2176  
3887  3991  3990  
4955  6498  4954  
372  556  373  
7128  8806  5586  
3846  3847  3327  
2517  2842  2841  
2507  8605  2509  
4438  5006  3776  
6202  7384  7300  
4950  5041  5040  
2513  2514  2474  
10754  10853  6524  
4815  5519  4356  
9852  9866  8917  
1073  8735  1071  
3288  3290  3289  
2685  2833  2686  
1069  1071  1070  
4336  4342  4338  
3256  3258  3257  
6282  9339  6285  
1321  1322  1320  
4980  6670  4981  
1898  2002  2001  
7389  7457  7387  
8165  9220  6738  
956  958  957  
3258  6066  3811  
2027  5563  2245  
3720  9785  3165  
3364  3368  3367  
2090  2092  2091  
2590  9230  2122  
3896  4548  3897  
3104  9025  8991  
2853  2854  2848  
5714  5715  5713  
5016  6616  6615  
2408  2409  2407  
492  8387  8386  
6905  6906  6661  
5900  5902  5901  
4276  4278  4277  
4149  4302  4301  
2683  2685  2684  
3111  4949  4073  
1568  9244  1621  
522  9055  238  
5717  6734  5712  
2088  2090  2089  
3106  9743  2930  
6658  6659  5637  
8067  9239  5979  
2960  3124  2959  
7248  7249  6908  
3319  3321  3317  
5073  8673  5072  
103  8948  544  
8951  9918  9801  
3595  4980  3823  
750  752  751  
4285  4377  4284  
954  956  955  
6854  8868  2914  
8349  8351  8347  
4114  4954  3761  
6406  8837  4802  
8281  9830  5168  
6907  6908  6906  
369  463  370  
5150  6971  5996  
6660  6661  6659  
2002  2282  2110  
966  968  967  
5750  5751  5748  
2855  2940  2854  
5606  7864  7472  
4382  6291  4298  
6041  6862  5935  
2817  2819  2818  
4059  4134  4133  
964  966  965  
2287  2289  2288  
2063  2902  2107  
2822  4765  3032  
8375  8378  8373  
6929  6930  6633  
4353  6329  4355  
2263  2972  2079  
910  8829  906  
3328  3555  3329  
3309  3328  3311  
9015  9016  9014  
8337  8338  489  
5709  5710  5708  
5709  5711  5710  
2681  2683  2682  
1515  1516  1511  
5607  5608  5605  
5640  6641  5641  
1353  1354  1352  
5289  8402  8399  
7202  9174  7203  
3525  9528  3527  
2282  3003  2283  
3864  3865  3832  
1652  4362  1650  
5716  6254  5715  
5703  5704  5646  
4423  9313  9311  
752  754  753  
368  9071  369  
1733  1734  1657  
9749  9915  7628  
5707  5708  5706  
4001  5587  4856  
2941  3086  2940  
5670  9173  5672  
4278  4280  4279  
39  9790  138  
2531  9759  8333  
3296  3625  3624  
3497  3499  3498  
776  778  777  
5645  5646  5644  
4302  6675  5018  
3944  8891  3563  
1836  9163  2027  
3221  3737  3736  
3767  3905  3904  
4426  9300  9067  
2902  4039  3672  
5084  9058  3756  
4421  9982  4423  
3763  3765  3764  
5717  6735  6734  
3294  3296  3295  
2688  3103  2333  
1643  9113  1114  
8422  9066  2824  
2776  9056  2774  
7134  11864  11617  
4548  4758  4599  
3290  3292  3291  
5497  9053  8299  
8740  8743  8742  
3007  3009  3008  
3333  8916  1235  
7278  7279  7277  
3009  3085  3084  
2804  2805  2803  
2141  8731  2143  
5643  5644  5371  
2137  2139  2138  
6065  6848  6847  
2679  2681  2680  
850  853  849  
3499  3502  3501  
6926  10484  6537  
367  557  368  
2951  9404  2953  
4862  9123  6587  
2326  9673  8861  
7111  9196  7110  
968  970  969  
652  1725  650  
4153  8835  6561  
5784  6065  6064  
3685  3686  3683  
3292  3294  3293  
3706  3707  2920  
856  863  861  
854  858  853  
2414  7883  7882  
4985  5557  5555  
6115  6116  6114  
1361  1362  1360  
6458  6460  6459  
3061  4018  2761  
531  10650  7610  
3798  9709  4727  
1939  9734  1984  
6460  6462  6461  
5717  7333  6735  
4428  5801  4430  
3217  3221  3220  
5991  5992  5493  
6905  6907  6906  
7820  7830  7822  
1124  8732  5867  
9009  9010  9007  
4408  10419  4406  
6919  6920  6081  
6154  7463  7462  
3679  3680  3677  
2677  2679  2678  
4758  5205  5204  
4715  8674  8434  
7333  7764  6735  
3611  3664  3612  
4949  9191  8562  
94  561  95  
4039  5073  5072  
7617  8166  8165  
3625  3627  3626  
3281  3374  3283  
3894  6423  4774  
2645  9685  2648  
3089  3804  3065  
4062  9140  3220  
4295  4296  4294  
5705  5706  5704  
4091  4562  4238  
6984  6989  6168  
4967  9127  2985  
774  776  775  
2043  2044  2042  
3420  9150  8052  
2475  5367  2875  
6113  6114  6112  
2096  2098  2097  
4397  6416  6375  
6000  7593  4849  
2406  2407  2405  
4394  5309  5308  
7387  7457  161  
4701  9095  5643  
754  756  755  
3949  5253  3804  
3390  3396  3392  
6554  10215  10160  
1328  1386  1309  
4633  9114  3645  
3913  3914  3474  
4057  4059  4058  
3777  5640  4823  
5448  8563  3201  
9224  9376  1600  
4167  9557  4165  
3991  3993  3992  
5710  6047  5708  
10025  10081  5767  
3765  3836  3835  
6823  6824  6821  
3627  3629  3628  
778  780  779  
4067  9134  4068  
5553  9124  1657  
2914  8868  2419  
6080  6081  5600  
6907  7248  6908  
3085  3127  3126  
5515  9059  3212  
1615  5509  1780  
365  479  366  
1323  1324  1322  
1507  5647  1505  
3087  3676  3086  
6493  8068  8067  
4840  9269  2922  
970  972  971  
2675  2677  2676  
3394  3420  3397  
7281  7282  7280  
5711  5713  5712  
7249  7251  7250  
4764  5795  4151  
6189  7242  7241  
4120  9110  3425  
5898  5900  5899  
841  844  840  
3905  4329  4328  
6728  6729  6318  
1261  9115  2119  
811  812  810  
1357  1358  1356  
1355  1356  1354  
1119  1121  1120  
5087  5088  4215  
4550  7347  7346  
3629  3631  3630  
5998  6520  6519  
6117  6196  6116  
5672  9173  8845  
3465  3466  1224  
874  875  871  
1867  5804  1807  
6310  9498  8000  
4329  4458  4457  
1363  1365  1362  
9034  9217  2344  
2152  2153  2044  
4285  9177  4853  
4458  4720  4719  
3689  3690  3687  
2319  2320  2055  
4514  6317  3093  
8823  8953  3396  
1181  9161  4374  
4612  9419  6107  
1387  1395  1386  
8967  9254  9194  
284  9108  8738  
1366  1367  1365  
5718  9866  9852  
5711  5712  5710  
1117  9052  1116  
2840  2857  2516  
845  849  844  
3253  3256  3255  
6159  6599  5137  
4061  5832  5636  
3125  4093  3124  
7249  7252  7251  
4155  4157  4156  
5713  5717  5712  
2718  8686  2720  
1797  1798  1793  
2548  2671  2670  
4678  4679  4677  
4933  5600  3967  
4128  8643  4126  
3836  4051  4050  
5685  6393  5686  
2309  2548  2547  
780  782  781  
6424  7362  7361  
5443  6005  6004  
7260  7261  7258  
169  9798  524  
5249  5695  4709  
820  821  819  
8525  9877  7545  
2404  2405  2403  
5563  9079  2245  
5640  9081  6641  
756  758  757  
1714  4418  3492  
4623  5225  4622  
4910  4911  4296  
736  738  737  
6187  6189  6188  
11254  11867  7107  
5879  10250  5881  
3993  3995  3994  
1308  8874  1306  
4159  9363  5412  
2273  2275  2274  
3631  3633  3632  
6887  7405  7404  
5666  5670  5668  
1499  1500  1496  
10100  10165  7473  
3425  9110  3423  
4723  7125  5994  
2596  5794  2598  
7424  7442  7441  
4094  5164  4093  
770  772  771  
7262  7263  7261  
4209  7865  5384  
5670  5672  5671  
5884  5885  5883  
2394  7839  7834  
6035  6581  6036  
5706  6567  5704  
5307  6883  6511  
3541  9469  3935  
2819  2822  2821  
6193  9791  4117  
2842  2844  2843  
1927  2104  2103  
4622  8062  4716  
5638  7318  7317  
679  8565  3279  
4851  4852  4377  
4775  9688  2836  
1531  1572  1530  
6660  6905  6661  
2234  2305  2304  
5135  5524  5523  
8170  8171  8169  
1858  1912  1911  
2837  2929  2928  
3995  4272  3996  
7667  10144  10079  
3004  3007  3006  
6254  6255  5715  
734  736  735  
2400  2401  2399  
7815  7816  2575  
6462  6543  6463  
3633  3636  3635  
6056  9122  5799  
1413  1530  1412  
1215  1231  1223  
3316  3880  3318  
7253  7254  7251  
3249  8714  7240  
7360  7478  5519  
5491  9290  8220  
3056  3057  2857  
7257  7258  7255  
6658  6660  6659  
2432  2433  2431  
6087  6088  6086  
1176  1178  1177  
4442  6744  6743  
772  774  773  
1174  1176  1175  
3636  3638  3637  
5136  5137  5060  
3638  3829  3640  
4730  8865  4585  
2517  9079  2842  
1172  1174  1173  
8176  8177  8175  
5530  5836  4960  
1170  1172  1171  
768  770  769  
835  840  833  
4517  5969  5968  
3457  3642  3641  
4433  6448  5390  
5003  5883  5002  
5059  5060  5058  
8795  8799  8797  
5163  5998  5997  
8174  8175  8173  
5609  5610  5608  
2673  2675  2674  
877  878  875  
6089  6732  6088  
1864  2377  2117  
5219  9894  7366  
7833  7836  7835  
6005  7222  6006  
3432  3433  2140  
1168  1170  1169  
1817  1818  1815  
4519  4520  3914  
732  734  733  
1836  1837  1734  
9174  10540  7203  
2739  8712  2741  
5057  5058  5056  
5779  5781  5780  
2806  2807  2805  
4400  4709  3858  
1396  1412  1395  
4962  4964  4963  
5540  5541  4958  
3659  9651  9103  
2139  2271  2270  
2847  2997  2845  
2031  2234  2233  
6329  7745  7020  
5386  6850  6849  
882  883  878  
4272  4389  4273  
1843  9356  2596  
3829  4610  3854  
5611  5612  5610  
4552  9342  6433  
8172  8173  8171  
5656  5657  4895  
3494  3497  3496  
5377  5380  5379  
3681  3943  3680  
2402  2403  2401  
5615  5616  5614  
5113  6845  6844  
4221  5784  5086  
5617  5618  5616  
7395  7397  7396  
5613  5614  5612  
3737  9006  3736  
6019  6020  6018  
747  750  749  
2268  2269  2215  
5619  5934  5618  
5881  5972  5882  
3427  4120  3425  
4283  9315  3096  
5781  5783  5782  
730  732  731  
7820  8727  7830  
758  761  760  
6969  9559  5461  
5879  5881  5880  
3137  3138  3039  
1278  1315  1314  
7765  9802  9502  
4957  4958  4546  
1992  2031  2030  
5381  7220  5383  
2844  2846  2845  
1163  2267  1165  
5015  9151  4053  
5808  5810  5809  
5603  5604  5602  
2713  2715  2714  
3759  3799  3548  
5810  5879  5811  
782  785  784  
3312  3313  3310  
4939  4941  4940  
5597  5793  5596  
4747  4748  4347  
369  9071  463  
4160  4162  4161  
4753  5320  4751  
2307  2309  2308  
3389  8823  3390  
2230  9142  2538  
5693  6187  6186  
6919  6951  6920  
1378  1388  1376  
7819  8727  7820  
7116  11673  3059  
3123  3918  3917  
5538  5539  4901  
4757  5305  4755  
4372  4735  3799  
2347  2349  2348  
3746  3747  3693  
2343  2345  2344  
7296  7297  7295  
2275  2297  2296  
6901  7856  5769  
5921  5923  5027  
2353  2355  2354  
1493  3337  1490  
2345  2347  2346  
6161  7191  6160  
3454  3457  3456  
1486  1487  1484  
3467  3468  3466  
2349  9092  2348  
3760  4605  4113  
2483  9288  8484  
4420  6454  4692  
4960  9129  3860  
728  730  729  
4157  4160  4158  
5758  5759  5757  
4657  5311  5310  
5055  5056  5054  
5962  5964  5963  
9058  9171  6084  
2649  2651  2650  
1656  1733  1657  
5266  5268  5267  
1830  1832  1831  
4162  4164  4163  
2355  2357  2356  
5218  6035  6034  
2768  2770  2769  
3452  3454  3453  
9602  9678  5654  
1573  1593  1572  
5158  5159  4138  
3390  8823  3396  
860  864  858  
2025  2026  1837  
2975  3065  2973  
5032  6915  5033  
1584  10015  8431  
1480  1481  1478  
7842  7843  5105  
2645  2647  2646  
1368  1369  1367  
422  9265  75  
2692  3595  3074  
8125  8127  8126  
5268  5270  5269  
4600  9036  5356  
5053  5054  5052  
2811  2812  2808  
1121  1123  1122  
6277  8640  6278  
4871  5004  4916  
2655  2657  2656  
2842  2843  2841  
1474  1475  1472  
3894  9346  6423  
2249  2335  2334  
2676  9981  3202  
2846  2848  2847  
1125  8732  1124  
3844  3845  3057  
6455  6458  6457  
709  8962  8961  
5270  5272  5271  
1778  2249  2248  
5601  5602  5364  
4485  4557  4556  
1211  2277  1218  
3043  3054  2867  
3450  3452  3451  
726  728  727  
5972  6246  5973  
4873  4978  4977  
765  768  767  
5317  9212  6760  
1850  1851  1845  
1137  1139  1138  
2517  2841  2840  
1826  8947  1630  
11041  11747  6345  
5673  5779  5778  
4964  5120  5119  
3855  3856  3529  
4177  8711  4588  
5311  7077  7076  
3763  9198  3765  
4700  4702  3845  
4071  4485  4484  
3429  3756  3755  
745  9348  8308  
2341  2343  2342  
4079  5163  5162  
1280  8642  1282  
5886  5887  5885  
5646  6640  5644  
1222  1224  1214  
5272  5274  5273  
1468  1469  1466  
7227  7228  5539  
1139  1141  1140  
2483  2485  2484  
7068  7069  5215  
4001  9175  5587  
4466  5341  5340  
5264  5266  5265  
557  9071  368  
6697  7033  5370  
4855  6410  3884  
2357  2359  2358  
761  763  762  
6584  9149  6779  
4999  6224  4592  
6021  6022  6020  
5825  6839  4663  
5051  5052  5050  
2351  2353  2352  
3154  11146  7091  
4389  4772  4390  
4247  8959  4766  
362  512  363  
5888  6018  5887  
3319  3322  3321  
2283  9415  2110  
7437  9788  7436  
2245  2517  2516  
4812  5002  4122  
459  9798  168  
3683  9072  3681  
6023  6086  6022  
6079  9697  6378  
5274  5276  5275  
4618  5218  5217  
5257  5651  4641  
3308  5585  2809  
724  726  725  
2485  2487  2486  
2772  2774  2773  
6661  9109  6659  
2777  9178  2986  
6080  6919  6081  
5169  6323  5167  
6734  9125  5712  
4701  5371  5370  
1131  1133  1132  
4499  5328  4741  
3438  3843  3437  
2396  2397  2269  
3434  3435  3433  
2507  2509  2508  
2641  2643  2642  
1133  1135  1134  
3436  3437  3435  
2059  3906  2061  
2359  2361  2360  
5715  9139  5713  
1123  1125  1124  
1129  1131  1130  
3121  9981  2678  
5276  5278  5277  
2361  2363  2362  
2104  2125  2124  
4345  9582  8214  
2363  2365  2364  
2651  2653  2652  
2365  2369  2368  
8588  9297  8591  
785  787  786  
1579  1580  1578  
2369  2373  2370  
2245  9079  2517  
4054  5966  3749  
3342  9062  3340  
1462  1463  1460  
4480  9189  4196  
5278  5280  5279  
1020  2114  1022  
2780  2782  2781  
2735  2737  2736  
4263  4265  4264  
5717  9139  7333  
4265  4991  4990  
2741  2764  2763  
3860  9129  3480  
1295  1297  1296  
75  9265  8  
1990  1992  1991  
1127  1129  1128  
4351  9025  3104  
763  765  764  
722  724  723  
3526  3528  3524  
3328  3329  3311  
6015  6263  5438  
2848  2849  2847  
2844  2845  2843  
5152  6766  5154  
2026  5642  2427  
3844  4701  4700  
3935  4782  3934  
4627  4960  3860  
5280  5282  5281  
3918  3920  3919  
6530  6531  6032  
718  720  719  
2846  2847  2845  
1594  1632  1593  
720  722  721  
3864  9894  4481  
2487  2512  2488  
7572  7573  7135  
4486  6444  5826  
2604  2608  2606  
2373  2527  2374  
2840  3056  2857  
2665  3059  3058  
6434  6435  5014  
5302  9025  4351  
2940  3330  2854  
2969  4998  4083  
3898  5685  4904  
1026  1586  1028  
6099  9221  2529  
5930  6682  6681  
9050  9268  2248  
2527  2665  2664  
4915  5634  5633  
5174  5175  5063  
4081  6099  2529  
3448  3450  3449  
716  718  717  
3322  3324  3323  
2543  2639  2638  
6367  6368  6366  
2718  2720  2719  
5713  9139  5717  
7250  9273  6908  
6080  7124  6919  
1986  1988  1987  
1854  1855  1852  
4858  9433  9078  
1633  1792  1632  
9063  9147  1648  
5144  6233  4255  
3713  3951  3950  
2805  9251  2803  
5928  5930  5929  
1799  1814  1798  
1286  1288  1287  
5638  6658  5637  
5115  5928  5927  
4772  5376  4773  
2377  2383  2378  
5282  5284  5283  
2509  2511  2510  
5871  6758  6757  
3691  3692  3690  
4933  6080  5600  
3426  3429  3428  
4407  4847  4846  
1726  9511  632  
7229  11753  555  
5720  9852  4937  
4445  4446  4319  
1725  8935  8934  
3001  3548  2669  
1370  1372  1369  
3264  8676  4082  
5877  5924  5878  
9929  9995  6383  
5989  9331  4689  
3334  3602  3054  
2502  2504  2503  
4214  4215  4005  
1373  1375  1372  
7696  7697  5777  
3311  3312  3310  
3312  3789  3314  
1288  1293  1292  
4545  4546  3711  
6421  9458  9166  
7824  7833  7826  
5226  6058  5225  
4644  8644  6109  
3782  9060  3061  
2739  2741  2740  
4808  8873  6396  
6030  7511  7510  
3728  4363  4097  
4047  5808  4953  
4421  4423  4422  
5708  9119  5706  
6655  7107  4718  
4164  4166  4165  
1141  1143  1142  
2500  2502  2501  
6518  10354  9881  
2027  2245  2244  
5629  5630  5628  
1979  1981  1980  
3374  3376  3375  
5638  7317  6658  
1030  3338  1032  
3446  3448  3447  
2929  3105  2930  
6395  6856  5023  
2511  2543  2542  
2720  2722  2721  
2497  2500  2499  
5049  5050  5048  
2756  2757  2754  
5284  5286  5285  
8295  9320  6288  
4114  4955  4954  
5062  5063  4525  
4913  4915  4914  
3324  3326  3325  
4207  5869  4177  
5626  9306  3250  
5047  5048  5046  
1591  9202  4358  
1520  1521  1516  
7822  9326  7824  
5756  5757  5754  
6047  9119  5708  
5667  5669  5665  
6400  6846  3837  
3376  3713  3712  
1036  1168  1038  
5982  9053  5497  
5975  5976  5632  
8211  9200  1639  
3787  4618  4617  
4143  4144  4141  
4510  9179  3953  
4423  9311  4424  
6255  9139  5715  
7371  7372  6322  
741  2938  743  
5710  9125  6047  
5286  5292  5287  
5847  9858  8661  
4970  8197  6104  
6418  9199  8949  
4173  4174  4088  
4370  4809  4808  
2495  2497  2496  
2946  8595  3975  
3680  9186  3677  
4491  4492  4106  
5712  9125  5710  
3032  9219  3760  
6327  7698  5466  
3733  4361  3237  
5828  5829  4988  
2661  2662  2461  
3326  3846  3327  
6245  9137  6243  
2199  2200  2197  
5149  6896  6895  
5316  7395  7394  
2316  2317  2232  
2540  2541  2320  
3035  10006  3036  
2796  2798  2797  
3555  4061  3329  
1733  1836  1734  
4551  9198  3763  
2429  2432  2431  
3661  9351  4221  
4591  4592  3731  
3852  4871  4870  
3827  9162  3459  
8150  9453  3892  
4021  4022  4020  
1894  1895  1856  
5649  9350  4046  
2352  9451  9092  
2294  9341  2286  
2125  2127  2126  
3149  9214  2567  
2207  2208  2205  
6055  6056  5799  
3676  4290  3967  
1748  5719  1750  
2820  4956  3383  
6712  6714  5159  
4987  4988  2984  
6925  6926  6537  
699  701  700  
4034  5115  5114  
3309  3310  3308  
4597  8684  4614  
4085  4086  4024  
1819  1844  1818  
3676  3967  3086  
2203  2204  2201  
2517  2840  2516  
3681  9072  3943  
1188  9357  8535  
3977  4071  4070  
4147  4148  4145  
3105  3750  3106  
922  945  921  
1195  1197  1196  
2885  3976  2942  
4271  4564  4270  
6499  9764  5896  
4014  4015  4013  
6917  6918  6605  
5799  9122  5797  
2790  2792  2791  
8693  10029  8694  
7253  7255  7254  
5045  5046  5044  
5636  5637  5635  
3318  3320  3319  
1836  2027  2025  
2745  2746  2541  
1325  1326  1324  
7252  7253  7251  
4975  5877  4976  
2330  9722  2570  
4524  4525  3719  
1752  2483  1754  
3658  4493  3657  
4702  5538  4901  
1587  1588  1521  
5636  5638  5637  
4734  9162  3827  
3871  9418  5386  
6633  9053  5982  
9502  9802  8608  
3686  9072  3683  
2245  2516  2244  
1280  1282  1281  
6779  11058  11000  
4733  4734  3827  
2600  3647  2602  
132  410  133  
6077  7048  6076  
4008  4009  4007  
8046  10049  2395  
8979  10069  10022  
3056  3844  3057  
2027  9163  5563  
1501  1502  1500  
6232  7701  7519  
1152  1154  1153  
1192  1195  1194  
1901  1902  1900  
1181  4374  1183  
5371  6697  5370  
1836  2025  1837  
1147  1150  1148  
3750  3809  3793  
6236  6237  6234  
4770  4771  4488  
4290  5477  4933  
1190  1192  1191  
1150  1152  1151  
2017  2018  2016  
9290  9745  3373  
361  9105  362  
5587  6154  4856  
4603  4604  4495  
2953  3657  2952  
4244  4810  2939  
9281  10060  7659  
4529  9207  5844  
1143  1145  1144  
6310  10868  9498  
4660  6656  4515  
1188  1190  1189  
5706  9119  6567  
2468  7970  2470  
3983  3984  3940  
6555  6811  5976  
3442  3881  3440  
1282  1284  1283  
3844  4700  3845  
1382  1585  1403  
3067  5307  4462  
714  799  715  
701  703  702  
1729  1730  1588  
4333  6331  4829  
6794  6795  6792  
2013  2014  2012  
3748  4419  4043  
6778  9253  6308  
1883  1884  1882  
2048  8838  2299  
5129  5131  4783  
3541  3934  3444  
6285  9339  7141  
7260  7262  7261  
2951  2952  2950  
4804  9060  3782  
6613  9171  5084  
8636  10318  8637  
10349  10379  5824  
3309  3311  3310  
6666  7672  6323  
2700  2701  2699  
6777  7236  5526  
3999  4000  3998  
703  705  704  
1090  1091  1089  
1653  1658  1655  
2997  9828  9757  
3369  3370  3366  
2809  9251  2805  
1145  1147  1146  
5451  9228  3812  
622  716  624  
4290  4933  3967  
5314  6392  4879  
7257  7260  7258  
2195  2196  2193  
2843  3339  2841  
799  807  800  
9163  9164  5563  
1268  1270  1269  
2161  2162  2160  
3616  4375  4067  
4701  5370  4700  
2009  2010  2008  
680  8565  679  
2327  2328  2318  
3312  3314  3313  
5227  5228  4604  
4404  9453  5254  
3112  8654  4110  
3809  4179  4178  
3517  4263  4262  
413  7049  23  
1878  1879  1877  
2289  2291  2290  
3535  4421  3537  
7581  10787  443  
8133  10098  6367  
5148  5454  4828  
2492  2495  2494  
7253  7256  7255  
2191  2192  2189  
1488  1494  1487  
4061  5635  3329  
3846  4176  3847  
2025  9194  2026  
4749  5250  4748  
889  890  883  
4487  4488  3586  
5113  9563  6845  
2005  2006  2004  
1595  1596  1554  
4550  9257  7347  
4235  4495  4234  
5538  7227  5539  
3261  9203  2767  
3265  3266  3264  
6274  8696  6275  
3368  3371  3367  
3677  9186  3676  
1392  1648  1289  
5312  6062  4626  
3029  4004  2728  
5863  5864  4800  
5644  9148  5371  
8468  10402  8465  
5704  9155  5646  
3307  3308  2809  
7262  7268  7263  
1231  1233  1232  
3307  3309  3308  
5722  5723  5721  
614  1575  616  
5724  5725  5723  
7256  7259  7257  
8038  9766  5626  
1691  1708  1689  
2383  2385  2384  
632  9511  634  
6190  7235  5992  
2127  2129  2128  
618  6046  620  
4269  4270  4268  
7842  7844  7843  
4944  5955  4943  
3372  3744  3371  
3314  3315  3313  
2807  3307  2809  
7285  7286  7284  
3010  4515  3005  
2217  8841  2479  
4784  6012  5130  
3943  5595  3680  
3365  3366  3363  
2287  2288  2134  
110  510  111  
2817  2818  2815  
4972  9220  4175  
696  699  697  
5787  6763  5372  
1649  3462  1651  
4131  4132  3551  
2385  2387  2386  
2387  2389  2388  
1786  1789  1788  
8048  10049  8049  
3943  5596  5595  
3937  3938  3717  
2961  9520  2963  
1482  3272  1481  
6536  6537  5870  
1197  1199  1198  
2389  2391  2390  
8921  10278  8618  
2281  4975  4931  
6306  9292  6304  
2068  10231  8286  
1185  1188  1187  
8967  9194  2244  
2027  2244  2025  
972  974  973  
3520  3521  3519  
7417  7418  6206  
4166  4168  4167  
3693  9175  3692  
3316  3318  3317  
3649  3726  3646  
2758  2759  2757  
5417  5422  5419  
3443  3446  3445  
8985  9286  4100  
6135  6136  6134  
3716  3717  3266  
705  707  706  
2784  2786  2785  
5832  9169  5636  
4948  5091  4947  
6205  6206  5814  
3550  3551  3549  
1984  3519  1953  
3522  3523  3521  
690  692  691  
8333  10110  6474  
5600  9180  3967  
5065  5066  1597  
6567  9155  5704  
686  688  687  
3745  4140  3744  
4061  5636  5635  
1094  1095  1093  
9153  9371  6722  
2432  4080  2529  
7093  7208  6163  
3379  5813  4568  
6103  7016  5335  
1332  1334  1333  
860  9264  866  
830  9195  828  
1102  1103  1101  
3162  8726  6277  
3092  7506  3697  
2813  4397  2812  
3117  3805  3082  
110  8702  510  
707  710  708  
3646  9212  3675  
6085  9117  5179  
1476  3180  1475  
6562  9120  5008  
2082  2083  2052  
710  714  712  
6344  6406  4802  
3592  3593  3591  
836  842  839  
3893  9248  3136  
4801  4802  4399  
2391  2393  2392  
5684  5814  5683  
4945  9226  3915  
5638  9169  7318  
3690  9218  3687  
5043  5044  5042  
5676  9612  6113  
1106  1107  1105  
676  678  677  
3061  9060  4018  
1464  1465  1463  
4598  5139  4597  
5066  9046  1597  
1334  1336  1335  
3081  9237  2584  
3439  4467  3441  
5844  6415  5843  
5550  8882  5548  
6137  6138  6136  
682  684  683  
5962  5963  5783  
1242  1271  1240  
4230  4231  3808  
3807  3808  3260  
1098  1099  1097  
1874  1875  1873  
6691  11212  11167  
1870  2072  2071  
692  694  693  
2072  2074  2073  
1312  1393  1310  
5650  6751  5649  
1227  1266  1265  
1154  1157  1155  
3322  3335  3324  
4080  5738  4081  
5596  6013  5595  
2824  9066  2996  
9337  9685  7783  
3041  3042  2887  
2882  2883  2881  
4364  4367  4366  
8842  9773  2613  
4686  4687  3856  
2291  2293  2292  
3124  9428  2959  
2880  2881  2879  
8443  9323  3230  
2129  2131  2130  
161  7457  162  
2949  2950  2948  
6817  7339  6415  
1220  1227  1226  
1084  1085  1083  
3639  9612  9280  
3314  3316  3315  
5333  5335  4379  
7287  7288  7286  
1629  9295  1825  
3318  3319  3317  
896  898  890  
1213  1220  1219  
5138  6903  6902  
2435  3332  2437  
1470  3175  1469  
6816  6855  5545  
4826  4827  4794  
960  961  958  
1199  1202  1201  
678  680  679  
3927  4843  3923  
1458  1459  1457  
6008  7715  5941  
3663  3947  3602  
4587  9239  3985  
6602  6603  6391  
360  576  361  
2800  2802  2798  
1697  1707  1695  
1164  9304  4388  
949  8923  998  
5842  6669  5260  
6423  6424  4774  
6272  8779  3300  
2211  9204  8772  
3702  3703  3593  
1840  1841  1839  
1655  1656  1654  
1812  1813  1782  
1389  1410  1388  
1208  1213  1212  
1222  3465  1224  
2807  2809  2805  
4047  9679  5808  
3361  5662  3359  
3316  3317  3315  
4612  4613  4361  
7256  7257  7255  
6599  6600  5137  
2593  9241  2298  
610  3430  612  
1613  1617  1611  
2432  2529  2433  
1703  1705  1701  
1233  1235  1234  
4905  5721  3899  
5998  6519  5997  
4636  8698  4884  
8774  8835  4989  
4016  4685  3805  
4855  6411  6410  
2752  2753  2751  
4680  4681  4679  
4611  5674  5301  
2538  2633  2537  
5595  9186  3680  
4795  6027  4685  
1607  1631  1604  
5988  5989  4689  
3777  9308  5640  
5674  5676  5675  
1202  1204  1203  
5393  7180  5182  
5140  5586  5139  
6859  7128  5586  
6107  6108  4613  
6722  6952  6010  
2311  2313  2312  
1896  1897  1895  
7345  7520  5476  
2634  2898  2633  
4179  4645  4644  
3252  5626  3250  
1082  1083  1081  
138  411  139  
5041  5042  5040  
7895  9691  7894  
4424  4971  4635  
5371  9148  6697  
5646  9155  6640  
3063  3064  2971  
1235  1237  1236  
5507  6477  5875  
4799  4800  3929  
1456  1457  1455  
3232  9323  3286  
1411  1558  1410  
3756  9058  4079  
2094  2095  2092  
9280  9612  5674  
1655  1720  1656  
807  815  808  
2576  2960  2959  
1559  1603  1558  
1235  8916  1237  
2047  2049  1888  
2796  2797  2794  
1997  8332  2266  
7977  10085  7978  
11613  11780  2424  
3724  4986  4011  
5676  6112  6111  
6152  6153  5034  
4655  5260  4654  
995  1004  994  
4079  9058  5163  
3953  3954  3012  
4304  6476  5319  
1769  1770  1596  
4149  4301  4148  
4742  4744  4075  
6212  6607  4737  
3980  4654  3853  
6300  9321  6298  
4566  5788  4565  
1762  1763  1761  
4949  4950  4073  
1651  1652  1650  
6764  7031  6763  
946  994  945  
3763  3764  3127  
1110  1111  1109  
3259  3260  3254  
948  953  942  
1433  4436  1431  
6141  6791  6140  
6825  6826  6824  
3819  4118  3820  
5770  9230  2590  
10665  10899  7589  
3468  3790  3470  
1653  1654  1652  
4887  4888  3867  
1760  1761  1759  
2026  9194  5642  
7691  7693  7692  
1384  1385  1326  
2209  2222  2208  
1071  8735  4527  
1007  1008  1006  
4397  6375  6374  
1237  1239  1238  
4745  5683  3978  
2750  2751  2571  
7312  9391  3575  
8866  9711  827  
1009  1010  1008  
1781  1782  1768  
6640  9148  5644  
2131  2145  2144  
1743  1744  1742  
4397  6374  2812  
1011  1012  1010  
2181  2182  2179  
1423  2256  1421  
4184  9211  8893  
3817  3819  3818  
5643  9593  5645  
1649  1650  1648  
1204  1206  1205  
3650  9340  9075  
1206  1208  1207  
2337  9100  2335  
2143  8731  2381  
2074  2076  2075  
3112  4110  3788  
2947  2948  2946  
6587  6988  6586  
2478  9269  2216  
1741  1742  1740  
1013  1014  1012  
1078  1079  1077  
2022  6549  5104  
3472  3913  3474  
8965  9344  5543  
6927  6928  5733  
8689  10015  1584  
1767  1768  1766  
2244  9194  2025  
4465  9224  1600  
4287  4379  4286  
1898  2001  1897  
5317  6760  6759  
2945  2946  2944  
2238  3384  1709  
1745  1746  1744  
3158  9208  3159  
2491  4468  2489  
2899  3050  2898  
2886  2887  2884  
2498  2879  2493  
1765  1766  1763  
938  3381  935  
3341  9337  3729  
1758  1759  1757  
3326  4060  3846  
5655  9439  1017  
1239  1241  1240  
659  8963  709  
5368  9315  4283  
6807  6808  6786  
6785  6786  6784  
1798  9271  1793  
6342  6343  5701  
8239  9750  9733  
5187  5189  5188  
1438  1439  1435  
5980  5983  4974  
5961  10324  5962  
7564  10175  7858  
5781  5782  5780  
4106  8988  4104  
3687  9218  3686  
4118  4707  4119  
2819  2821  2818  
1157  1159  1158  
2790  2791  2788  
1241  1243  1242  
1636  2871  1592  
1015  1016  1014  
5412  9363  7416  
3086  9180  2940  
6360  7415  6362  
4053  4348  4051  
5926  8819  6252  
1756  1757  1755  
5670  5671  5668  
4952  5649  4046  
4824  5544  3778  
1243  1245  1244  
3536  3549  3534  
901  8879  896  
3585  4837  2934  
1215  1223  1222  
5171  6642  5096  
1118  1119  1117  
2953  9404  3748  
1245  1309  1289  
4302  5018  4301  
4080  4081  2529  
4138  9154  3746  
9799  9853  6429  
6796  7145  6795  
4420  9287  6454  
7063  7064  5857  
7526  10928  6710  
1371  6899  6898  
6257  6665  5211  
7186  7187  7185  
4645  8644  4644  
6390  6391  6389  
7617  8165  6738  
2145  2147  2146  
3726  9212  3646  
4705  4706  3958  
5964  6491  5963  
5004  8990  6384  
2780  2781  2778  
8632  10388  6328  
4625  6940  5517  
5931  10028  8629  
1167  1215  1214  
8831  8832  6291  
5779  5780  5778  
4611  5300  4610  
4869  10575  7468  
3017  3018  3016  
3489  3853  3487  
5651  9314  4641  
1505  9098  1501  
5174  5948  5175  
1671  1672  1670  
7278  7280  7279  
1789  1791  1790  
3310  9160  3308  
3813  4352  3179  
606  893  608  
1238  3479  1236  
602  3461  604  
1309  1392  1289  
3896  3897  3504  
1261  2119  1263  
8773  8774  4989  
8755  10023  5837  
1245  1289  1244  
7067  7139  6078  
5163  5997  5162  
2866  2907  2865  
4259  6464  5496  
5185  5187  5186  
4447  4448  4446  
1243  1244  1242  
5060  5262  5058  
5663  9650  9367  
7010  7094  6826  
5189  5191  5190  
5672  5673  5671  
3313  9160  3310  
2329  2425  2328  
2624  2625  2610  
3722  3723  3119  
5841  5857  4959  
1846  1847  1770  
1241  1242  1240  
6030  9658  7511  
7230  7233  7231  
7508  7509  6029  
1501  9098  1502  
4168  4170  4169  
1247  1249  1248  
2822  3032  2821  
1348  1350  1349  
3692  3884  3690  
8912  9477  8913  
1239  1240  1238  
4316  9550  8576  
5675  6829  5301  
5338  5339  4465  
598  950  600  
2147  2149  2148  
9056  9057  4956  
6581  6897  6036  
4091  4238  3644  
3308  9160  5585  
3756  4079  3755  
5424  5429  5426  
2002  2110  2001  
2420  2549  2482  
4321  9296  4322  
1237  1238  1236  
2768  2769  2766  
6154  6311  4856  
1409  10357  10269  
3051  3698  3050  
1653  1655  1654  
3692  4001  3884  
1651  1653  1652  
1165  1167  1166  
4989  8835  3620  
5901  9949  5899  
6675  6676  5018  
5123  5954  4003  
4956  9225  3383  
2758  9111  2759  
933  1571  931  
5589  5591  5590  
4110  5179  5094  
1193  1740  1186  
4437  5589  5588  
1753  1755  1751  
3900  9432  2616  
1673  1675  1672  
4395  5697  3651  
5808  9990  5810  
5056  5304  5054  
2149  2151  2150  
815  826  816  
1845  9182  1844  
2841  9231  2840  
2151  2221  2213  
2526  9316  2711  
3661  4219  3660  
1749  5776  1747  
2076  2078  2077  
5790  5791  5487  
4573  8649  4891  
8257  9471  2421  
1231  1232  1223  
2221  2476  2303  
3312  9184  3789  
1495  8952  1503  
3725  9459  4786  
6154  7462  6311  
6468  6469  4413  
2761  9111  2758  
2173  2174  1949  
1818  9299  1815  
5520  10542  6261  
7479  7778  6427  
1136  5689  1156  
759  1006  748  
2908  2909  2907  
8001  10245  10182  
1404  1405  1385  
5339  9224  4465  
5084  9171  9058  
3760  9219  4605  
1184  3907  1182  
1729  9104  1730  
654  9133  652  
2282  2283  2110  
5079  6802  6801  
4113  4114  3761  
6659  9481  5637  
3465  3467  3466  
5636  9169  5638  
1649  1651  1650  
2940  9180  3330  
4001  4856  4855  
1947  2159  2158  
1340  1342  1341  
4449  4793  4448  
1676  1677  1675  
8976  9829  8944  
2335  9100  2475  
4072  4402  3110  
1429  1732  1427  
1395  4393  1386  
2659  2660  2247  
3747  9175  3693  
6202  7300  4788  
7033  9205  5370  
1678  1679  1677  
6887  7404  6742  
4700  9205  4702  
744  2954  742  
3003  3004  2283  
2774  9056  2820  
2441  2536  2443  
5309  6618  5308  
3032  3033  2821  
1023  1066  1021  
6783  6784  5206  
2772  2773  2770  
5257  6956  5651  
3699  4208  3698  
8425  9276  9066  
4632  5096  4220  
1680  1688  1679  
1889  3432  2140  
4727  9709  7067  
6932  6933  4637  
7397  7398  7396  
4378  4897  4208  
2912  2944  2911  
6684  6745  6682  
6687  7312  3575  
3311  9184  3312  
5243  10095  4680  
191  10035  192  
1057  1058  1056  
4424  9311  4971  
105  413  23  
3278  5653  2791  
11217  11224  6412  
1801  4993  1866  
2974  4440  2976  
6035  6036  6034  
2812  9238  2808  
1910  9083  8720  
4440  5076  4441  
2792  3278  2791  
4646  4736  4402  
1235  1236  1234  
2896  4625  3849  
1233  1234  1232  
5689  6170  6169  
3676  9186  4290  
3778  9209  1605  
6493  8067  5979  
3205  9471  3208  
1748  9653  5719  
4902  9254  8967  
976  978  977  
6080  9183  7124  
3056  9231  9095  
3009  3084  3008  
1055  1056  1054  
6033  10279  10156  
1315  1317  1316  
2894  9619  8223  
3005  9415  2283  
4001  4855  3884  
2925  4845  2923  
6368  7296  7295  
2996  9066  3887  
2084  2085  2083  
4702  9205  5538  
1530  1589  1412  
5062  5174  5063  
4898  5258  4897  
3429  3755  3428  
2554  2762  2556  
5750  5752  5751  
2099  2257  2101  
592  1724  594  
5257  6957  6956  
636  637  635  
4121  9667  5680  
2050  2051  2049  
4561  5111  4877  
6683  9332  6685  
649  650  648  
1163  1165  1164  
1392  1649  1648  
6293  6296  6295  
5164  8926  6072  
3339  9231  2841  
3935  9469  4784  
1896  10043  1898  
4933  9183  6080  
5191  5193  5192  
7556  10040  7555  
5546  9338  3934  
6213  7409  4818  
896  8879  898  
5866  6770  6408  
5135  5523  4609  
2137  2138  2098  
3500  3660  3495  
2713  2714  2657  
1019  5655  1017  
3967  9180  3086  
1543  1544  1405  
3007  3008  3006  
3767  3904  3091  
4113  5017  4114  
6740  7803  6092  
5450  8938  5452  
6297  6857  6299  
4261  5021  3516  
9367  9650  3538  
4691  4959  2276  
638  639  637  
5477  9183  4933  
647  648  646  
3019  3020  3018  
5986  5987  4720  
92  418  93  
4493  6655  4718  
2910  2911  2909  
5088  6292  5090  
6281  9320  6279  
4375  4695  4647  
4522  5825  4663  
5842  10322  10276  
1005  1257  1004  
5564  9411  9272  
1053  1054  1052  
2820  9056  4956  
2784  2785  2782  
8456  9470  3726  
6248  7132  6237  
6116  6506  6114  
2885  9641  3976  
3760  3761  3033  
2808  9238  2807  
3159  3832  3831  
3085  3126  3084  
6491  7563  5963  
5082  7211  3982  
6716  6717  5558  
4248  6228  4250  
3258  3811  3257  
1051  1052  1049  
1358  1360  1359  
3991  4836  3993  
3826  4790  4661  
6169  6171  1156  
4524  5062  4525  
1029  1922  1027  
3622  4223  4098  
1735  1822  1820  
641  642  639  
3044  3045  2660  
3309  9500  3328  
2348  9092  4353  
1454  1455  1453  
3829  4611  4610  
927  2458  925  
1048  1049  1047  
2187  2188  2186  
3746  9154  3747  
9572  11830  804  
9311  9312  4971  
1072  1073  1071  
3765  3835  3764  
5444  5445  5258  
3256  3257  3255  
6224  9940  4592  
2655  2656  2653  
6897  6950  6036  
2086  2087  2085  
2649  2650  2647  
4626  9557  4167  
1566  1579  1578  
6607  9097  4737  
5397  10091  7645  
5431  5434  5433  
2626  2865  2625  
2735  2736  2722  
716  9353  3331  
1295  1296  1293  
3884  9218  3690  
1807  9104  1729  
5640  5641  4823  
3913  4519  3914  
3173  8277  7794  
1811  4376  1772  
5925  6548  5926  
1394  1415  1393  
1538  2113  1540  
3636  3639  3638  
4201  9692  4204  
8326  9360  3548  
2840  9231  3056  
3629  3634  3631  
2718  2719  2715  
6488  7152  6487  
3416  3417  3415  
7361  7363  6425  
1249  1254  1250  
5218  6034  5217  
6424  6425  4774  
3028  3826  3769  
6280  9339  6282  
3843  5656  4895  
643  644  642  
1033  3483  1031  
842  846  843  
3186  4840  2922  
7691  7692  7690  
4241  9580  2993  
1733  9284  9163  
4731  9062  3342  
6189  7241  6188  
3369  3719  3370  
1452  1453  1451  
1074  1075  1073  
904  914  908  
5062  6700  5174  
6620  6621  5030  
5316  9518  7395  
5455  6960  5454  
1232  1272  1223  
6541  7592  7591  
1450  1451  1449  
4630  6161  6160  
1046  1047  1045  
3032  3760  3033  
863  868  867  
1059  1060  1058  
2427  9197  2429  
1126  4417  1407  
7331  10788  413  
3096  9315  2962  
695  6042  698  
1563  3299  1528  
6473  9374  5002  
3995  5329  4272  
3871  3872  3723  
5657  8997  6596  
6081  9260  5600  
3948  4558  3947  
4588  8711  6513  
1064  1065  1063  
5895  5896  5894  
1044  1045  1043  
4155  4156  3674  
1488  9153  1494  
1276  9368  9054  
9146  10090  9678  
5159  9154  4138  
3692  9175  4001  
6204  6487  5445  
5067  6876  6164  
5950  7413  6721  
2645  2646  2643  
3467  9270  3468  
3906  9112  2061  
1814  3360  3359  
4721  9634  5818  
2658  8542  3751  
5642  9197  2427  
6048  6049  5896  
1580  9046  1601  
1037  1039  1035  
4962  4963  4941  
6050  6051  6049  
6301  6867  6303  
1042  1043  1041  
4708  6269  6268  
4749  9157  5250  
3836  4050  3835  
645  646  644  
10229  10338  6685  
4695  7681  5821  
894  4479  899  
1998  1999  1997  
2185  2186  2184  
1656  9284  1733  
3414  3415  3413  
5543  9344  6232  
4002  4003  3754  
1062  1063  1060  
1927  2103  1824  
6127  6128  5663  
4889  4890  4888  
5505  9462  8581  
3625  3966  3627  
2774  2820  2773  
5099  5100  4890  
1871  1951  1950  
5331  5332  4744  
6052  6053  6051  
3329  9184  3311  
4957  5540  4958  
3294  4471  3296  
1448  1449  1447  
5016  9243  6616  
4939  4940  4557  
2848  9379  2849  
7747  9991  5688  
3387  3388  3386  
9113  9435  1112  
3385  3386  3384  
3389  3390  3388  
1344  9188  1342  
909  8230  3141  
9163  9284  9164  
2641  2642  2639  
7395  7396  7394  
3103  3821  3336  
4519  5023  4520  
6177  6178  6053  
1632  1805  1593  
978  980  979  
6187  6188  6186  
980  982  981  
362  9105  512  
1040  1041  1039  
4389  6334  4772  
3422  4074  3421  
5013  5663  1407  
1068  1069  1065  
3290  4833  3292  
6608  10263  6208  
9184  9481  3789  
6545  6547  6546  
2055  9136  1867  
4174  4207  4177  
8784  10235  5961  
5193  5925  5194  
5782  6192  5780  
4126  8643  5236  
5295  6703  6702  
3365  3369  3366  
2520  2587  2586  
4182  4183  4181  
4590  4997  3862  
2869  3840  2991  
982  984  983  
5919  7572  7135  
4018  9111  2761  
1832  8720  2022  
9110  9275  3423  
5647  9098  1505  
1136  1137  1135  
2257  2465  2323  
6374  9238  2812  
962  963  961  
8677  9203  5513  
5544  9209  3778  
634  635  633  
4559  4658  4558  
5557  5558  5555  
4209  5384  4210  
1446  1447  1445  
2786  3275  2785  
4543  9799  6494  
7306  7307  5949  
2447  2546  2449  
6548  8819  5926  
4771  5629  5628  
3412  3413  3411  
3400  3401  3399  
7607  10833  6871  
5893  5894  5743  
4325  6077  6076  
3369  3894  3719  
2018  2021  2020  
4545  4957  4546  
5050  5478  5048  
3286  5566  3288  
7883  7886  7884  
984  986  985  
4223  5101  4796  
1286  1287  1284  
4543  5242  5241  
5591  5593  5592  
3780  4543  4542  
7296  7453  7297  
2739  2740  2737  
4086  4173  4088  
98  414  99  
5674  5675  5301  
1444  1445  1443  
2078  2263  2079  
2014  2017  2016  
2134  9083  1910  
1371  9390  6899  
5676  6111  5675  
2183  2184  2182  
4675  4677  4676  
3402  3403  3401  
2376  4130  2058  
1951  2123  2122  
3465  5664  3467  
3230  9323  3232  
6448  6449  5390  
10283  11447  422  
5436  6015  5438  
7627  10043  7628  
5370  9205  4700  
4618  5217  4617  
5752  5754  5753  
1775  1871  1869  
7817  7818  7816  
4417  5014  5013  
3410  3411  3409  
5749  6601  5760  
8035  10413  8033  
4900  9272  8946  
6908  9273  6906  
7612  7613  5414  
3420  3421  3397  
1087  1090  1089  
615  1659  613  
5263  5264  4978  
6872  6873  5488  
4194  4195  4193  
8933  9223  8936  
4186  4187  4185  
7913  7914  7912  
1793  9271  1792  
7697  9289  5777  
3760  4113  3761  
10127  10241  7788  
6903  6986  6902  
2549  2861  2550  
3408  3409  3407  
3393  4472  3391  
5524  7359  5523  
846  851  847  
2507  2508  2504  
6395  7403  6856  
3499  3501  3498  
2010  2013  2012  
8998  9779  8999  
5782  7540  6192  
3360  3362  3361  
1416  1567  1415  
5635  9184  3329  
3821  4600  3822  
619  4387  617  
6848  7311  6847  
4432  5368  4283  
6424  7361  6425  
4600  5356  4601  
3404  3405  3403  
9438  9742  6381  
5729  6530  6032  
5356  6894  5357  
4190  4191  4189  
4148  9317  4145  
6278  8640  6287  
4022  4085  4024  
4611  5301  5300  
1442  1443  1441  
2815  9206  2813  
689  4032  3482  
2764  3245  2763  
4367  4693  4368  
4548  4599  3897  
5570  6560  5572  
943  944  920  
652  9133  1725  
2560  2693  2562  
4616  5681  4636  
1332  1333  1297  
5630  5975  5632  
1419  3297  1417  
3398  3399  3395  
6003  11388  6008  
4699  6554  3783  
1317  1319  1318  
2061  9112  2063  
3406  3407  3405  
4079  4641  3755  
2966  3276  2581  
2393  9193  2969  
5673  5777  5671  
2429  9197  2432  
6065  6847  6064  
7418  9232  6206  
2123  2333  2332  
4562  4908  4238  
1490  9153  1488  
6087  6089  6088  
1884  1901  1900  
2983  2985  2873  
1001  1002  952  
4015  4021  4020  
4407  4846  3248  
4594  4814  4352  
1126  1127  1125  
3502  3752  3501  
2006  2009  2008  
5585  9251  2809  
1215  1222  1214  
2058  9262  1835  
3955  3956  3078  
2927  3780  3779  
6410  9218  3884  
2741  2763  2740  
5384  6696  5385  
954  955  953  
2263  2973  2972  
5695  7116  6667  
1440  1441  1439  
4330  9502  8608  
956  957  955  
2088  2089  2087  
3076  3649  3646  
8738  9108  8740  
1167  1214  1166  
2609  3343  2623  
2891  9309  3115  
1099  1102  1101  
4868  7439  7438  
1534  4386  1536  
2782  9275  2781  
1103  1106  1105  
2090  2091  2089  
3743  9255  8823  
5415  5488  4814  
3275  3423  2785  
2350  2351  2349  
3648  4066  3108  
2350  4111  2372  
6435  6437  6436  
1902  2005  2004  
4585  8865  4820  
4872  4873  3956  
5930  6681  5929  
4282  5787  5372  
2960  3125  3124  
5004  6384  4916  
4574  4575  4573  
2813  9206  4397  
4793  10325  7474  
1844  5771  5652  
586  2535  588  
3673  9363  4159  
1165  1166  1164  
3212  9059  3214  
9490  11854  6917  
4064  4616  4065  
1251  1252  1002  
3497  3498  3496  
6089  6733  6732  
2153  3858  3556  
1546  3303  1548  
964  965  963  
1095  1098  1097  
2336  2337  2335  
5784  6064  5086  
5074  6569  5073  
4868  5682  3920  
4111  5872  4112  
2338  2339  2337  
3343  3345  3344  
6277  8641  8640  
2415  2565  2416  
4009  4014  4013  
851  855  852  
1298  1299  1252  
5574  6481  5576  
4385  4948  4947  
2412  2415  2413  
4758  5204  4599  
1161  1163  1162  
5928  5929  5927  
4627  5530  4960  
3889  6007  4912  
998  8923  2578  
1107  1110  1109  
3362  3364  3363  
5804  9104  1807  
1319  1321  1320  
4827  10408  7414  
2757  9380  2754  
6312  9707  4312  
1091  1094  1093  
4830  5031  4497  
5725  6525  5727  
6515  8295  6288  
4218  9509  3652  
3775  3776  3140  
2340  2341  2339  
3083  9438  3166  
4231  9097  4233  
3077  3078  2985  
3339  9593  9231  
6305  6878  6307  
1814  3359  1798  
7380  7381  7379  
4751  9157  4749  
3964  9727  5980  
5810  10117  5879  
4686  9167  4687  
4000  4008  4007  
6444  6983  5826  
3077  4109  3955  
3486  9305  3484  
3894  4774  4524  
752  753  751  
2720  2721  2719  
3330  9379  2854  
7953  10839  3552  
4570  4571  3872  
609  913  607  
5115  5927  5114  
8173  10297  8171  
1879  1883  1882  
5664  5666  5665  
4112  5868  2372  
5776  9102  1747  
5593  6579  6017  
3364  3367  3365  
6393  6870  5686  
1330  9345  1401  
5341  6635  5340  
1815  9299  1814  
5101  6100  6096  
4442  9465  6744  
6751  9800  5649  
1115  1118  1117  
5673  5778  5777  
1470  9159  3175  
2727  3028  3027  
5093  6647  6646  
4079  5162  4641  
2410  2412  2411  
2177  2178  2176  
8781  9333  3382  
8814  10698  3338  
1844  9182  5771  
1163  1164  1162  
4755  9168  4753  
2651  2652  2650  
5759  6497  6496  
5681  8698  4636  
4721  5818  5817  
776  777  775  
2273  2274  2271  
5881  9278  5972  
416  9039  148  
3986  3999  3998  
4433  9291  6448  
3089  3949  3804  
3787  9225  4618  
4871  4916  4870  
3642  3898  3641  
6744  7294  6743  
5666  5668  5667  
4082  8676  5502  
3286  9323  5566  
3488  4123  3486  
9056  9236  9057  
1280  1281  1270  
5493  9290  5491  
787  789  788  
2975  3089  3065  
5402  6967  5562  
1515  9887  1520  
5254  9453  7186  
2453  2614  2456  
4733  5128  4734  
2953  3658  3657  
4031  6672  4724  
5635  9481  9184  
5963  9277  5783  
6285  7141  6289  
2657  9116  2656  
1867  9136  5804  
6260  6992  5953  
3424  3425  3423  
9057  9176  4956  
754  755  753  
2281  9775  4975  
6023  6087  6086  
3524  9187  3523  
2596  9356  5794  
750  751  749  
3938  3983  3940  
2433  9221  2435  
1777  1778  1687  
1875  1878  1877  
5683  9558  3978  
3010  4660  4515  
623  625  621  
5162  5257  4641  
4032  6156  4033  
5783  9277  5782  
966  967  965  
1288  1292  1287  
2175  2176  2174  
3000  9649  8553  
3424  3426  3425  
9093  9861  7859  
7207  10031  6324  
5778  7696  5777  
2432  9197  4080  
1348  1349  1346  
2320  9136  2055  
4999  6225  6224  
3115  4031  4029  
7915  7916  7914  
4240  5364  4797  
2746  9152  3069  
5825  6841  6839  
1167  9359  8915  
778  779  777  
4980  4981  3823  
8147  10409  8146  
1371  4414  1349  
2052  9257  2051  
3905  4328  3904  
3894  4524  3719  
3093  9152  2746  
4704  5019  4124  
4880  10127  7788  
3168  5774  3170  
3426  3428  3427  
968  969  967  
4996  10037  4152  
3359  9271  1798  
1388  9486  1376  
3014  4240  3883  
2340  2872  2371  
1472  9159  1470  
4576  4577  4575  
3457  3641  3456  
1268  1269  1266  
2336  4935  2338  
5578  6351  5580  
906  8829  4459  
2063  9112  2902  
5664  5665  3467  
3360  3361  3359  
3744  4139  3371  
3454  3456  3453  
4809  8873  4808  
4759  4760  4643  
3125  4094  4093  
4591  4999  4592  
4429  4497  4427  
834  3380  1646  
3928  4944  4943  
3452  3453  3451  
5970  5971  4934  
2807  9238  3307  
2877  2984  2983  
3426  3427  3425  
3275  3424  3423  
1362  1364  1360  
7210  7214  5118  
3889  3890  3059  
4329  4457  4328  
2697  2700  2699  
5685  5686  4904  
756  757  755  
5955  9090  6663  
2096  2097  2095  
4132  4801  4399  
2872  2877  2873  
5215  9167  4686  
6378  9697  7273  
4094  5165  5164  
4145  9317  4144  
4458  4719  4457  
3042  3265  3264  
6454  6455  4692  
5582  6617  6216  
6460  6461  6459  
5526  9190  5524  
2951  2953  2952  
4470  4512  4469  
7827  7831  7825  
4314  9707  4321  
3364  3365  3363  
1995  3562  2226  
4964  5119  4963  
2612  3552  2695  
3362  3363  3361  
7398  7431  7396  
1358  1359  1356  
2267  9359  1165  
6364  6367  6366  
1844  5652  1818  
1133  1136  1135  
2616  9432  2300  
5374  6582  5020  
5569  9474  5567  
1165  9359  1167  
780  781  779  
738  739  737  
10  415  80  
5513  9203  3261  
3869  4469  3589  
1935  2888  1933  
5952  5953  4553  
2707  2982  2709  
1161  9477  8912  
3432  3434  3433  
4053  9151  4348  
4513  4517  4512  
5169  9385  6666  
1129  3538  1131  
3439  9613  4467  
5120  6074  5119  
1851  9182  1845  
1954  1955  1940  
6169  6881  6171  
2529  9221  2433  
6498  9892  4954  
2479  8841  2732  
1321  1323  1322  
3428  3850  3427  
5295  6221  5292  
5122  6207  5006  
4578  4579  4577  
736  737  735  
3706  4064  3707  
1469  9504  1466  
1721  1738  1620  
1118  4552  2241  
6934  7365  6725  
2743  3017  3016  
1841  1874  1873  
3020  9166  3022  
6458  6459  6457  
3450  3451  3449  
2863  3834  2918  
772  773  771  
2890  3592  3591  
7937  7938  7933  
4614  8684  5807  
1340  1341  1338  
2299  8838  2825  
1720  9284  1656  
5666  5667  5665  
605  3510  603  
1176  1177  1175  
4207  5870  5869  
951  952  944  
770  771  769  
1174  1175  1173  
1170  1171  1169  
1172  1173  1171  
2629  2995  2628  
1178  1179  1177  
734  735  733  
1813  1840  1839  
2280  2827  2629  
6462  6463  6461  
758  760  757  
1931  5745  1929  
6161  7192  7191  
1956  1957  1955  
4912  4913  3890  
4693  9170  4368  
1282  1283  1281  
5668  5820  5667  
595  3803  593  
4301  4859  4148  
5881  5882  5880  
5656  5658  5657  
782  784  781  
2022  8720  6549  
5096  9135  4220  
5669  9270  5665  
970  971  969  
3337  9371  9153  
5735  9751  9408  
2703  3476  2705  
3434  3436  3435  
5689  6169  1156  
1463  9506  1460  
2509  2510  2508  
732  733  731  
6622  6837  6241  
8595  9297  8588  
1958  1959  1957  
3436  3438  3437  
4485  4556  4484  
6536  6925  6537  
3653  5008  3828  
2747  3117  3082  
5972  5973  5882  
1894  9749  1896  
4984  9294  4982  
5412  7416  5465  
6374  9500  9238  
774  775  773  
2959  9428  2961  
6724  6725  5802  
7282  7284  7283  
1139  3475  1141  
4586  4730  4585  
1161  1162  1159  
5829  6134  6133  
1590  9246  1525  
3757  4598  4597  
6019  6021  6020  
1079  1082  1081  
5879  5880  5811  
6752  7005  5634  
5358  5802  4730  
4850  6630  5528  
4580  4581  4579  
2511  2542  2510  
1579  1597  1580  
730  731  729  
582  4555  584  
28  409  116  
630  631  629  
6816  7096  6855  
3531  9528  5443  
6077  8300  7048  
7193  9482  5951  
1674  1681  1669  
5798  5831  5800  
7511  7512  7510  
4402  9166  3110  
2722  9362  2721  
1168  1169  1038  
2408  2410  2409  
4056  4057  3737  
1960  1961  1959  
3464  9369  8737  
1653  9235  1658  
2280  2628  2279  
5810  5811  5809  
2468  2470  2469  
768  769  767  
5394  6502  4991  
6021  6023  6022  
4584  4585  4583  
632  633  631  
2949  2951  2950  
6435  6436  5014  
4353  9092  6329  
3705  3801  3092  
1354  3546  1352  
1150  3544  1152  
2485  2486  2484  
728  729  727  
5074  6571  6570  
4873  5263  4978  
4582  4583  4581  
972  973  971  
2987  2988  2662  
761  762  760  
1145  1149  1147  
2737  9329  2736  
6702  6946  6221  
4221  9351  5784  
2543  2638  2542  
3460  9362  8828  
3975  8595  8588  
2105  6788  1341  
3448  3449  3447  
628  629  627  
5808  5809  4953  
2770  9333  2769  
5320  9157  4751  
2788  9229  2786  
6676  6677  5018  
1686  1687  1685  
7254  9599  7251  
2892  9193  2393  
3935  4783  4782  
6571  6573  6572  
7824  9326  7833  
2938  9348  743  
6253  6723  4797  
2487  2488  2486  
1367  3554  1365  
1123  1126  1125  
3953  9179  3954  
4487  4770  4488  
3337  9153  1490  
1334  1335  1333  
4219  9135  5061  
4994  4996  4152  
4071  4484  4070  
4602  9355  3668  
726  727  725  
599  9303  597  
626  627  625  
3658  9364  4493  
2397  2400  2399  
2313  2423  2422  
1962  1963  1961  
2328  9446  2318  
3129  10668  7684  
3014  3773  2995  
3883  5032  3773  
3976  3977  2942  
5554  5556  4984  
2483  2484  1754  
2820  3382  2773  
2208  9476  2205  
1964  1965  1963  
3462  9235  1651  
785  786  784  
4552  6095  6094  
1665  2955  1663  
2828  3857  2830  
3709  5203  4711  
4753  9168  5320  
8261  8266  8264  
1372  1374  1369  
9072  9623  5597  
9176  9225  4956  
1746  9102  2262  
2228  2229  1999  
6530  6936  6531  
2232  9204  2211  
3578  10329  8203  
2502  2503  2501  
2036  2835  2034  
7563  9277  5963  
920  8829  910  
5888  6019  6018  
5702  5827  5700  
7381  7383  7379  
9238  9500  3307  
4824  5545  5544  
724  725  723  
1084  3250  1085  
4085  9156  4086  
5044  5959  5042  
2818  9206  2815  
2500  2501  2499  
2585  3063  2971  
4950  5040  5039  
3541  3935  3934  
1106  9340  1107  
6275  8696  7410  
1136  1156  1137  
1686  1784  1777  
5548  9215  3003  
5975  6555  5976  
1118  2241  1119  
8307  9967  2109  
4157  4158  4156  
6015  6409  6263  
3001  3759  3548  
3468  9270  3790  
2653  9369  2652  
763  764  762  
5266  5945  5268  
3595  3823  3074  
576  9105  361  
5305  9168  4755  
4847  5565  4846  
720  721  719  
2605  3547  2603  
722  723  721  
834  1645  824  
718  719  717  
3892  9453  4404  
2525  3043  2867  
465  9979  8345  
4530  4531  4518  
3759  4372  3799  
5652  9299  1818  
3003  9215  3004  
3010  5691  4660  
3859  5746  3556  
1684  1685  1683  
1323  1325  1324  
765  767  764  
6317  9782  8104  
1110  1644  1111  
9543  9885  2687  
5863  6316  5864  
2497  2499  2496  
2347  2350  2349  
3143  7913  7912  
1966  1967  1965  
2104  2124  2103  
2854  9379  2848  
5690  9727  9506  
673  1660  675  
3246  9358  8605  
3354  3355  2658  
2001  2236  1897  
4613  5442  4361  
2343  5735  2345  
2763  3377  2740  
6127  6990  6128  
1516  9494  1511  
5771  8239  5652  
5403  7578  7577  
1507  9494  5647  
1102  9181  1103  
4948  6419  5091  
5618  6002  5616  
1293  9389  1292  
1350  1371  1349  
3807  4230  3808  
5272  5293  5274  
4230  4737  4231  
3973  5234  3972  
4532  4533  4531  
1082  1084  1083  
3754  9693  3582  
4697  6505  5336  
5721  9598  3899  
5138  5176  4054  
4014  9158  4015  
868  873  872  
3446  3447  3445  
2406  2408  2407  
787  788  786  
88  449  89  
958  9287  957  
1078  9172  1079  
3523  9187  3588  
2353  3543  2355  
1482  9561  3272  
4372  5214  4735  
5217  5232  4617  
6232  9344  7701  
6821  9165  6819  
5756  5758  5757  
9147  9252  1244  
1157  1161  1159  
1075  1078  1077  
2785  9275  2782  
7042  10600  9088  
848  2279  826  
1110  3650  1644  
3918  4868  3920  
2225  2240  2239  
4160  4161  4158  
1968  1969  1967  
6555  7531  6811  
4519  5316  5023  
601  804  599  
4534  4535  4533  
2714  9116  2657  
2435  9221  3332  
6212  6948  6607  
7987  7995  7990  
7819  7820  7818  
4304  9556  6476  
1197  1198  1196  
5070  8987  8986  
5276  5294  5278  
716  717  624  
4419  9336  4043  
5614  5960  5612  
3259  3807  3260  
5924  6611  5878  
6471  6769  5556  
6181  6942  6183  
1475  9159  1472  
6138  6140  6139  
2495  2496  2494  
4482  4483  3865  
6681  7038  5929  
1342  2105  1341  
2778  9236  2776  
9040  9581  4365  
417  7148  7147  
1195  1196  1194  
5280  5288  5282  
4646  6147  5839  
3438  9387  3843  
4475  4477  4476  
4417  5013  1407  
3383  9225  3787  
2357  2366  2359  
2029  2268  2215  
5610  5876  5608  
2475  9100  5367  
2906  9459  3725  
3649  3929  3726  
5165  8926  5164  
4536  4537  4535  
5722  5724  5723  
5013  6127  5663  
6543  6800  6463  
4527  8735  5552  
1855  10313  8313  
1712  3511  1794  
4801  6344  4802  
4162  4163  4161  
812  814  813  
2715  9361  2714  
1192  1194  1191  
4799  5863  4800  
9231  9593  9095  
821  823  822  
1227  1265  1226  
3084  3696  3008  
8352  11255  8377  
5897  5898  4861  
1190  1191  1189  
1552  1595  1554  
2530  2532  2229  
1970  1971  1969  
4957  6704  5540  
4127  4128  4126  
3983  4689  3984  
2363  2367  2365  
1126  1407  1127  
5695  6667  4709  
3004  3005  2283  
4824  6815  5545  
2672  2673  2671  
1220  1226  1219  
4039  5074  5073  
8849  10020  3335  
3739  4212  4211  
3800  4623  4622  
4557  9394  4556  
7069  9167  5215  
651  652  650  
2820  3383  3382  
4410  6439  5388  
1730  1930  1929  
5691  5693  5692  
3004  3006  3005  
3112  3788  2689  
10082  10163  7460  
1213  1219  1212  
1503  8952  6874  
2759  3478  3477  
1476  9575  3180  
4905  5722  5721  
3237  9443  3235  
2153  3556  2044  
4290  9460  5477  
5927  6523  5114  
3470  9227  3472  
2773  9333  2770  
5966  9364  3749  
3639  9833  8603  
6185  6955  6954  
3111  4073  4072  
2490  9732  2492  
3598  4929  3068  
5540  9383  5541  
2042  2637  2040  
9572  11862  11830  
3019  3111  3110  
1833  1925  1903  
1682  3924  1684  
1682  1683  1681  
3550  4131  3551  
1972  1973  1971  
2421  9471  3205  
2754  9380  2753  
5524  9190  7359  
6673  6674  4724  
2776  9236  9056  
4072  4646  4402  
7395  9906  7397  
3822  6429  3336  
5837  9864  8781  
10135  10233  8218  
7998  10061  3571  
5693  6186  5694  
7184  9459  7350  
5877  5878  4976  
2139  2270  2138  
5884  5886  5885  
8740  9108  8743  
3024  3718  3026  
818  3304  813  
2786  9229  3275  
7236  9190  5526  
2249  2336  2335  
3930  5858  3073  
4121  5680  4811  
2306  2307  2305  
3787  4617  4545  
9538  9594  6466  
2125  2126  2124  
8846  9419  4612  
2373  2528  2527  
3103  3336  2333  
5003  5884  5883  
5241  6486  4542  
1674  9370  1682  
9408  9751  4111  
2947  2949  2948  
1188  1189  1187  
3383  3787  3711  
4915  6752  5634  
5829  6133  4988  
4130  9262  2058  
5286  5295  5292  
4538  4539  4537  
4459  8879  901  
8032  9431  6238  
3716  3937  3717  
2665  3889  3059  
2891  2892  2393  
2721  3459  2719  
1974  1975  1973  
3366  9310  3363  
5316  7394  6395  
4932  5938  5937  
5316  6395  5023  
5254  7186  7185  
1297  9381  1296  
4043  4054  3749  
1371  6898  4414  
1651  9235  1653  
1784  1906  1835  
4214  5087  4215  
4786  7184  7183  
4858  9432  3900  
5747  5748  5746  
1069  1072  1071  
3265  3716  3266  
3073  9403  2691  
3383  3711  3382  
4513  4529  4518  
4786  9459  7184  
8697  9565  6294  
2332  2590  2122  
6311  9245  4856  
5138  9336  6903  
2404  2406  2405  
5385  9744  5866  
4029  4030  3116  
5886  5888  5887  
2943  3972  2265  
1208  1212  1207  
3049  3722  3119  
1202  1203  1201  
9129  9381  3480  
4855  9245  6411  
1604  9308  1603  
3115  3116  2892  
6205  7417  6206  
3627  9274  3629  
666  670  668  
4860  4861  3946  
1526  3566  1892  
6704  6798  5540  
4856  9245  4855  
4529  5843  4530  
4944  5956  5955  
4540  5152  4539  
5859  5860  5858  
7505  10116  6341  
5386  9418  6850  
7250  9891  9273  
1976  1977  1975  
3955  4872  3956  
1906  2230  2058  
8803  9405  3463  
5684  6205  5814  
5263  7212  5264  
6077  8301  8300  
4948  6542  6419  
6037  10092  8280  
4284  4858  3900  
7844  7845  7843  
1502  6890  5687  
5852  11847  10143  
3650  4394  3651  
3787  4545  3711  
4716  8062  6166  
3670  4602  3668  
4950  5039  4073  
5871  9399  6758  
5170  6804  6214  
5485  5790  5487  
9784  9844  7613  
3017  3019  3018  
1242  9252  1271  
1511  9494  1507  
1199  1201  1198  
2230  2537  2376  
4563  4657  4128  
1284  9475  1283  
3345  3347  3346  
4092  5170  4699  
5691  5692  4660  
4123  9305  3486  
3478  4092  3783  
4260  4523  3903  
3835  4225  3764  
4708  6267  4707  
4532  5106  4534  
4611  9280  5674  
1737  8874  1308  
5345  7391  5347  
3638  9280  3829  
6824  9165  6821  
3887  9276  3991  
2179  9300  2178  
1603  3777  1605  
6756  7226  5760  
2301  9806  2617  
6171  9400  1156  
1270  9378  1269  
4164  4165  4163  
5338  6651  5339  
2000  2659  2247  
2740  9329  2737  
7241  7490  6188  
6138  6139  6136  
1084  3251  3250  
2880  2882  2881  
2882  2884  2883  
1500  9515  1496  
3077  3955  3078  
5693  5694  5692  
6846  9378  3837  
6186  7057  5694  
3582  5010  2981  
5171  6643  6642  
3842  4813  3963  
6468  7342  6469  
7288  7291  7290  
2719  9361  2715  
695  696  694  
4394  5308  4395  
1204  1205  1203  
3446  9395  8780  
2591  2592  2590  
3702  4046  3703  
2927  2957  2592  
5314  7061  6392  
1335  3480  1333  
2953  3748  3658  
7677  9263  7357  
1989  1990  1988  
3988  4182  4181  
2830  9330  2832  
8737  9898  5598  
1840  9185  1841  
1244  9252  1242  
58  7621  59  
528  7537  7534  
3208  4854  3715  
1646  1647  1645  
5000  5622  4501  
2945  2947  2946  
4421  4422  3537  
3779  3817  2957  
4745  5684  5683  
1206  1207  1205  
3019  3110  3020  
4230  5113  4737  
6681  8777  7038  
2753  5819  5414  
3364  9750  3368  
3777  4823  3778  
578  6726  580  
4456  4501  4455  
9263  10260  7357  
6464  6465  5496  
6265  7451  5401  
1930  1932  1931  
3006  3010  3005  
2218  7910  7852  
1781  1812  1782  
2746  3069  3068  
1982  1983  1981  
3902  3903  3508  
3045  3891  3047  
2275  2296  2274  
3592  3702  3593  
2340  2371  2341  
3053  7123  7028  
4952  5650  5649  
2886  3041  2887  
1072  5718  1074  
5872  6370  4112  
9162  9361  3459  
1292  3378  1287  
2127  2128  2126  
3036  3039  3038  
2402  2404  2403  
3259  4089  3807  
1767  1781  1768  
2700  2864  2701  
4486  9507  6444  
1962  2255  1964  
3583  4475  3806  
4173  9399  4174  
5110  6917  6605  
2921  3739  3738  
4111  4112  2372  
4468  9638  2489  
5788  6671  5789  
4744  9488  4075  
3208  9471  4854  
3115  9309  4031  
3523  3588  3587  
2498  2880  2879  
4975  4976  4931  
2647  9405  2646  
1762  1765  1763  
2766  9256  2764  
2350  2372  2351  
662  3540  664  
1336  9467  1335  
689  690  688  
6453  9713  9549  
3356  3357  3355  
5595  9460  9186  
5658  8997  5657  
3536  3550  3549  
1760  1762  1761  
4256  4257  3825  
685  686  684  
3361  9310  5662  
1311  1737  1308  
1272  9266  1223  
5749  5750  5748  
4207  5871  5870  
2877  2983  2873  
3029  4005  4004  
2336  2338  2337  
4832  5259  3951  
2979  9455  3123  
4034  5114  4733  
80  9242  81  
2338  2340  2339  
7976  10460  2968  
4598  5140  5139  
6705  7338  5248  
1597  9046  1580  
7833  7835  7826  
1932  1934  1933  
7120  10693  6068  
4868  7438  5682  
1166  9304  1164  
1765  1767  1766  
2643  9592  2642  
4538  5160  4540  
3117  4016  3805  
4280  9377  4282  
4552  6094  2241  
2983  3077  2985  
5250  6163  5321  
976  977  974  
4767  8765  8760  
1493  9515  3337  
1954  2065  1956  
5140  6859  5586  
1758  1760  1759  
6785  6807  6786  
681  682  680  
1325  1384  1326  
3748  9404  4419  
1934  1936  1935  
6807  6959  6808  
3649  4433  3929  
1936  1939  1937  
1939  1953  1940  
1775  1776  1647  
4043  5138  4054  
1978  1979  1977  
4453  4455  4451  
3877  3878  3876  
1271  9267  1240  
2317  9204  2232  
4632  5171  5096  
1958  3553  1960  
3460  4034  3827  
2400  2402  2401  
1494  6010  5677  
2425  3485  3484  
6384  6583  4916  
2872  2873  2371  
5312  6524  6062  
4820  8865  8767  
3868  4565  3869  
5138  6902  5176  
2652  3463  2650  
7420  10006  9758  
4016  4795  4685  
6042  6690  698  
2639  9626  2638  
4795  6029  6027  
3424  9687  8902  
1743  1745  1744  
3488  4703  4124  
2791  9229  2788  
2297  2615  2296  
5205  9478  5204  
3661  4220  4219  
3588  3868  3589  
5663  9367  1407  
6601  6756  5760  
2759  3477  2757  
1009  1011  1010  
7359  7765  5523  
1741  1743  1742  
1011  1013  1012  
1007  1009  1008  
8600  10259  4129  
4504  6516  4502  
3748  3749  3658  
2721  3460  3459  
4646  5839  4736  
4034  4733  3827  
1756  1758  1757  
5666  9715  5670  
4859  9317  4148  
1869  1870  1776  
4564  5230  4878  
5076  5077  4441  
2912  2945  2944  
1013  1015  1014  
4812  5003  5002  
4423  4424  4422  
1072  1074  1073  
3460  3827  3459  
3069  4234  3598  
4086  9156  4173  
1745  1747  1746  
1283  3837  1281  
4183  4186  4185  
3811  5732  5731  
6783  6785  6784  
5222  9622  7000  
1496  9515  1493  
4440  4441  2976  
1057  1059  1058  
5861  5993  5860  
2650  9405  2647  
2051  4550  4413  
1384  1404  1385  
8102  10216  3240  
2898  3490  2633  
2129  2130  2128  
1055  1057  1056  
3063  3575  3064  
6269  6787  6268  
1015  1017  1016  
1968  2295  1970  
5231  6479  4878  
4704  5373  5020  
4118  4708  4707  
2969  9193  4998  
7282  7283  7280  
814  819  818  
759  1007  1006  
4166  4167  4165  
8258  9409  8257  
3881  9387  3440  
1223  9266  1222  
1985  1986  1983  
647  649  648  
1240  9267  1238  
4195  9201  4197  
5113  6844  6212  
5257  9283  6957  
6624  6625  5178  
4509  4526  4506  
6440  7498  5388  
1404  1543  1405  
5845  10002  7399  
5177  5178  4267  
2571  9485  2331  
1662  1664  1663  
2318  9446  2317  
651  655  653  
3485  3487  3486  
1193  1741  1740  
907  9347  911  
2764  9256  3245  
4517  9234  5969  
3811  5731  3257  
1521  3561  1516  
3858  3859  3556  
3500  3661  3660  
6815  6816  5545  
8882  9215  5548  
3251  3253  3252  
1753  1756  1755  
1053  1055  1054  
5040  6073  5039  
6352  7062  5259  
8190  9645  2294  
1342  9188  2105  
3272  5974  5678  
5295  6702  6221  
1542  9507  1566  
4591  5457  4999  
9127  9382  2371  
1660  1662  1661  
1543  3659  1600  
3949  9491  5253  
4515  9415  3005  
3253  3255  3254  
1064  1068  1065  
3281  9602  3374  
1951  2122  1950  
4015  9158  4021  
3644  9250  3642  
5556  9294  4984  
634  636  635  
649  651  650  
1107  9340  1110  
823  833  824  
1064  1714  1068  
5452  8938  6979  
1062  1064  1063  
5665  9270  3467  
2013  9496  2014  
2083  9257  2052  
2164  2166  2165  
4543  5241  4542  
5373  7164  5374  
5242  6532  5241  
4187  4190  4189  
5342  9848  9669  
6173  6504  5126  
3596  4199  3825  
8145  10251  8039  
4191  4194  4193  
5841  7063  5857  
1543  1600  1544  
2131  2144  2130  
658  1952  660  
701  1723  703  
3740  10314  4305  
5171  6868  6643  
935  9247  933  
53  9895  54  
3748  4043  3749  
1871  1950  1869  
2111  2837  2108  
2753  5414  2751  
4263  4264  4262  
4737  9097  4231  
4278  5251  4280  
4801  6345  6344  
8946  9838  4902  
9186  9460  4290  
5077  5078  4441  
5230  6250  5231  
6693  6694  6477  
1051  1053  1052  
636  638  637  
1666  1668  1667  
1568  1618  1567  
1664  1666  1665  
3821  3822  3336  
1668  1670  1669  
2939  9195  830  
3698  3910  3050  
2051  4413  2049  
1425  9837  1423  
1048  1051  1049  
4493  9364  6655  
2736  9362  2722  
3817  5224  3819  
2222  3620  3619  
6940  6941  5517  
5732  6239  5733  
1487  9561  1484  
4852  6326  4377  
4912  6695  4913  
3889  4912  3890  
638  641  639  
1579  4486  1597  
3780  4542  3779  
5356  5357  4601  
8565  9602  3279  
1870  4416  2072  
1972  3560  1974  
4477  4665  4664  
5506  5507  4257  
2268  2396  2269  
4600  4601  3822  
3504  9249  3502  
2868  9840  8279  
4550  7346  6468  
1725  9133  8935  
2963  9520  3616  
5795  9740  4151  
1686  1777  1687  
4823  4824  3778  
1976  2264  1978  
5871  6757  6536  
3650  3651  1644  
805  825  801  
2123  2332  2122  
1059  1062  1060  
4011  4627  3860  
5863  7683  6316  
6784  9657  5206  
4687  5699  5698  
2383  2998  2385  
4691  5841  4959  
1450  10067  1491  
4265  4990  4264  
795  798  797  
3414  3772  3416  
991  4951  988  
641  643  642  
2114  11667  8807  
1103  9181  1106  
5149  9448  6896  
3618  4268  4267  
2264  3618  3617  
6140  6790  6139  
6415  7407  5843  
1046  1048  1047  
1333  9381  1297  
1814  9299  3360  
3502  9249  3752  
5179  9117  6441  
3527  9528  3531  
798  802  801  
4897  4899  4208  
4174  9399  4207  
636  640  638  
5443  7461  6005  
2391  2891  2393  
802  806  805  
4410  4437  3304  
806  810  809  
683  9678  8565  
2387  3558  2389  
9605  9949  3571  
5992  9290  5493  
4625  5517  3849  
5782  9277  7540  
2656  9369  2653  
1982  6451  1985  
1003  3596  3513  
3513  3514  3512  
5405  6753  4170  
675  676  674  
645  647  646  
4171  4172  3801  
643  645  644  
5997  9283  5162  
4110  5094  3788  
4375  6358  4695  
3031  9291  3076  
6156  7004  4033  
1272  9715  9266  
5364  6253  4797  
2652  3464  3463  
5023  9301  4520  
2931  3740  2932  
3379  9389  5813  
3790  9227  3470  
4995  5823  5822  
5871  6536  5870  
6752  7763  7005  
1944  8571  2155  
3661  4221  4220  
4153  4995  4994  
1481  9575  1478  
4240  4797  3883  
3214  9059  3217  
3410  3419  3412  
2221  2303  2213  
2476  2524  2303  
5823  6264  5824  
5563  9736  9079  
1281  9378  1270  
5179  6441  5094  
1226  1290  1219  
3724  3860  3480  
1057  1061  1059  
5914  6715  6680  
1292  3379  3378  
3620  4153  4152  
3176  10067  1448  
2151  2213  2150  
1044  1046  1045  
3642  9250  3898  
5308  5472  4395  
3777  3778  1605  
3512  9141  855  
671  672  669  
1042  1044  1043  
1079  9172  1082  
6635  6636  5340  
4394  4395  3651  
5260  5261  4654  
1376  9486  1375  
2271  9454  2270  
7016  7041  7017  
2095  9530  2092  
2147  2148  2146  
3659  4466  4465  
3867  9255  3743  
1431  9233  1429  
6542  6961  6419  
673  674  672  
4139  9834  9719  
3416  3771  3417  
5699  5701  5700  
1502  5687  1500  
1238  9267  3479  
2145  2146  2144  
3852  4870  4487  
4905  6609  5722  
4433  5390  4799  
6050  6577  6052  
5653  9229  2791  
2149  2150  2148  
4104  8988  5070  
3251  3252  3250  
4032  4033  3482  
2629  3014  2995  
3379  3731  3378  
1603  1605  1558  
1247  1248  1000  
3414  3416  3415  
3485  9784  3489  
1730  1929  1588  
4466  5340  5338  
4748  9582  4347  
1262  1264  1260  
5074  6570  6569  
6425  9322  4774  
4832  6353  6352  
3937  9448  3938  
1843  2108  1737  
3464  3852  3586  
5113  6212  4737  
2205  9476  2204  
3111  4072  3110  
4322  9296  4325  
1040  1042  1041  
789  791  790  
2425  3484  2328  
6801  6803  5080  
5910  6781  5912  
4941  9461  4940  
4446  9550  4319  
5662  9271  3359  
4810  9195  2939  
1767  1783  1781  
3472  9227  3913  
2537  2710  2376  
4199  6070  4256  
2601  2913  2599  
9122  9516  5797  
1459  3358  1529  
4486  5826  5065  
1046  1050  1048  
2960  4885  3125  
1296  9389  1293  
9332  10229  6685  
3146  9663  7757  
4568  4591  3731  
1212  3753  1207  
1679  1706  1677  
7936  10653  3579  
4891  8649  6061  
4963  9461  4941  
8214  10032  5594  
3260  9412  3254  
1675  3572  1672  
2230  2376  2058  
6048  6050  6049  
3464  3586  3463  
3456  3458  3453  
2087  2518  2085  
3404  3418  3406  
3852  4487  3586  
6050  6052  6051  
3875  3876  3874  
6372  7092  7091  
7288  7290  7286  
4031  4724  4029  
3432  5736  3434  
1784  1835  1777  
1051  3559  1053  
5788  5789  4565  
6161  7783  7192  
3449  3455  3447  
2014  9496  2017  
2866  2908  2907  
5747  5749  5748  
6785  7002  6807  
829  9711  836  
2993  9580  2589  
5895  6048  5896  
5844  9941  6817  
6399  6400  3837  
3253  3254  3252  
668  669  667  
5079  5080  5078  
3983  5149  4689  
2542  2839  2510  
1906  2058  1835  
2381  9535  2576  
3255  3259  3254  
666  667  665  
4368  9170  4370  
3898  3899  3641  
4571  4574  4573  
2074  2118  2076  
2781  9236  2778  
6052  6177  6053  
1830  1831  1791  
9725  9836  3880  
5893  5895  5894  
5021  9735  3516  
1601  9279  1735  
3014  3883  3773  
2910  2912  2911  
3843  9387  5656  
1435  9258  1433  
793  795  794  
6013  9460  5595  
5392  7182  6937  
7693  7695  7692  
1465  6447  5690  
1335  3724  3480  
2280  2629  2628  
3724  4011  3860  
5637  9481  5635  
3620  8835  4153  
5325  9580  4241  
1283  6399  3837  
5787  6764  6763  
3526  9591  3528  
3412  3414  3413  
4319  9550  4316  
6672  6673  4724  
3252  9412  5626  
5573  9627  5571  
4011  5155  4627  
3379  4568  3731  
6277  8726  8641  
6449  8602  5390  
5904  6379  5906  
7186  7321  7187  
739  11378  7206  
884  892  886  
2908  2910  2909  
4134  4759  4643  
3436  3439  3438  
6600  9562  5137  
4609  9502  4330  
3265  3911  3716  
664  665  663  
3398  3601  3400  
1037  1040  1039  
686  689  688  
1380  4396  1274  
5119  6155  4963  
5868  9393  2372  
692  695  694  
3043  3334  3054  
3410  3412  3411  
4784  9469  6012  
6487  6893  5445  
801  9426  797  
9008  9545  9009  
5814  9449  5683  
682  685  684  
6603  7615  7614  
1760  1764  1762  
3859  5747  5746  
4586  5359  5358  
647  3557  649  
5565  6388  4846  
653  654  652  
4884  9222  5417  
6870  7103  5686  
879  884  881  
4520  9301  4522  
1205  1216  1203  
2168  2171  2170  
5009  5851  5850  
4940  9394  4557  
4708  6268  6267  
3221  4056  3737  
6087  6662  6089  
4486  5065  1597  
1007  2115  1009  
3408  3410  3409  
5732  5733  5731  
1042  3662  1044  
3175  3507  3506  
1222  9266  3465  
1684  1686  1685  
3528  9187  3524  
4433  4799  3929  
3702  4047  4046  
4221  5086  4632  
2057  10155  7762  
3523  3587  3521  
3856  9591  3529  
2947  3244  2949  
3400  3402  3401  
3898  4904  3899  
6205  7419  7417  
5900  6958  5902  
2974  2975  2973  
6064  6888  5086  
660  661  659  
630  1726  632  
6571  6572  6570  
4448  5397  4446  
1714  3492  3491  
2263  2974  2973  
6239  6927  5733  
1888  9525  1803  
4260  5772  5401  
3063  4907  3575  
662  663  661  
2833  2980  2903  
5790  9548  5791  
2465  2666  2631  
3159  3831  2937  
3935  4784  4783  
5184  5185  4645  
4503  4505  4504  
3722  3871  3723  
2882  2885  2884  
3406  3408  3407  
5752  5755  5754  
9229  9687  3275  
3402  3404  3403  
5162  9283  5257  
4197  9813  4198  
2051  9257  4550  
643  1715  645  
3488  4124  4123  
8849  10088  10020  
791  793  792  
3958  9285  3585  
4470  4513  4512  
3668  9355  3666  
5826  6101  5065  
1113  9342  1115  
1011  4409  1013  
4075  9488  4074  
1820  9547  1889  
4259  9484  6464  
821  822  819  
3616  9520  4375  
3398  3400  3399  
1494  5677  1487  
4460  4503  4502  
591  903  589  
873  879  876  
4745  5785  5684  
3869  4470  4469  
5841  7065  7063  
1484  9561  1482  
3478  3783  3477  
5349  5352  5351  
4094  6430  5165  
4057  4781  4059  
2659  3044  2660  
2091  6420  5734  
3404  3406  3405  
6190  10083  7330  
4653  6172  5126  
4760  5970  4934  
4505  4507  4506  
3494  3496  3495  
4507  4653  4509  
3358  3964  3946  
848  2280  2279  
3501  3758  3498  
4074  5742  5741  
2306  4460  2314  
6147  6668  5839  
9206  9425  6416  
1136  9388  5689  
2501  2505  2499  
3492  3494  3493  
1085  9306  1087  
5204  6782  5206  
5956  9090  5955  
8828  9870  5931  
695  698  696  
4364  9607  4367  
3509  4286  3902  
678  681  680  
1466  9504  1465  
3507  3509  3508  
656  657  654  
3829  9280  4611  
4582  5238  4584  
957  4420  2276  
5100  5958  5391  
961  9287  958  
4598  6381  5140  
1015  1018  1017  
1841  9185  1874  
3964  4974  4860  
5772  7422  6265  
3390  3392  3391  
5671  9289  5668  
4194  5016  4553  
4556  6148  4484  
658  659  657  
1847  1998  1997  
4550  6468  4413  
3316  9725  3880  
8471  9911  6358  
4623  5226  5225  
4168  4169  4167  
9109  9725  3789  
6573  7299  6572  
3465  9266  5664  
849  3576  844  
8019  10875  6578  
2879  9445  2493  
4259  4896  3949  
6430  7656  5165  
812  813  810  
3639  9280  3638  
3795  3796  3357  
6317  9152  3093  
689  3482  690  
2332  2591  2590  
4092  4699  3783  
4704  5020  5019  
5332  7323  5499  
1682  1684  1683  
1317  3579  1319  
2927  3779  2957  
2591  2927  2592  
4604  6339  4495  
4578  5011  4580  
8638  10489  8636  
2498  5740  2880  
4665  5202  5201  
1756  3545  1758  
4782  9282  5950  
6345  6962  6344  
4795  6030  6029  
3117  4867  4016  
3110  9166  3020  
5170  6214  4699  
5204  5206  4599  
4513  4518  4517  
4985  5555  5554  
2626  2866  2865  
3089  4259  3949  
3977  3978  2942  
1196  1200  1194  
3991  9276  4836  
3477  9380  2757  
2266  8332  6130  
1786  1788  1624  
1478  9575  1476  
3439  3440  3438  
5953  9201  4553  
5250  5321  4748  
6673  6943  6674  
2746  3068  2541  
9506  9727  3358  
1460  9506  1459  
2891  3115  2892  
3115  4029  3116  
2683  3656  2685  
3272  5678  1481  
5048  9545  5046  
3394  3397  3395  
2091  5734  2089  
2222  3619  2208  
1670  1674  1669  
2672  4450  3302  
769  1717  767  
3550  4304  4131  
1741  3931  1743  
3629  9274  3634  
1954  1956  1955  
3574  9486  1388  
5749  5760  5750  
1668  1669  1667  
5742  5744  5743  
8049  10158  3188  
1745  1748  1747  
3  444  66  
4671  4672  4669  
2491  9445  4468  
3392  3394  3393  
1639  9200  1801  
957  2276  955  
5819  7612  5414  
4774  9322  4524  
1775  1869  1776  
709  8963  8962  
3938  9448  3983  
5094  6417  3788  
5756  6880  5758  
5703  9828  5705  
1127  9367  1129  
81  558  11  
1523  1622  1398  
2905  4077  3080  
4524  9322  5062  
5079  6801  5080  
5149  6895  5988  
1956  1958  1957  
4456  5001  5000  
9066  9276  3887  
5062  9322  6700  
630  632  631  
2509  9869  2511  
5751  9816  5748  
3334  3663  3602  
5091  9334  5093  
1201  3569  1198  
1410  3574  1388  
5973  6689  5882  
2675  2687  2677  
5060  9562  5262  
2750  9802  2752  
4347  9582  4345  
4784  5129  4783  
5077  5079  5078  
1384  1406  1404  
1666  1667  1665  
632  634  633  
5811  5957  5809  
2488  2489  2486  
1930  1931  1929  
628  630  629  
834  1646  1645  
5042  9302  5040  
4452  4454  4453  
707  711  710  
2769  9256  2766  
1646  1775  1647  
4556  6149  6148  
10240  10275  5965  
1191  3542  1189  
1958  1960  1959  
4233  9343  4385  
3339  9757  8939  
5016  6615  5952  
5517  5765  3849  
3441  3442  3440  
3977  4070  3978  
5236  8643  6949  
840  9281  833  
6876  6877  6164  
4904  4905  3899  
4450  4452  4451  
2106  9601  2301  
4220  9135  4219  
2159  2161  2160  
2679  3735  2681  
6435  9986  9969  
4907  6688  6687  
2548  2672  2671  
3445  3541  3444  
3529  9591  3526  
4074  5741  3421  
5858  9403  3073  
5149  5988  4689  
978  979  977  
2700  6533  2864  
3966  9274  3627  
2119  9368  1263  
1137  9400  1139  
2659  4442  3044  
1631  9308  1604  
7206  11472  739  
5137  9562  5060  
5727  9319  5729  
833  834  824  
5130  6595  5129  
2234  2306  2305  
7512  7513  7510  
3729  9337  4630  
4687  5698  3856  
4574  5439  4576  
7291  7292  7290  
775  783  773  
9159  9629  5660  
4420  4692  4691  
1401  9345  1534  
3443  3444  3442  
4983  4985  4984  
4194  4553  4195  
1664  1665  1663  
3423  9275  2785  
626  628  627  
788  796  786  
794  1719  792  
4292  5325  4241  
5332  5499  4744  
3439  3441  3440  
2974  2976  2975  
5100  5391  4890  
1178  9298  1179  
1321  1860  1323  
3659  4465  1600  
2524  2669  2303  
3755  9314  3428  
7161  7163  7162  
2484  5766  1754  
3033  9425  2821  
5973  6858  6689  
2885  2942  2886  
3871  4570  3872  
9266  9715  5664  
3390  3391  3388  
5954  6944  6813  
8698  9222  4884  
4784  5130  5129  
1960  1962  1961  
1171  2464  1169  
1674  1682  1681  
1528  9298  1178  
7284  7293  7283  
626  5775  628  
4221  4632  4220  
4466  5338  4465  
4498  4499  3796  
6554  9815  3783  
5319  6507  4792  
3485  3486  3484  
1175  3570  1173  
1018  1020  1019  
1020  1022  1021  
5001  6389  5248  
7659  10085  5874  
4530  4532  4531  
942  9713  940  
9212  9470  6760  
1022  1024  1023  
8902  9893  4906  
1024  1026  1025  
1026  1028  1027  
4361  9443  3237  
510  10327  7045  
2235  10121  2030  
1932  1933  1931  
2488  2490  2489  
4047  4953  4952  
3363  9310  3361  
3441  3443  3442  
4783  9282  4782  
1179  1180  1177  
1747  9102  1746  
7628  9443  5442  
2997  9757  2845  
3279  9602  3281  
6895  6931  5988  
4564  4878  4270  
4719  6386  6385  
7913  7915  7914  
3443  3445  3444  
4304  4792  4131  
5755  5756  5754  
6724  6934  6725  
1934  1935  1933  
6455  6456  4692  
3386  5739  3384  
4681  6484  5157  
1962  1964  1963  
4719  6385  4457  
2490  2492  2491  
1936  1937  1935  
1939  1940  1937  
1953  1954  1940  
6455  6457  6456  
3724  9467  4986  
3868  3869  3589  
747  749  748  
755  2958  753  
1772  9246  1590  
2492  2494  2493  
5962  10378  5964  
3250  9306  1085  
6657  9672  9415  
3307  9500  3309  
733  2278  731  
1595  1769  1596  
980  981  979  
814  818  813  
1979  1982  1981  
1287  9475  1284  
2341  9382  2343  
5507  6693  6477  
623  626  625  
6611  6860  5878  
739  741  740  
823  824  822  
5589  5916  5591  
1179  1181  1180  
739  740  737  
1028  1030  1029  
762  766  760  
1131  9388  1133  
8060  10158  8061  
2092  9530  2091  
6459  6843  6457  
3766  9640  3767  
6234  9747  6233  
4529  4530  4518  
10112  10227  6430  
1769  1846  1770  
4574  4576  4575  
1964  1966  1965  
4442  6743  5949  
3588  3589  3587  
6030  7510  7508  
5693  9770  6187  
1752  1754  1753  
4532  4534  4533  
3984  9331  3986  
4625  9489  6940  
2396  9516  2397  
1030  1032  1031  
1714  3491  1068  
606  9437  893  
3759  4500  4372  
727  917  725  
2902  9413  4039  
3487  3488  3486  
4916  9441  4870  
3789  9725  3314  
673  675  674  
5668  9289  5820  
2351  9393  2353  
1183  1185  1184  
671  673  672  
1032  1034  1033  
1990  2070  1992  
5393  7181  7180  
5443  9528  7461  
4328  4880  3904  
2150  3573  2148  
1034  1036  1035  
1185  1187  1186  
1740  9466  1186  
1036  1038  1037  
8314  10011  5768  
4190  9243  4191  
3224  9927  7217  
5193  6480  5925  
1986  1989  1988  
1750  1752  1751  
3496  3500  3495  
4534  4536  4535  
2885  2886  2884  
1346  9365  1344  
1755  9464  1751  
5952  6260  5953  
4259  5496  4896  
7978  10153  5943  
3374  5654  3376  
6691  9686  5978  
4296  5773  4294  
743  745  744  
5358  6724  5802  
7008  7009  4212  
5631  10123  8854  
4047  4952  4046  
3871  5386  4570  
982  983  981  
3785  4127  4126  
602  9450  3461  
741  743  742  
4703  4704  4124  
2470  2472  2471  
4586  5358  4730  
5558  6706  5555  
6890  6891  5687  
9757  9828  8939  
582  583  581  
3278  9568  5653  
622  624  623  
620  622  621  
618  620  619  
616  618  617  
1181  1183  1182  
614  616  615  
612  614  613  
610  612  611  
3494  3495  3493  
1121  9410  1123  
608  610  609  
2311  2312  2293  
4158  5764  4156  
1662  1663  1661  
606  608  607  
4070  4745  3978  
3713  4832  3951  
3749  9364  3658  
5933  10299  10222  
604  606  605  
3461  9437  604  
586  587  585  
2576  9535  2960  
4238  9250  3644  
668  671  669  
6782  6783  5206  
810  9259  809  
2624  2626  2625  
1966  1968  1967  
3381  9247  935  
3561  9494  1516  
1748  1750  1749  
8346  9979  8350  
4584  4586  4585  
12  562  84  
1352  9390  1350  
602  604  603  
3897  9249  3504  
4576  4578  4577  
6439  6440  5388  
1184  9466  3907  
6429  9551  3336  
685  9335  686  
3492  3493  3491  
4850  9724  6630  
804  9303  599  
7016  7017  5335  
592  594  593  
4536  4538  4537  
1259  9868  9115  
3585  9285  4837  
2138  9584  2098  
590  592  591  
3367  9346  3365  
5107  5108  4172  
2896  3001  2669  
2126  2630  2124  
2345  9408  2347  
745  747  746  
4578  4580  4579  
600  602  601  
596  598  597  
598  600  599  
594  596  595  
9101  9543  3302  
1749  9464  5776  
4429  4830  4497  
2494  2498  2493  
5373  5374  5020  
1752  1753  1751  
2492  2493  2491  
1455  3571  1453  
971  1409  969  
3382  9333  2773  
781  1718  779  
3428  9314  3850  
2490  2491  2489  
1465  5690  1463  
2182  9300  2179  
3484  9446  2328  
2929  3704  3105  
5593  6580  6579  
6318  9782  6317  
4163  4544  4161  
3044  9583  3045  
834  9281  3380  
950  9450  600  
4888  9255  3867  
2178  4426  2874  
4582  4584  4583  
4830  6016  5256  
4907  6687  3575  
1968  1970  1969  
592  593  591  
8185  10194  5512  
1022  1023  1021  
1026  1027  1025  
6062  9557  4626  
1028  1029  1027  
1020  1021  1019  
6484  7072  6485  
1024  1025  1023  
933  9247  1571  
588  589  587  
4274  6247  4276  
4830  5256  5031  
3750  4554  3809  
1018  1019  1017  
1789  1790  1788  
4667  5222  4666  
2146  2838  2144  
1459  1529  1457  
5403  7575  2861  
4708  9524  6269  
3175  3506  1469  
2646  9592  2643  
1036  1037  1035  
1034  1035  1033  
4304  5319  4792  
1866  9213  1947  
4580  4582  4581  
3123  9455  3918  
4127  6067  4563  
1032  1033  1031  
1660  1661  675  
5118  9372  4432  
1030  1031  1029  
4105  4862  4490  
585  1728  583  
5777  9289  5671  
1750  1751  1749  
3231  9915  2067  
6030  7508  6029  
8783  9726  5483  
2097  3533  3515  
604  605  603  
1748  1749  1747  
586  588  587  
6463  6875  6461  
6419  9334  5091  
4538  4540  4539  
4420  4691  2276  
606  607  605  
4379  5342  4286  
608  609  607  
666  668  667  
610  611  609  
3805  9742  3082  
612  613  611  
614  615  613  
1066  9483  1021  
616  617  615  
618  619  617  
620  621  619  
622  623  621  
2721  9362  3460  
714  3578  799  
664  666  665  
3365  9346  3369  
3369  9346  3894  
594  595  593  
858  859  853  
602  603  601  
598  599  597  
596  597  595  
1187  1193  1186  
600  601  599  
2532  3354  2658  
6880  7328  5758  
6688  7370  6687  
3703  9350  3928  
965  1727  963  
3377  9329  2740  
1156  9400  1137  
5189  6412  5191  
588  590  589  
590  591  589  
1970  1972  1971  
3069  3598  3068  
5169  9830  9385  
6043  10118  6913  
1185  1186  1184  
3248  9358  3246  
984  985  983  
4428  4430  4429  
4132  9526  4801  
1407  9367  1127  
2563  2564  2253  
1682  9370  3924  
8848  9918  8950  
4436  9233  1431  
689  9335  4032  
2186  2480  2184  
9218  9623  3686  
4540  5153  5152  
4491  4909  4492  
4234  4236  3598  
3533  3535  3534  
818  4410  3304  
3533  3534  3515  
749  759  748  
4179  5184  4645  
7315  11609  7314  
137  565  39  
4424  4425  4422  
798  801  797  
802  805  801  
584  585  583  
806  809  805  
1433  9258  4436  
6873  7421  5488  
5319  6994  6507  
5185  5833  5187  
4641  9314  3755  
957  9287  4420  
662  664  663  
660  662  661  
5274  9417  5276  
1972  1974  1973  
4522  9301  5825  
1709  9616  1703  
5859  5862  5861  
4814  5399  4352  
4862  6586  4863  
4426  4428  4427  
1603  9308  3777  
1183  1184  1182  
5744  5893  5743  
3397  3398  3395  
6930  9457  6633  
985  1390  983  
5742  5743  5741  
7129  10083  5991  
5970  6970  5971  
3519  9328  1953  
9459  9722  7350  
1443  2595  1441  
4131  9526  4132  
3674  9620  3186  
4250  9293  4561  
3620  4152  3619  
4332  9758  3797  
3394  3395  3393  
3343  3344  2623  
3619  9476  2208  
1429  9233  1732  
5478  9545  5048  
3826  4661  3769  
1356  9407  1354  
8143  10876  8142  
1843  2596  2111  
986  993  985  
6163  7272  5321  
5386  6849  5763  
3392  3393  3391  
979  3539  977  
8731  9535  2381  
1974  1976  1975  
4080  9716  5738  
658  660  659  
5690  9506  1463  
651  653  652  
4706  9285  3958  
4981  4983  4982  
584  586  585  
795  797  794  
1249  1250  1248  
4995  5822  4994  
5699  5700  5698  
4153  4994  4152  
2130  3577  2128  
6603  7614  6391  
9101  9885  9543  
1181  1182  1180  
6469  9525  4413  
7323  8431  5499  
1338  9416  1336  
1778  9424  2249  
721  1941  719  
10256  10372  3278  
789  790  788  
8561  10133  8560  
1365  9427  1362  
5823  5824  5822  
747  748  746  
4689  9331  3984  
3091  9619  2894  
5278  9422  5280  
2896  3849  3001  
4954  9810  3761  
6693  7021  6694  
7745  10270  7020  
741  742  740  
3459  9361  2719  
6329  9451  7745  
1019  9483  5655  
743  744  742  
7827  7832  7831  
5701  5702  5700  
3506  9504  1469  
6906  9836  6661  
5417  9222  5422  
5897  7018  5898  
581  3597  579  
3535  3536  3534  
2524  2896  2669  
4790  6102  4661  
7321  9695  7187  
1350  9390  1371  
9209  9603  1605  
2709  9373  2890  
580  581  579  
4635  4879  4425  
1126  9410  4417  
1072  9577  5718  
855  9141  856  
4256  5506  4257  
5577  9699  5575  
2832  9401  2863  
1976  1978  1977  
5627  9924  8803  
4410  5388  4437  
8057  9706  6812  
3535  3537  3536  
974  9261  973  
9431  10534  6238  
7139  9697  6078  
4472  9624  3391  
2097  3515  2095  
1439  9258  1435  
3596  3825  3513  
2821  9425  2818  
4860  5897  4861  
5295  9447  6703  
7865  9106  5384  
10324  10378  5962  
2910  3072  2912  
2178  2874  2176  
1449  1560  1447  
8556  9660  8283  
1889  9547  3432  
1703  9616  1705  
1945  9688  1924  
653  656  654  
4675  4676  4673  
1566  9507  1579  
1254  1291  1250  
5523  9502  4609  
3028  3769  3027  
656  658  657  
4424  4635  4425  
2178  9300  4426  
2549  5403  2861  
6541  7591  5146  
3751  8542  6789  
2705  9375  2707  
9046  9279  1601  
6019  6230  6021  
2751  9485  2571  
1154  9477  1157  
5282  9434  5284  
3832  4721  3831  
2642  9626  2639  
2531  2692  2691  
2274  9454  2271  
4170  9618  4169  
717  3580  624  
9669  9848  5772  
4442  5949  3044  
6743  7306  5949  
1735  9279  1822  
4880  9955  9619  
8968  9426  825  
4498  5856  5855  
8697  10666  9565  
5554  6471  5556  
6746  6747  4966  
6531  10585  6032  
4260  5401  4523  
9436  9816  2637  
8881  9879  9614  
3108  9327  2966  
2270  6404  2138  
7309  11348  6556  
745  746  744  
4325  9296  6077  
3902  4260  3903  
2581  9318  2297  
1283  9475  6399  
7251  9599  7250  
3179  9649  3000  
6265  7590  7451  
2527  9444  2665  
4046  9350  3703  
4932  5402  4693  
4202  9923  6157  
1381  3879  1275  
2566  2920  2565  
4985  5554  4984  
5653  9687  9229  
3064  9391  3709  
5230  5231  4878  
1099  9701  1102  
1585  9555  1403  
2672  3302  2673  
4199  4256  3825  
2562  9384  2612  
2371  9382  2341  
5127  6217  6193  
791  792  790  
2652  9369  3464  
5723  9587  5721  
2974  9538  4440  
4043  9336  5138  
1982  1985  1983  
1822  9547  1820  
2732  9398  2747  
3384  9616  1709  
695  9579  6042  
1087  9306  1090  
9358  9869  8605  
5016  5952  4553  
5177  6624  5178  
2270  6405  6404  
6624  7013  6625  
4976  5933  4931  
2264  3617  1978  
2163  2164  2162  
1832  2022  1831  
6250  6748  5231  
2044  9436  2042  
3463  9405  2650  
4981  4982  3823  
1292  9389  3379  
793  794  792  
4959  9549  2276  
6798  9383  5540  
4307  10893  10667  
2098  9584  2097  
3669  4569  4044  
2695  9386  2697  
2692  3074  3073  
7606  9798  459  
3008  9366  3006  
3618  4267  3617  
1344  9365  9188  
1110  9340  3650  
4363  9607  4364  
5945  10295  8102  
1129  9367  3538  
2843  9757  3339  
7776  10048  9952  
4282  9377  5787  
2306  2314  2307  
5284  9447  5286  
4211  4619  3738  
4268  5177  4267  
9619  9955  8223  
1998  2228  1999  
4531  9234  4518  
5687  9515  1500  
4456  5000  4501  
5103  8959  4247  
4169  4626  4167  
3037  9709  3798  
5950  9282  7413  
2648  9685  3341  
7820  7822  7821  
3356  4474  3795  
2499  9514  2496  
9410  9737  6434  
582  584  583  
6362  9392  6364  
2262  9414  2585  
2825  9421  2828  
6451  6452  1985  
5313  5314  4879  
2372  9393  2351  
2350  9408  4111  
5856  6945  6176  
5040  9302  6073  
9095  9593  5643  
4453  4456  4455  
1115  9342  1118  
1133  9388  1136  
3686  9623  9072  
4832  6352  5259  
3930  5859  5858  
1039  9493  1035  
6960  7301  5454  
2921  3706  2920  
9794  10553  6597  
3538  9388  1131  
10022  10069  5827  
580  582  581  
4592  9792  3731  
3358  3946  1529  
3076  9291  3649  
1033  9493  3483  
9173  9938  8845  
2644  9977  7783  
4376  9246  1772  
2418  9664  2420  
7041  7042  7017  
2818  9425  9206  
2906  9722  9459  
7827  7837  7832  
3889  9444  6007  
1544  9376  1546  
3663  3948  3947  
3605  3606  3604  
1139  9400  3475  
4414  9365  1349  
1369  9468  1367  
2753  9380  5819  
10048  10155  5938  
4563  6045  4657  
2288  9083  2134  
4635  5313  4879  
5499  9488  4744  
3166  9438  3757  
1846  9639  1847  
4207  9399  5871  
2049  9525  1888  
565  9790  39  
3964  4860  3946  
4801  9526  6345  
4570  9655  4571  
2297  9318  2615  
7555  10040  6325  
146  563  147  
11149  11327  5107  
1843  2111  2108  
6001  10225  7341  
4928  6132  4619  
4127  4563  4128  
3507  3508  3506  
4726  6372  6106  
827  9711  829  
6353  7319  6352  
9366  9770  5691  
6440  10034  9965  
1349  9365  1346  
5772  6265  5401  
3022  9458  3024  
9097  9343  4233  
3509  3902  3508  
1335  9467  3724  
6078  9697  6079  
2281  4931  4930  
4518  9234  4517  
5093  9334  6647  
6633  9457  9053  
7578  9953  9903  
5859  5861  5860  
4307  10667  10207  
1359  9407  1356  
78  567  79  
4213  4214  4005  
3299  9298  1528  
5594  9812  8149  
3010  9366  5691  
4544  10402  10285  
6117  9995  6197  
1362  9427  1364  
6332  9908  6333  
5354  6842  5355  
4983  4984  4982  
4503  4504  4502  
3320  9801  3319  
743  9348  745  
2252  2260  2259  
4385  9343  4948  
2289  2290  2288  
5386  5763  4570  
9346  9719  6423  
6849  7054  5763  
4460  4502  2314  
5067  5312  4626  
4370  9170  4809  
1016  9439  1712  
2615  3516  2296  
7613  9485  5414  
4868  9455  7439  
3480  9381  1333  
4505  4506  4504  
4367  4932  4693  
6424  9834  7362  
3837  9378  1281  
1775  9534  1871  
5674  9612  5676  
2858  2859  2564  
4630  9337  6161  
2459  3518  2583  
5977  9714  8859  
1794  9442  1833  
3546  9390  1352  
3304  9259  813  
3360  9733  3362  
6525  9319  5727  
2615  3517  3516  
1534  9345  4386  
3351  3974  3349  
5018  9452  4301  
6172  6173  5126  
4507  4509  4506  
4653  5126  4509  
3862  9349  3648  
1304  2457  1302  
5729  9319  6530  
4545  9396  4957  
1600  9376  1544  
2689  9429  2476  
7415  9392  6362  
833  9281  834  
4652  4666  4205  
5602  9670  5364  
5232  9396  4617  
1118  9342  4552  
1806  1827  1738  
5746  9816  9436  
1982  9666  6451  
3857  9330  2830  
4990  5197  4264  
4553  9201  4195  
4450  4451  3302  
6005  9499  7222  
4426  4427  2874  
2891  9523  9309  
3440  9387  3438  
4352  9649  3179  
2228  2531  2530  
4661  5792  3769  
3739  4211  3738  
5784  9978  6065  
3399  9531  3395  
4432  9372  5368  
4064  6143  4616  
6370  10308  10093  
3006  9366  3010  
3131  9552  3133  
5010  9937  2981  
1769  2281  1846  
5597  9825  5793  
5313  6924  5314  
4681  5157  4679  
3948  4559  4558  
3257  9402  3255  
914  916  915  
815  848  826  
3554  9427  1365  
5677  9561  1487  
5581  9723  5579  
1672  9522  1670  
5641  9397  4823  
4617  9396  4545  
3575  9391  3064  
4428  4429  4427  
813  9259  810  
1003  3512  855  
5959  9302  5042  
9262  9501  1835  
6016  7177  5256  
1095  9739  1098  
1157  9477  1161  
2408  2572  2410  
3518  4726  4725  
3517  4262  4261  
3393  9531  4472  
4452  4453  4451  
5001  5248  5000  
7822  7824  7823  
7820  7821  7818  
2415  2566  2565  
3696  9770  9366  
3986  9331  3999  
4993  9213  1866  
3033  9810  9425  
3186  9620  4840  
3029  4213  4005  
4191  9243  4194  
6933  9597  4637  
3354  3356  3355  
5101  6096  4796  
4566  10022  5812  
1017  9439  1016  
4312  9707  4314  
3603  3604  2135  
2228  2530  2229  
3374  9602  5654  
6389  6705  5248  
11374  11410  5641  
5397  9550  4446  
2626  2965  2866  
6155  9461  4963  
7612  9946  7613  
1123  9410  1126  
4556  9394  6149  
9112  9413  2902  
1777  9501  1778  
10116  10166  6341  
6771  11238  11201  
4223  4796  4098  
2336  9424  4935  
2078  9538  2263  
4156  9620  3674  
5067  6164  5312  
3715  9705  3988  
2420  9664  2549  
4727  7067  6078  
6498  9971  9892  
5678  9575  1481  
6517  10518  10424  
2397  9516  2400  
1354  9407  3546  
4375  9520  6358  
5298  7086  7074  
1098  9701  1099  
4169  5067  4626  
1367  9468  3554  
3040  4775  2836  
7812  10373  7811  
2343  9382  5735  
1942  9465  2000  
5352  5354  5353  
4121  4122  3346  
9416  9467  1336  
6630  6830  5528  
5321  9582  4748  
686  9335  689  
1991  10121  9088  
5442  9443  4361  
3517  4261  3516  
955  9549  953  
3345  3346  3344  
2291  2292  2290  
5054  9803  5052  
1880  1907  1827  
2353  9393  3543  
1550  9440  1552  
4262  5244  4261  
6523  9430  5114  
2692  3073  2691  
4561  9293  5111  
6410  9623  9218  
4846  9358  3248  
7307  9583  5949  
2623  2624  2610  
4401  10041  8708  
2686  9728  2684  
5403  7577  7575  
8717  10134  8718  
2226  9420  2525  
3380  9534  1646  
4990  6508  5197  
9091  9537  3587  
1069  9577  1072  
3014  9505  4240  
5399  10135  8218  
3336  9551  2333  
3322  9801  3335  
7822  7823  7821  
1374  9468  1369  
5750  9423  5752  
2402  2919  2404  
2161  2163  2162  
4301  9452  4859  
4811  4812  4122  
3356  3795  3357  
10305  10396  5947  
2071  9965  1776  
5642  9716  9197  
2827  9505  2629  
2347  9408  2350  
6228  9293  4250  
4002  5123  4003  
2476  9429  2524  
1674  9522  9370  
1851  10243  7618  
1291  2613  1250  
2340  9503  2872  
911  9347  1526  
7824  7826  7825  
4935  9503  2338  
11164  11299  7269  
7077  10921  10545  
11001  11032  3662  
5735  9408  2345  
3026  9480  3053  
4559  4659  4658  
4435  5542  5306  
7214  9372  5118  
3726  9470  9212  
3982  9785  3720  
3928  9350  4944  
3254  9412  3252  
3696  9366  3008  
4824  9397  6815  
6677  9452  5018  
3027  3029  2728  
4475  10239  4477  
2241  9737  1119  
5202  6707  5985  
2333  9551  2332  
825  9426  801  
3707  9903  2920  
4733  9430  5128  
36  9913  132  
1546  9376  3303  
2997  9920  8928  
619  9510  4387  
5745  9521  1929  
8880  9614  2874  
2725  9574  8639  
5698  9591  3856  
142  439  143  
3515  9530  2095  
2609  2610  2607  
518  10776  7320  
2587  11781  7652  
1068  9577  1069  
5364  9670  6253  
3850  10337  10287  
7189  7190  5306  
5293  9417  5274  
1341  9416  1338  
9305  9446  3484  
5114  9430  4733  
5039  9479  4073  
6583  9441  4916  
5276  9417  5294  
4823  9397  4824  
4434  4511  3960  
7598  11309  415  
3983  9448  5149  
2110  9672  2001  
5074  9413  6571  
3378  9475  1287  
5884  5889  5886  
3074  3930  3073  
2281  4930  1846  
4957  9396  6704  
6922  7174  6921  
1382  1403  1402  
977  9261  974  
6788  9416  1341  
3961  4435  4434  
5067  9618  6876  
4073  9479  4072  
10564  10639  8673  
5294  9422  5278  
5280  9422  5288  
6508  6509  5197  
1091  9765  1094  
10276  10322  6214  
5234  6995  6242  
2693  9384  2562  
6057  6921  6055  
9166  9458  3022  
1311  1843  1737  
1727  9974  9780  
5800  6055  5799  
1984  9734  4359  
2194  10815  8269  
625  9510  621  
1588  9521  1521  
916  922  921  
2979  9806  9455  
2727  2728  2613  
4209  4210  3710  
3259  9402  4089  
8576  9704  5639  
6128  9650  5663  
2596  2598  2597  
875  3567  871  
9716  9838  5738  
3347  4121  3346  
2570  9722  2906  
5288  9434  5282  
1954  9328  2065  
6770  7070  6408  
913  9546  607  
3600  3838  3599  
3045  9583  3891  
10172  10269  6475  
1953  9328  1954  
7563  10530  3228  
5796  5797  2396  
4932  5937  5402  
3255  9402  3259  
5798  5799  5797  
9092  9451  6329  
2268  5796  2396  
2460  2661  2461  
9719  9834  6423  
2982  9373  2709  
1276  1382  1381  
4646  9479  6147  
85  412  13  
2863  9401  3834  
2389  9523  2391  
2249  9424  2336  
7094  7238  6826  
1824  9807  1626  
3794  9743  3106  
2530  9700  2532  
6786  9984  6784  
6077  9296  8301  
7826  7827  7825  
5204  9478  6782  
2890  9373  3592  
2531  2691  2530  
4039  9413  5074  
9120  9121  5851  
3880  9891  3318  
3066  3961  3960  
2472  2474  2473  
1003  3513  3512  
7455  9966  471  
6364  9392  6367  
3066  3067  2859  
2707  9375  2982  
9089  9949  9605  
3918  9455  4868  
3276  9318  2581  
5483  9726  5485  
578  580  579  
2966  9327  3276  
2960  9535  4885  
4139  9719  3371  
4437  9564  5589  
3334  4869  3663  
5789  9941  9578  
3819  9524  4118  
3135  4777  3154  
2612  9384  3552  
6564  6565  1619  
1555  1556  1402  
2697  9386  2700  
4213  5235  4214  
3421  9456  3397  
1857  1858  1774  
1459  9506  3358  
5861  6585  5993  
2107  9772  9601  
3913  9518  4519  
3552  9386  2695  
582  9585  4555  
2566  2921  2920  
3904  9619  3091  
1465  9504  6447  
2528  9444  2527  
4367  9607  4932  
3476  9375  2705  
4211  4928  4619  
5286  9447  5295  
953  9713  942  
7809  10163  10082  
1598  1599  1556  
1773  1774  1599  
2665  9444  3889  
1670  9522  1674  
4948  9343  6542  
5912  9512  5914  
7824  7825  7823  
4896  9491  3949  
9857  10015  5744  
3709  9391  5203  
3665  3970  3664  
690  9579  692  
9197  9716  4080  
2921  3738  3706  
4519  9518  5316  
2747  9398  3117  
3521  9537  3519  
4721  5816  3831  
6388  9869  9358  
6471  7275  6769  
7082  7083  4863  
168  9798  169  
2596  2597  2111  
9102  9414  2262  
8839  9637  8866  
4270  9553  4268  
9294  9569  4982  
2166  11649  2165  
9623  9825  5597  
3909  4541  3838  
1644  9768  1111  
4003  9693  3754  
2329  9844  2425  
4074  9488  5742  
9355  10050  3666  
28  578  409  
604  9437  606  
146  8945  563  
4066  9327  3108  
9089  9605  1529  
5746  9436  3556  
3535  9851  4421  
2727  3027  2728  
4677  4850  4676  
5702  10109  5827  
7498  9564  5388  
9330  9401  2832  
4498  5855  4499  
44  9473  416  
2828  9421  3857  
1263  1276  1275  
836  9711  4496  
7226  9423  5760  
4623  5375  5226  
9429  9835  2524  
2585  9414  3063  
2493  9445  2491  
605  9546  3510  
3795  4498  3796  
1291  2727  2613  
8841  9398  2732  
4048  9909  7928  
9096  10226  8812  
2468  2469  2423  
6484  6485  5157  
9191  9769  8562  
9462  10649  8581  
5920  10237  8817  
4099  4100  3623  
3948  5064  4559  
2563  2860  2858  
7776  10155  10048  
5804  10057  9087  
600  9450  602  
4785  4923  4541  
8096  11694  6748  
6641  11374  5641  
504  10812  7324  
4764  7014  5795  
5905  10190  6387  
5689  9944  6170  
3556  9436  2044  
4929  9604  3068  
3498  9684  3496  
7765  9502  5523  
2673  9543  2675  
988  9497  986  
836  4496  842  
2001  9672  2236  
1778  9501  9424  
4072  9479  4646  
3482  9579  690  
7628  10043  9749  
2609  2623  2610  
3648  9349  4066  
3607  3608  3606  
3649  9291  4433  
7313  10931  5258  
2685  9540  2833  
9500  9677  3328  
9415  9672  2110  
6404  9584  2138  
9425  9810  6416  
5251  9377  4280  
7958  10190  5907  
5686  9487  4904  
3551  10012  3549  
7592  10051  7591  
6057  6922  6921  
3181  10188  7498  
1263  9368  1276  
2975  9484  3089  
1790  4637  1788  
8092  10500  8093  
5375  5932  5226  
42  9702  144  
9109  9836  9725  
2067  9749  1894  
2042  9436  2637  
3817  9544  5224  
1579  9507  4486  
5731  9402  3257  
2176  9614  2174  
2309  9566  2548  
4997  9349  3862  
2270  9454  6405  
3757  9438  4598  
3024  9458  3718  
6753  9618  4170  
5760  9423  5750  
1310  1311  1308  
7180  9710  5182  
3963  9490  5110  
8838  9421  2825  
3432  9547  5736  
1751  9464  1749  
1094  9739  1095  
1870  9541  4416  
9342  9768  6433  
6856  9730  9301  
578  579  409  
3510  9572  603  
5315  11834  7121  
3740  4305  3741  
5800  6057  6055  
6674  9560  4724  
1712  9439  3511  
4276  9513  4278  
6375  9677  6374  
5123  9710  5954  
3275  9687  3424  
2031  9573  2234  
4  501  68  
3511  9442  1794  
4029  9560  4030  
5545  9930  5544  
5798  5800  5799  
6500  9849  9141  
6420  9712  5734  
1686  9571  1784  
2606  2609  2607  
3779  9544  3817  
6545  6546  4969  
2338  9503  2340  
6486  9544  4542  
4836  9795  3993  
2540  10099  2745  
3082  9742  3083  
1186  9466  1184  
2514  9492  2474  
9668  9960  8974  
1892  9717  2029  
3376  9589  3713  
3995  9795  5329  
2903  9570  2905  
2606  2607  2605  
2847  9920  2997  
7632  10291  7631  
995  1005  1004  
7700  9718  7699  
1833  9442  1925  
7787  10241  2112  
5796  5798  5797  
1869  9541  1870  
3367  9719  9346  
415  9242  80  
7407  9606  5843  
3788  9429  2689  
2541  9604  2320  
1847  9639  1998  
3924  9571  1684  
5853  5854  4923  
3513  9554  3514  
5009  9120  5851  
1835  9501  1777  
1119  9737  1121  
1801  9200  4993  
2091  9530  6420  
6726  9585  580  
3371  9719  3367  
946  995  994  
1021  9483  1019  
3609  3611  3608  
4305  4917  4306  
5949  9583  3044  
822  9615  819  
6928  9843  5733  
4410  9615  6439  
9273  9891  3880  
5774  9731  3170  
5990  10186  7129  
2480  10008  9819  
2505  9514  2499  
3653  3828  3353  
4792  9526  4131  
5104  6649  4638  
1790  6382  4637  
5414  9485  2751  
108  462  109  
6636  9533  5340  
4413  9525  2049  
4141  9942  4140  
4905  9487  6609  
6382  6932  4637  
9230  9541  1950  
6586  7082  4863  
4121  4811  4122  
3314  9725  3316  
1558  9603  1410  
147  9473  44  
2629  9505  3014  
4571  9655  4574  
9254  9716  5642  
9164  9736  5563  
5508  10105  9128  
4475  4476  3806  
9227  9518  3913  
3500  9684  9351  
5343  9761  6832  
3572  9522  1672  
4721  5817  5816  
2611  10209  2900  
4484  9508  4070  
6312  10288  9707  
10278  10360  8618  
5739  9616  3384  
4470  9578  9207  
5789  9578  4565  
1307  1308  1306  
1000  9536  991  
6378  7273  7051  
4904  9487  4905  
5375  7460  5932  
6096  6097  4796  
6373  6754  5854  
6447  9914  5690  
4565  9578  3869  
8061  10249  2569  
6174  10715  7448  
3718  9480  3026  
3105  9608  3750  
4230  9563  5113  
2024  2265  2253  
4194  9243  5016  
5234  6242  3972  
5752  9423  5755  
9541  9934  4416  
5340  9533  5338  
9188  11719  2105  
5390  9527  4799  
2976  9484  2975  
1035  9493  1033  
8637  10128  8842  
3067  9495  5307  
4569  4780  4779  
4089  9563  3807  
4854  9705  3715  
4257  9554  3825  
3398  9456  3601  
819  9615  818  
143  9846  42  
8602  9527  5390  
2896  9835  4625  
3562  9420  2226  
3496  9684  3500  
5843  9606  4530  
601  9572  804  
1912  3594  1914  
2022  5104  4638  
3047  9746  3049  
986  9497  993  
3753  9633  9632  
1084  9586  3251  
4532  9606  5106  
922  946  945  
6161  9337  7783  
2496  9517  2494  
3080  9590  3785  
1005  1258  1257  
5384  5385  4210  
3447  9703  3445  
1526  9347  3566  
4118  9524  4708  
8272  10257  5508  
8672  9788  7289  
4799  9527  5863  
3397  9456  3398  
6888  9542  5086  
1274  9529  1254  
9434  9447  5284  
3988  9705  4182  
1309  9882  1392  
6440  10042  7498  
2492  9732  2495  
890  891  883  
3036  3038  2724  
4228  10696  10632  
2000  9465  2659  
6262  10843  7356  
2076  9594  2078  
1521  9521  3561  
2263  9538  2974  
1261  1263  1262  
5224  9524  3819  
1947  9213  2159  
692  9579  695  
5388  9564  4437  
1949  9879  1862  
5086  9542  4632  
4294  9596  4292  
2598  2599  2597  
5561  9943  6174  
1646  9534  1775  
3549  9871  3534  
3809  9611  4179  
3001  9519  3759  
3152  10209  2694  
5403  9664  7578  
5817  5967  5816  
3017  9769  9191  
3807  9563  4230  
10  7598  415  
4874  6241  6240  
3445  9703  3541  
3053  9480  7123  
8816  9952  3102  
2566  9668  8973  
8184  10467  1661  
7461  9499  6005  
77  472  9  
1681  9698  1669  
4745  9508  5785  
8917  9866  3493  
2313  2422  2312  
1457  9605  1455  
6388  9358  4846  
3636  9833  3639  
1644  9970  9768  
9250  9636  5685  
3170  9731  3800  
4811  5172  4812  
2525  9420  3043  
5008  9120  5009  
5  433  70  
2022  4638  1831  
2598  2600  2599  
1929  9521  1588  
3290  9818  4833  
1189  9532  1187  
5338  9533  6651  
2332  9551  2591  
1950  9541  1869  
5664  9715  5666  
7232  7530  521  
5863  9527  7683  
8078  10249  8079  
3041  9874  3042  
1552  9440  1595  
3180  9629  1475  
2743  9769  3017  
2563  2858  2564  
2276  9549  955  
4542  9544  3779  
6096  7084  6097  
2391  9523  2891  
1962  9635  2255  
5171  9542  6868  
4070  9508  4745  
5566  9818  3288  
6755  7035  6754  
3558  9523  2389  
1090  9765  1091  
3878  4874  4732  
5856  6176  5855  
4632  9542  5171  
6357  11195  9702  
621  9510  619  
2498  9517  5740  
9485  9844  2331  
2845  9757  2843  
4268  9553  5177  
9539  9899  6143  
6237  9747  6234  
1082  9586  1084  
7103  9487  5686  
3978  9558  2942  
2494  9517  2498  
5187  9617  5189  
5763  9655  4570  
7235  9745  5992  
1958  9628  3553  
3541  9703  9469  
5216  9973  4851  
4862  4863  4490  
1773  1859  1857  
5817  6195  5967  
3706  9539  4064  
1254  9529  1291  
6479  9553  4878  
5797  9516  2396  
8071  9943  5561  
9172  9586  1082  
3395  9531  3393  
9906  10016  7397  
3302  9543  2673  
4393  9882  1386  
3536  9556  3550  
1605  9603  1558  
3641  9598  3456  
3063  9414  4907  
5605  9988  5604  
5003  9675  5884  
3337  9865  9371  
409  10980  10801  
5866  9744  6770  
9403  9700  2691  
3553  9635  1960  
4477  4664  4476  
3491  9577  1068  
9475  9792  6399  
3455  9703  3447  
2886  9558  3041  
2065  9628  1956  
2942  9558  2886  
607  9546  605  
5764  9620  4156  
4724  9560  4029  
6599  11005  10960  
5399  9649  4352  
3089  9484  4259  
3758  9684  3498  
2937  9574  2725  
1636  9841  2871  
3832  9634  4721  
1684  9571  1686  
5765  9519  3849  
9712  9721  5734  
2412  9668  2415  
2161  2868  2163  
2320  9604  9136  
5039  9832  9479  
1305  1306  1304  
2089  9609  2087  
1307  1310  1308  
3903  9863  3508  
3117  9398  4867  
1187  9532  1193  
7459  11612  996  
776  10174  831  
3823  9569  3074  
3062  9791  2931  
3849  9519  3001  
3133  9552  4274  
4027  4247  3970  
3547  9720  2603  
3566  9717  1892  
3453  9763  3451  
1111  9768  1113  
1121  9737  9410  
4099  4682  4101  
2113  9831  1540  
3388  9624  3386  
8326  9935  9360  
6195  7434  5967  
5392  5393  5182  
3587  9537  3521  
5825  9730  6841  
2604  2606  2605  
9254  9838  9716  
417  7149  7148  
5741  9456  3421  
2113  9997  9831  
4619  9899  9539  
1305  1307  1306  
1754  9567  1753  
6374  9677  9500  
6456  9588  4692  
4598  9438  6381  
6148  9508  4484  
4908  9636  4238  
2085  9748  2083  
3873  9756  3613  
2604  2605  2603  
1753  9567  1756  
4169  9618  5067  
7473  10238  5939  
5766  9567  1754  
2602  2604  2603  
1791  9729  1790  
1219  9600  1212  
7218  10076  6327  
3049  9746  3722  
9649  9964  8553  
3434  9613  3436  
1624  9597  1583  
9455  9806  7439  
1113  9768  9342  
3869  9578  4470  
3891  9746  3047  
4526  9665  4506  
2097  9584  3533  
8428  9793  8429  
4692  9588  4691  
6491  10541  10480  
3414  9642  3772  
5836  10063  4960  
603  9572  601  
1290  9600  1219  
2700  9386  6533  
1543  9651  3659  
2600  2602  2601  
5191  9644  5193  
4504  9665  6516  
2295  9656  1970  
1299  1301  1300  
2534  9769  2743  
3622  4098  3623  
856  9141  863  
1972  9656  3560  
7036  7037  7035  
5542  7189  5306  
6410  9825  9623  
7904  9927  3224  
8698  10774  10710  
5102  5103  4247  
4574  9655  5439  
3899  9598  3641  
3456  9598  3458  
9525  9841  1803  
1979  9666  1982  
6417  9429  3788  
7872  10663  2558  
1859  2024  2023  
3758  10255  8883  
3614  3874  3873  
6017  10081  5592  
5392  6937  5393  
4665  5201  4664  
4101  4102  4100  
1212  9600  3753  
7165  10997  6533  
6504  9671  5126  
1193  9762  1741  
1976  9661  2264  
5589  9564  5916  
2927  9853  3780  
1303  1305  1304  
3458  9763  3453  
851  1003  855  
3537  9556  3536  
4932  9607  5938  
5033  10152  8954  
2549  9664  5403  
3419  9642  3412  
5914  9512  6715  
1978  9666  1979  
4832  9589  6353  
2602  2603  2601  
10915  10928  2192  
6781  9512  5912  
3539  9261  977  
1410  9603  3574  
4509  9671  4526  
8364  9781  8363  
4435  5306  4434  
2118  9594  2076  
5954  9710  6944  
3519  9537  9328  
3722  9746  9418  
1831  9729  1791  
3102  9952  3728  
3436  9613  3439  
8529  10884  6211  
4103  4104  4102  
1783  9625  1781  
9443  9915  3235  
2087  9609  2518  
60  9856  61  
2532  9700  3354  
2600  2601  2599  
5841  9588  7065  
5736  9613  3434  
1403  1574  1555  
3560  9661  1974  
8982  10859  7467  
4951  9497  988  
4691  9588  5841  
3378  9792  9475  
2518  9748  2085  
6837  6838  6241  
3550  9556  4304  
4813  9490  3963  
6920  10201  10166  
4838  6110  5247  
4599  9657  3897  
468  9779  8998  
6724  11855  7917  
5485  9726  5790  
9969  9986  6094  
1756  9567  3545  
5626  9766  9306  
879  885  884  
3068  9604  2541  
2659  9465  4442  
3542  9532  1189  
9301  9730  5825  
2486  9638  2484  
818  9615  4410  
1051  9630  3559  
1050  9630  1048  
2124  9774  2103  
4490  4491  4106  
5110  9490  6917  
2833  9540  2980  
3825  9554  3513  
4878  9553  4270  
2029  9717  2268  
1781  9625  1812  
6205  9631  7419  
7569  10231  7571  
6455  9974  6458  
4838  4839  3873  
4850  4966  4676  
8239  9733  5652  
2265  2563  2253  
1741  9762  3931  
3834  9826  2918  
3753  9632  1207  
4880  9619  3904  
8698  10710  9222  
1046  9646  1050  
5785  9631  5684  
2306  9573  4460  
5684  9631  6205  
4780  6529  6527  
3759  9519  4500  
1207  9632  1205  
5247  6158  4839  
4111  9751  5872  
1760  9648  1764  
4278  9513  5251  
1205  9632  1216  
4930  9639  1846  
2083  9748  9257  
2565  9953  2416  
2882  9641  2885  
7859  10197  1616  
5734  9609  2089  
6059  10214  6910  
1403  1555  1402  
9449  9874  3041  
580  9585  582  
3865  9634  3832  
1011  9643  4409  
2858  3066  2859  
2115  9643  1009  
1475  9629  9159  
2980  9570  2903  
6706  9662  5555  
5342  9669  4286  
5008  5009  3828  
3656  9540  2685  
2675  9543  2687  
3362  9750  3364  
1382  1402  1381  
4530  9606  4532  
4105  4106  4104  
117  559  29  
647  9647  3557  
7751  10097  7748  
7931  9996  8822  
9255  9824  8953  
2880  9641  2882  
4491  6470  4909  
81  9242  558  
2292  2981  2290  
1404  9651  1543  
3662  9646  1044  
5124  5182  5123  
2672  9566  4450  
9780  9974  6454  
5740  9641  2880  
7265  10088  7264  
9514  9517  2496  
5555  9662  5554  
2691  9700  2530  
991  9536  4951  
8604  10174  774  
5690  9914  9727  
8202  10238  8203  
1048  9630  1051  
4260  9669  5772  
4286  9669  3902  
4586  9674  5359  
624  9610  623  
1555  1598  1556  
1618  5815  1619  
3066  3960  3067  
3358  9727  3964  
6729  9782  6318  
6253  11317  6723  
2548  9566  2672  
1715  9647  645  
2470  2471  2469  
6497  10729  10692  
1276  1381  1275  
868  4478  873  
1598  1773  1599  
4002  5124  5123  
6677  10384  9452  
1758  9648  1760  
5206  9657  4599  
3545  9648  1758  
1773  1857  1774  
2234  9573  2306  
8431  10015  9857  
3961  4434  3960  
7211  9785  3982  
1406  9651  1404  
4917  5389  4919  
1009  9643  1011  
5992  9745  9290  
4795  9658  6030  
4396  9529  1274  
1311  9817  9356  
1956  9628  1958  
7613  9946  9784  
3702  9679  4047  
9479  9832  6147  
4850  5528  4966  
8628  9867  8731  
5896  9764  5894  
5894  9912  5743  
4676  9771  4673  
5422  10674  8856  
3993  9795  3995  
4894  10227  8354  
1272  9938  9173  
6372  7091  6106  
3412  9642  3414  
1248  9536  1000  
2489  9638  2486  
2905  9570  4077  
3391  9624  3388  
4867  9658  4016  
1960  9635  1962  
5365  9654  5127  
5654  9589  3376  
645  9647  647  
1542  9831  9507  
1044  9646  1046  
5238  9674  4584  
1745  9653  1748  
1263  1275  1262  
4198  9813  5343  
3713  9589  4832  
2484  9638  5766  
2874  9614  2176  
3386  9624  5739  
3931  9653  1743  
1259  1261  1260  
3610  3614  3613  
1743  9653  1745  
4582  9683  5238  
4238  9636  9250  
1455  9605  3571  
4664  5838  4476  
2191  10879  2194  
4016  9658  4795  
1916  2066  1918  
2781  9811  9236  
5651  10437  10359  
4454  9681  4453  
4667  9622  5222  
1529  9605  1457  
3031  9826  9291  
623  9610  626  
3634  9929  3631  
2024  2253  2023  
8731  9867  9535  
2187  10977  2190  
1415  4443  1393  
2864  10449  10355  
4077  9590  3080  
3294  9917  4471  
8457  9950  4739  
5011  9683  4580  
4833  9917  3292  
4578  9690  5011  
4430  9659  4429  
4456  9681  5001  
2078  9594  9538  
9426  9676  797  
9787  9959  8897  
3583  3754  3582  
2155  8571  2515  
9549  9713  953  
3806  4002  3754  
6945  7952  6176  
3750  9608  4554  
6417  9835  9429  
9257  9748  7347  
2630  9774  2124  
144  485  145  
3878  4732  3876  
5878  9680  4976  
5109  6210  6209  
9063  10541  10464  
6404  9851  9584  
2601  9720  2913  
9204  9850  8773  
4264  9621  4262  
2617  9806  2979  
6473  10004  9374  
3074  9569  3930  
3704  9608  3105  
626  9610  5775  
3581  3582  2981  
3449  9823  3455  
9291  9826  6448  
2292  3581  2981  
4105  4490  4106  
2868  3622  3621  
3349  9667  3347  
3592  9679  3702  
5697  9970  3651  
5168  9830  5169  
3800  9731  4623  
192  10035  9708  
4554  9611  3809  
2241  9986  9737  
9578  9941  9207  
9573  9873  6483  
4129  10071  9464  
9306  9766  1090  
3897  9657  9249  
5833  9617  5187  
1075  9933  1078  
5189  9617  6412  
4179  9611  5184  
4619  9539  3738  
7613  9844  9485  
3785  9590  4127  
5985  6966  5201  
5193  9644  6480  
5439  9690  4576  
3738  9539  3706  
2293  9778  2292  
5124  5392  5182  
9402  9843  4089  
3580  9610  624  
963  9780  961  
1303  1304  1302  
6499  10047  9764  
20  9983  7491  
1261  1262  1260  
2988  3705  3092  
5734  9721  9609  
1301  1303  1302  
4830  9659  6016  
6860  9680  5878  
1669  9698  1667  
4911  9814  4296  
6247  9513  4276  
6469  9841  9525  
822  9889  9615  
2103  9807  1824  
4292  9596  5325  
3288  9818  3290  
3581  3583  3582  
3319  9801  3322  
1970  9656  1972  
5827  9902  5700  
156  513  157  
6571  9932  6573  
2312  9778  2293  
5691  9770  5693  
99  9983  20  
5399  9964  9649  
5773  9596  4294  
1232  9938  1272  
5127  9654  6217  
5272  9881  5293  
4098  4099  3623  
671  9829  8976  
3831  9574  2937  
4483  9634  3865  
4127  9590  6067  
8363  10417  8362  
9707  10288  8303  
2128  9682  2126  
6412  9644  5191  
3583  3806  3754  
4262  9621  5244  
3573  9689  2148  
5731  9843  9402  
4673  9771  4672  
4982  9569  3823  
9566  9880  6482  
9236  9811  9057  
794  9676  1719  
5649  9800  9350  
9507  9831  6444  
1974  9661  1976  
5528  6746  4966  
8568  10307  8569  
4274  9552  6247  
9990  10117  5810  
8608  9802  2750  
5850  5852  5849  
1403  9555  1574  
1920  3603  2135  
5069  10917  6773  
1645  9889  824  
946  4463  995  
7  10283  74  
2918  9826  3031  
3347  9667  4121  
4584  9674  4586  
2126  9682  2630  
4103  4105  4104  
9584  9851  3533  
5070  8988  8987  
1262  9753  1264  
9646  11088  1050  
2148  9689  2146  
5604  9822  5602  
5650  11644  11626  
1540  9831  1542  
4099  4101  4100  
2661  2987  2662  
2146  9689  2838  
6206  10064  5814  
5202  5985  5201  
3617  9666  1978  
4429  9659  4830  
9387  9804  5656  
5652  9733  9299  
1788  9597  1624  
5108  6083  6082  
2931  9791  3740  
9333  9864  2769  
2144  9694  2130  
3603  5873  3605  
4468  10045  9638  
961  9780  9287  
2838  9694  2144  
797  9676  794  
952  2990  944  
8382  9956  809  
8756  10184  2802  
1727  9780  963  
1005  1259  1258  
691  10084  688  
8939  9828  5703  
3780  9799  4543  
9129  9859  9381  
3607  3610  3609  
3577  9682  2128  
3611  3665  3664  
2422  6450  2312  
7994  9820  7993  
1655  10005  1720  
5265  10093  4978  
3902  9669  4260  
1738  9919  1620  
5304  9803  5054  
6547  7085  6546  
5602  9822  9670  
4580  9683  4582  
3071  10027  9726  
1299  1300  1252  
10089  11256  6309  
9532  9762  1193  
6808  9805  6786  
4229  10632  10576  
4101  4103  4102  
4506  9665  4504  
3451  9823  3449  
1859  2023  1857  
5389  6963  5462  
5850  6736  5852  
4576  9690  4578  
138  9790  411  
5554  9662  6471  
2736  9870  9362  
5902  9839  5904  
668  9829  671  
3633  9833  3636  
8263  10191  9876  
5904  9839  6379  
4064  9539  6143  
6958  9839  5902  
3622  3623  3621  
8661  9858  8663  
3802  7633  7496  
4976  9680  5933  
5126  9671  4509  
4874  6240  4732  
9230  9934  9541  
2130  9694  3577  
6429  9853  9551  
5828  10156  9144  
8150  9821  9453  
5720  10058  9852  
8186  10194  8185  
4150  4151  3139  
4954  9892  9810  
7578  10052  7577  
4726  6106  4725  
4511  9495  3960  
8693  10187  10029  
3518  4725  2583  
5742  9857  5744  
5391  9824  4890  
9577  9866  5718  
7132  9809  6237  
7070  7071  6408  
5009  5849  3828  
2425  9784  3485  
9274  10054  3634  
8978  10137  10101  
3544  9954  1152  
2415  9668  2566  
7735  9752  5542  
3603  3605  3604  
8337  10732  8339  
3761  9810  3033  
1058  10157  1056  
4638  9729  1831  
1925  9897  1903  
7942  10137  8748  
2224  2225  2171  
4296  9814  5773  
4453  9681  4456  
3029  9696  4213  
9373  9679  3592  
7189  9708  7190  
9299  9733  3360  
6826  9741  6824  
9938  10072  8845  
8844  10167  8784  
5866  6408  6407  
9535  9867  4885  
2331  9844  2329  
7933  9996  7931  
5197  9621  4264  
1259  1260  1258  
2472  2473  2471  
5656  9804  5658  
9971  10087  3555  
10187  10319  2835  
2099  2101  1907  
8732  10216  5867  
2314  9880  2307  
2868  3621  2163  
325  10242  8736  
5078  9886  4441  
8376  10236  8375  
5385  5865  4210  
6628  10776  7500  
1003  9787  3596  
7192  9977  7786  
5730  9878  6350  
7604  7606  459  
5385  5866  5865  
4967  10018  9127  
34  10459  570  
1803  9841  1636  
8830  9931  1937  
4944  9800  5956  
3731  9792  3378  
2167  2168  2166  
10182  10245  5831  
8262  9876  8265  
3027  9696  3029  
9381  9859  1296  
6411  9825  6410  
6392  10046  4879  
9446  9850  2317  
3879  9753  1275  
3335  10020  3324  
4679  9724  4677  
5762  9928  8841  
2184  9819  2182  
10289  10535  6582  
5329  9994  4272  
9275  9811  2781  
8036  9847  8035  
8841  9928  9398  
8986  10213  8985  
9819  10008  9067  
4389  9994  6334  
9164  10026  8788  
42  9846  9702  
2422  9652  6450  
4890  9824  4888  
10432  10581  8947  
2878  3600  3599  
3605  3607  3606  
5884  9675  5889  
4888  9824  9255  
7347  10687  6348  
2480  9819  2184  
7363  10066  6425  
3326  10020  4060  
3846  10019  4176  
6498  10087  9971  
2656  9898  9369  
9350  9800  4944  
2251  2252  2240  
2164  2167  2166  
3697  7506  4203  
670  9829  668  
4027  5995  5102  
3265  9874  3911  
2473  2964  2471  
9515  9865  3337  
9287  9780  6454  
7388  7390  7389  
5815  6564  1619  
4677  9724  4850  
8694  10029  2637  
2563  9760  2860  
3769  9696  3027  
3705  4171  3801  
6180  10280  6645  
5911  10315  6369  
3960  9495  3067  
9465  9897  6744  
2180  10233  2181  
5792  9696  3769  
8101  10336  8102  
6466  9842  6467  
9097  9904  9343  
4020  10173  4019  
4425  10046  9900  
6707  6987  5985  
2182  9819  9300  
6358  9911  4695  
8390  10294  8389  
3406  9884  3408  
8746  10021  6381  
4498  9754  5856  
2296  9735  2274  
1370  10284  8236  
6861  10280  6182  
4171  5107  4172  
1301  1302  1300  
7131  10315  5913  
3479  10167  10072  
5441  10192  4108  
1520  9887  8272  
9551  9853  2591  
3758  9978  9684  
5009  5850  5849  
4839  9756  3873  
4284  9958  4858  
3972  9760  2265  
9110  9811  9275  
6661  9836  9109  
2070  9873  1992  
4061  10087  5832  
5343  9813  9761  
5748  9816  5746  
6423  9834  6424  
4481  9894  5219  
3058  11673  7117  
2064  10284  1368  
2268  9717  5796  
9763  9823  3451  
2168  2224  2171  
6750  11148  11082  
9615  9889  6439  
6333  9908  8180  
6053  10405  6051  
5971  10056  4934  
6165  9947  6167  
5178  9961  4267  
1423  9837  2256  
3516  9735  2296  
5078  10030  9886  
1154  9954  9477  
8567  10307  8566  
427  10242  324  
3491  9866  9577  
4763  4764  4151  
9405  9924  2646  
2474  2663  2473  
5182  9710  5123  
2682  9905  2680  
9300  9819  9067  
3874  4838  3873  
1393  9817  1310  
3221  9922  4056  
10622  10705  9075  
916  2622  922  
7018  9972  5898  
6163  9957  7272  
5551  10231  7569  
9677  9971  3555  
8080  10574  7219  
5310  10185  8643  
8282  10844  8281  
4443  9817  1393  
9875  10213  2167  
5855  9883  4499  
2274  9735  9454  
4474  9754  3795  
11617  11864  9179  
4725  6557  2583  
9799  9998  6494  
5866  6407  5865  
3974  9667  3349  
6824  9741  9165  
4568  11655  7160  
10416  11646  11313  
6326  9958  4377  
9556  9900  6476  
3614  3873  3613  
568  10414  55  
1937  9931  1935  
3783  9815  3477  
4937  9852  8917  
9477  9954  8913  
9059  9922  3217  
190  10422  455  
2614  9999  2456  
3602  10163  3054  
2931  2932  2666  
2459  2460  2260  
9638  10045  5766  
4838  5247  4839  
3607  3609  3608  
8355  10112  4885  
1090  9766  9765  
3881  9804  9387  
9484  9886  6464  
9591  9902  3528  
6434  9986  6435  
6470  11306  7459  
530  10422  189  
7628  9915  9443  
1790  9729  6382  
5352  5891  5354  
1992  9873  2031  
11198  11217  9617  
6073  9832  5039  
5499  9857  9488  
5876  9988  5608  
4425  9900  4422  
7848  10256  2797  
8564  10309  10300  
6755  7488  7036  
1942  9897  9465  
1386  9882  1309  
2459  9796  3518  
9456  9912  3601  
5798  10013  5831  
4623  9731  5375  
4785  6145  5853  
2174  9879  1949  
5222  6999  6194  
9398  9928  4867  
2976  9886  9484  
5741  9912  9456  
3920  10129  4041  
4150  5095  4763  
5687  9865  9515  
2307  9880  2309  
9687  9893  8902  
3600  3909  3838  
3138  3140  3139  
1381  9777  3879  
2418  9953  9664  
4902  9838  9254  
5270  9881  5272  
1180  9963  1177  
9956  10025  825  
5653  9893  9687  
3909  4785  4541  
6416  9892  6375  
1618  1619  1567  
9774  9807  2103  
8379  10236  8409  
4655  10215  5842  
3515  9871  9530  
6747  9771  4966  
4499  9883  5328  
1175  9963  3570  
2603  9720  2601  
1769  9775  2281  
3710  9862  3040  
4785  5853  4923  
7529  10528  7527  
5816  9574  3831  
2228  9759  2531  
129  448  35  
2252  2459  2260  
3822  9998  6429  
2469  9845  2423  
2257  2323  2101  
6531  10654  10585  
4637  9597  1788  
3318  9891  3320  
9518  9906  7395  
7444  10033  527  
3600  4973  3909  
9768  9970  6433  
9696  9987  4213  
9343  9904  6542  
4534  9926  4536  
3665  4027  3970  
846  9787  851  
10649  10708  8581  
6237  9809  9747  
2213  9935  2150  
10235  10324  5961  
6670  11629  7028  
177  10217  178  
5247  6578  6158  
7816  9861  9093  
6412  11224  9644  
1903  9897  1942  
9530  9871  6420  
2225  2251  2240  
5900  9972  6958  
8961  10286  8960  
3202  10813  8227  
1034  10698  8396  
4966  9771  4676  
2317  9850  9204  
9360  9935  2213  
5853  6373  5854  
2265  9760  2563  
3479  10072  1236  
5733  9843  5731  
2465  2631  2323  
4569  9794  4780  
128  9767  129  
8399  10500  8400  
8950  9918  8951  
3610  3613  3609  
7085  7420  6546  
938  10059  3381  
2031  9873  9573  
2309  9880  9566  
8023  10587  8027  
10401  10527  2224  
10161  10277  2965  
499  11015  7444  
8919  11737  7268  
6373  6755  6754  
4796  9738  4098  
3418  9884  3406  
7391  9907  5347  
5347  9907  5349  
6367  10098  6368  
3235  9915  3231  
9488  9857  5742  
151  569  46  
2524  9835  2896  
2613  9773  1250  
8309  9967  8307  
6137  10268  8652  
8605  9869  2509  
7149  7150  7148  
1310  9817  1311  
7238  9741  6826  
809  9956  805  
8781  9864  9333  
7783  9977  7192  
2423  9845  2422  
76  9854  77  
9684  9978  9351  
9441  11569  8341  
5837  10023  9864  
6248  11044  7122  
4739  9950  5298  
6524  10817  8557  
5772  9848  7422  
8040  10382  8041  
2474  9492  2663  
34  570  128  
9329  9870  2736  
5157  9724  4679  
10110  10222  6474  
9614  9879  2174  
848  10100  8114  
6495  10319  8692  
8618  10461  8617  
3292  9917  3294  
9713  10059  940  
9874  10064  3911  
2800  10101  2802  
1647  10034  1645  
3537  9900  9556  
2591  9853  2927  
9965  10042  6440  
1595  9775  1769  
3609  9896  3611  
1998  9759  2228  
9831  9997  6444  
7917  11780  6724  
10156  10279  4130  
3353  9755  3351  
3042  9874  3265  
7312  11281  6566  
3217  9922  3221  
1296  9859  9389  
9362  9870  8828  
4569  4779  4044  
6755  7036  7035  
4044  4045  3670  
4858  9958  9433  
7190  9783  5306  
1556  9777  1402  
3795  9754  4498  
6920  10166  6081  
9102  9968  9414  
8978  10101  9251  
9769  9999  8562  
7036  7213  7037  
9112  9932  9413  
2667  9945  4115  
9639  9759  1998  
4027  5102  4247  
642  11129  7339  
7338  11250  2054  
8079  10270  7745  
2769  9864  9256  
3238  10014  8689  
4434  9783  4511  
2849  9920  2847  
5698  9902  9591  
5983  9916  4974  
5859  9975  5862  
1250  9773  1248  
4969  9758  4332  
7155  11600  6422  
9870  10028  5931  
5349  9907  5352  
3631  9929  3633  
2402  9901  2919  
7150  10855  7522  
8553  9964  8219  
5792  9987  9696  
2459  2583  2460  
3891  10036  9746  
5952  9985  6260  
3533  9851  3535  
8834  10074  9091  
3633  9929  9833  
2614  10133  9999  
9116  9898  2656  
7064  10159  5857  
9727  9914  5980  
6762  10374  8314  
3493  9866  3491  
6527  6528  4779  
8431  9857  5499  
11543  11565  6830  
65  9872  3  
4441  9886  2976  
5650  11626  6751  
6891  9865  5687  
9305  9850  9446  
2314  10104  9880  
8153  11875  6316  
5063  10230  4525  
9453  9821  7186  
2637  10029  2040  
3876  9789  3874  
6450  9778  2312  
9144  10268  6135  
9666  9961  6451  
6855  9930  5545  
9251  10101  2803  
590  10183  592  
2661  4246  2987  
9129  10063  9859  
1074  9933  1075  
3534  9871  3515  
4695  9911  7681  
8764  10214  6061  
8550  10150  3268  
9516  9901  2400  
4246  5840  2987  
2987  9888  2988  
3138  3139  3039  
563  9473  147  
6119  7497  7078  
6719  6720  5840  
8345  9979  8346  
7506  10593  4203  
2572  9960  2410  
6518  10336  1221  
3477  9815  9380  
132  9913  410  
5599  10568  6613  
5763  9936  9655  
7448  10642  7476  
651  10039  655  
7412  10593  7506  
9737  9986  6434  
6166  10367  6914  
5995  6011  5102  
2400  9901  2402  
32  10356  7562  
6513  10221  6836  
1935  9931  2888  
7821  9861  7818  
4838  9789  6110  
3356  9980  4474  
3351  9755  3974  
6242  9760  3972  
4144  9942  4141  
9810  9892  6416  
824  9889  822  
3040  9862  4775  
4907  9968  6688  
5669  10139  10016  
8223  9955  7779  
2988  9888  3705  
2636  10383  7997  
7186  9821  7321  
6097  9738  4796  
8001  10182  9347  
8856  10594  5422  
3583  10077  4475  
9369  9898  8737  
4935  9948  8843  
6607  9904  9097  
3066  9808  3961  
9440  9775  1595  
4422  9900  3537  
9968  10071  6688  
5129  10149  5131  
10392  10466  5983  
7179  11836  5017  
5737  9885  9101  
3705  4489  4171  
3790  9906  9227  
2416  9953  2418  
5975  10991  8342  
7940  10498  1230  
4471  10108  3296  
3625  10108  3966  
8122  10354  5890  
4246  6719  5840  
5127  6193  4117  
6769  10147  5556  
9227  9906  9518  
5533  10727  6085  
7151  10196  5987  
1620  9919  1618  
5716  10201  6254  
8279  10298  8278  
4099  9738  4682  
8751  10136  9928  
9847  10334  8035  
8355  10227  10112  
9416  9962  9467  
4098  9738  4099  
6381  10021  5140  
1234  9938  1232  
6878  10089  6307  
439  9846  143  
4377  9958  4284  
5106  9926  4534  
4909  11238  6771  
9568  9893  5653  
7083  9776  4863  
10993  10996  6733  
3906  9932  9112  
3557  10039  649  
5827  10109  10022  
2678  9981  2676  
8858  10456  8857  
9413  9932  6571  
9655  9936  5439  
9664  9953  7578  
5718  10058  1074  
3330  10116  9379  
4860  10003  5897  
851  9787  1003  
2860  9808  2858  
4523  10124  3903  
9414  9968  4907  
8652  10407  8651  
5700  9902  5698  
2101  2102  1907  
1275  9753  1262  
4150  4763  4151  
9187  10069  8979  
9032  10204  4967  
1523  10009  1622  
7208  9957  6163  
9784  9946  3489  
1177  9963  1175  
9380  9815  5819  
9861  10197  7859  
2251  9796  2252  
3601  10047  3400  
9389  9859  5813  
1248  9773  9536  
9900  10046  6476  
4490  9776  4491  
9892  9971  6375  
7291  10911  7292  
6784  9984  9657  
3039  9740  3038  
3072  10603  8495  
7720  10555  8320  
2534  9999  9769  
2920  9903  2565  
2412  9960  9668  
4210  9862  3710  
3508  9863  3506  
2410  9960  2412  
9926  10114  4536  
5222  6194  4666  
1152  9954  1154  
3617  9961  9666  
3576  10060  844  
5898  9972  5900  
8341  11569  427  
6132  9899  4619  
5993  10282  5860  
8803  9924  9405  
9374  10004  3344  
3566  10013  9717  
9903  10052  7578  
840  10060  9281  
4840  10078  8771  
5743  9912  5741  
9879  10180  1862  
5044  10113  5959  
5376  10211  5377  
59  7621  474  
2559  10403  3171  
4863  9776  4490  
7818  9861  7816  
2292  9778  3581  
10294  11632  7531  
4496  9959  842  
1564  10254  8111  
4538  10114  5160  
9284  10026  9164  
4491  9776  6470  
9162  10228  10102  
7891  10496  2235  
6500  10151  9849  
3728  9952  4363  
7809  10082  5774  
2646  9924  9592  
6399  9940  6400  
2150  9935  3573  
3140  4150  3139  
5860  10170  5858  
5669  10016  9270  
4592  9940  9792  
10787  10834  443  
9781  10335  8363  
7523  10007  7524  
4013  10297  4012  
9886  10030  6464  
5877  10248  5924  
4780  6527  4779  
8268  10068  8264  
8534  10203  4416  
9569  9975  3930  
6788  9962  9416  
9859  10063  5813  
8203  10382  6009  
6516  10104  4502  
2802  10184  2798  
7388  7389  7387  
863  9849  868  
877  10485  3128  
3570  10075  1173  
3303  10248  10138  
3344  10004  2623  
7090  9973  5216  
6429  9998  9799  
9545  10113  5046  
805  9956  825  
6928  9992  9843  
6625  10094  5178  
4638  10001  9729  
5827  10069  9902  
5885  10277  5883  
9122  9901  9516  
1171  10075  2464  
8683  10202  3238  
6565  9939  1619  
2724  9797  2514  
8615  10461  2546  
5306  9783  4434  
7119  11672  3859  
9811  10055  9057  
3828  9755  3353  
8070  11028  8071  
2714  10102  9116  
3669  4044  3670  
3571  10061  1453  
5960  10119  5612  
4980  10299  6670  
1402  9777  1381  
9294  9975  9569  
9849  10151  4478  
1258  10073  1257  
9110  10055  9811  
4763  5156  4764  
1025  10096  1023  
10378  10464  5964  
5610  10119  5876  
2900  10403  2561  
1827  3671  1738  
4002  9786  5124  
842  9959  846  
414  9983  99  
9729  10001  6382  
5899  9949  9089  
9378  9925  1269  
10059  10159  3381  
6383  9995  6117  
5947  10301  5946  
3740  3741  2932  
6846  9925  9378  
4205  9923  4202  
6334  10148  4772  
3303  10138  1548  
3671  9919  1738  
7017  10065  5335  
8439  10569  8440  
9379  10116  7505  
56  10414  507  
5608  9988  5605  
5846  10002  5845  
6435  9969  6437  
3244  10780  7485  
9700  9980  3354  
4379  10065  5342  
2278  10086  731  
3806  9786  4002  
3667  3668  3666  
4476  9786  3806  
9650  9944  3538  
203  11571  7275  
3874  9789  4838  
3506  9863  9504  
5392  10107  7182  
7710  11184  7709  
7054  9936  5763  
10117  10250  5879  
54  9895  568  
5980  10392  5983  
5174  10177  5948  
1918  9827  1920  
2132  11134  8207  
6966  10024  5201  
4448  10091  5397  
6793  10407  7343  
1645  10034  9889  
2159  9840  2161  
6260  9989  6992  
419  10384  8526  
10657  10826  6095  
7145  11534  1096  
9679  9990  5808  
4929  10057  9604  
5770  9934  9230  
5103  10899  10665  
9449  10064  9874  
9207  9941  5844  
9592  10123  2642  
2464  10106  1169  
1776  9965  1647  
8666  10330  8669  
9286  9875  3621  
3669  3670  3668  
2631  3666  2323  
4150  10010  5095  
2161  9840  2868  
5987  10196  4720  
5298  9950  7086  
318  10370  537  
7341  10348  5999  
4094  10112  6430  
426  10370  317  
3549  10012  9871  
4781  10111  4059  
2858  9808  3066  
5776  10071  9968  
3634  10054  9995  
825  10025  8968  
3662  11032  9646  
9746  10036  9418  
3651  9970  1644  
8455  10440  4769  
6546  9758  4969  
2631  3667  3666  
3797  10006  3035  
5321  10032  9582  
4885  10112  3125  
7922  10536  1527  
6615  9985  5952  
5776  9968  9102  
4272  9994  4389  
1037  10120  1040  
3790  10016  9906  
4134  10111  4759  
9792  9940  6399  
9249  9984  3752  
9563  9992  6845  
1727  10172  8679  
9657  9984  9249  
5838  9786  4476  
4152  10037  3619  
5768  10011  6900  
3268  10150  3842  
4267  9961  3617  
9597  10009  1583  
1852  10243  1851  
9932  10105  6573  
4605  10246  4113  
3959  11648  7946  
9286  10213  9875  
8  560  76  
868  9849  4478  
6527  6739  6528  
209  10292  210  
9582  10032  8214  
6513  10317  10221  
6933  10009  9597  
8647  10858  10454  
9941  10017  6817  
45  505  150  
2456  9999  2534  
6454  9974  6455  
4182  10191  4183  
1811  10180  4376  
6999  9126  6194  
9467  9962  4986  
4305  4306  3741  
5968  10199  8834  
2163  9875  2164  
1210  10400  8129  
2514  9797  9492  
4119  10455  8531  
3611  9896  3665  
9717  10013  5796  
9764  10047  3601  
10809  10820  6099  
9574  10103  8639  
10335  10417  8363  
698  11019  10661  
144  9702  485  
4917  4919  4306  
2387  10132  3558  
849  10131  3576  
9388  9944  5689  
9501  9948  9424  
455  10035  191  
2998  10132  2385  
5969  10365  5968  
9726  10027  5790  
5380  10262  5381  
4732  9789  3876  
69  10000  5  
3538  9944  9388  
9756  9896  3613  
7675  11247  6508  
4903  10399  3258  
8639  10103  4392  
9504  9863  6447  
7984  10079  2023  
10269  10357  6475  
10197  10302  1616  
9213  9840  2159  
5819  10160  7612  
6094  9986  2241  
10284  11096  8236  
3930  9975  5859  
5411  10718  7449  
9916  10003  4974  
9604  10057  9136  
9555  10883  1574  
9008  10113  9545  
5319  10125  6994  
74  10283  422  
64  520  65  
5764  10285  8470  
3613  9896  3609  
1658  10005  1655  
815  10100  848  
6473  10161  10004  
3667  3669  3668  
5479  10038  3770  
5369  11114  7459  
2252  9796  2459  
7194  11145  7193  
9424  9948  4935  
7238  10625  4875  
6370  10169  4112  
3157  10400  1217  
2515  9855  2878  
7277  11503  7276  
7424  10371  7442  
6438  10380  5915  
9843  9992  4089  
9403  9980  9700  
6385  10127  4457  
9232  10168  3911  
7716  10293  8983  
473  10829  7623  
5232  9951  9396  
859  10131  853  
8773  10176  8774  
3354  9980  3356  
3705  9888  4489  
7938  9996  7933  
5352  9907  5891  
4974  10003  4860  
1618  9919  5815  
846  9959  9787  
9786  10107  5124  
10444  10559  6945  
5178  10094  9961  
4328  10127  4880  
8872  10343  435  
1583  10009  1523  
4934  10056  6884  
8834  10199  10074  
5774  10082  9731  
7414  10460  6446  
6589  10684  7218  
6444  9997  6983  
6217  7435  6193  
3139  9740  3039  
6453  10059  9713  
3174  10773  10694  
9141  9849  863  
4452  10210  4454  
10334  10413  8035  
2036  10187  2835  
6332  10368  9908  
2422  9845  9652  
9724  10053  6630  
1592  10254  1564  
9902  10069  3528  
9262  9948  9501  
2792  10256  3278  
3741  6501  2932  
1414  10397  1562  
4601  9998  3822  
8358  10565  538  
3038  9797  2724  
9322  10066  6700  
9396  9951  6704  
6375  9971  9677  
6324  10031  7237  
1449  10130  1560  
3242  10041  4401  
2164  9875  2167  
9583  9976  3891  
4060  10019  3846  
7421  10135  5488  
10265  10346  3418  
8248  10225  6001  
3193  10305  8213  
9557  10794  10571  
7303  11332  7304  
10381  10410  5869  
9995  10054  6197  
1415  9939  4443  
4814  10135  5399  
1786  10300  1789  
1550  10138  9440  
3135  10073  4777  
9852  10058  5718  
6750  11082  6313  
5080  10030  5078  
5849  9755  3828  
2932  9993  2666  
6462  10357  6543  
8611  10656  2536  
2797  10256  2794  
8718  10436  1294  
2395  10049  8048  
2066  9827  1918  
3911  10168  3716  
8278  10472  6122  
9351  9978  5784  
5389  5462  4919  
7475  10062  7477  
5150  10312  6971  
10237  10287  8817  
733  10164  2278  
2982  9990  9373  
7306  11542  4547  
3324  10020  3326  
61  9856  516  
9133  10286  8935  
9871  10012  6420  
6035  10337  6581  
2981  9937  2290  
6004  10471  7127  
2040  10029  2038  
4120  10055  9110  
6002  10218  5616  
7821  10197  9861  
3547  11295  9720  
870  10537  869  
8341  10563  9441  
7224  10471  6006  
5614  10218  5960  
4213  9987  5235  
9067  10008  5801  
2623  10004  2624  
3578  10165  799  
5816  10103  9574  
8979  10022  4566  
995  9868  1005  
2666  9993  2631  
4967  10204  10018  
10222  10299  6474  
11053  11185  8964  
9765  10251  1094  
9270  10016  3790  
5865  9862  4210  
687  10366  9146  
10016  10139  7397  
4463  9868  995  
6104  10777  6152  
9889  10034  6439  
4416  10203  2072  
5389  10760  7097  
4719  10196  6386  
2376  10244  4130  
1491  10944  7751  
740  10189  737  
5767  10266  4412  
1442  10487  1497  
2074  10203  2118  
4544  10571  8466  
1005  9868  1259  
3532  10501  7902  
1920  9827  3603  
1234  10072  9938  
5462  5463  4919  
3377  10229  9332  
9329  10028  9870  
9864  10023  9256  
1856  10313  1855  
2763  10229  3377  
2614  10278  8921  
9256  10023  3245  
8637  10318  10128  
4089  9992  9563  
2288  9937  9083  
9116  10102  6539  
1567  9939  1415  
9373  9990  9679  
9136  10057  5804  
4151  9740  3139  
5434  10261  5433  
6067  10858  10586  
9749  10043  1896  
7755  10729  7756  
6405  9982  6404  
1720  10026  9284  
7210  10745  7215  
5838  10107  9786  
6054  10487  1440  
965  10172  1727  
1062  10226  9096  
3603  9827  5873  
8110  10440  8108  
9382  10018  5735  
6405  10200  9313  
2071  10042  9965  
10300  10309  7434  
4804  10463  7682  
8117  10404  8118  
9162  10102  9361  
4703  10810  7106  
5140  10021  6859  
5744  10014  5893  
2290  9937  2288  
9224  10451  10331  
8954  10671  5071  
5935  10345  5934  
1257  10073  3135  
5873  9910  3605  
6909  11668  10000  
123  10356  32  
7682  10129  5682  
9146  10366  10090  
6230  10181  6021  
9755  10143  3974  
1689  10323  1688  
10038  10134  3770  
5006  6142  3776  
9880  10104  6482  
6649  10001  4638  
7391  10178  9907  
7307  9976  9583  
649  10039  651  
5436  10261  6015  
8702  10327  510  
10507  11557  7040  
3621  9875  2163  
7383  11769  5761  
5508  10257  10105  
3607  9910  3610  
940  10059  938  
10210  10310  4454  
4014  11680  8376  
1726  11763  7335  
9622  10198  7000  
9933  10352  1078  
5019  10273  4124  
1531  10446  1739  
9778  10077  3581  
1631  11275  8594  
6557  9860  2583  
9759  10110  8333  
5790  10027  9548  
1448  10067  1450  
10557  10659  3419  
9537  10074  9328  
453  11709  7501  
6450  10077  9778  
6813  10646  6075  
5066  10636  10526  
6569  10766  10706  
5021  10389  10200  
7420  9758  6546  
4794  10325  4793  
8671  10446  1413  
3850  10287  3427  
70  10115  71  
5933  10222  4931  
2460  9860  2661  
6754  10271  5854  
9851  9982  4421  
5874  10085  7977  
1059  10226  1062  
6464  10030  6465  
5201  10024  4664  
7604  11100  7606  
2626  10161  2965  
5969  10431  10365  
6420  10012  9712  
7468  10575  6131  
5840  9888  2987  
4918  10760  4917  
5592  10081  6414  
6051  10346  6049  
10035  10145  7190  
3903  10124  9863  
1295  10436  1331  
3906  10105  9932  
7127  10501  5361  
5991  10083  6190  
7476  10062  7475  
6671  10017  5789  
5157  10053  9724  
2453  10278  2614  
1453  10061  1451  
6153  10737  7647  
4044  9890  4045  
2023  10079  1857  
8435  10514  8433  
9127  10018  9382  
4340  10358  4343  
2194  10879  10815  
8360  10636  8365  
10102  10228  6539  
5796  10013  5798  
10072  10167  8845  
10201  10219  6254  
525  11784  7456  
7272  10032  5321  
6954  11530  6652  
6963  6964  5462  
9975  10147  5862  
7212  10295  5264  
7831  10302  7825  
3707  10052  9903  
6439  10034  6440  
6778  11227  11080  
7319  10207  6352  
439  11165  7310  
8616  10461  8615  
5335  10065  4379  
4666  9923  4205  
8571  9855  2515  
4977  10308  9032  
9057  10055  9176  
8968  10025  5767  
5681  10831  10774  
8924  10733  6101  
1912  10144  3594  
5375  10082  7460  
8321  10733  8924  
8854  10123  9592  
9731  10082  5375  
844  10060  840  
9952  10048  4363  
9999  10133  8562  
10022  10109  5812  
5735  10018  9751  
1236  10072  1234  
6432  10488  8183  
78  10162  567  
1619  9939  1567  
1589  10321  1412  
8625  10483  1006  
4955  10122  6498  
9961  10094  6451  
1395  10321  4393  
5938  10267  5937  
7487  10575  7898  
4288  10729  8703  
8897  10406  6071  
1173  10075  1171  
10285  10402  8470  
6746  10080  6747  
3400  10047  3402  
6853  11380  6854  
6632  11518  6929  
6386  10306  6385  
8720  10252  6549  
3377  10028  9329  
7073  10092  6037  
6307  10089  6309  
9876  10191  4182  
2878  9855  3600  
4664  10024  5838  
5528  10140  6746  
6846  11729  11678  
5266  10295  5945  
7264  10088  8849  
6013  11061  9000  
358  10416  359  
1067  10363  8683  
3404  10265  3418  
8436  10514  8438  
6193  10314  9791  
3228  10530  8648  
6338  10099  2540  
2583  9860  2460  
4879  10046  4425  
9124  10480  4362  
6803  10340  5080  
433  10115  70  
6425  10066  9322  
4680  10095  4831  
6867  10320  6303  
3501  10255  3758  
3619  10037  9476  
5681  10774  8698  
5259  10312  3951  
3605  9910  3607  
6327  10076  7698  
1706  10281  1677  
4960  10063  9129  
1560  10247  1447  
11695  11779  1265  
10176  10273  8774  
9032  10308  10204  
1436  10638  1428  
1675  10281  3572  
4115  9945  6119  
8526  11319  542  
4699  10322  6554  
10707  10751  5732  
5875  10272  9554  
6796  10524  7305  
9440  10138  6478  
6501  9993  2932  
3228  10619  7563  
9128  10105  3906  
10166  10201  6341  
7848  10372  10256  
8573  10517  8574  
2555  10578  2992  
4363  10048  9607  
1023  10096  1066  
548  10510  8872  
6044  10118  6043  
8042  10574  8043  
731  10086  729  
8200  10828  5468  
9091  10074  9537  
10384  11681  9452  
6404  9982  9851  
9620  10078  4840  
3555  10087  4061  
6485  10053  5157  
6075  10457  9693  
7247  10142  7244  
1857  10079  1858  
3937  10168  8687  
6305  10320  6878  
3600  9855  4973  
1695  10369  1693  
10136  10391  7511  
10827  11361  9621  
3528  10069  9187  
2803  10101  2800  
2982  10117  9990  
8552  10139  5669  
10200  10389  9313  
1409  10269  969  
3770  10134  8717  
7244  10142  7245  
1586  11848  7128  
2030  10121  1991  
9980  10170  4474  
3241  10551  2865  
8881  10180  9879  
9418  10036  6850  
6259  10349  5467  
9658  10136  7511  
136  10415  137  
8570  10456  8867  
3296  10108  3625  
4544  10285  4161  
8835  10364  6561  
7149  10855  7150  
1679  10304  1706  
6537  10381  5870  
6118  11294  6606  
5744  10015  10014  
4978  10093  4977  
4059  10111  4134  
5766  10045  10044  
10568  10576  6613  
2610  10430  2607  
4793  10091  4448  
3669  10264  4569  
6368  10098  7296  
7343  10524  6794  
3171  10578  2557  
4396  11164  7269  
7552  10517  6069  
10417  10526  8362  
2864  10355  2701  
5972  10449  6246  
9907  10178  5891  
3744  10347  4139  
11575  11756  5457  
7468  10688  4869  
1169  10106  1038  
9464  10071  5776  
4158  10285  5764  
10895  11519  9489  
8614  10656  8613  
688  10084  687  
10395  10566  6012  
10287  10337  8817  
6499  10265  10047  
5046  10113  5044  
7939  10495  7937  
2236  10344  1897  
8004  11135  3569  
5431  10361  5434  
9246  10396  8291  
2537  10339  2710  
1443  10290  2595  
10292  11007  210  
526  10587  8619  
7615  11176  11175  
566  10283  7  
2546  10360  2449  
10167  10235  8784  
6473  10277  10161  
1430  10638  3145  
9998  10220  6494  
8297  11747  11041  
2661  9860  4246  
11186  11485  2302  
7330  10421  8925  
7936  10582  7930  
9639  10110  9759  
4828  10408  4827  
77  9854  472  
885  10673  10371  
7243  11271  438  
10406  10579  6071  
8925  10421  2377  
5856  10444  6945  
4056  10368  4057  
4779  9890  4044  
9454  10200  6405  
5612  10119  5610  
3476  10355  9278  
7064  10258  10159  
3490  10339  2633  
8843  10279  6033  
8562  10133  8561  
8807  11667  8808  
3238  10202  10014  
7562  10356  6356  
7932  10582  7935  
807  10100  815  
5849  10143  9755  
4925  10966  10912  
8205  10634  8204  
6528  9890  4779  
5429  10394  5426  
7898  10486  9420  
7672  11151  8996  
9361  10102  2714  
711  10329  710  
4536  10114  4538  
9121  11610  5851  
9311  10389  9312  
9328  10074  2065  
7774  10877  5464  
9260  10116  3330  
2703  10355  3476  
4472  10070  9624  
4803  10463  4804  
3125  10112  4094  
8693  10319  10187  
9  10162  78  
6191  11834  7400  
1613  10385  1617  
9708  10035  7190  
5814  10064  9449  
7831  10385  10302  
9224  10331  9376  
8842  10128  9773  
6825  10686  7011  
767  10386  764  
6451  10094  6452  
8582  10288  6312  
714  10329  3578  
1038  10120  1037  
11410  11439  9397  
8012  10420  5932  
3510  11862  9572  
3776  10010  3140  
7351  10463  5406  
6814  11447  10283  
4590  10387  4997  
10338  10516  6685  
5766  10044  9567  
9678  10090  5654  
8659  10432  2835  
9305  10176  9850  
7166  10141  7725  
8636  10489  10318  
4864  10561  4302  
8225  10624  8256  
5031  10433  5947  
5916  10326  5591  
5593  10326  6580  
3140  10010  4150  
10087  10122  5832  
3240  10216  8732  
3543  10377  2355  
2357  10377  2366  
8039  10251  9765  
9294  10147  9975  
6846  11678  9925  
3174  10694  8211  
6018  10603  6517  
8495  10603  6020  
8748  10137  8978  
7938  10495  9077  
946  10206  4463  
5764  10078  9620  
9863  10124  6447  
8752  10816  491  
8  9265  560  
6837  11650  6838  
10180  10301  4376  
6800  10342  6463  
4775  10418  7529  
10014  10015  8689  
6453  10159  10059  
6497  10832  7756  
9888  10146  4489  
11203  11807  561  
4502  10104  2314  
10359  10437  6581  
7856  10942  9909  
5943  10153  5944  
129  9767  448  
3581  10077  3583  
8751  10391  10136  
9567  10044  3545  
9624  10070  5739  
557  11698  9071  
9559  11431  766  
9607  10048  5938  
1548  10138  1550  
1804  10873  8099  
455  10145  10035  
2871  10426  8110  
8269  10795  8267  
7654  11878  3840  
6476  10125  5319  
2385  10132  2387  
7024  10686  6823  
7945  10811  5786  
7265  11357  8890  
6356  10884  7562  
5947  10396  10301  
1451  10130  1449  
543  10539  336  
9850  10176  8773  
5945  10390  5268  
7181  10805  7180  
6954  11548  11530  
9739  10409  1098  
5  10000  433  
6621  10387  5030  
2032  10432  8947  
9260  10166  10116  
6208  10232  6207  
6916  10152  5033  
10106  10120  1038  
8996  11151  6790  
7397  10139  7398  
2595  10351  1441  
7795  10938  7793  
4392  10309  8564  
3188  10158  8060  
6392  10125  10046  
570  9767  128  
9928  10136  4867  
5682  10129  3920  
11227  11457  6543  
10074  10199  2065  
853  10131  849  
1640  10157  1058  
5789  10017  9941  
7782  10522  2552  
1701  10442  1699  
6516  10210  10104  
10061  10130  1451  
10004  10161  2624  
11576  11650  6837  
5967  10103  5816  
6448  10492  6449  
7762  10155  7776  
9617  11217  6412  
7435  10314  6193  
4457  10127  4328  
5840  10146  9888  
2546  10521  8615  
9976  10036  3891  
6033  10156  5828  
3626  10592  4690  
337  10539  437  
5755  11064  8065  
8711  10317  6513  
4729  10592  3628  
8670  10431  5969  
10029  10187  2038  
11292  11445  9325  
6032  10566  5730  
5488  10135  4814  
748  10483  746  
4027  10195  5995  
9403  10170  9980  
9063  10464  9147  
10648  11168  6127  
1858  10144  1912  
1872  11820  7311  
9375  10117  2982  
9025  10588  8991  
1439  10351  9258  
5860  10282  10170  
2875  10562  5116  
10013  10182  5831  
7914  11671  7912  
6830  10140  5528  
3547  11398  11295  
6221  10441  5292  
8845  10167  8844  
4772  10148  5376  
1074  10058  9933  
2377  10421  2383  
5641  11410  9397  
8713  10424  2965  
1598  10260  9263  
5868  10296  9393  
3291  10616  4040  
7017  10496  10065  
2642  10123  9626  
4601  10220  9998  
9262  10279  9948  
4928  10974  7795  
8852  11364  10955  
3054  10163  7809  
4023  10173  4020  
4042  10616  3293  
5857  10159  6453  
5651  10359  9314  
1530  10450  1589  
6909  10833  6376  
11025  11060  6672  
7498  10188  9564  
6346  10175  7564  
2631  9993  3667  
10014  10202  5893  
10079  10144  1858  
8486  10512  7112  
1230  10498  1278  
5124  10107  5392  
2622  10206  922  
10113  10343  5959  
6980  11549  8945  
9025  11475  10588  
10018  10204  9751  
8729  11180  11078  
1555  10260  1598  
6203  10186  5990  
10252  10457  6549  
6595  10149  5129  
8986  10527  10401  
7342  10426  6469  
10138  10248  6478  
8089  10620  8091  
6157  10353  7980  
4108  10192  5069  
516  7355  7354  
655  10411  653  
6589  10735  10684  
4930  10110  9639  
7095  10625  7094  
5939  10238  8202  
10168  10443  8687  
6194  9923  4666  
5809  10453  4953  
5512  10194  8831  
10364  10478  6561  
5907  10190  5905  
6371  10850  8645  
774  10174  776  
10255  10479  8883  
5160  10428  4540  
9522  10234  9370  
5654  10090  9589  
735  10164  733  
8650  11204  1408  
9003  11119  9005  
7937  10495  7938  
10298  10472  8278  
6400  11729  6846  
8602  10873  1804  
425  10808  8388  
11450  11629  10350  
4925  10912  6346  
6830  11565  10140  
1862  10180  1811  
6903  10171  6986  
6634  10823  6125  
893  11789  11583  
4030  11590  10679  
4112  10169  5868  
2835  10432  2034  
6512  10205  7667  
8188  10898  7862  
7539  11274  7538  
5940  10598  6003  
8100  10655  7994  
5529  10699  4271  
831  11040  8567  
2694  10209  2611  
9773  10128  9536  
8678  11746  5203  
3842  10150  4813  
8026  10611  8029  
8768  10926  8766  
592  10183  1724  
7485  10819  3244  
10098  10179  7296  
8856  10674  8855  
8612  10656  8611  
5010  10252  9937  
6700  10177  5174  
7794  10909  7795  
1805  10481  1593  
7270  10691  6105  
3034  10601  1913  
9589  10090  6353  
4229  10576  5511  
2536  10697  8611  
6591  10352  9933  
7678  9872  520  
9536  10128  4951  
9948  10279  8843  
7744  11348  519  
6017  10266  10081  
6582  10478  5020  
5391  10240  9824  
7638  10691  7936  
807  10165  10100  
9090  11524  2938  
6  478  72  
2798  10184  2797  
9908  10368  4056  
8654  10641  5533  
7296  10179  7453  
10156  10244  9144  
6021  10181  6023  
799  10165  807  
2038  10187  2036  
967  10172  965  
6771  11081  6772  
6568  10208  3219  
7451  10466  5401  
5071  10579  8839  
10081  10266  5767  
7796  10545  900  
2624  10161  2626  
6506  10499  6114  
3716  10168  3937  
6554  10160  9815  
7038  10473  5929  
6631  11490  6632  
6081  10166  9260  
6857  10503  6299  
5624  10662  5761  
7190  10145  9783  
479  10778  7566  
5822  10429  4994  
6341  10201  5716  
10103  10309  4392  
6539  10228  6538  
4867  10136  9658  
9469  10395  6012  
737  10189  735  
7301  10408  5454  
344  10591  345  
5927  10473  6523  
2366  10470  2359  
5021  10200  9735  
6119  9945  7497  
4720  10196  4719  
574  10412  7764  
707  10448  711  
5795  10193  9740  
3514  10212  6500  
7375  11840  558  
2101  10050  2102  
8683  10363  10202  
5556  10147  9294  
9633  11184  7710  
5852  10143  5849  
9753  11817  11717  
7854  11052  1200  
2552  10522  2554  
8711  10410  10317  
1056  10572  1054  
6061  10214  6059  
9171  10696  6084  
3910  10469  3050  
4876  10215  4655  
3666  10050  2323  
560  9854  76  
450  10606  8622  
571  10217  177  
537  11429  8342  
6301  10503  6867  
2898  10469  3490  
1150  10508  3544  
9151  10410  10381  
6050  10475  6577  
1149  10508  1147  
8705  10681  548  
10866  11732  8408  
6158  10445  4839  
885  10371  884  
4018  10564  9111  
7605  11401  7604  
5932  10420  5226  
8735  10602  5552  
8135  10221  5025  
7631  10291  8571  
6447  10124  9914  
2072  10203  2074  
9232  10443  10168  
5377  10211  5380  
3167  10800  8242  
8495  10683  3072  
9365  10341  9188  
8354  10227  8355  
10355  10449  9278  
4236  10458  3598  
2145  10754  8557  
3070  10223  6863  
9896  10195  3665  
2363  10502  2367  
5270  10390  9881  
6783  10533  6785  
6482  10210  4452  
3566  10182  10013  
9675  11595  5889  
374  10606  450  
7994  10655  9820  
8989  10527  8987  
1941  10462  719  
2447  10521  2546  
10241  10306  2112  
556  10606  373  
6765  11137  6337  
2965  10424  2866  
6352  10207  7062  
7788  10241  7787  
678  10474  681  
1661  10467  675  
4672  10198  9622  
10248  10331  5924  
4183  10191  4186  
7448  10715  10642  
4995  10535  5823  
6068  10693  4816  
9149  10771  2839  
4234  10497  4236  
8755  10516  10338  
516  9856  7355  
10047  10265  3402  
5616  10218  5614  
6129  10762  7468  
5794  10670  7515  
5424  10550  5429  
185  10875  8019  
4123  10176  9305  
418  10546  93  
4242  10549  5223  
735  10189  10164  
8571  10291  9855  
717  10462  3580  
8365  10733  4216  
8218  10233  2180  
6337  10230  5063  
11060  11096  6673  
7268  11737  475  
9890  11749  4045  
6951  10219  6920  
3696  10752  7489  
7112  10512  7113  
8146  10409  9739  
4120  10237  10055  
8643  10185  6949  
520  9872  65  
1723  10513  703  
5019  10364  10273  
5893  10202  5895  
10228  10274  6538  
10539  11703  437  
7761  10831  6639  
8375  10236  8379  
5858  10170  9403  
8581  10771  8580  
4130  10244  10156  
6142  10010  3776  
559  10801  9028  
900  10545  895  
6339  10497  4495  
9347  10182  3566  
7317  11264  463  
6386  10652  8085  
7823  10197  7821  
9701  10542  1102  
4815  10693  7360  
10831  10852  6639  
6500  10212  10151  
1632  10560  1805  
8286  10231  5551  
5407  10245  8001  
10198  10509  7000  
2323  10050  2101  
3127  10595  3126  
4930  10222  10110  
5066  10526  9046  
9547  10335  5736  
8093  10500  8399  
10215  10322  5842  
7543  10938  7544  
8709  10847  7271  
6123  10848  7944  
7861  10850  7860  
6720  10146  5840  
5422  10594  5419  
10230  11068  4525  
2569  10249  8078  
6121  10783  6589  
1080  10702  1077  
922  10206  946  
1145  10558  1149  
2057  10267  10155  
8130  10802  6708  
6468  10529  7342  
7193  11145  9482  
6498  10122  10087  
1067  10475  10363  
8163  10761  2668  
2536  10577  2443  
9824  10240  8953  
4186  10570  4187  
10046  10125  6476  
8758  10728  8763  
5736  10335  9781  
2984  10844  8282  
10105  10257  6573  
7533  10923  7536  
8532  10506  8534  
5937  10490  5402  
9564  10188  5916  
1055  10540  9174  
4224  10741  2909  
6871  11191  7195  
8319  11066  7959  
9779  11579  9183  
7521  11683  7150  
8761  10728  8759  
11595  11764  5889  
5357  10220  4601  
9575  10477  3180  
1061  10226  1059  
9740  10193  3038  
4894  10303  10227  
590  10908  10183  
6478  10248  5877  
9840  10298  8279  
9517  10334  5740  
8071  10772  9943  
514  10906  7388  
4123  10273  10176  
4931  10222  4930  
3245  10229  2763  
2065  10199  9628  
4454  10310  8860  
8610  10757  8609  
2964  10802  10676  
4487  10563  4770  
8953  10240  8053  
6499  10346  10265  
6516  10310  10210  
4604  10531  6339  
4734  10274  10228  
10155  10267  5938  
8389  10294  426  
9441  10563  4870  
3410  10557  3419  
3334  10486  4869  
8376  11316  4014  
2907  10741  3241  
4734  10228  9162  
6642  10701  5096  
2505  10534  9431  
3941  10397  10391  
11213  11216  1708  
502  10875  184  
3954  11864  7133  
2237  10754  2131  
5073  10706  8673  
5061  10621  6590  
2910  10518  3072  
2501  10534  2505  
9325  11253  3735  
1053  10540  1055  
7926  11018  7925  
10055  10237  9176  
9855  10291  4973  
324  10242  325  
10090  10366  6353  
10475  10572  6577  
1317  10548  3579  
10385  10476  1617  
10221  10317  5025  
1855  10243  1852  
5463  11009  10856  
8970  11627  6795  
3475  10580  1141  
10104  10210  6482  
8010  10883  9555  
6501  10264  9993  
4113  10246  5017  
7802  10893  8288  
1447  10247  1445  
5967  10309  10103  
11509  11535  6636  
7773  10425  10245  
8669  10677  8670  
7954  10327  6638  
9039  10764  149  
6446  10460  7976  
5433  10261  5436  
10747  10777  8198  
8268  10658  10570  
6595  11454  11414  
9267  10235  3479  
126  10812  504  
10730  10888  2251  
8755  10338  10023  
2794  10256  2792  
9815  10160  5819  
6765  11155  11137  
1264  11717  11636  
5869  10410  8711  
9176  10237  5920  
7294  11523  4886  
11518  11590  6929  
9923  10353  6157  
2434  10761  8941  
2535  10747  8198  
2668  10761  2436  
6135  10268  6137  
9735  10200  9454  
7305  11344  7146  
9756  10195  9896  
7365  11589  1666  
4129  10259  10071  
6430  10303  7656  
472  10162  9  
512  10672  363  
6211  10884  6356  
2871  10254  1592  
2504  10649  2503  
1513  10796  1518  
9881  10390  6518  
3514  10272  10212  
7485  10780  6088  
3665  10195  4027  
73  566  7  
6182  10280  6180  
10423  10451  5339  
9213  10298  9840  
6672  11060  6673  
5677  10841  8051  
10442  11091  1699  
4412  10266  8891  
9884  10557  3408  
8566  10307  8568  
4225  10595  3764  
6538  10274  8990  
2710  10244  2376  
6111  10627  5675  
8659  10581  10432  
8193  11839  11756  
8971  10857  8972  
7647  10737  500  
1368  10284  1370  
5381  10262  7220  
9993  10264  3667  
6086  10780  6558  
9420  10486  3043  
5883  10277  6473  
6169  10617  6881  
7284  10596  7293  
6109  10822  6818  
10000  11330  6909  
5740  10334  9847  
8872  10510  10343  
470  11840  7375  
4899  10589  4208  
5244  10468  4261  
10203  10506  2118  
6739  11502  8103  
2066  10722  7595  
9751  10204  5872  
2367  10608  2365  
3572  10234  9522  
10128  10318  4951  
8985  10213  9286  
6456  10373  9588  
421  10398  10292  
3752  10255  3501  
10122  11742  8624  
6220  11039  6774  
421  10292  209  
10204  10308  5872  
6995  10253  6242  
3698  10589  3910  
967  10269  10172  
6407  10418  5865  
6584  10771  9149  
3038  10193  9797  
9937  10252  9083  
8960  10286  9133  
2373  10613  2528  
658  10612  1952  
5854  10271  6727  
6436  10648  5014  
508  11331  7213  
5968  10365  10199  
6236  11055  6248  
10331  10451  5924  
442  11141  7462  
10665  11687  8077  
5997  10628  9283  
4163  10571  4544  
8063  10367  6166  
2503  10649  9462  
9730  11762  2744  
10464  10541  5964  
6203  10982  10910  
11490  11518  6632  
9083  10252  8720  
7290  10596  7286  
6943  11096  10284  
5623  10883  8010  
10459  11601  6797  
4019  10297  4013  
6930  11795  7900  
2007  10769  2004  
6297  10669  6857  
6385  10306  10241  
2451  10278  2453  
9557  10571  4165  
5472  10629  4395  
6573  10257  7299  
10077  10239  4475  
8128  10846  8126  
6067  10586  4563  
7055  10901  5562  
9771  10198  4672  
2558  10663  2560  
4510  11567  7274  
4030  10679  3116  
8807  11835  6799  
3381  10258  9247  
9375  10250  10117  
1677  10281  1675  
6688  10259  7370  
10159  10258  3381  
9652  10239  6450  
7451  10547  10466  
7155  11750  3718  
3476  10250  9375  
6564  11850  7676  
6474  10299  4980  
6554  10322  10215  
903  11482  7304  
6508  11232  7675  
7751  10944  10870  
6149  10808  6148  
8268  10570  10068  
596  10714  598  
5013  10648  6127  
701  10630  1723  
4483  11870  7031  
8815  10615  4237  
6443  10372  7848  
969  10269  967  
6920  10219  10201  
7823  10302  10197  
6582  10535  10478  
6175  10949  6593  
6051  10405  10346  
6261  10542  9701  
5993  10444  10282  
3427  10287  4120  
3735  11292  9325  
549  10738  249  
250  10738  468  
3402  10265  3404  
8646  11355  6559  
513  10954  7121  
342  10743  343  
10065  10496  7891  
9181  10622  1106  
6128  10618  9650  
5842  10276  6669  
6087  10631  6662  
10001  11645  10979  
8291  10305  3193  
5587  10736  6154  
5958  10275  5391  
11086  11154  3704  
488  10791  8705  
2454  11123  7394  
9616  10482  1705  
5210  11832  7138  
5128  10274  4734  
4912  10645  6695  
1094  10251  9739  
5946  10301  8881  
6673  11096  6943  
3245  10338  10229  
6576  10734  7665  
5264  10295  5266  
1445  10290  1443  
5913  10315  5911  
6723  11430  7334  
548  10681  10510  
9356  10670  5794  
10258  11804  11171  
10391  10397  7512  
7043  10600  7041  
6635  11509  6636  
8071  10886  10772  
4124  10273  4123  
4161  10285  4158  
698  10661  696  
6396  10789  6991  
8760  10926  8761  
2441  10697  2536  
2168  10401  2224  
1574  10260  1555  
8931  11159  9721  
8667  10330  8666  
9419  10629  5472  
1321  10653  1860  
8096  11204  8097  
7488  11225  4766  
8692  10319  8693  
2992  11597  7855  
8483  10854  4844  
11802  11833  6782  
517  10356  123  
7563  10619  9277  
7227  10989  7229  
9805  10479  10255  
7130  10898  6251  
5823  10289  6264  
1688  10304  1679  
9554  10272  3514  
609  10685  913  
5025  10317  5015  
6098  10766  3478  
3579  10653  1319  
3951  10312  5150  
10247  10290  1445  
7485  10957  10819  
8871  10583  4973  
773  10695  771  
2201  10735  2200  
8532  10651  10506  
8881  10301  10180  
3332  10717  2437  
6933  11461  11085  
8512  10520  8511  
6563  10809  5136  
6996  10864  3804  
4130  10279  9262  
3455  10395  9703  
7756  10877  3144  
5662  10597  9271  
8860  10590  6602  
10170  10282  4474  
7751  10870  10097  
562  10626  84  
1343  10838  1345  
6742  10718  5411  
9805  10255  3752  
8564  10300  1786  
7480  10998  5064  
6303  10320  6305  
7948  11100  4965  
10071  10259  6688  
10302  10385  1616  
4045  10494  3670  
10505  11872  10504  
10583  10828  6145  
4804  10554  9060  
6648  10705  10622  
9667  10567  5680  
6235  11027  6236  
7213  11724  8285  
6101  10690  5065  
9760  10316  2860  
10703  11342  6042  
1895  10313  1856  
10017  11821  3226  
10352  10515  8597  
3479  10235  10167  
9008  10343  10113  
1032  10698  1034  
4993  10298  9213  
7156  11835  8807  
8276  10995  10916  
6107  11813  6108  
7827  10675  7837  
8744  11067  8742  
1221  10336  8101  
3219  10379  7867  
6337  11137  11084  
9340  10622  9075  
2039  10878  2041  
6540  11079  7023  
6838  10605  6241  
5831  10425  5800  
6467  10755  5076  
7835  10675  7826  
6934  11780  11613  
8598  11828  7842  
5872  10308  6370  
2991  10756  3070  
4033  10703  3482  
9393  10296  3543  
1412  10321  1395  
8775  10647  572  
6433  10657  6095  
5800  10425  6057  
6810  11187  10824  
9156  11112  8348  
10337  10359  6581  
3811  10707  5732  
9033  10902  820  
6450  10239  10077  
6768  10965  8665  
10716  11785  8903  
6191  11014  7205  
6559  11305  7102  
586  10747  2535  
4771  10732  5629  
2634  10881  3095  
1828  10362  8600  
6648  10622  9181  
7596  10333  7380  
1708  10323  1689  
365  10778  479  
10202  10363  5895  
8491  11349  7057  
10299  10350  6670  
7453  10333  7297  
9172  10352  8597  
6623  10793  4790  
85  10626  412  
6747  10198  9771  
9377  10664  5787  
7825  10302  7823  
3941  10391  8751  
6143  10871  10852  
6579  10556  6017  
6668  11007  10292  
7274  11591  4510  
385  10897  430  
6177  10332  6178  
6577  10700  6052  
7324  11601  504  
303  10872  541  
6553  10557  9884  
435  10343  9008  
424  10872  302  
7484  10927  914  
7137  10906  514  
2839  10708  2510  
7055  11434  10901  
1659  10759  613  
4827  10325  4794  
8269  10815  10795  
8511  10520  8513  
8817  10337  6035  
55  10414  56  
4012  10862  4007  
5999  10348  6000  
9878  10395  3455  
3072  10683  2912  
10554  10639  9060  
10893  11003  6173  
5591  10326  5593  
3656  11244  7376  
8129  11139  4320  
463  11474  7317  
993  10666  985  
9841  10426  2871  
8177  10862  8175  
3051  10896  3700  
7163  11468  7162  
1875  10748  1878  
5391  10275  10240  
1271  10324  9267  
8535  10948  8536  
10068  10570  4186  
164  11104  523  
9267  10324  10235  
9478  11802  6782  
2167  10401  2168  
9243  10658  6616  
4474  10282  9754  
4120  10287  10237  
6862  10345  5935  
11439  11477  6815  
6214  10322  4699  
8198  10823  2535  
7094  10625  7238  
2829  10885  2826  
3095  10896  2899  
10430  11481  2607  
2451  10360  10278  
10297  11498  8171  
3584  10911  3959  
8847  10657  5697  
7434  10309  5967  
8221  10782  1640  
6049  10346  6499  
9565  10666  993  
4523  10392  10124  
4929  10491  10057  
710  10329  714  
422  10438  9265  
10732  11721  8339  
10070  10482  5739  
7853  11052  7854  
4077  10454  9590  
4955  11559  8623  
2633  10339  2537  
5882  10749  5880  
4374  10948  9357  
136  11158  10415  
7009  11740  7544  
1897  10344  1895  
3879  11817  9753  
8330  11325  8331  
5851  10713  5850  
4555  10747  584  
4140  10347  3744  
6475  10357  6462  
6579  10641  10556  
9798  10704  524  
10253  10316  6242  
5428  10361  5431  
7964  11788  6753  
8122  10427  10354  
641  10765  643  
10590  10682  6602  
536  10969  8390  
6611  10451  10423  
9680  10350  5933  
6679  10964  7131  
6991  10375  6397  
9753  11717  1264  
9665  10310  6516  
8818  10897  384  
7289  11409  7946  
8705  10791  10681  
3569  11190  8004  
1271  10378  10324  
9796  10888  5559  
2947  10731  3244  
8029  11142  6321  
2701  10355  2703  
145  10784  43  
8792  10934  8791  
2325  10972  2621  
1895  10344  10313  
10840  10848  2196  
8385  10969  8384  
6463  10342  6875  
3948  10688  5064  
5888  10758  6019  
5875  11076  10272  
4898  10936  6711  
4951  10318  9497  
7441  10549  7443  
3084  10752  3696  
2973  10825  2972  
3572  11419  10234  
7334  11443  6723  
9376  10331  3303  
1441  10351  1439  
1822  10335  9547  
8369  10943  8367  
43  10784  8945  
4343  10358  4723  
8108  10440  8455  
1739  10388  8632  
9151  10484  4348  
7896  10664  9377  
8541  10936  4378  
5079  10807  6802  
7517  11321  3839  
9142  10881  2538  
10576  10632  6613  
3667  10264  3669  
6264  10349  5824  
2449  10360  2451  
5947  10433  10305  
9662  11825  486  
7332  10374  6762  
6767  11010  6768  
7476  10642  10044  
8292  11038  8293  
10422  11650  455  
4869  10688  3663  
4785  10583  6145  
5915  10380  8681  
6293  10797  6296  
8774  10364  8835  
7512  10447  7513  
8121  10427  8122  
8008  11017  1209  
4414  10341  9365  
8597  10515  4903  
6488  10956  7154  
1640  10782  10700  
4443  10836  10670  
10220  10532  6494  
5989  11732  10866  
6101  10804  8924  
1078  10352  9172  
6224  10609  10465  
6009  10382  8040  
6916  10786  10152  
8572  10383  2636  
10154  10745  462  
7154  11413  10929  
8932  11335  6719  
10721  11358  8829  
7982  10398  421  
6480  11236  8148  
10371  10673  7442  
4523  10466  10392  
1821  11043  8152  
8791  10384  419  
7152  10767  6487  
7147  10954  513  
10317  10410  5015  
1860  10744  1323  
1707  10369  1695  
6490  10763  10586  
7887  11133  7888  
317  10370  318  
7614  11200  713  
8276  10916  5132  
8883  10479  6848  
8743  10816  8744  
8555  10956  6204  
9878  10566  10395  
1300  10637  1252  
10369  11181  1693  
10351  10964  9258  
8103  11502  402  
10434  11610  9121  
6203  10910  10186  
9087  10491  7225  
6594  11367  6969  
9514  10334  9517  
8777  11270  493  
4320  11075  8008  
9397  11439  6815  
225  10978  7401  
2355  10377  2357  
446  11104  163  
4658  10843  6262  
681  10799  682  
2200  10840  2197  
6242  10316  9760  
5010  10457  10252  
10571  10794  8466  
8213  10726  6054  
8479  11370  8478  
9791  10314  3740  
7675  11161  1524  
6591  10515  10352  
505  11828  8598  
10208  10429  5822  
1616  10385  1613  
67  11191  4  
5030  10387  4590  
6747  10509  10198  
9881  10354  5293  
10720  10775  8681  
6981  11549  6980  
4496  10406  9959  
11343  11380  5087  
3853  10810  3487  
2561  10403  2559  
6194  10353  9923  
5895  10363  6048  
968  10973  3190  
9314  10359  3850  
5993  10559  10444  
7999  11029  6797  
1217  10400  1210  
5426  10394  5428  
8334  11076  4911  
10354  10427  5293  
1764  10772  1762  
8404  10404  8117  
6215  11002  7047  
8295  10419  4408  
3488  10810  4703  
6605  11299  6604  
6346  10739  10175  
6775  11446  8022  
6328  10966  4925  
10057  10491  9087  
7665  11606  5470  
10261  11040  6015  
7539  11595  9675  
4973  10583  3909  
1384  10785  1406  
10301  10396  4376  
8986  10401  10213  
5530  11107  7159  
7609  11283  15  
7630  11619  11572  
8100  10873  10655  
3258  10399  6066  
10195  10445  5995  
1562  10397  3941  
992  10973  966  
4057  10368  4781  
8470  10402  8468  
10425  10779  6057  
6017  10556  10266  
6654  11001  7557  
5428  10394  10361  
2469  10676  9845  
8651  10407  6793  
6070  10786  4256  
6353  10366  7319  
2839  10814  9149  
9714  11058  10814  
9252  10378  1271  
884  10371  892  
8320  10773  3174  
345  10904  346  
2964  10676  2471  
952  10680  2990  
8297  11054  8296  
10911  11486  7292  
9005  11030  550  
6680  11016  6679  
5826  10804  6101  
6602  10682  6603  
5855  10787  9883  
7674  11247  7675  
4032  10894  6156  
457  11158  38  
3594  10722  1914  
5268  10390  5270  
3278  10372  9568  
6267  10821  4707  
4723  10393  7125  
10434  11749  9890  
10365  10431  3553  
2255  10803  1964  
5948  11562  11208  
7023  11102  6541  
7069  10857  9167  
10003  10813  5897  
5759  10832  6497  
6925  11126  6926  
3834  10492  9826  
1717  10386  767  
10273  10364  8774  
6075  10646  10457  
4911  11076  11073  
6768  11010  10965  
5870  10381  5869  
8510  11036  8509  
4988  10844  2984  
539  10990  300  
301  10990  424  
8559  11373  6394  
2951  10819  9404  
10044  10642  3545  
1822  10417  10335  
10843  11375  6592  
8148  11236  7943  
4660  10860  6656  
8736  11046  490  
409  10801  116  
5833  11198  9617  
10347  11059  4139  
67  11761  7195  
4258  11083  8730  
10199  10365  9628  
2113  11004  7717  
5339  10451  9224  
6224  10465  9940  
920  10721  8829  
8531  10651  8532  
10479  10543  6848  
9628  10365  3553  
10553  10856  6597  
9579  10703  6042  
662  10842  3540  
6501  10553  9794  
5071  10671  10579  
9221  10820  3332  
3303  10331  10248  
5088  10865  6292  
8536  11038  3239  
3878  10961  4874  
7717  11023  6256  
865  10935  864  
5019  10478  10364  
8646  11413  11355  
2542  10814  2839  
7511  10391  7512  
5821  10950  6634  
10183  10908  6634  
8003  11135  8004  
9940  10465  6400  
9588  10373  7065  
5976  11000  5977  
10358  10393  4723  
8867  10456  8858  
1640  10700  10157  
10526  10636  8362  
8572  11111  10383  
9909  10942  7279  
8647  10985  6235  
9872  10719  444  
6158  10599  10445  
8847  10826  10657  
9313  10389  9311  
3244  10819  2949  
8440  10569  8627  
6603  10768  7615  
5312  10817  6524  
6645  11262  7873  
6714  11068  10230  
9055  10930  239  
504  10459  127  
7114  11771  3597  
7764  10412  6735  
6010  10841  5677  
11027  11055  6236  
8197  10823  8198  
211  11007  488  
8166  11598  8894  
5015  10410  9151  
4993  10472  10298  
10472  10694  6122  
8446  11131  8447  
7630  11572  7629  
7469  11233  7470  
572  10416  358  
9637  10406  4496  
6848  10543  7311  
6595  11414  10149  
5454  10408  4828  
2990  10721  944  
6337  11084  10230  
9637  10579  10406  
9820  10492  3834  
1916  10722  2066  
4376  10396  9246  
5226  10420  6058  
7328  10832  5758  
4901  10960  5564  
4759  10870  4760  
10223  11813  6107  
10227  10303  6430  
2574  11177  8778  
1952  10842  660  
7215  10745  10154  
653  10411  656  
8167  11598  8166  
2196  10915  2193  
8153  11090  1842  
8923  11018  2578  
10120  10945  1040  
9336  10993  6903  
1  11420  53  
1414  10447  10397  
4261  10468  5021  
10633  10826  4560  
7456  11784  10713  
9721  10711  9609  
7660  11165  41  
7035  11615  6754  
7364  11348  7309  
5492  11025  6203  
7671  11263  7670  
2142  11043  1890  
9126  10353  6194  
440  11595  7539  
7496  11401  7664  
8734  10849  543  
10037  10684  9476  
6932  11483  11461  
8534  10506  10203  
5197  10827  9621  
8739  11126  420  
6045  10867  4657  
552  10978  224  
1518  10999  7299  
9170  10901  4809  
2625  10430  2610  
9514  10413  10334  
1294  10436  1295  
1968  10887  2295  
6628  11580  10776  
7710  11311  9633  
2034  10432  2032  
8617  10461  8616  
5697  10657  9970  
10266  10556  8891  
9943  10772  1764  
6359  11105  7089  
6553  10659  10557  
10658  10795  6616  
137  10415  565  
10633  11012  9969  
874  10537  10485  
7092  11238  11114  
5292  10441  5296  
6996  11519  10895  
2535  10908  588  
11208  11562  7463  
10023  10338  3245  
4994  10429  4996  
9959  10406  8897  
10213  10401  2167  
1098  10409  9701  
7951  11764  7950  
6568  10429  10208  
6032  10585  10566  
10441  10452  5296  
4540  10428  5153  
178  11441  50  
8995  11712  6791  
1413  10446  1531  
4362  10541  9063  
7622  11356  530  
1767  10886  1783  
1581  11090  8877  
5296  10452  6025  
8270  11086  8271  
6942  10892  6183  
2383  10421  2998  
6254  11048  6255  
10587  11152  8619  
8806  11808  2114  
3741  10553  6501  
11738  11757  5011  
4414  10552  10341  
1717  11505  11471  
10661  11019  6489  
8972  11037  6342  
2866  10424  2908  
6956  10437  5651  
9703  10395  9469  
7433  10601  7071  
895  10545  6093  
189  10422  190  
9279  10417  1822  
10181  10631  6023  
5406  10463  4803  
6143  10852  4616  
874  10485  877  
6650  10455  4119  
6651  10423  5339  
8503  11127  8502  
6185  10892  6955  
7586  10668  3129  
1200  11110  7854  
9196  11052  7110  
6679  11016  10964  
7114  11105  6361  
10183  10950  1724  
403  11502  499  
7418  10443  9232  
5080  10340  10030  
8687  10443  7040  
173  11331  174  
10236  11633  8409  
976  11072  989  
6186  10919  7057  
6581  10437  6897  
1705  10442  1701  
9756  10445  10195  
6642  10707  10701  
5873  10519  8607  
9862  10418  4775  
3128  10779  7773  
7490  10919  6188  
1842  11090  1602  
9060  10639  4018  
1563  10947  3299  
4031  10982  6672  
7714  11161  8312  
2505  10413  9514  
4387  10967  617  
10272  11076  8334  
702  11175  1628  
10260  10644  7357  
7882  11092  7881  
3141  11125  1418  
8678  11237  8416  
6798  11703  10539  
981  10868  979  
10586  10858  6490  
8293  11131  1228  
10305  10433  8213  
2913  11226  8728  
1572  10450  1530  
7920  11497  7919  
9498  10868  981  
7854  11135  6413  
9944  10618  6170  
7706  11858  5183  
477  11022  247  
10363  10475  6048  
248  11022  549  
6181  10920  6942  
8728  11147  2913  
6505  10933  5336  
6483  10889  7352  
9331  10866  3999  
117  10801  559  
10157  10700  6577  
4766  11225  3970  
8343  11624  465  
917  10905  725  
5538  10989  7227  
6502  11751  8312  
5293  10427  9417  
6006  10471  6004  
5256  10433  5031  
10124  10392  9914  
8388  11228  8387  
8349  11112  8353  
9865  10678  9371  
10636  10690  8365  
9807  10947  1626  
468  11579  9779  
6091  11195  6357  
779  10941  777  
3544  10435  9954  
372  11020  556  
5240  11335  8932  
4228  10632  4229  
5258  10931  4897  
6492  11089  6493  
9693  10457  5010  
2625  10551  10430  
7061  11138  6392  
10453  11674  4953  
8433  10514  8436  
6441  10895  5094  
3771  10958  3417  
9967  11626  2109  
7537  11274  7534  
1911  10601  7433  
461  10376  10375  
10208  10379  3219  
8791  11681  10384  
4103  10955  9123  
7435  11851  11581  
713  11200  706  
5957  10453  5809  
3598  10458  4929  
9883  10787  7581  
7525  11715  7731  
719  10462  717  
8505  11113  8507  
6431  10488  6432  
7019  11872  10505  
8710  11223  8482  
4911  11073  9814  
7394  11849  2454  
705  10448  707  
7642  10573  4813  
3418  10405  9884  
5629  10991  5630  
4327  11374  9297  
10030  10340  6465  
10801  10980  9028  
2579  11182  6090  
4971  10988  4635  
5924  10451  6611  
278  11815  7490  
3553  10431  9635  
1042  10945  3662  
4697  10953  6505  
6147  10900  6668  
8670  10677  10431  
6717  10946  5558  
1440  10487  1442  
3905  11157  4631  
615  10967  1659  
1420  11125  1921  
4320  11139  11075  
5438  11097  7165  
7527  10528  3034  
6063  11053  5230  
172  11132  173  
9951  11087  8956  
7203  11166  6244  
2359  10470  2361  
6240  10806  4732  
8415  11487  8413  
7041  10600  7042  
1941  11661  7689  
2054  11250  715  
9310  10975  5662  
875  10890  3567  
8123  10493  8121  
7335  11763  5775  
708  11242  713  
5361  10501  3532  
891  10880  883  
8927  11170  458  
7012  11654  9303  
6926  10750  10484  
675  10467  676  
3050  10469  2898  
415  10845  9242  
7121  11834  7205  
7218  10684  10037  
541  10507  8419  
9672  10720  2236  
10143  10567  3974  
5929  10473  5927  
6094  10633  9969  
8227  10813  10003  
11548  11662  5648  
7401  10978  7402  
10318  10489  9497  
4176  10830  10724  
9914  10392  5980  
1572  10481  10450  
10245  10425  5831  
10679  11590  6894  
86  11607  8028  
6685  10516  6684  
1340  11106  1343  
5553  10480  9124  
1006  10483  748  
1593  10481  1572  
4386  11004  1536  
7724  11501  7722  
4051  11026  4050  
7452  11070  4291  
676  10474  678  
9845  10676  8131  
9147  10464  9252  
3966  10739  9274  
9278  10449  5972  
7918  11620  1809  
2192  11024  2189  
7494  11320  7517  
9354  11414  3331  
6559  11355  11305  
6736  11784  7501  
7033  10989  9205  
6408  10903  6407  
6590  10621  10399  
1538  11004  2113  
9252  10464  10378  
980  11178  6550  
5401  10466  4523  
10516  10544  6684  
7159  11711  7158  
6351  11006  5580  
8447  11223  3225  
2408  10939  2572  
858  10959  859  
7045  10734  7044  
7549  11367  7547  
7077  10545  7796  
9690  11738  5011  
7588  10665  7589  
15  11283  90  
4203  11421  9692  
1688  11262  10304  
1015  10987  1018  
3416  10963  3771  
11477  11504  6816  
6299  10503  6301  
2919  10924  2404  
532  11770  7983  
7009  10974  4212  
9590  10454  6067  
6100  10971  6096  
6025  11304  5297  
7688  10951  6014  
644  11129  642  
6782  11833  6783  
5553  10530  10480  
6048  10475  6050  
6815  11477  6816  
6752  11494  7411  
5224  10824  9524  
6544  11337  6545  
1809  11239  928  
869  10537  874  
1708  11216  10323  
8767  11093  8768  
6537  10484  10381  
10389  10468  9312  
8804  11310  7079  
2225  10730  2251  
6923  11308  6526  
7376  11253  6551  
9954  10435  8913  
6114  10499  6112  
10467  10474  676  
1913  10601  1911  
7924  11140  7926  
917  11207  7694  
11234  11575  5457  
8932  11376  5527  
3597  10980  579  
6469  10426  9841  
10343  10510  5959  
8648  10530  5553  
4443  10670  9817  
6950  10753  6036  
3719  11068  3370  
9297  11374  6641  
5020  10478  5019  
9985  10977  6260  
5933  10350  10299  
9754  10444  5856  
8004  11219  6514  
10386  11516  764  
4077  10985  10454  
5402  10490  6967  
5582  11006  6617  
8530  11469  6831  
6069  10517  8573  
7831  10476  10385  
4495  10497  4234  
9625  11089  6492  
1278  10498  1315  
2361  10502  2363  
6377  11668  6909  
7832  10476  7831  
9748  10687  7347  
4409  10987  1013  
932  11221  936  
3043  10486  3334  
4918  11581  10760  
8943  11760  5803  
10033  11009  5463  
3968  11265  3375  
10152  10786  6070  
8222  11381  6118  
11461  11483  5075  
3847  10724  4228  
10994  11327  7495  
10641  10727  5533  
5559  11201  4726  
3542  11013  9196  
4713  10932  7452  
6196  11050  6116  
8500  11213  8503  
6199  11252  7309  
7493  11327  11149  
10346  10405  3418  
9200  10472  4993  
6590  10515  6591  
5541  10516  8755  
5678  10477  9575  
3567  10935  871  
666  11035  670  
2831  11267  3194  
2734  11711  8210  
1147  10508  1150  
10470  10502  2361  
5463  10689  10033  
7621  10439  474  
5541  10544  10516  
8021  10587  8023  
4690  11347  8273  
3552  10839  9386  
6547  10719  7678  
9497  10489  993  
6562  11095  9120  
989  11178  978  
418  11385  7406  
6794  10524  6796  
1200  11013  1194  
3283  11265  3284  
488  10900  10791  
9031  11141  258  
1527  10536  5981  
6929  11768  6930  
5974  10511  5678  
3145  10555  7720  
6779  11115  5120  
5988  11065  5989  
7455  10434  9966  
6947  11310  6629  
705  10513  10448  
7363  11541  9022  
5739  10482  9616  
5346  11499  7053  
6808  10543  10479  
522  11143  9055  
10865  11380  6853  
4211  10974  4928  
10424  10518  2908  
3734  11267  2862  
259  11141  442  
10097  10870  4759  
5865  10418  9862  
3298  11230  8964  
6550  11369  7766  
6494  10532  5242  
7042  10496  7017  
114  11444  115  
6726  10918  9585  
6507  11041  4792  
10588  11475  6598  
50  11441  179  
5462  10689  5463  
7773  10779  10425  
10439  11293  474  
7561  10805  7181  
2445  10521  2447  
9417  10493  5294  
6831  11469  11456  
914  10927  916  
8205  11168  10648  
1697  11091  1707  
7007  11251  4222  
10282  10444  9754  
10499  10538  6112  
93  10546  17  
1191  11013  3542  
703  10513  705  
4562  11099  4908  
1804  10981  8602  
1067  10572  10475  
6918  11822  9660  
913  10505  9546  
2588  11249  2521  
6897  10743  6950  
5421  10550  5424  
6866  11552  5350  
7047  10947  9807  
8124  10623  8123  
9111  10564  6098  
10427  10493  9417  
5959  10510  9302  
3540  11035  664  
11091  11113  1707  
7874  11216  7875  
2908  10518  2910  
281  11271  8752  
3664  11225  3925  
6844  11051  6212  
6714  11084  5159  
5552  10929  8646  
2554  10522  2762  
7567  10882  8876  
10621  10701  6066  
5228  10531  4604  
336  10539  337  
6642  10751  10707  
8667  10887  10803  
6975  10640  6976  
6566  11281  4758  
6510  11318  2568  
6150  10851  6431  
6152  10777  10604  
6561  10535  4995  
8231  11045  6145  
1989  11300  7611  
8681  10775  4864  
9279  10526  10417  
4839  10445  9756  
6758  11489  8350  
3670  10494  4602  
6751  11626  9967  
7346  10529  6468  
6112  10538  6111  
6026  10554  7430  
8327  11333  3197  
535  10792  8391  
538  10565  8383  
7652  11781  8206  
3962  11483  5440  
10466  10547  5983  
5678  10511  10477  
6481  11094  5576  
6255  11116  9139  
4682  10955  4101  
2020  11134  2132  
3058  11317  8370  
7134  11617  9470  
8377  11316  8374  
6785  10533  7002  
1728  11056  583  
3835  11067  4225  
438  11271  280  
5964  10541  6491  
8043  10574  8080  
713  11240  7614  
6634  10950  10183  
3222  11532  7763  
2865  10551  2625  
10411  10612  656  
7957  11535  3016  
5531  11254  2822  
5064  10998  4559  
6665  11099  5211  
6767  11071  11010  
6131  10575  7487  
2503  10534  2501  
82  11840  470  
10506  10651  9842  
9046  10526  9279  
6740  11812  11517  
8891  10556  3565  
9546  10504  3510  
1076  10602  8735  
9253  11080  973  
3850  10359  10337  
2118  10506  9842  
8776  10647  8775  
1331  11396  5521  
7229  11755  454  
8510  11091  10442  
5839  11109  4736  
8195  11752  8194  
4302  10561  6675  
7389  10640  7457  
3559  10540  1053  
3430  11583  7194  
8987  10527  8986  
6684  10544  6745  
7703  10598  482  
9447  10968  6703  
1315  10548  1317  
7664  11643  7496  
7266  11121  7267  
7611  11296  6699  
7840  11199  7839  
6808  10479  9805  
10310  10590  8860  
1102  10542  9181  
438  11268  7241  
6014  10951  4640  
442  11562  9024  
3558  10910  9523  
7557  10945  10120  
5578  11094  6351  
4081  10937  6099  
9383  10544  5541  
9683  11757  11754  
7574  11741  4845  
4237  10615  7636  
10498  10548  1315  
6072  11196  6750  
6898  10552  4414  
2557  10578  2555  
10478  10535  6561  
8386  11122  8385  
307  11314  535  
10814  11058  9149  
466  11314  306  
4654  10952  3853  
8074  11564  5862  
6959  10543  6808  
3070  11813  10223  
8911  11811  8910  
2111  11078  2837  
7966  11794  5024  
6879  11467  6627  
6536  11101  6925  
4627  11107  5530  
5367  10562  2875  
1143  10558  1145  
8008  11075  11017  
2913  11147  2599  
1792  10560  1632  
10894  10916  6156  
7570  11878  6120  
1878  10798  1879  
8298  11669  2009  
4176  10724  3847  
6600  10635  9562  
10196  10652  6386  
8728  11226  8727  
5108  10994  6083  
6346  10912  10739  
5175  11208  6765  
6490  10858  5143  
8063  11596  11411  
973  11080  971  
9640  11157  3767  
1691  11181  1708  
6496  10581  8659  
3594  11057  10722  
1054  10572  1067  
7221  11286  5383  
4870  10563  4487  
10588  10607  6200  
9826  10492  6448  
7394  11123  6395  
2445  10577  10521  
581  11056  3597  
7200  11471  7198  
7868  10598  5940  
8411  11393  7723  
9303  11727  7012  
522  11218  11143  
2045  11350  2019  
3569  11110  1198  
6664  11433  6354  
6417  10895  9489  
9827  10519  5873  
8006  11678  8005  
10676  10802  8131  
2220  11407  2302  
5802  11284  5803  
8121  10493  10427  
9834  11059  7362  
6011  10899  5102  
94  11203  561  
7930  10582  7932  
6134  11162  9385  
724  11341  726  
3408  10557  3410  
9665  10590  10310  
9175  11155  5587  
7119  11382  5633  
8598  10922  505  
10682  10768  6603  
1812  11167  1813  
7764  11521  574  
7836  11481  10430  
8871  10828  10583  
4008  11633  10236  
408  11420  1  
2165  11565  2162  
1076  10702  10602  
5511  10576  6443  
3305  10624  8225  
3734  11837  11267  
6799  11835  8684  
10556  10641  3565  
10985  11027  6235  
7199  11496  7200  
8673  10706  10564  
11111  11288  6085  
6652  11419  6184  
7847  11558  4303  
5421  10594  10550  
8989  10888  10730  
6093  10921  7586  
6136  11162  6134  
6365  11771  6363  
7602  10812  33  
7589  10650  531  
11505  11526  6879  
8567  11040  10261  
6422  11600  6421  
1196  11110  1200  
10381  10484  9151  
594  11148  596  
10950  11082  1724  
5463  10856  4919  
5732  10751  6239  
10887  10965  2295  
2443  10577  2445  
3560  11071  8733  
463  11264  370  
8947  10581  8633  
8230  11658  3141  
2190  10977  9985  
10455  10755  6467  
9532  10976  9762  
6662  11120  6089  
5116  10995  8276  
4547  11542  3866  
204  11810  486  
5006  10770  6142  
2188  11130  2186  
6560  11183  5572  
6523  10565  9430  
6026  10639  10554  
3305  10634  10624  
6626  11505  6879  
8969  10837  9676  
10330  10803  2255  
5419  10594  5421  
8602  10981  9527  
3628  10592  3626  
4165  10571  4163  
7435  11581  4918  
5024  11794  4411  
4187  10570  4190  
7175  11702  6126  
8481  11370  8480  
151  10922  569  
4940  11122  9394  
7616  11634  2005  
6269  11187  6787  
2158  11543  2322  
10493  10623  5294  
6510  11361  10827  
8494  11679  8492  
6838  11650  10422  
5484  11773  6014  
8409  10866  8408  
6585  10559  5993  
7131  10964  10351  
6496  10692  10581  
447  10591  344  
149  10764  45  
9686  11167  1812  
2826  11486  2594  
10397  10447  7512  
6816  11504  7096  
1141  10580  1143  
6200  10607  9036  
10807  10821  6802  
6024  11523  8059  
8545  11462  8414  
1143  10580  10558  
8991  10588  6200  
2223  11688  1704  
786  11173  784  
6020  10603  6018  
7059  11779  6731  
6778  11457  11227  
8460  11644  8461  
3824  11603  3052  
6012  10585  5130  
5011  11757  9683  
8391  10792  8392  
5233  11570  4754  
5547  11794  8969  
1792  10597  10560  
6443  10568  10372  
1380  11164  4396  
1607  11275  1631  
1313  11532  3222  
6988  11174  6586  
6545  10719  6547  
8142  10614  8141  
8193  11756  8192  
7833  11398  7836  
5574  11183  6481  
9526  11041  6345  
1908  11427  722  
4563  10586  6045  
4208  10589  3698  
8493  11657  837  
2066  10519  9827  
6650  10807  10755  
6852  11773  5486  
8094  10620  8089  
6426  11635  6428  
3753  11184  9633  
5184  11197  5185  
1216  11190  1203  
7029  11691  4621  
9546  10505  10504  
1617  11215  1611  
3764  10595  3127  
373  10606  374  
10968  11017  6703  
8126  10742  8124  
9568  10568  5599  
7286  10596  7284  
3974  10567  9667  
10783  10840  2200  
5521  11404  8442  
9463  11206  5908  
3919  11464  4834  
5208  11584  11326  
5908  11206  5910  
4568  11234  4591  
903  11210  589  
4813  10573  9490  
9132  11345  1575  
8123  10623  10493  
6403  11685  6402  
8503  11181  10369  
6016  11594  7909  
3293  10616  3291  
1673  11613  2424  
7446  11381  7744  
1383  11532  1314  
7500  10776  7175  
7686  11773  6852  
11071  11209  8733  
11768  11795  6930  
10694  10773  6122  
10175  10739  3966  
6993  11342  10703  
5983  10547  9916  
6886  11807  11203  
6409  11150  6263  
9930  11775  5544  
8461  11639  1641  
84  10626  85  
7610  10709  502  
4501  11368  5737  
1360  11260  1359  
6502  11232  4991  
6531  11021  10654  
9271  10597  1792  
2365  10608  2369  
10856  11009  6597  
4886  11523  4887  
7334  11430  5249  
10581  10692  8633  
6774  11283  7609  
6227  11584  5207  
6745  11270  6682  
8959  11394  8285  
1571  11248  931  
927  11277  2458  
6598  11456  4083  
8305  11466  8306  
6728  11599  7012  
1622  11164  1398  
10080  10509  6747  
8797  11690  8796  
8204  10634  3305  
1428  10638  1430  
8974  11587  5097  
8028  10611  8026  
2369  10613  2373  
618  11345  6046  
6952  10610  6010  
6225  10609  6224  
8800  11059  10347  
4766  11336  7488  
10415  11158  7466  
585  11163  1728  
1201  11190  3569  
2929  11180  3704  
5152  11266  6766  
2016  11455  2015  
6431  10851  10799  
4746  11733  4747  
5695  11430  7117  
8362  10636  8360  
9585  10604  4555  
2012  11470  2011  
4526  10682  10590  
6170  10617  6169  
6097  10818  9738  
7263  11357  7265  
7158  11711  8686  
656  10612  658  
202  11571  203  
1707  11127  10369  
11033  11062  6712  
3565  10641  8654  
6681  11270  8777  
6241  10605  6240  
9324  11253  9325  
3890  11418  3059  
505  10922  150  
1782  11859  1768  
9675  11453  7539  
5256  10726  10433  
10457  10646  6549  
6976  11782  10593  
5314  11214  7061  
5214  11324  4735  
8613  10656  8612  
6519  10628  5997  
10433  10726  8213  
727  11207  917  
1839  11865  1838  
5675  10627  6829  
9762  10976  7113  
1881  11861  9026  
4395  10629  5697  
1882  11861  1881  
1096  11534  1093  
6036  10753  6034  
4985  11448  5557  
142  11165  439  
4306  10553  3741  
9789  10806  6110  
4526  10590  9665  
10115  10992  71  
9423  11064  5755  
10445  10599  5995  
10608  10613  2369  
4990  11232  6508  
4731  11735  9062  
6178  10659  6553  
2070  11285  9118  
6389  11240  6705  
3735  11244  2681  
9107  11636  6696  
428  11652  331  
6613  10632  9171  
6713  11033  6712  
1106  10622  9340  
10670  10836  7515  
8899  11124  8900  
6023  10631  6087  
6776  11601  7324  
9135  10621  5061  
1873  11820  1872  
6095  10633  6094  
8839  10579  9637  
4037  11567  4510  
2683  11244  3656  
5570  11290  6560  
7274  11538  6761  
8673  10639  6026  
10488  10799  681  
9899  10913  10871  
7614  11240  6391  
7885  11380  11343  
3909  10583  4785  
9098  11488  1502  
7267  10647  7259  
466  11465  7417  
10017  11745  6817  
11550  11603  6860  
10510  10681  9302  
9277  10619  7540  
11578  11592  9533  
699  10630  701  
10149  11414  9354  
6  10992  478  
10001  10979  6382  
524  11701  7971  
1766  11818  3227  
1883  11346  1884  
5730  10566  9878  
6676  11349  8491  
382  11723  487  
5795  11192  10193  
738  11378  739  
1575  11345  616  
1990  11285  2070  
8945  10784  6980  
6007  10645  4912  
10585  10654  5130  
9022  11541  264  
10674  10710  8754  
6928  11628  10914  
5014  10648  5013  
6145  11045  5853  
6356  10662  5624  
277  11815  278  
8703  10729  7755  
6755  11136  7488  
8674  11842  8675  
542  11319  8491  
6443  10576  10568  
6549  10646  5104  
5177  11269  6624  
9925  11678  8006  
7160  11655  5836  
9825  11119  5793  
10570  10658  4190  
574  11521  242  
8675  11663  8434  
11085  11461  6604  
265  11541  434  
9045  11218  522  
2687  11292  2677  
6102  11222  4661  
8667  10803  10330  
243  11521  509  
5294  10623  9422  
5021  10468  10389  
1986  11300  1989  
10186  10910  3558  
1879  10798  1883  
574  10930  10412  
2508  10649  2504  
1258  11510  10073  
6675  10891  6676  
354  11737  8919  
739  11472  741  
5106  11128  9223  
2679  11292  3735  
9075  10705  5309  
7974  11593  7781  
5995  10599  6011  
11396  11404  5521  
9510  11272  4387  
6150  10894  10851  
6992  11736  5953  
1026  11848  1586  
10431  10677  9635  
2938  11524  9348  
9660  11822  8283  
1319  10653  1321  
6609  11307  5722  
2458  11353  925  
8538  11436  8539  
4197  11710  9813  
3858  11360  3859  
363  10672  364  
6889  11775  9930  
6916  11417  11246  
1252  10637  1002  
4560  11012  10633  
11172  11682  5131  
10372  10568  9568  
11306  11612  7459  
475  11737  353  
10626  11142  412  
92  11385  418  
6296  10669  6297  
8633  10692  4288  
6744  11511  7294  
9562  10635  9020  
8051  10841  6805  
1406  11117  9651  
5130  10654  6595  
10380  10720  8681  
1666  11589  1668  
7005  11426  5634  
9371  11720  6722  
7317  11474  6658  
6343  11359  5701  
5241  11338  6486  
341  11730  342  
2102  11103  1907  
6670  11424  4981  
6071  10671  6070  
10412  10930  9055  
6575  11567  4778  
2242  11741  2142  
5356  11537  6894  
6667  11360  4709  
6823  10686  6825  
4610  11868  4648  
6452  11300  1985  
6344  11399  6406  
5183  11858  10523  
8256  11012  4560  
3116  10679  6038  
6961  11416  6419  
1264  11510  1260  
10860  10891  6675  
696  10661  699  
411  11388  7704  
5309  10725  6618  
45  10764  505  
3824  11629  11450  
454  11755  227  
228  11755  555  
2236  10720  10380  
699  10661  10630  
2560  10663  2693  
610  11583  3430  
8855  10674  8754  
5812  11528  5788  
4831  11874  4681  
6723  11443  4797  
5212  11693  6522  
3973  11786  5234  
6105  10691  7638  
4253  10826  8847  
3200  11366  7922  
9242  10643  558  
10304  11262  6645  
7572  11875  8153  
9606  11128  5106  
4190  10658  9243  
6854  11380  7885  
10979  11645  5440  
6084  10696  8840  
6948  11485  6607  
2935  11838  1664  
6246  11442  5973  
792  11415  790  
3545  10642  9648  
11754  11765  5238  
4816  10693  4815  
11325  11513  7975  
9662  11243  6471  
10874  10980  3597  
3803  11482  593  
985  10666  1390  
359  11533  52  
1018  11667  1020  
9904  11186  6542  
6759  11591  7274  
7275  11876  6769  
10454  10985  8647  
11786  11869  5234  
8466  10794  8464  
6316  11875  5864  
10705  10725  5309  
104  11798  105  
5787  10664  6764  
4019  11498  10297  
2958  11383  753  
4271  10699  9143  
6718  10932  4713  
8128  10968  10846  
6831  11475  5302  
4114  11559  4955  
7769  11346  8168  
6749  10723  8047  
749  11379  759  
9650  10618  9944  
4040  11168  8205  
10442  11036  8510  
8461  11674  10453  
7826  10675  7827  
10230  11084  6714  
558  11840  11  
11153  11440  6708  
52  11533  360  
6644  11751  5394  
5235  11343  4214  
7289  11648  7288  
6083  11229  6082  
6657  10775  10720  
8796  11690  9942  
7151  10652  10196  
6578  10962  6158  
759  11459  1007  
566  11405  7034  
11171  11804  6428  
1077  10702  1076  
7037  11132  7035  
2912  10683  2945  
9265  10925  560  
3883  11443  5032  
1901  11346  7769  
5749  11665  6601  
7024  11358  10721  
9302  10681  6073  
7876  11256  3152  
6108  11813  7570  
10399  10621  6066  
5065  10690  5066  
10369  11127  8503  
5725  11522  6525  
5210  11677  4482  
8754  10710  1642  
5807  11835  7156  
533  11101  8343  
1717  11471  10386  
611  10685  609  
6795  11627  6792  
766  11431  760  
9899  10871  6143  
3338  10698  1032  
2439  10697  2441  
6695  11494  4913  
6512  11205  10205  
9317  11422  4144  
1002  10680  952  
7333  11116  509  
2114  11808  1022  
9345  11108  4386  
10122  11476  5832  
9303  11654  597  
1827  11103  3671  
7396  11849  7394  
2224  10730  2225  
4216  10733  8321  
7413  11682  9132  
6656  10860  10561  
6618  11520  5308  
6646  10705  6648  
9714  10814  2638  
5374  10740  6582  
9476  10684  2204  
4915  11494  6752  
7845  10876  8143  
8627  11728  4729  
8124  10742  10623  
1739  11050  10388  
10207  10667  7062  
9790  11877  411  
7684  10763  7719  
9193  11515  4998  
2005  11634  2006  
6565  10836  9939  
783  10695  773  
5919  11875  7572  
4372  11425  5214  
3999  11633  4000  
7834  11188  7829  
9390  11389  6899  
501  11330  68  
6963  11716  11069  
9635  10677  2255  
10458  10491  4929  
2009  11669  2010  
9571  11548  5648  
893  11583  608  
5908  11856  9463  
755  11428  2958  
9135  10701  10621  
2605  11481  3547  
6497  10692  6496  
1266  11695  1265  
6638  11803  6637  
10000  11668  433  
5906  11856  5908  
2528  11257  9444  
9817  10670  9356  
5242  11400  6532  
3663  10688  3948  
2508  10708  10649  
2471  10676  2469  
9544  11258  5224  
7355  11293  9654  
4171  11149  5107  
9533  11592  6651  
7200  11516  10386  
10669  11597  2992  
4009  11680  4014  
2003  10716  8903  
9045  11298  11218  
9156  11489  4173  
6066  10707  3811  
7265  11495  10088  
5761  11769  7351  
6718  11098  10932  
9671  10682  4526  
10220  11490  10532  
6052  10700  6177  
6407  10903  10528  
5096  10701  9135  
5307  11449  6883  
6530  11479  6936  
6719  11377  8932  
9842  10651  6467  
2518  10711  10687  
6856  11762  9730  
7150  11683  7148  
4845  11741  2923  
8113  11385  16  
6897  11630  10743  
6712  11062  6714  
2518  10687  9748  
6791  11712  6140  
5680  11493  4811  
4011  11722  5155  
1372  11692  1374  
630  11763  1726  
6630  11539  6830  
8006  11779  11695  
8177  11392  6692  
11480  11588  3461  
10637  10680  1002  
598  10714  950  
771  11526  769  
591  11482  903  
5506  11618  5507  
8126  10846  10742  
6864  11596  8063  
3482  10703  9579  
10171  11723  6986  
6013  11435  9460  
10086  11207  729  
2003  10769  10716  
2439  10717  10697  
6533  10997  2864  
6489  11019  6041  
11765  11774  9674  
6569  10706  5073  
4999  11839  6225  
1096  11846  7145  
2510  10708  2508  
762  11516  766  
9970  10657  6433  
10388  11050  6196  
9813  11710  6872  
10710  10774  1642  
6669  11725  5260  
7164  10712  5374  
8211  10694  9200  
8158  10800  3167  
10794  10853  8464  
7739  11726  5622  
8063  11411  10367  
10672  10778  364  
5172  11453  4812  
7602  11525  7325  
5517  11545  5765  
2437  10717  2439  
7103  11276  9487  
595  11654  3803  
10140  11565  2165  
8759  10728  8758  
3561  11402  9494  
9069  11495  7265  
5003  11453  9675  
6743  11831  7306  
499  11279  11015  
8198  10777  6104  
6891  10678  9865  
781  11560  1718  
6646  10725  10705  
51  11540  241  
8268  10795  10658  
9873  10889  6483  
11301  11361  6614  
1226  11637  1290  
240  11540  51  
4952  11674  5650  
475  11357  7268  
9399  11489  6758  
7404  10718  6742  
6479  11269  9553  
7522  10855  5243  
9200  10694  10472  
7213  11331  7037  
7741  11726  7740  
788  11574  796  
10579  10671  6071  
7634  11401  7496  
5231  11694  6479  
7606  10704  9798  
6154  10736  7463  
7057  11349  5694  
6083  11643  7664  
1642  10774  8444  
5850  10713  6736  
10683  10731  2945  
9683  11754  5238  
5862  11564  5861  
10684  10735  2204  
4908  11354  9636  
10234  11530  9370  
4770  10732  4771  
10323  11216  7874  
9282  11682  7413  
10848  10915  2196  
10234  11419  6652  
249  10738  250  
8464  10853  2237  
10327  11606  7045  
611  10759  10685  
1914  10722  1916  
5775  11763  628  
721  11661  1941  
6637  10745  7210  
6647  10725  6646  
8958  10753  496  
5156  11297  4764  
9609  10711  2518  
9044  11298  9045  
343  10743  447  
10623  10742  9422  
2204  10735  2201  
1705  11036  10442  
8994  11048  477  
2909  10741  2907  
944  10721  920  
10357  11227  6543  
7361  11124  434  
6580  10727  6579  
2945  10731  2947  
898  11582  890  
8609  10757  6563  
9496  11707  2017  
2131  10754  2145  
6376  10833  7607  
10073  11510  9107  
7299  10999  6572  
462  11852  109  
7177  10726  5256  
4045  11095  10494  
6130  10762  6129  
6751  11586  9800  
7034  11468  10523  
7982  11109  10398  
10555  10971  6100  
487  11723  10171  
2436  10761  2434  
6657  10720  9672  
8733  11209  5529  
6152  10737  6153  
9648  10715  1764  
10994  11643  6083  
6515  11311  8295  
8580  10771  6584  
1874  10748  1875  
584  10747  586  
7490  11268  278  
10681  10791  6073  
491  10816  8743  
3511  11686  9706  
4246  11377  6719  
5862  11568  8074  
9391  11844  5203  
8267  10795  8268  
10449  10997  6246  
7793  10938  7543  
10376  11371  10375  
10386  11471  7200  
9400  11641  3475  
1323  10744  1325  
3126  10752  3084  
6689  10749  5882  
7488  11336  7036  
10289  10740  7217  
10566  10585  6012  
10398  11109  5839  
3840  10756  2991  
1585  11777  8012  
2004  10769  2003  
4917  10760  5389  
6151  10909  7794  
1628  11003  7802  
6964  10689  5462  
10140  11649  6746  
6643  10751  6642  
10476  11529  11386  
7944  10783  6121  
7012  11727  6729  
10642  10715  9648  
4750  11748  4752  
5076  10755  5077  
9439  11686  3511  
11641  11728  8627  
3478  10766  4092  
6122  10773  6100  
11583  11789  7194  
10724  10830  8840  
613  10759  611  
9422  10742  5288  
3544  11663  10435  
6527  11279  6739  
6656  10775  6657  
6863  11512  3002  
6019  10758  6230  
10494  11095  6562  
10700  10782  6177  
6088  10780  6086  
7595  11057  6535  
5161  11342  6993  
8135  11707  9496  
364  10778  365  
69  11330  10000  
10774  10831  8444  
10668  10867  6045  
643  10765  1715  
6608  11412  10263  
9925  11695  1269  
6485  11303  10053  
6487  10767  6893  
6663  11783  7206  
6222  10790  6223  
1574  10644  10260  
1517  10796  1513  
9951  11703  6704  
9044  11362  11298  
5472  11520  11363  
530  11356  10605  
3332  10820  10757  
1762  10772  1765  
8059  11511  1925  
5813  11655  4568  
6928  10914  9992  
8131  10802  8130  
412  11607  13  
6753  11788  9618  
411  11877  10293  
6650  10755  10455  
5793  11061  5596  
9055  11143  10412  
4023  11598  10173  
8645  10822  6109  
8170  10798  8172  
10412  11143  6735  
6636  11578  9533  
8392  10808  425  
6058  11700  6864  
8989  10730  10527  
7860  10850  6371  
8957  11087  8958  
8873  10789  6396  
5836  11655  10063  
6125  10823  8197  
413  10788  7049  
10712  10740  5374  
7829  11179  7838  
8006  11695  9925  
10744  10785  1325  
9519  11491  4500  
10258  11171  9247  
116  10801  117  
5498  11312  8241  
5658  11145  8997  
332  11652  8777  
4483  11731  9634  
9779  11435  8999  
5681  10852  10831  
10766  10835  4092  
7946  10811  7945  
6292  10797  6293  
1325  10785  1384  
6504  10768  9671  
8019  10829  473  
9856  11293  7355  
8160  11031  8552  
4790  10793  6102  
6057  10779  6922  
7588  11687  10665  
10453  11639  8461  
10755  10807  5077  
3299  11063  9298  
5238  11765  9674  
485  10784  145  
10852  10871  6639  
10328  11803  6638  
4756  11573  5026  
9521  11797  3561  
8777  11652  7038  
4256  10786  5506  
6963  11069  6964  
10925  11245  560  
9603  11718  3574  
5136  10809  6159  
4725  11614  6557  
2473  11619  2964  
6700  11625  10177  
9458  11600  3718  
10428  10584  5153  
7548  11734  7550  
9492  11604  2663  
6148  11793  9508  
8766  10926  8760  
7586  10921  10867  
10645  11304  6025  
5957  11639  10453  
6652  11530  10234  
9671  10768  10682  
6431  10799  10488  
10756  11878  7570  
10010  11098  5095  
682  10799  685  
33  10812  126  
6176  10787  5855  
8342  10991  8336  
6983  10804  5826  
10375  11371  6397  
8442  11404  11334  
6864  11700  11596  
8478  11666  8476  
5880  11706  5811  
10742  10846  5288  
9274  10739  10054  
3152  11256  10089  
5785  10792  9631  
10647  11646  572  
7838  11160  7828  
6822  11358  7024  
1964  10803  1966  
6616  10815  6615  
8021  11152  10587  
6062  10853  10794  
3487  10810  3488  
5077  10807  5079  
10914  11628  8918  
9632  11351  1216  
9167  10857  8971  
7954  11606  10327  
8289  10925  8290  
5026  11546  5028  
9960  10940  8974  
6612  11478  6749  
8840  10830  6520  
8370  11317  6253  
8419  11465  466  
3065  10864  10825  
3227  11818  10533  
9776  11306  6470  
6207  10770  5006  
481  11362  9044  
8444  10831  7761  
6099  10820  9221  
1345  10838  1637  
2638  10814  2542  
10902  10909  6151  
571  11687  10217  
3065  10825  2973  
5066  10690  10636  
4306  10856  10553  
6062  10794  9557  
10916  10995  6156  
670  11664  9829  
6840  10847  8709  
4707  10821  6650  
6614  11361  6510  
6579  10727  10641  
10869  10878  2463  
10701  10707  6066  
6710  10848  6123  
5897  10813  7018  
2949  10819  2951  
5477  11435  9779  
6582  10740  10289  
10901  11434  7072  
6132  10913  9899  
10617  11347  4690  
2197  10840  2196  
9967  11586  6751  
8634  11872  5228  
6073  10791  9832  
6164  10817  5312  
10435  11663  8675  
10328  11852  462  
7758  10869  2463  
10609  11735  4731  
11184  11863  7709  
10033  11015  11009  
4844  10854  7625  
4092  10835  5170  
4640  10951  4639  
8983  10859  8982  
9783  11576  4511  
8014  11809  7307  
7678  10719  9872  
5758  10832  5759  
9524  10824  6269  
10552  11584  6227  
4547  11823  7306  
8796  11422  8798  
4228  10724  10696  
10799  10851  685  
5234  11869  6995  
10654  11454  6595  
6509  10827  5197  
10695  11467  6879  
6090  11182  10793  
7307  11823  8014  
7971  11701  10271  
7562  10884  432  
8529  11525  10884  
10536  11400  5981  
7983  11770  10946  
6176  10834  10787  
660  10842  662  
10362  11802  9478  
4409  11843  7156  
2165  11649  10140  
8099  10873  8100  
6901  10942  7856  
6133  10844  4988  
9767  11294  448  
6820  11432  6822  
6639  10871  5125  
4007  10862  4006  
3804  10864  3065  
10772  10886  1765  
10610  11733  4746  
10912  10966  6197  
7262  11211  8919  
8031  10949  6175  
11637  11779  7059  
4616  10852  5681  
5989  10866  9331  
2463  10878  2039  
4659  10843  4658  
10650  10899  6011  
4140  11690  10347  
10737  10918  500  
6524  10853  6062  
10743  11630  447  
6552  11088  7410  
685  10851  9335  
9169  10863  7318  
10937  11005  6159  
6933  11085  10009  
5087  10865  5088  
6164  10861  10817  
4732  10806  9789  
4770  11721  10732  
5468  10828  8871  
9676  10837  1719  
10835  10907  5170  
6750  11196  10714  
6899  11326  6898  
3144  10877  7774  
1828  11802  10362  
5692  10860  4660  
4014  11316  9158  
1925  11511  9897  
5288  10846  9434  
10815  10879  6615  
5562  10901  9170  
8285  11394  8077  
9738  10818  4682  
6225  11839  11752  
8288  10893  4307  
7952  10834  6176  
10932  11098  6142  
558  11408  7375  
10803  10887  1966  
4657  10867  5311  
10941  11487  8415  
4041  11769  11464  
9386  10839  6533  
302  10872  303  
6877  10861  6164  
3194  10885  2829  
6209  11014  6191  
10678  11570  5233  
481  11438  11362  
2538  10881  2634  
7275  11810  203  
10871  10913  5125  
4085  11112  9156  
7437  11409  9788  
5596  11061  6013  
10546  11203  17  
5026  11573  11546  
10749  11657  8493  
2972  11288  8572  
7066  11656  6686  
10527  10730  2224  
6262  10883  5623  
184  10875  185  
6818  11508  6820  
11790  11814  9936  
7625  11039  6220  
8876  10882  7266  
10722  11057  7595  
6765  11208  10736  
6749  11478  11402  
6251  10898  8188  
7925  11018  8923  
820  10902  6151  
6394  11373  11042  
4461  11616  8558  
10614  11549  6981  
979  10868  3539  
10561  10860  6675  
4760  10870  5970  
5125  10913  9033  
10528  10903  3034  
10874  11771  6365  
950  11315  9450  
4463  11411  9868  
8956  11087  8957  
5692  10891  10860  
8622  11202  8624  
10125  11138  6994  
10746  11685  6403  
5261  10952  4654  
2933  10911  3584  
10435  11811  8913  
10387  11325  4997  
10795  10815  6616  
2899  10896  3051  
8619  11152  449  
9298  11063  9161  
883  10880  878  
7829  11188  11179  
7534  10923  7533  
6766  11266  10699  
10263  11412  456  
9043  11438  481  
11777  11791  10420  
8919  11211  506  
6950  11730  10753  
6058  11791  11700  
10797  11558  7847  
346  10904  545  
2663  11604  11572  
10827  11318  6510  
384  10897  385  
6183  10892  6185  
9939  10836  4443  
10727  11111  6085  
1765  10886  1767  
6732  10957  7485  
278  11268  279  
5170  10907  6804  
8798  10934  8792  
6822  11432  11358  
3145  10971  10555  
1966  10887  1968  
7690  10951  7688  
4060  11495  10019  
10598  11463  482  
150  10922  151  
6552  11231  11088  
6593  10928  7526  
2193  10915  2192  
8552  11031  10139  
7455  11610  10434  
5694  10891  5692  
8741  11026  10750  
10914  10986  6845  
588  10908  590  
10789  11874  4831  
8312  11083  4258  
4998  11515  10607  
5132  10916  6150  
878  10890  875  
1878  11792  10798  
725  10905  723  
7868  11463  10598  
5094  10895  6417  
4919  10856  4306  
6873  11819  7421  
8593  11556  4224  
544  11169  22  
6210  10906  6209  
7090  11332  9973  
7154  10929  7153  
11121  11313  7267  
7298  11142  10626  
10791  10900  9832  
6311  11030  9245  
10867  10921  5311  
10851  10894  9335  
6566  11844  7312  
6532  11400  10536  
71  10992  6  
478  11405  72  
10760  11581  7427  
9335  10894  4032  
6179  10920  6181  
6689  11705  11657  
6620  10917  6621  
4378  10936  4898  
10880  10890  878  
8675  11811  10435  
8367  10943  992  
239  10930  240  
10928  11024  2192  
11545  11691  7029  
11392  11827  9185  
6898  11584  10552  
9411  11005  10937  
410  11252  8044  
9523  10910  9309  
6188  10919  6186  
2070  10889  9873  
3671  11739  9919  
8575  11033  6713  
10620  11257  2528  
6099  10937  10809  
6732  10996  10957  
11437  11458  6647  
5102  10899  5103  
5311  10921  7077  
10533  11818  7002  
6894  11537  10679  
5336  10933  6179  
6557  11377  9860  
10963  11413  7154  
10569  11641  8627  
2404  10924  2406  
8074  11876  431  
2251  10888  9796  
7071  10903  6408  
4874  10961  6622  
10870  10944  5970  
8069  11028  8070  
9105  11121  512  
6177  10782  10332  
4403  10975  9310  
5095  11329  4763  
7453  11144  10333  
4897  10931  4899  
6179  10933  10920  
871  10935  865  
9043  11527  11438  
8918  11628  2007  
6204  10956  6488  
9411  10937  4081  
10462  11390  3580  
10171  11608  487  
7279  10942  7277  
4834  11144  7453  
6820  11508  11432  
11069  11716  568  
6615  10879  9985  
10452  10781  6025  
1626  10947  1563  
1517  11670  11460  
6159  11005  6599  
9832  10900  6147  
10333  11144  7380  
10846  10968  9434  
10910  10982  9309  
3475  11641  10569  
1718  10941  779  
8384  10969  536  
2406  10939  2408  
8665  10965  8667  
11753  11816  555  
7838  11179  11160  
3888  10953  4697  
6720  11320  10146  
7314  11609  6608  
10532  11490  6631  
6733  10996  6732  
10274  10970  8990  
6840  11189  11117  
7744  11381  5661  
7681  10950  5821  
7496  11643  7495  
7828  11154  8270  
5539  10960  4901  
11063  11118  9161  
6604  11299  11085  
6523  11623  10565  
486  11810  11243  
916  10927  2622  
5440  11483  10979  
2851  10972  2325  
10564  10706  6098  
506  11211  8776  
10297  11758  4012  
3417  10958  3888  
7531  11632  6811  
1040  10945  1042  
5558  10946  6706  
11450  11603  3824  
73  11405  566  
6787  11187  10838  
966  10973  968  
9357  10948  8535  
10924  10939  2406  
6197  10966  6196  
9161  11118  4374  
11173  11501  7724  
5539  10983  10960  
5970  10944  6970  
9680  11450  10350  
9942  11422  8796  
8242  11670  1517  
8069  11089  11028  
10193  11507  9797  
10484  10750  4348  
6170  11347  10617  
3888  10958  10953  
6758  11624  6757  
10607  11515  9036  
6653  11001  6654  
7919  11497  11307  
10367  11411  4463  
3772  10963  3416  
6650  10821  10807  
8094  11257  10620  
224  10978  225  
11000  11115  6779  
9674  11774  5359  
10957  10996  4419  
8306  11344  4899  
864  10959  858  
8442  11034  3209  
10599  10709  6011  
5440  11645  7702  
617  10967  615  
6565  11008  10984  
554  11527  9043  
7082  11658  11638  
11756  11839  5457  
11581  11851  7428  
7228  10983  5539  
10565  11623  8383  
2938  11783  9090  
4101  10955  4103  
9258  10964  4436  
1209  11017  8128  
3141  11658  11174  
474  11293  9856  
2572  10940  9960  
3927  11273  4843  
6952  11733  10610  
6222  11309  10790  
6216  11002  6215  
9404  10957  4419  
10876  11642  8142  
6845  10986  6844  
10419  11311  7710  
11082  11148  1724  
10940  11433  6664  
6565  10984  10836  
4212  10974  4211  
300  10990  301  
10849  11805  543  
6606  11029  7999  
10965  11010  2295  
6611  11550  6860  
11192  11552  6866  
7452  10932  10770  
6811  11000  5976  
10723  11402  3561  
8082  11853  6841  
6653  11032  11001  
6007  11304  10645  
11196  11315  950  
10739  10912  10054  
9205  10989  5538  
10847  11117  1406  
579  10980  409  
6096  10971  7084  
8964  11230  11053  
6795  11846  8970  
9992  10914  6845  
11034  11074  3209  
7110  11052  7853  
9434  10968  9447  
1013  10987  1015  
4635  10988  5313  
5630  10991  5975  
6382  10979  6932  
8376  11680  10236  
1536  11004  1538  
10800  11725  6669  
10964  11016  4436  
4843  11302  8369  
210  11007  211  
3239  11038  8292  
9309  10982  4031  
4419  10996  9336  
457  11580  7464  
8667  10965  10887  
7589  10899  10650  
6156  10995  7004  
10949  11130  2188  
5580  11006  5582  
10776  11580  7320  
1809  11620  11276  
10054  10912  6197  
6597  11009  6529  
6347  11273  3927  
4714  11025  5492  
6313  11082  7681  
9527  10981  7683  
10147  11568  5862  
10750  11026  4348  
3542  10976  9532  
6173  11003  6504  
7267  11646  10647  
10792  11793  8392  
5107  10994  5108  
9936  11814  5439  
10611  11607  412  
6256  11023  6257  
4403  11062  11033  
9450  11480  3461  
10972  11593  7974  
11273  11302  4843  
4559  10998  4659  
9570  10985  4077  
9383  10849  10544  
10884  11525  432  
5564  11005  9411  
10586  10763  6045  
8509  11036  8512  
2011  11470  10986  
10544  10849  6745  
8577  11832  11778  
9979  11624  6758  
4714  11060  11025  
8077  11394  10665  
11021  11427  1908  
10504  11872  8634  
371  11020  372  
7380  11144  7381  
247  11022  248  
7410  11032  6653  
66  11761  67  
6804  11460  6214  
7917  11671  7914  
6008  11388  10293  
8688  11108  9345  
7586  10867  10668  
7072  11434  6485  
1194  11013  1191  
10988  11042  5313  
5648  11662  9142  
10094  11423  6452  
554  11605  11527  
6839  11189  6840  
498  11625  9022  
550  11030  9031  
6564  11008  6565  
6150  10916  10894  
3704  11180  11086  
777  11566  775  
3561  11797  10723  
6936  11021  6531  
6869  11588  11480  
8128  11017  10968  
2189  11024  2188  
1890  11043  1821  
3774  11603  11550  
7983  11047  7982  
10696  10724  8840  
8964  11185  8962  
4436  11016  9233  
490  11046  8357  
10605  11356  6240  
4348  11026  4051  
10540  11365  7203  
11054  11072  975  
7544  11740  5111  
10822  11582  898  
6690  11019  698  
10604  10777  4555  
9037  11605  554  
6858  11705  6689  
6260  10977  9989  
279  11268  438  
6342  11037  6343  
6767  11209  11071  
8209  11458  11437  
8296  11054  975  
7410  11088  11032  
11133  11222  6102  
6225  11735  10609  
6406  11399  10943  
2295  11010  9656  
6428  11635  11171  
4415  11060  4714  
7104  11079  6540  
11638  11658  5514  
7944  10840  10783  
1628  11176  11003  
2015  11455  11051  
9659  11594  6016  
10679  11537  6038  
2621  11513  8330  
6839  11235  11189  
8290  10925  10438  
9702  11195  485  
664  11035  666  
3877  11372  3878  
11083  11751  6644  
6207  11070  10770  
541  11557  10507  
3154  11278  11146  
8236  11096  4415  
6015  11040  6409  
6885  11259  8031  
10770  10932  6142  
9000  11061  9002  
5313  11042  6924  
10923  11493  5680  
11328  11838  2935  
11571  11876  7275  
7053  11499  11297  
10802  11153  6708  
10888  11081  5559  
5230  11053  6250  
509  11116  8993  
434  11124  8899  
6891  11570  10678  
7034  11858  7006  
11031  11049  7398  
3370  11062  4403  
10855  11772  5243  
4965  11100  7634  
2980  11027  9570  
10584  11322  5153  
4021  11255  8353  
6116  11050  6506  
7959  11066  6982  
1666  11838  7365  
3209  11074  1339  
10768  11176  7615  
7398  11049  7431  
9312  11406  4971  
10454  10858  6067  
6212  11051  6948  
163  11104  164  
975  11072  976  
583  11056  581  
4525  11068  3719  
8271  11086  8729  
6884  11352  6885  
4387  11272  11037  
5977  11058  9714  
7789  11375  4659  
8331  11325  10387  
6931  11065  5988  
4415  11096  11060  
2980  11055  11027  
6772  11081  8989  
7686  11390  7687  
4792  11041  9526  
11074  11106  1339  
9570  11027  10985  
7880  11133  7887  
8475  11676  7030  
6883  11449  10961  
6493  11089  8069  
4217  11871  3851  
7885  11092  7882  
4886  11831  7294  
9149  11058  6779  
2302  11407  11186  
2578  11156  8688  
4050  11067  3835  
10753  11730  496  
9037  11675  11605  
7351  11769  4041  
6522  11693  11166  
7389  11782  10640  
9030  11093  8767  
1602  11090  1581  
6477  11076  5875  
10659  11305  3419  
10420  11791  6058  
6413  11135  8003  
6841  11235  6839  
5036  11372  3877  
912  11767  8722  
6694  11073  6477  
8688  11156  11108  
11073  11076  6477  
9969  11012  6437  
7232  11772  10855  
9121  11749  10434  
11350  11485  6948  
6361  11105  6359  
6703  11075  6702  
7828  11160  11154  
11386  11529  8590  
519  11348  7364  
7226  11064  9423  
11315  11480  9450  
3183  11198  7840  
6916  11246  10786  
9540  11055  2980  
10798  11792  8172  
6541  11102  7592  
2597  11078  2111  
420  11126  8344  
1228  11131  8446  
11214  11369  6550  
5853  11045  6373  
1290  11863  9600  
6263  11097  5438  
8510  11113  11091  
1374  11692  11066  
8725  11177  2574  
10374  11169  544  
1699  11091  1697  
971  11080  1409  
8348  11112  8349  
5159  11084  9154  
469  11675  9037  
9120  11095  9121  
10699  11266  9143  
8173  11758  10297  
6903  10993  10171  
25  11852  8702  
5576  11094  5578  
11017  11075  6703  
6158  10962  10599  
1418  11125  1420  
11592  11621  6651  
5253  11519  6996  
4139  11059  9834  
7648  11531  6576  
6954  11662  11548  
11267  11837  7293  
1718  11560  11393  
6216  11118  11063  
5211  11099  4562  
9419  11363  6107  
1339  11106  1340  
9656  11071  3560  
10610  10841  6010  
1524  11161  7714  
6095  10826  10633  
6357  11812  6740  
8502  11127  8505  
11097  11442  6246  
8507  11113  8510  
9242  10845  10643  
8890  11357  475  
11245  11554  9854  
9651  11117  9103  
9895  11069  568  
8623  11742  4955  
7102  11305  10659  
2041  11776  2043  
11117  11189  9103  
4736  11109  6422  
10640  11782  6976  
6936  11479  11341  
6924  11373  11369  
7492  11327  7493  
803  11129  644  
7406  11506  10854  
6757  11101  6536  
1874  11827  10748  
9022  11625  10066  
6321  11142  7298  
7971  11615  476  
4386  11108  11023  
5128  10970  10274  
11010  11071  9656  
9139  11116  7333  
6651  11621  10423  
5155  11107  4627  
11321  11335  7503  
5203  11844  11237  
5785  11793  10792  
7888  11182  2579  
7444  11015  10033  
7331  11538  10788  
2933  11486  10911  
3183  11217  11198  
10438  10925  9265  
10009  11085  1622  
6572  10999  10907  
7927  11140  7924  
1198  11110  1196  
8022  11152  8021  
5120  11115  6074  
11075  11139  6702  
371  11264  11020  
783  11467  10695  
10872  11557  541  
7362  11124  7361  
9169  11476  10863  
8289  11245  10925  
10236  11680  4008  
6884  11391  11352  
9028  10980  10874  
2597  11147  11078  
6617  11118  6216  
11084  11137  9154  
7464  11580  6628  
6089  11120  6733  
258  11141  259  
7503  11335  5240  
4012  11758  10862  
10056  11403  11391  
9482  11145  5658  
11092  11343  5235  
6735  11143  6734  
10139  11031  7398  
6395  11123  7403  
5253  11555  11519  
6726  11444  10918  
10599  10962  10709  
7306  11831  11542  
11177  11359  6343  
476  11132  172  
3580  11390  7685  
2021  11134  2020  
11108  11156  6257  
469  11743  11675  
9461  11122  4940  
9154  11137  3747  
6749  11402  10723  
458  11170  8889  
7687  11390  10462  
11195  11873  485  
9491  11555  5253  
7054  11790  9936  
10095  11339  4831  
7877  11217  3183  
6249  11447  6814  
4806  11159  8931  
6666  11151  7672  
704  11200  11175  
6296  11597  10669  
1907  11103  1827  
6899  11389  11286  
4806  11194  11159  
7507  11233  7469  
6702  11139  6946  
2186  11130  2480  
6604  11461  5075  
3767  11157  3905  
9038  11743  469  
9158  11255  4021  
11137  11155  3747  
560  11245  9854  
6244  11166  7101  
10757  10820  6563  
6601  11665  11426  
6622  11585  6837  
7063  11806  7064  
7547  11367  6594  
704  11175  702  
3225  11223  8710  
11504  11867  7096  
9283  11841  6957  
1724  11148  594  
7407  11128  9606  
10714  11196  950  
7877  11224  11217  
7879  11220  7880  
2599  11147  2597  
38  11158  136  
5232  11087  9951  
6511  11205  6512  
10293  11388  411  
10736  11208  7463  
6555  11429  7531  
11045  11136  6373  
7943  11236  2519  
10723  11797  8047  
11323  11696  7712  
7495  11643  10994  
7681  11082  10950  
6810  11312  5498  
556  11202  10606  
8285  11724  8959  
41  11165  142  
6479  11694  11251  
2519  11236  11224  
6046  11172  9354  
6525  11522  11333  
8851  11364  8852  
6686  11384  7965  
3747  11155  9175  
10205  11057  3594  
6978  11195  6091  
6257  11156  6665  
7839  11199  7834  
10770  11070  7452  
11143  11218  6734  
706  11200  704  
5111  11708  4877  
6411  11119  9825  
22  11169  104  
1398  11164  1380  
587  11163  585  
6139  11162  6136  
7538  11274  7537  
978  11178  980  
3190  11747  8297  
9585  10918  10604  
11140  11354  4908  
2851  11659  11593  
11249  11416  6961  
7400  11834  5315  
8498  11216  11213  
6373  11136  6755  
8837  11194  4806  
10836  10984  7515  
11201  11238  6372  
6511  11282  11205  
1813  11167  1840  
11369  11373  3142  
10219  11048  6254  
8097  11204  8650  
6127  11168  6990  
1693  11181  1691  
8498  11213  8500  
796  11173  786  
6401  11245  8289  
10056  11391  6884  
11778  11832  8290  
7875  11216  8498  
5572  11183  5574  
11260  11436  8538  
4726  11201  6372  
8442  11334  11034  
4489  11149  4171  
9038  11816  11743  
930  11239  11221  
8408  11732  8406  
712  11250  11242  
504  11601  10459  
7375  11860  7374  
7685  11390  7686  
5244  11361  11301  
1517  11460  10796  
2519  11224  7877  
9247  11171  1571  
930  11221  932  
3704  11154  9608  
7881  11280  7879  
6521  11231  6552  
2837  11180  2929  
7157  11575  7160  
17  11203  94  
9846  11812  6357  
9073  11230  3298  
2864  10997  10449  
9103  11189  5341  
6586  11174  7082  
10837  11656  1719  
6987  11544  11536  
8926  11196  6072  
6514  11219  6515  
10811  11409  7437  
7056  11434  7055  
7676  11850  7104  
6710  10915  10848  
6542  11186  6961  
10859  11759  7467  
712  11242  708  
11093  11664  670  
10905  11661  723  
6766  11209  6767  
1611  11215  1609  
8416  11237  6566  
11189  11235  5341  
7014  11192  5795  
4997  11325  7975  
1203  11190  1201  
4899  11344  10589  
4266  11247  7674  
555  11816  9038  
7625  11506  11039  
8851  11451  11364  
7033  11816  11753  
9608  11160  4554  
928  11239  930  
5185  11197  5833  
4222  11251  8096  
5948  11208  5175  
587  11210  11163  
7927  11387  11354  
6428  11804  7479  
715  11250  712  
6120  11878  7654  
4266  11263  11247  
8778  11272  9510  
11160  11179  4554  
7260  11211  7262  
3970  11225  3664  
11003  11176  6504  
8241  11366  3200  
7694  11323  7693  
10232  11070  6207  
6885  11352  11259  
6734  11218  9125  
6372  11238  7092  
11167  11212  1840  
2568  11318  7671  
11002  11063  3299  
589  11210  587  
8387  11228  8386  
729  11207  727  
8044  11252  6199  
6142  11098  10010  
11368  11726  7741  
11770  11825  6706  
10746  10952  5261  
5910  11206  6781  
6521  11291  11231  
9600  11184  3753  
11499  11552  7014  
8730  11659  2851  
2895  11249  2588  
10709  10962  502  
8577  11778  6249  
1840  11212  9185  
7269  11299  6605  
4554  11179  9611  
5358  11855  6724  
5111  11740  11708  
4084  11261  8148  
8353  11255  8352  
7873  11262  7874  
4  11191  501  
10993  11608  10171  
796  11574  11308  
8727  11226  7830  
4991  11232  4990  
543  11805  10539  
8983  11877  10859  
6924  11214  5314  
4591  11234  5457  
448  11294  7446  
5341  11235  6635  
4763  11329  5156  
3375  11265  3283  
10809  10937  6159  
9611  11188  5184  
9030  11760  11664  
8449  11551  8318  
8702  11852  10328  
7670  11263  4266  
931  11248  929  
11154  11160  9608  
2822  11254  4765  
2862  11267  2831  
4661  11222  5792  
11215  11275  1609  
6543  11457  6800  
11226  11295  7830  
8539  11436  8450  
11809  11866  9976  
5297  11304  8094  
6551  11253  9324  
10951  11647  4639  
6391  11240  6389  
6709  11801  8430  
2681  11244  2683  
6082  11229  7025  
3839  11321  7503  
6699  11296  7791  
8031  11259  11130  
90  11283  503  
370  11264  371  
1921  11451  8851  
8317  11640  8319  
6267  11334  10821  
9913  11252  410  
6773  11309  6222  
2424  11780  7917  
4758  11281  5205  
7206  11783  11472  
6883  11282  6511  
10177  11561  5948  
1609  11275  1607  
7332  11169  10374  
7490  11815  10919  
5383  11286  6938  
7421  11819  2212  
11727  11830  7594  
7965  11384  7966  
6471  11243  7275  
280  11271  281  
1364  11260  1360  
11354  11387  6393  
11218  11298  9125  
1408  11287  9073  
11230  11287  6250  
11248  11277  929  
8656  11497  7920  
6522  11291  6521  
6689  11657  10749  
6392  11138  10125  
6107  11363  10223  
7830  11295  9326  
11179  11188  9611  
929  11277  927  
6682  11270  6681  
10745  11803  462  
6526  11308  7066  
8592  11386  8590  
6725  11284  5802  
10793  11182  6102  
10954  11683  6124  
7623  11356  7622  
5661  11381  8222  
7241  11268  7490  
9444  11257  6007  
6982  11766  6709  
7201  11496  7199  
569  11371  10376  
5153  11266  5152  
7791  11452  3968  
11079  11739  3671  
6085  11288  9117  
5568  11290  5570  
6486  11258  9544  
11220  11222  7880  
6627  11467  8545  
11449  11585  6622  
9073  11287  11230  
7325  11525  8529  
6629  11310  8804  
8374  11316  8376  
7832  11529  10476  
174  11331  508  
6557  11614  11376  
8413  11487  8411  
5792  11222  11220  
936  11387  7927  
6725  11328  11284  
4777  11278  3154  
7106  10952  10746  
500  11444  114  
6938  11397  6939  
9383  11805  10849  
2677  11292  2679  
1989  11285  1990  
7479  11806  4217  
888  11484  8327  
569  11799  11371  
9125  11298  6047  
5792  11220  9987  
7411  11857  6752  
8016  11809  8014  
7195  11337  6544  
6406  11302  8837  
9636  11354  6393  
9553  11269  5177  
575  11420  408  
7657  11315  8926  
9487  11276  6609  
7660  11463  6834  
6250  11287  6748  
7283  11837  8929  
3197  11333  8656  
306  11314  307  
8837  11302  11273  
7766  11369  3142  
6763  11870  7138  
7722  11501  6923  
11588  11622  9437  
6625  11452  11423  
3461  11588  9437  
8318  11602  8317  
11130  11259  2480  
10383  11111  6580  
3774  11621  7801  
7133  11864  7134  
10271  11615  7971  
5568  11324  11290  
5527  11376  7098  
9633  11351  9632  
9143  11322  6063  
6292  11558  10797  
1985  11300  1986  
6865  11604  6866  
726  11341  888  
6401  11554  11245  
11009  11015  6529  
5722  11307  5724  
6529  11279  6527  
10416  11533  359  
7365  11328  6725  
68  11330  69  
4735  11324  5568  
7690  11647  10951  
576  11313  9105  
3559  11365  10540  
8273  11347  8274  
9348  11524  8309  
11298  11362  6047  
8929  11837  3734  
1216  11351  11219  
8480  11370  8479  
6978  11873  11195  
7030  11676  7029  
2302  11350  2045  
7550  11734  11459  
4489  11241  11149  
3840  11878  10756  
6939  11395  8538  
7320  11580  457  
8450  11492  8449  
8691  11374  4327  
4764  11297  7014  
2480  11259  10008  
6397  11371  6968  
10838  11187  1637  
3419  11305  9642  
8691  11410  11374  
6610  11611  7334  
7693  11323  7695  
7531  11429  10370  
8339  11721  8341  
6956  11630  10437  
512  11121  10882  
7661  11638  5514  
5348  11552  11499  
6834  11463  7868  
11389  11397  6938  
6869  11480  7657  
8723  11473  8725  
11295  11398  9326  
7040  11557  7039  
8962  11185  10584  
7629  11572  6865  
6532  11338  5241  
10146  11241  4489  
4176  11553  10830  
11766  11801  6709  
6509  11318  10827  
4639  11647  9640  
432  11525  7602  
925  11353  923  
6042  11342  6690  
11423  11452  7791  
3331  11414  8304  
616  11345  618  
7723  11393  7724  
3142  11373  8559  
10929  11413  8646  
8926  11315  11196  
8590  11529  8593  
7268  11357  7263  
8209  11437  2895  
1884  11346  1901  
7138  11832  8577  
11692  11766  6982  
775  11566  783  
11414  11454  8304  
11015  11279  6529  
4214  11343  5087  
5633  11382  4914  
6047  11362  9119  
8722  11651  8723  
6840  11117  10847  
11411  11596  9115  
5622  11368  4501  
11382  11418  4914  
11220  11280  9987  
10796  11460  6804  
3002  11512  8209  
8829  11358  4459  
7083  11306  9776  
8873  11874  10789  
7198  11471  7903  
179  11441  577  
561  11807  9877  
9437  11622  893  
4709  11360  3858  
4877  11708  6664  
9987  11280  5235  
5514  11658  8230  
10370  11429  537  
11364  11451  6587  
5701  11359  5702  
11353  11378  923  
5472  11363  9419  
5244  11301  10468  
11551  11602  8318  
8176  11392  8177  
5261  11685  10746  
923  11378  738  
2521  11407  2220  
9123  11364  6587  
16  11385  92  
7031  11870  6763  
8238  11406  6614  
8158  11725  10800  
11352  11391  5801  
6184  11419  6861  
8690  11410  8691  
482  11463  7660  
6504  11176  10768  
11572  11619  2663  
10593  11782  7390  
11334  11404  6802  
8690  11439  11410  
11471  11505  7903  
7036  11336  7213  
6354  11433  6780  
7104  11850  11739  
11080  11227  1409  
4914  11418  3890  
9023  11561  10177  
9642  11355  3772  
6706  11825  9662  
6393  11387  6870  
10019  11553  4176  
7664  11401  7605  
5348  11499  5346  
10934  11681  8791  
1092  11466  8305  
10975  11033  8575  
8558  11616  6610  
751  11379  749  
5801  11391  4430  
4494  11439  8690  
11077  11329  5095  
7879  11280  11220  
9868  11411  9115  
11358  11432  4459  
753  11383  751  
11259  11352  10008  
8645  11582  10822  
4494  11477  11439  
7231  11772  7232  
722  11427  724  
6729  11727  7594  
5028  11546  6612  
11362  11438  9119  
9621  11361  5244  
6915  11417  6916  
9494  11402  5647  
6962  11399  6344  
10628  11841  9283  
7609  11446  6775  
9062  11735  8195  
6625  11423  10094  
751  11383  11379  
8685  11767  912  
7740  11726  7739  
11602  11640  8317  
11479  11484  888  
7101  11746  8678  
8304  11454  1908  
8414  11462  8415  
6801  11396  6803  
72  11405  73  
9788  11409  7289  
6708  11440  6707  
9885  11445  2687  
6802  11404  6801  
8156  11790  2223  
11305  11355  9642  
1092  11534  11466  
5249  11430  5695  
3546  11397  11389  
1719  11415  792  
5634  11426  7118  
9325  11445  7742  
11391  11403  4430  
10738  11579  468  
5075  11483  3962  
9640  11647  7692  
11664  11760  8944  
2019  11455  2016  
3546  11389  9390  
6801  11404  11396  
5103  11394  8959  
4083  11456  4084  
4981  11424  4983  
8171  11498  8169  
3226  11821  8685  
9885  11563  11445  
2043  11776  2852  
1359  11395  9407  
9326  11398  7833  
11402  11478  5647  
1409  11227  10357  
7013  11452  6625  
2015  11470  2012  
8476  11666  8475  
6939  11397  11395  
9407  11397  3546  
9692  11421  6210  
5350  11552  5348  
6309  11457  6778  
11424  11448  4983  
3015  11509  8082  
4041  11464  3919  
3015  11535  11509  
6419  11416  9334  
11355  11413  3772  
2594  11486  2933  
9973  11332  7303  
9119  11438  6567  
1717  11526  11505  
6583  11569  9441  
11492  11551  8449  
3284  11660  7007  
6587  11451  6988  
7911  11765  7852  
4459  11432  8879  
11425  11666  8478  
11301  11406  9312  
4500  11425  4372  
757  11428  755  
741  11472  2938  
9460  11435  5477  
10907  10999  6804  
4430  11403  9659  
5973  11442  6858  
760  11431  757  
10173  11498  4019  
11436  11492  8450  
10748  11792  1878  
4983  11448  4985  
8989  11081  10888  
7903  11505  6626  
4718  11477  4494  
10468  11301  9312  
13  11607  86  
11554  11824  472  
11384  11656  10837  
2964  11153  10802  
4797  11443  3883  
11693  11746  7101  
757  11431  11428  
7975  11513  7974  
11395  11397  9407  
7099  11554  6401  
5302  11475  9025  
4887  11523  6024  
1007  11459  2115  
456  11412  7087  
431  11571  202  
6658  11474  6660  
8210  11500  6828  
11456  11469  4084  
402  11502  403  
4718  11504  11477  
7732  11684  5495  
7456  11610  7455  
9334  11437  6647  
11438  11527  6567  
7417  11465  7418  
6038  11515  9193  
5832  11476  9169  
241  11540  574  
1314  11532  1313  
7949  11595  440  
427  11569  10242  
2160  11565  11543  
4303  11558  6853  
8016  11866  11809  
996  11612  7661  
3866  11542  4886  
10008  11352  5801  
2895  11437  11416  
53  11420  9895  
6809  11719  7393  
11416  11437  9334  
6932  11461  6933  
11415  11656  7066  
7742  11563  7741  
2109  11626  8462  
10830  11553  8888  
4812  11453  5003  
2160  11543  2158  
11626  11644  8462  
7276  11503  460  
10217  11441  178  
6833  11517  7310  
6716  11750  7155  
1502  11488  6890  
9495  11449  5307  
7107  11504  4718  
7028  11629  3824  
568  11716  10414  
7501  11784  525  
5647  11478  9098  
6833  11547  11517  
11432  11508  8879  
7097  11716  6963  
2607  11481  2605  
8879  11508  898  
11440  11544  6707  
593  11482  591  
5803  11760  9030  
1093  11534  1092  
3016  11535  3015  
242  11521  243  
7427  11581  7428  
4754  11570  4756  
7911  11774  11765  
7006  11858  7706  
5087  11380  10865  
8087  11734  7548  
1641  11639  8494  
11593  11659  7780  
2162  11565  2160  
4913  11494  4915  
5557  11713  6716  
7535  11709  453  
7781  11593  7780  
10095  11772  7231  
6761  11538  7331  
3833  11592  11578  
8383  11623  428  
8888  11553  8887  
486  11825  7777  
6892  11575  7157  
8887  11553  10019  
6860  11450  9680  
5788  11528  6671  
6580  11111  10727  
6832  11547  6833  
4144  11422  9942  
4173  11489  9399  
9319  11479  6530  
11460  11670  10276  
264  11541  265  
5243  11772  10095  
7050  11668  6377  
6593  11024  10928  
7801  11592  3833  
6567  11527  9155  
6525  11484  9319  
3833  11578  7957  
837  11657  8224  
6610  11616  11611  
5724  11522  5725  
4778  11567  4037  
11500  11715  6828  
10606  11202  8622  
11445  11563  7742  
9829  11664  8944  
5207  11584  5208  
9024  11561  9023  
11589  11613  1671  
462  11803  10328  
465  11624  9979  
7855  11597  7847  
6730  11599  6728  
9976  11866  10036  
6894  11518  5357  
1364  11492  11436  
4811  11493  5172  
11519  11555  6940  
3052  11603  3774  
7118  11672  7119  
5308  11520  5472  
11657  11705  8224  
8894  11598  4023  
9036  11537  5356  
764  11516  762  
6797  11601  6776  
552  11796  10978  
8014  11823  4547  
9427  11492  1364  
5470  11606  7954  
6701  11787  8087  
1668  11589  1671  
360  11533  576  
5359  11855  5358  
5097  11587  7008  
7919  11620  7918  
574  11540  10930  
769  11526  1717  
6596  11588  6869  
9860  11377  4246  
6124  11683  7521  
10589  11344  7305  
7156  11843  6701  
7712  11696  7713  
9105  11313  11121  
1260  11510  1258  
5765  11491  9519  
7908  11403  10056  
8156  11814  11790  
5017  11559  4114  
6769  11568  10147  
11371  11799  6968  
6935  11869  11786  
7117  11673  7116  
8028  11607  10611  
10473  11623  6523  
6974  11635  6426  
11  11840  82  
1671  11613  1673  
11530  11548  3924  
7536  11847  7535  
9319  11484  11479  
6940  11555  6941  
10788  11538  6575  
11474  11698  6660  
8462  11644  8460  
7949  11764  11595  
7535  11847  11709  
6941  11545  5517  
7099  11824  11554  
10523  11858  7034  
11417  11616  4461  
9489  11519  6940  
10891  11349  6676  
4722  11699  8016  
11065  11732  5989  
9370  11530  3924  
7777  11825  11770  
6892  11756  11575  
5357  11518  11490  
8970  11846  1096  
11527  11605  9155  
6126  11702  8044  
7851  11738  8156  
784  11560  781  
7763  11857  3222  
11568  11876  8074  
9183  11579  7124  
11684  11704  5495  
4403  11033  10975  
7852  11765  11754  
9895  11420  575  
10665  11394  5103  
7950  11764  7949  
6760  11591  6759  
11546  11573  6890  
11688  11689  1710  
6596  11622  11588  
608  11583  610  
7033  11753  10989  
10539  11805  6798  
3554  11551  9427  
8492  11679  8493  
6715  11577  6680  
3924  11548  9571  
7837  11556  7832  
6890  11573  6891  
7780  11659  6644  
9473  11642  416  
8005  11678  5181  
5861  11564  6585  
8686  11711  2734  
6832  11631  11547  
5181  11729  8546  
6707  11544  6987  
790  11574  788  
1704  11688  1710  
1710  11689  4722  
11261  11469  6548  
3554  11602  11551  
6452  11423  11296  
11497  11522  5724  
6402  11685  8158  
6696  11636  9744  
9155  11605  6640  
11678  11729  5181  
9427  11551  11492  
4621  11691  7700  
7367  11824  7099  
7851  11757  11738  
9115  11596  2119  
9854  11554  472  
8169  11498  10173  
7777  11770  532  
11665  11672  7118  
8945  11549  563  
6607  11485  9904  
5737  11563  9885  
2572  11433  10940  
8434  11663  8435  
8224  11705  3192  
8656  11522  11497  
1020  11667  2114  
8601  11833  11802  
8997  11622  6596  
6792  11627  6791  
6968  11799  8598  
890  11582  891  
8295  11311  10419  
2017  11707  8366  
11822  11854  4791  
7657  11480  11315  
6421  11600  9458  
6754  11615  10271  
8601  11802  1828  
5495  11704  6809  
331  11652  332  
10242  11569  6583  
6828  11715  7525  
5032  11611  6915  
6980  11873  6978  
6731  11779  8006  
10036  11866  6850  
5131  11682  9282  
6760  11617  11591  
9877  11807  6741  
6363  11771  7114  
8283  11822  4791  
11596  11700  2119  
7428  11851  10439  
5507  11618  6693  
7850  11757  7851  
7288  11648  7291  
11605  11675  6640  
10751  11785  6239  
9470  11617  6760  
4648  11842  8674  
6927  11628  6928  
4747  11733  4750  
11359  11473  5702  
10816  11714  8744  
5655  11744  11686  
8031  11130  10949  
9054  11791  11777  
4711  11693  5212  
10918  11444  500  
5486  11773  5484  
4752  11748  5233  
4411  11794  5547  
3059  11673  3058  
9468  11602  3554  
2006  11634  2009  
9495  11585  11449  
6835  11862  8634  
4000  11633  4008  
8944  11760  8943  
6171  11728  11641  
1876  11829  11820  
6957  11841  10904  
9797  11507  9492  
5702  11473  10109  
6171  11641  9400  
1265  11637  1226  
11704  11719  6809  
8194  11752  8193  
11826  11861  1899  
5655  11686  9439  
9897  11511  6744  
8206  11781  8207  
11689  11699  4722  
8685  11821  11767  
8725  11473  11359  
11618  11653  6693  
597  11654  595  
11754  11757  7850  
4482  11677  4483  
8192  11756  6892  
7692  11647  7690  
6216  11063  11002  
6741  11807  6886  
7594  11830  6835  
8172  11792  8174  
8901  11829  1876  
10943  11399  992  
6660  11698  6905  
6614  11406  11301  
576  11533  10416  
6955  11662  6954  
6693  11653  7021  
8903  11826  1899  
7852  11754  7850  
1876  11820  1873  
381  11723  382  
7912  11774  7911  
8624  11742  8623  
6640  11675  9148  
1872  11865  1839  
1838  11859  1782  
4791  11854  6623  
496  11730  341  
9800  11586  5956  
4511  11585  9495  
5747  11665  5749  
3227  11833  8601  
10704  11701  524  
6722  11720  6952  
1899  11861  1882  
10882  11121  7266  
4008  11680  4009  
9761  11631  6832  
2010  11669  2013  
11830  11862  6835  
5811  11706  5957  
7355  11514  7354  
3222  11857  7411  
494  11815  277  
3859  11672  5747  
11788  11845  6876  
723  11661  721  
353  11737  354  
9942  11690  4140  
6106  11614  4725  
5747  11672  11665  
6624  11660  7013  
10088  11495  4060  
7307  11809  9976  
9634  11731  5818  
1374  11640  9468  
2119  11700  9368  
4711  11746  11693  
1375  11692  1372  
7082  11638  7083  
227  11755  228  
203  11810  204  
2663  11619  2473  
6817  11745  7339  
4953  11674  4952  
1269  11695  1266  
9209  11775  11718  
11717  11817  6770  
11194  11273  6347  
7842  11828  7844  
11675  11743  9148  
11669  11697  2013  
1768  11818  1766  
11713  11750  6716  
6748  11694  5231  
6704  11703  6798  
9201  11710  4197  
11611  11616  6915  
6789  11869  6935  
6217  11851  7435  
2013  11697  9496  
8913  11811  8911  
6881  11728  6171  
4986  11722  4011  
2923  11741  2242  
10862  11758  8175  
9468  11640  11602  
6140  11712  6790  
9090  11783  6663  
5394  11751  6502  
9148  11743  6697  
7403  11762  6856  
9209  11718  9603  
9452  11681  4859  
11145  11789  8997  
5203  11746  4711  
7418  11465  10507  
8077  11687  571  
11636  11717  9744  
5260  11725  5261  
6592  11786  3973  
11743  11816  6697  
6811  11115  11000  
7312  11844  9391  
444  11761  66  
4681  11874  6484  
5300  11868  4610  
1375  11766  11692  
8175  11758  8173  
10563  11721  4770  
7008  11740  7009  
10066  11625  6700  
6697  11816  7033  
6894  11590  11518  
9054  11777  1585  
5953  11736  9201  
9368  11791  9054  
9483  11744  5655  
7083  11638  11612  
1664  11838  1666  
11739  11850  5815  
1022  11808  1024  
10053  11539  6630  
6345  11747  6962  
10824  11187  6269  
105  11798  413  
11808  11848  1024  
7431  11849  7396  
6214  11460  10276  
5544  11775  9209  
628  11763  630  
109  11852  25  
8684  11835  5807  
1024  11848  1026  
11241  11320  7494  
5864  11875  5919  
5439  11814  9690  
6770  11817  7070  
10713  11784  6736  
6724  11780  6934  
10145  11576  9783  
6752  11857  7763  
1066  11800  9483  
7039  11557  10872  
6876  11845  6877  
10507  11465  8419  
9480  11713  7123  
11708  11740  7008  
8290  11832  5210  
7306  11823  7307  
9201  11736  11710  
7145  11846  6795  
10961  11449  6622  
9618  11788  6876  
6379  11856  5906  
11622  11789  893  
10979  11483  6932  
7293  11837  7283  
5357  11490  10220  
6249  11778  11447  
9560  11768  4030  
563  11549  10614  
9486  11766  1375  
5457  11839  4999  
11612  11638  7661  
1718  11487  10941  
7294  11831  6743  
5745  11797  9521  
9486  11801  11766  
9185  11827  1874  
3718  11750  9480  
8723  11651  11473  
11023  11108  6257  
9179  11864  3954  
6701  11843  11787  
7065  11871  7063  
577  11441  10217  
6674  11795  9560  
6647  11458  10725  
10786  11246  5506  
6798  11805  9383  
3574  11801  9486  
9744  11717  6770  
10863  11202  556  
11340  11863  1290  
9508  11793  5785  
10476  11386  1617  
8012  11777  10420  
10986  11470  6844  
2115  11787  9643  
11700  11791  9368  
8087  11787  11734  
6746  11649  10080  
9483  11800  11744  
9480  11750  11713  
9643  11843  4409  
5815  11850  6564  
10063  11655  5813  
6649  11645  10001  
4045  11749  11095  
9560  11795  11768  
8341  11721  10563  
10532  11400  5242  
439  11812  9846  
10145  11650  11576  
11086  11180  8729  
11734  11787  2115  
9919  11739  5815  
2851  11593  10972  
10821  11334  6802  
422  11447  10438  
572  11646  10416  
6239  11785  10716  
10109  11651  5812  
11767  11821  6671  
11291  11365  3559  
10922  11799  569  
11787  11843  9643  
7390  11782  7389  
11473  11651  10109  
11282  11372  5036  
10764  11828  505  
10232  11514  5365  
7880  11222  11133  
455  11650  10145  
4659  11375  10843  
6074  11632  10294  
11037  11272  6343  
10523  11468  7163  
6936  11427  11021  
545  11841  10628  
3597  11771  10874  
10919  11815  494  
6671  11821  10017  
10142  11714  7245  
11561  11562  5948  
4955  11742  10122  
10643  11408  558  
10423  11550  6611  
10946  11770  6706  
10271  11701  6727  
8722  11767  11528  
10725  11458  6618  
10414  11716  7097  
7534  11493  10923  
7966  11384  10837  
11053  11230  6250  
428  11623  10473  
11572  11604  6865  
10276  11670  6669  
11051  11455  6948  
10350  11629  6670  
7834  11199  11197  
6608  11609  11412  
7801  11621  11592  
5694  11349  10891  
11107  11500  7159  
8176  11827  11392  
11491  11676  8475  
11042  11373  6924  
6576  11531  10734  
8997  11789  11622  
10437  11630  6897  
11197  11199  5833  
10439  11851  6217  
11185  11322  10584  
7946  11409  10811  
11258  11312  6810  
7064  11804  10258  
7124  11579  10738  
472  11824  10162  
11066  11692  6982  
10162  11824  7367  
5107  11327  10994  
7885  11343  11092  
6063  11322  11185  
6263  11442  11097  
8174  11792  10748  
10293  11877  8983  
7844  11828  10764  
9132  11682  11172  
11085  11299  1622  
10415  11759  565  
11034  11334  6267  
7104  11739  11079  
11447  11778  10438  
6727  11701  10704  
7927  11354  11140  
8837  11273  11194  
10438  11778  8290  
9030  11664  11093  
7470  11329  11077  
3772  11413  10963  
10854  11506  7625  
10146  11320  11241  
416  11642  10876  
11752  11839  8193  
6486  11312  11258  
6680  11577  11011  
11286  11389  6938  
11011  11577  6882  
8725  11359  11177  
8312  11751  11083  
11186  11407  6961  
11219  11351  6515  
10930  11540  240  
11338  11366  8241  
7402  11796  10635  
6924  11369  11214  
4859  11681  10934  
7194  11789  11145  
11341  11479  888  
11171  11635  1571  
2302  11485  11350  
796  11501  11173  
5017  11836  11559  
7014  11552  11192  
11174  11658  7082  
7245  11714  10816  
6811  11632  11115  
11166  11693  7101  
6522  11365  11291  
7160  11575  11234  
6860  11603  11450  
6883  11372  11282  
2895  11416  11249  
6637  11803  10745  
11115  11632  6074  
11393  11560  7724  
6532  11366  11338  
6643  11785  10751  
6733  11608  10993  
565  11759  10859  
485  11873  10784  
1265  11779  11637  
7138  11870  11677  
6941  11691  11545  
10784  11873  6980  
1364  11436  11260  
783  11566  11462  
11296  11423  7791  
11120  11608  6733  
10989  11753  7229  
7832  11556  11529  
4084  11469  11261  
11303  11539  10053  
11251  11694  8096  
11529  11556  8593  
10978  11796  7402  
2322  11539  11303  
11276  11620  6609  
6664  11708  11587  
11333  11522  8656  
11297  11499  7014  
11237  11844  6566  
11095  11749  9121  
6866  11604  11507  
11307  11497  5724  
6841  11853  11235  
8209  11512  11458  
9024  11562  11561  
6612  11546  11488  
10904  11841  545  
11308  11574  7066  
11550  11621  3774  
7694  11696  11323  
8598  11799  10922  
11243  11810  7275  
8406  11732  11065  
11337  11761  444  
7083  11612  11306  
11458  11512  6618  
7107  11867  11504  
11376  11614  7098  
6850  11866  11699  
2852  11776  11653  
11509  11853  8082  
11313  11646  7267  
11462  11566  8415  
11488  11546  6890  
9600  11863  11184  
11426  11665  7118  
6686  11656  11384  
7365  11838  11328  
6915  11616  11417  
11671  11855  5359  
11507  11604  9492  
1719  11656  11415  
4500  11666  11425  
11235  11853  6635  
11336  11724  7213  
10423  11621  11550  
7195  11761  11337  
5622  11726  11368  
5765  11676  11491  
6619  11860  11408  
11408  11860  7375  
4030  11768  11590  
11590  11768  6929  
7063  11871  11806  
11459  11734  2115  
11806  11871  4217  
5957  11706  11679  
7709  11863  11340  
11587  11708  7008  
431  11876  11571  
11472  11783  2938  
11528  11767  6671  
11542  11831  4886  
5233  11748  11720  
11679  11706  8493  
9690  11814  11738  
6635  11853  11509  
11653  11776  7021  
11720  11748  6952  
6769  11876  11568  
7917  11855  11671  
11738  11814  8156  
11677  11870  4483  
11699  11866  8016  
1 53
53 54
54 55
55 56
56 57
57 58
58 59
59 60
60 61
61 62
62 63
63 2
2 64
64 65
65 3
3 66
66 67
67 4
4 68
68 69
69 5
5 70
70 71
71 6
6 72
72 73
73 7
7 74
74 75
75 8
8 76
76 77
77 9
9 78
78 79
79 10
10 80
80 81
81 11
11 82
82 83
83 12
12 84
84 85
85 13
13 86
86 87
87 14
14 88
88 89
89 15
15 90
90 91
91 16
16 92
92 93
93 17
17 94
94 95
95 18
18 96
96 97
97 19
19 98
98 99
99 20
20 100
100 101
101 21
21 102
102 103
103 22
22 104
104 105
105 23
23 106
106 107
107 24
24 108
108 109
109 25
25 110
110 111
111 26
26 112
112 113
113 27
27 114
114 115
115 28
28 116
116 117
117 29
29 118
118 119
119 30
30 120
120 121
121 31
31 122
122 123
123 32
32 124
124 125
125 33
33 126
126 127
127 34
34 128
128 129
129 35
35 130
130 131
131 36
36 132
132 133
133 37
37 134
134 135
135 38
38 136
136 137
137 39
39 138
138 139
139 40
40 140
140 141
141 41
41 142
142 143
143 42
42 144
144 145
145 43
43 146
146 147
147 44
44 148
148 149
149 45
45 150
150 151
151 46
46 152
152 153
153 47
47 154
154 155
155 48
48 156
156 157
157 49
49 158
158 159
159 160
160 161
161 162
162 163
163 164
164 165
165 166
166 167
167 168
168 169
169 170
170 171
171 172
172 173
173 174
174 175
175 176
176 177
177 178
178 50
50 179
179 180
180 181
181 182
182 183
183 184
184 185
185 186
186 187
187 188
188 189
189 190
190 191
191 192
192 193
193 194
194 195
195 196
196 197
197 198
198 199
199 200
200 201
201 202
202 203
203 204
204 205
205 206
206 207
207 208
208 209
209 210
210 211
211 212
212 213
213 214
214 215
215 216
216 217
217 218
218 219
219 220
220 221
221 222
222 223
223 224
224 225
225 226
226 227
227 228
228 229
229 230
230 231
231 232
232 233
233 234
234 235
235 236
236 237
237 238
238 239
239 240
240 51
51 241
241 242
242 243
243 244
244 245
245 246
246 247
247 248
248 249
249 250
250 251
251 252
252 253
253 254
254 255
255 256
256 257
257 258
258 259
259 260
260 261
261 262
262 263
263 264
264 265
265 266
266 267
267 268
268 269
269 270
270 271
271 272
272 273
273 274
274 275
275 276
276 277
277 278
278 279
279 280
280 281
281 282
282 283
283 284
284 285
285 286
286 287
287 288
288 289
289 290
290 291
291 292
292 293
293 294
294 295
295 296
296 297
297 298
298 299
299 300
300 301
301 302
302 303
303 304
304 305
305 306
306 307
307 308
308 309
309 310
310 311
311 312
312 313
313 314
314 315
315 316
316 317
317 318
318 319
319 320
320 321
321 322
322 323
323 324
324 325
325 326
326 327
327 328
328 329
329 330
330 331
331 332
332 333
333 334
334 335
335 336
336 337
337 338
338 339
339 340
340 341
341 342
342 343
343 344
344 345
345 346
346 347
347 348
348 349
349 350
350 351
351 352
352 353
353 354
354 355
355 356
356 357
357 358
358 359
359 52
52 360
360 361
361 362
362 363
363 364
364 365
365 366
366 367
367 368
368 369
369 370
370 371
371 372
372 373
373 374
374 375
375 376
376 377
377 378
378 379
379 380
380 381
381 382
382 383
383 384
384 385
385 386
386 387
387 388
388 389
389 390
390 391
391 392
392 393
393 394
394 395
395 396
396 397
397 398
398 399
399 400
400 401
401 402
402 403
403 404
404 405
405 406
406 407
407 408
408 1
19613
14028
4312
19208
4251
4621
13737
4133
16428
3390
2532
2726
1723
17743
17313
14580
21711
19413
15983
22366
17721
16194
17994
21462
18559
22531
18887
16766
10495
11328
17680
17224
16180
18281
15430
4388
13091
13823
14595
22772
5803
768
14907
20442
15771
22605
331
4814
5364
13412
192
19914
8238
7331
22468
12411
20071
22124
10815
6468
3700
5237
3443
4629
12677
16728
4226
3986
3134
9899
10261
10600
22072
20736
12325
1915
3933
3108
502
16049
23058
6284
11742
1684
3499
4809
4106
3417
20053
805
13209
21132
16518
1882
3976
893
5257
4181
5558
3283
7032
17948
4320
4272
4453
21183
5482
8827
17234
17190
17148
2408
3368
3168
15680
11582
1694
2839
3956
2861
22040
18179
15076
10733
11957
2645
4199
6834
4868
22055
15688
16111
15946
16654
19297
5743
15403
16060
8698
10057
20354
17689
21428
17211
1233
3466
3137
2709
2482
2171
1931
16724
1333
2008
2464
2707
3539
11872
3847
21815
4219
3400
3521
5444
15852
5572
7237
5716
19837
19715
5942
7894
6319
17170
19670
20057
4572
5972
4797
6094
4862
21364
6905
4922
6293
4884
19695
4852
12322
3190
4690
5766
4603
998
1020
4798
9600
7559
4993
20494
22988
5662
7550
6567
8632
7588
17683
21660
8860
9447
9506
9937
10212
9729
8949
10280
5252
4094
10354
4330
10360
21591
2757
10373
22987
10386
10395
10398
10410
10425
10439
10449
10251
10403
10540
10476
21473
20948
20943
10041
22675
10169
10092
10236
10225
21709
10237
20979
10245
10276
10255
9849
10262
8371
10264
9936
21978
10266
10190
9870
10218
9768
22705
10173
10168
9719
10383
9256
9321
9423
8554
9197
8513
9173
8468
20591
21419
8390
22264
9250
8325
6127
9084
8224
9057
8221
9058
8222
9059
8223
9853
8225
9073
8283
9851
8316
9098
8348
21627
8376
21345
8355
9106
8338
22338
8304
9081
8281
5239
4720
8287
9083
8293
9086
8296
19377
8247
9048
8200
4745
5264
8151
18827
9153
8205
9052
8261
9090
8302
22871
3461
9041
9571
9487
20101
9997
9488
10076
10042
20667
19022
10082
18594
19473
10054
10129
10036
10192
9978
10062
9893
22974
9842
9636
9832
9163
18098
20726
20756
11899
11606
11263
20642
21083
10868
987
10773
10725
10683
22245
21707
10616
20406
10569
1035
1619
10460
1870
10381
26
22947
8801
8413
21413
6907
6143
8696
5395
5126
8126
4750
3465
3526
4441
5258
4259
5149
4031
4634
3848
7134
22623
3918
4674
3903
4599
3844
20278
