3629 3 54
3 7012 3
12 89 2
11 155 2
98 -5.000000 0.000000
99 0.000000 0.000000
97 1.000000 0.000000
3549 2.000000 0.000000
299 3.000000 0.000000
100 8.000000 0.000000
3321 8.000000 -5.000000
96 -5.000000 -5.000000
2854 -4.853000 0.000000
2076 -4.706000 0.000000
3507 -4.559000 0.000000
2363 -4.412000 0.000000
101 -4.265000 0.000000
278 -4.118000 0.000000
3564 -3.971000 0.000000
2052 -3.824000 0.000000
95 -3.676000 0.000000
315 -3.529000 0.000000
2087 -3.382000 0.000000
2053 -3.235000 0.000000
2088 -3.088000 0.000000
2626 -2.941000 0.000000
102 -2.794000 0.000000
2860 -2.647000 0.000000
3095 -2.500000 0.000000
2051 -2.353000 0.000000
1982 -2.206000 0.000000
94 -2.059000 0.000000
2850 -1.912000 0.000000
3543 -1.765000 0.000000
1522 -1.618000 0.000000
2037 -1.471000 0.000000
2864 -1.324000 0.000000
2857 -1.176000 0.000000
1271 -1.029000 0.000000
103 -0.882000 0.000000
320 -0.735000 0.000000
3534 -0.588000 0.000000
2242 -0.441000 0.000000
2934 -0.294000 0.000000
1452 -0.147000 0.000000
1981 0.143000 0.000000
93 0.286000 0.000000
3357 0.429000 0.000000
3556 0.571000 0.000000
2039 0.714000 0.000000
1342 0.857000 0.000000
1494 1.143000 0.000000
2038 1.286000 0.000000
2544 1.429000 0.000000
1233 1.571000 0.000000
1139 1.714000 0.000000
104 1.857000 0.000000
2859 2.143000 0.000000
2243 2.286000 0.000000
1495 2.429000 0.000000
2241 2.571000 0.000000
1307 2.714000 0.000000
1306 2.857000 0.000000
2798 3.147000 0.000000
6 3.294000 0.000000
3561 3.441000 0.000000
337 3.588000 0.000000
2141 3.735000 0.000000
1492 3.882000 0.000000
1275 4.029000 0.000000
2809 4.176000 0.000000
3486 4.324000 0.000000
2863 4.471000 0.000000
1138 4.618000 0.000000
842 4.765000 0.000000
105 4.912000 0.000000
269 5.059000 0.000000
3513 5.206000 0.000000
2240 5.353000 0.000000
1308 5.500000 0.000000
1496 5.647000 0.000000
1499 5.794000 0.000000
1305 5.941000 0.000000
1256 6.088000 0.000000
843 6.235000 0.000000
92 6.382000 0.000000
91 6.529000 0.000000
3488 6.676000 0.000000
317 6.824000 0.000000
1493 6.971000 0.000000
2015 7.118000 0.000000
2868 7.265000 0.000000
2810 7.412000 0.000000
836 7.559000 0.000000
1137 7.706000 0.000000
841 7.853000 0.000000
106 8.000000 -0.147000
2861 8.000000 -0.294000
2239 8.000000 -0.441000
2238 8.000000 -0.588000
2920 8.000000 -0.735000
1497 8.000000 -0.882000
1498 8.000000 -1.029000
2271 8.000000 -1.176000
1304 8.000000 -1.324000
1255 8.000000 -1.471000
835 8.000000 -1.618000
90 8.000000 -1.765000
89 8.000000 -1.912000
3485 8.000000 -2.059000
2381 8.000000 -2.206000
2016 8.000000 -2.353000
3484 8.000000 -2.500000
2783 8.000000 -2.647000
291 8.000000 -2.794000
834 8.000000 -2.941000
2545 8.000000 -3.088000
2891 8.000000 -3.235000
107 8.000000 -3.382000
325 8.000000 -3.529000
3554 8.000000 -3.676000
1953 8.000000 -3.824000
1952 8.000000 -3.971000
2993 8.000000 -4.118000
1718 8.000000 -4.265000
1717 8.000000 -4.412000
1719 8.000000 -4.559000
2344 8.000000 -4.706000
2919 8.000000 -4.853000
2876 7.851000 -5.000000
831 7.701000 -5.000000
88 7.552000 -5.000000
1977 7.402000 -5.000000
2369 7.253000 -5.000000
2371 7.103000 -5.000000
1976 6.954000 -5.000000
87 6.805000 -5.000000
3490 6.655000 -5.000000
832 6.506000 -5.000000
2827 6.356000 -5.000000
967 6.207000 -5.000000
108 6.057000 -5.000000
3560 5.908000 -5.000000
2252 5.759000 -5.000000
2707 5.609000 -5.000000
1690 5.460000 -5.000000
1462 5.310000 -5.000000
2789 5.161000 -5.000000
2994 5.011000 -5.000000
3010 4.862000 -5.000000
2318 4.713000 -5.000000
2513 4.563000 -5.000000
1975 4.414000 -5.000000
1699 4.264000 -5.000000
828 4.115000 -5.000000
830 3.966000 -5.000000
1491 3.816000 -5.000000
2017 3.667000 -5.000000
2370 3.517000 -5.000000
1302 3.368000 -5.000000
86 3.218000 -5.000000
3489 3.069000 -5.000000
833 2.920000 -5.000000
1135 2.770000 -5.000000
968 2.621000 -5.000000
109 2.471000 -5.000000
2914 2.322000 -5.000000
2706 2.172000 -5.000000
2708 2.023000 -5.000000
1461 1.874000 -5.000000
1299 1.724000 -5.000000
2757 1.575000 -5.000000
2788 1.425000 -5.000000
829 1.276000 -5.000000
3012 1.126000 -5.000000
1064 0.977000 -5.000000
2398 0.828000 -5.000000
2514 0.678000 -5.000000
826 0.529000 -5.000000
827 0.379000 -5.000000
2886 0.230000 -5.000000
1490 0.080000 -5.000000
2214 -0.069000 -5.000000
3503 -0.218000 -5.000000
276 -0.368000 -5.000000
1276 -0.517000 -5.000000
85 -0.667000 -5.000000
1471 -0.816000 -5.000000
1136 -0.966000 -5.000000
2884 -1.115000 -5.000000
110 -1.264000 -5.000000
262 -1.414000 -5.000000
3531 -1.563000 -5.000000
1531 -1.713000 -5.000000
2433 -1.862000 -5.000000
1298 -2.011000 -5.000000
1297 -2.161000 -5.000000
818 -2.310000 -5.000000
820 -2.460000 -5.000000
822 -2.609000 -5.000000
816 -2.759000 -5.000000
814 -2.908000 -5.000000
813 -3.057000 -5.000000
2979 -3.207000 -5.000000
2930 -3.356000 -5.000000
824 -3.506000 -5.000000
2768 -3.655000 -5.000000
2805 -3.805000 -5.000000
2212 -3.954000 -5.000000
2213 -4.103000 -5.000000
2215 -4.253000 -5.000000
84 -4.402000 -5.000000
3546 -4.552000 -5.000000
1277 -4.701000 -5.000000
2712 -4.851000 -5.000000
1470 -5.000000 -4.853000
2711 -5.000000 -4.706000
111 -5.000000 -4.559000
2915 -5.000000 -4.412000
2145 -5.000000 -4.265000
2709 -5.000000 -4.118000
1750 -5.000000 -3.971000
1223 -5.000000 -3.824000
922 -5.000000 -3.676000
819 -5.000000 -3.529000
817 -5.000000 -3.382000
821 -5.000000 -3.235000
823 -5.000000 -3.088000
815 -5.000000 -2.941000
812 -5.000000 -2.794000
810 -5.000000 -2.647000
808 -5.000000 -2.500000
806 -5.000000 -2.353000
825 -5.000000 -2.206000
2769 -5.000000 -2.059000
2835 -5.000000 -1.912000
2192 -5.000000 -1.765000
1884 -5.000000 -1.618000
3548 -5.000000 -1.471000
323 -5.000000 -1.324000
83 -5.000000 -1.176000
1883 -5.000000 -1.029000
1697 -5.000000 -0.882000
2484 -5.000000 -0.735000
1698 -5.000000 -0.588000
112 -5.000000 -0.441000
329 -5.000000 -0.294000
3529 -5.000000 -0.147000
2036 1.520000 -0.122000
1278 2.357000 -0.124000
1689 0.660000 -0.122000
1132 5.426000 -0.127000
805 -2.422000 -0.129000
945 4.544000 -0.127000
2763 -1.539000 -0.130000
3273 3.662000 -0.124000
3055 -0.662000 -0.127000
837 2.994000 -4.871000
2803 0.021000 -4.875000
811 1.959000 -4.854000
809 1.052000 -4.871000
807 4.933000 -4.869000
804 -1.924000 -4.869000
838 4.032000 -4.874000
844 -1.055000 -4.874000
846 7.874000 -2.575000
2191 -4.873000 -2.574000
2193 -2.716000 -4.860000
2190 5.670000 -4.862000
82 6.162000 -0.127000
3533 -3.159000 -0.128000
2148 -4.860000 -1.857000
916 7.873000 -1.838000
3334 -4.868000 -3.321000
2201 7.873000 -3.320000
113 -3.423000 -4.863000
3563 6.431000 -4.871000
2308 -0.074000 -0.126000
2309 3.073000 -0.123000
2307 6.758000 -0.126000
1688 -3.748000 -0.128000
2276 7.872000 -1.267000
2858 -4.883000 -1.258000
802 -4.865000 -3.912000
2171 7.870000 -3.913000
2762 -4.029000 -4.871000
3276 7.012000 -4.862000
1903 -0.443000 -4.871000
1313 0.584000 -4.869000
839 3.443000 -4.871000
2801 2.397000 -4.871000
2802 1.500000 -4.871000
1252 -1.472000 -4.878000
2912 4.493000 -4.877000
803 7.198000 -0.129000
840 -4.191000 -0.127000
845 4.118000 -0.140000
847 4.985000 -0.127000
3496 -1.098000 -0.130000
2020 -1.980000 -0.129000
266 1.090000 -0.121000
1436 1.929000 -0.124000
81 7.868000 -0.832000
1435 -4.859000 -0.831000
2800 -4.869000 -4.347000
1553 7.874000 -4.347000
3336 7.477000 -4.871000
114 -4.481000 -4.851000
3106 6.745000 -4.871000
1876 2.695000 -4.871000
2310 0.306000 -4.867000
1502 -3.139000 -4.856000
2937 -3.735000 -4.852000
2329 6.129000 -4.867000
801 -0.734000 -4.875000
800 3.741000 -4.871000
1896 -2.390000 -4.867000
2004 5.396000 -4.873000
1897 7.872000 -0.522000
2694 -4.867000 -0.521000
1899 7.492000 -0.129000
3280 -4.509000 -0.116000
1339 -4.868000 -1.548000
1901 7.873000 -1.548000
3042 -3.454000 -0.128000
2911 -2.864000 -0.128000
2577 6.458000 -0.122000
2795 5.868000 -0.127000
2887 7.867000 -2.138000
848 -4.868000 -2.133000
849 3.367000 -0.127000
2089 -0.381000 -0.137000
2019 7.869000 -2.885000
80 -4.863000 -2.885000
3466 0.361000 -0.124000
1434 2.643000 -0.124000
1433 7.875000 -3.602000
2751 -4.873000 -3.603000
3338 -4.873000 -4.632000
2742 7.873000 -4.632000
115 7.771000 -0.129000
271 -4.762000 -0.128000
3559 7.779000 -4.872000
1501 -4.776000 -4.871000
2058 0.071000 -0.126000
1266 -0.002000 -0.251000
2776 0.143000 -0.251000
1012 0.071000 -0.377000
794 0.216000 -0.377000
799 0.143000 -0.500000
1696 0.288000 -0.502000
1695 0.202000 -0.645000
2693 0.358000 -0.631000
1898 0.288000 -0.754000
1892 0.433000 -0.754000
1900 0.361000 -0.879000
2727 0.236000 -0.890000
2728 0.295000 -1.009000
2183 0.435000 -1.006000
1891 0.362000 -1.132000
1714 0.506000 -1.131000
1712 0.237000 -1.141000
1708 0.434000 -1.257000
3282 0.571000 -1.252000
850 0.506000 -1.376000
851 0.660000 -1.366000
3463 0.567000 -1.513000
324 0.724000 -1.510000
2721 0.655000 -1.639000
79 0.803000 -1.633000
1432 0.722000 -1.764000
1431 0.876000 -1.759000
912 0.570000 -1.761000
3341 0.794000 -1.890000
2741 0.948000 -1.887000
116 0.871000 -2.015000
2931 1.022000 -2.014000
2261 0.945000 -2.141000
1500 1.090000 -2.141000
2260 1.017000 -2.268000
1244 1.164000 -2.268000
792 1.237000 -2.141000
791 1.310000 -2.266000
793 1.383000 -2.141000
1707 1.457000 -2.267000
2902 0.871000 -2.268000
1694 1.530000 -2.141000
1249 1.603000 -2.265000
1291 1.676000 -2.140000
3008 1.749000 -2.265000
1686 1.822000 -2.140000
3048 1.896000 -2.266000
1777 1.969000 -2.140000
3284 2.042000 -2.265000
3054 2.115000 -2.140000
1890 2.189000 -2.265000
1713 2.262000 -2.140000
1710 2.335000 -2.266000
1709 2.409000 -2.140000
1093 2.482000 -2.265000
852 2.556000 -2.139000
853 2.629000 -2.264000
2722 2.703000 -2.139000
78 2.776000 -2.264000
3461 2.850000 -2.139000
1521 2.923000 -2.264000
1430 2.997000 -2.139000
1429 3.071000 -2.264000
2740 3.144000 -2.139000
1554 3.218000 -2.264000
3342 3.291000 -2.138000
117 3.365000 -2.265000
333 3.439000 -2.139000
3530 3.513000 -2.264000
2025 3.586000 -2.138000
2224 3.660000 -2.263000
1951 3.734000 -2.138000
2841 3.808000 -2.263000
781 3.882000 -2.138000
780 3.955000 -2.263000
2940 4.029000 -2.138000
3025 4.103000 -2.265000
1065 4.177000 -2.138000
2830 4.251000 -2.263000
450 4.325000 -2.138000
966 4.399000 -2.263000
1685 4.473000 -2.137000
2692 4.546000 -2.264000
1687 4.620000 -2.137000
466 4.694000 -2.263000
1778 4.768000 -2.137000
2790 4.842000 -2.262000
2255 4.916000 -2.137000
2189 4.990000 -2.264000
2923 5.064000 -2.137000
1711 5.137000 -2.262000
1745 5.211000 -2.137000
3285 5.285000 -2.262000
854 5.359000 -2.136000
855 5.433000 -2.262000
2723 5.507000 -2.136000
3459 1.237000 -2.395000
77 2.101000 -2.390000
2778 2.836000 -2.388000
1428 5.199000 -2.385000
1427 3.573000 -2.387000
2739 4.312000 -2.386000
3343 5.580000 -2.264000
2738 5.654000 -2.137000
118 5.728000 -2.264000
2944 5.802000 -2.137000
2149 5.876000 -2.264000
1771 5.801000 -2.392000
2262 5.949000 -2.137000
1658 5.949000 -2.392000
798 5.874000 -2.520000
762 6.023000 -2.520000
761 5.944000 -2.648000
1069 1.754000 -2.010000
3075 2.483000 -2.012000
451 6.097000 -2.648000
453 6.011000 -2.773000
448 3.218000 -2.011000
447 3.808000 -2.011000
2836 5.580000 -2.009000
2896 4.399000 -2.010000
457 4.990000 -2.009000
1779 6.170000 -2.776000
464 6.090000 -2.901000
1780 6.246000 -2.648000
2003 0.871000 -1.504000
468 6.245000 -2.904000
2296 6.170000 -3.031000
2196 6.011000 -3.026000
1746 6.096000 -3.159000
1989 5.942000 -3.157000
3288 6.246000 -3.160000
856 6.022000 -3.287000
857 5.870000 -3.285000
3458 4.756000 -2.385000
248 1.661000 -2.390000
76 5.949000 -3.416000
2752 5.796000 -3.414000
1426 5.875000 -3.544000
1425 5.727000 -3.544000
913 6.024000 -3.545000
3345 0.650000 -1.125000
2737 5.646000 -3.415000
119 5.578000 -3.545000
281 5.505000 -3.417000
3536 5.431000 -3.545000
2375 5.357000 -3.417000
1656 5.283000 -3.545000
2334 5.209000 -3.417000
1655 5.134000 -3.545000
2335 5.060000 -3.417000
747 4.986000 -3.545000
746 4.912000 -3.417000
2874 4.838000 -3.545000
3126 4.763000 -3.417000
452 4.689000 -3.545000
449 4.615000 -3.417000
454 4.541000 -3.546000
446 4.466000 -3.417000
445 4.392000 -3.546000
461 4.318000 -3.417000
2987 4.244000 -3.546000
458 4.169000 -3.417000
1781 4.095000 -3.546000
465 4.021000 -3.418000
1782 3.947000 -3.546000
3289 3.873000 -3.418000
469 3.799000 -3.546000
473 3.724000 -3.418000
2297 3.650000 -3.546000
1990 3.576000 -3.418000
3144 3.502000 -3.546000
926 3.428000 -3.418000
858 3.354000 -3.546000
859 3.279000 -3.418000
2753 3.205000 -3.546000
75 3.131000 -3.418000
3457 3.057000 -3.546000
1520 2.983000 -3.418000
1424 2.909000 -3.546000
1423 2.835000 -3.419000
2736 2.761000 -3.546000
1642 2.687000 -3.419000
3347 2.613000 -3.546000
120 2.538000 -3.419000
3566 2.465000 -3.546000
2258 2.390000 -3.419000
2328 2.317000 -3.547000
1657 2.242000 -3.419000
1467 2.169000 -3.547000
1955 2.095000 -3.419000
1466 2.021000 -3.547000
2423 1.947000 -3.419000
744 1.873000 -3.547000
743 1.799000 -3.419000
2373 1.725000 -3.547000
950 1.651000 -3.419000
774 1.577000 -3.547000
2639 1.503000 -3.419000
3241 1.429000 -3.547000
3413 1.355000 -3.416000
444 1.281000 -3.546000
437 1.207000 -3.416000
2719 1.133000 -3.546000
3032 1.059000 -3.419000
2286 0.985000 -3.547000
1783 0.911000 -3.420000
470 0.838000 -3.547000
1784 0.761000 -3.419000
2231 0.689000 -3.547000
471 0.611000 -3.416000
2350 0.541000 -3.547000
3061 0.466000 -3.417000
2935 0.394000 -3.547000
2399 0.317000 -3.418000
3290 0.246000 -3.547000
860 0.168000 -3.417000
861 0.097000 -3.548000
2754 0.022000 -3.418000
3455 -0.050000 -3.548000
74 -0.124000 -3.420000
2755 -0.053000 -3.288000
1422 -0.198000 -3.292000
1421 -0.272000 -3.421000
2730 -0.346000 -3.292000
3348 -0.420000 -3.421000
2731 -0.494000 -3.292000
121 -0.420000 -3.164000
3237 -0.568000 -3.164000
2257 -0.494000 -3.036000
2056 -0.642000 -3.036000
2290 -0.716000 -3.164000
1254 -0.791000 -3.036000
2829 -0.717000 -2.907000
934 -0.865000 -2.907000
745 -0.939000 -3.035000
740 -1.013000 -2.907000
741 -0.939000 -2.779000
738 -1.087000 -2.779000
736 -1.161000 -2.907000
2547 -1.235000 -2.779000
2638 -1.309000 -2.907000
3409 -1.383000 -2.779000
1315 -1.457000 -2.907000
2107 -1.531000 -2.778000
436 -1.605000 -2.906000
435 -1.679000 -2.778000
1104 -1.753000 -2.906000
3045 -1.827000 -2.778000
2285 -1.902000 -2.906000
1785 -1.975000 -2.778000
472 -2.050000 -2.906000
1786 -2.124000 -2.778000
3292 -2.198000 -2.906000
474 -2.272000 -2.778000
3030 -2.346000 -2.906000
1312 -2.420000 -2.778000
2440 -2.494000 -2.906000
734 -2.197000 -2.650000
1103 -1.309000 -2.650000
862 -2.568000 -2.777000
863 -2.642000 -2.905000
3454 -2.716000 -2.777000
294 -2.790000 -2.905000
73 -2.864000 -2.777000
2756 -2.790000 -2.649000
1420 -2.938000 -2.905000
1419 -2.937000 -2.649000
914 -2.863000 -2.521000
3351 -3.011000 -2.521000
2732 -2.937000 -2.393000
122 -3.085000 -2.393000
302 -3.011000 -2.265000
3565 -2.864000 -3.033000
2055 -3.012000 -3.033000
2054 -2.126000 -3.034000
2885 -3.159000 -2.265000
1140 -3.085000 -2.137000
770 -1.532000 -3.035000
933 -3.232000 -2.137000
769 -3.158000 -2.009000
739 -3.011000 -2.009000
3020 -3.084000 -1.881000
737 -2.937000 -1.882000
735 -3.232000 -1.881000
1872 -3.233000 -2.392000
2546 -2.938000 -3.161000
1873 -3.086000 -3.161000
2548 -3.010000 -1.754000
3421 -2.863000 -1.754000
2106 -3.012000 -3.289000
434 -3.160000 -3.289000
433 -2.937000 -1.626000
2705 -2.789000 -1.626000
3068 -1.753000 -2.650000
1300 -3.086000 -3.417000
1787 -3.234000 -3.417000
475 -3.308000 -3.289000
1788 -3.382000 -3.417000
2220 -3.456000 -3.289000
478 -3.530000 -3.417000
482 -2.863000 -1.498000
681 -2.715000 -1.498000
701 -3.010000 -1.498000
733 -3.604000 -3.288000
3294 -2.938000 -3.418000
864 -3.309000 -3.545000
865 -2.642000 -1.626000
2745 -2.568000 -1.499000
72 -2.494000 -1.626000
3453 -2.420000 -1.499000
1518 -2.347000 -1.626000
1418 -2.273000 -1.499000
1417 -2.199000 -1.626000
2733 -2.125000 -1.499000
1646 -2.051000 -1.627000
3352 -1.978000 -1.499000
123 -1.904000 -1.627000
3015 -1.830000 -1.499000
2520 -1.756000 -1.627000
1459 -1.682000 -1.499000
1527 -1.609000 -1.627000
1253 -1.535000 -1.499000
1143 -1.461000 -1.627000
932 -1.387000 -1.500000
3029 -1.314000 -1.627000
1744 -1.240000 -1.500000
1082 -1.166000 -1.627000
3178 -1.092000 -1.500000
3044 -1.019000 -1.627000
773 -1.313000 -1.372000
1619 -2.641000 -1.371000
1618 -2.198000 -1.372000
1880 -1.756000 -1.371000
1874 -3.678000 -3.416000
3420 -0.945000 -1.500000
441 -0.872000 -1.628000
2108 0.385000 -3.286000
432 5.950000 -3.673000
431 6.099000 -3.673000
463 -3.752000 -3.288000
3080 5.209000 -3.674000
2174 4.762000 -3.673000
1789 4.316000 -3.674000
479 0.756000 -3.676000
1790 3.276000 -3.674000
3295 1.201000 -3.675000
480 2.238000 -3.675000
680 1.645000 -3.675000
700 2.831000 -3.675000
732 0.166000 -3.675000
2976 3.870000 -3.674000
925 0.012000 -0.503000
866 -3.827000 -3.416000
867 -3.752000 -3.544000
2744 -0.798000 -1.500000
3452 -0.725000 -1.628000
71 -0.871000 -1.373000
2743 6.025000 -3.802000
1416 6.173000 -3.802000
1415 -3.900000 -3.287000
2734 -3.826000 -3.159000
3353 -3.901000 -3.544000
2735 -3.826000 -3.672000
124 -0.798000 -1.755000
336 -0.651000 -1.755000
3535 0.831000 -3.289000
2059 3.947000 -3.289000
1294 3.205000 -3.290000
1829 2.464000 -3.291000
1282 -0.724000 -1.373000
1283 -0.798000 -1.246000
3207 -3.973000 -3.160000
1763 -3.899000 -3.032000
2955 -3.974000 -3.672000
3038 -3.901000 -3.800000
2380 -2.421000 -1.754000
2442 -0.725000 -1.882000
3058 -0.578000 -1.882000
3062 -0.504000 -1.755000
1617 -0.431000 -1.882000
1616 -0.504000 -2.010000
2521 -0.357000 -2.010000
3430 -1.978000 -1.754000
2522 -1.535000 -1.755000
3422 5.426000 -3.286000
3396 4.986000 -3.289000
430 4.541000 -3.289000
429 1.872000 -3.291000
3090 1.430000 -3.287000
2536 6.099000 -3.930000
484 6.248000 -3.930000
1791 6.322000 -3.801000
481 6.396000 -3.930000
1792 6.470000 -3.801000
2208 6.544000 -3.930000
3124 6.618000 -3.801000
3082 6.693000 -3.929000
742 6.767000 -3.801000
1070 6.841000 -3.929000
2761 5.951000 -3.930000
3296 6.915000 -3.801000
868 6.841000 -3.673000
869 6.989000 -3.929000
3450 6.989000 -3.673000
250 6.915000 -3.544000
70 -0.651000 -1.246000
2746 -0.724000 -1.119000
1414 -0.284000 -1.882000
1413 -0.210000 -2.010000
915 -0.283000 -2.136000
2977 -0.137000 -2.137000
3350 -4.048000 -3.800000
125 -3.975000 -3.928000
3359 -3.827000 -3.929000
2166 -4.047000 -3.032000
2072 -3.973000 -2.904000
3003 -0.209000 -2.264000
2283 -0.063000 -2.264000
1506 7.063000 -3.544000
1523 6.988000 -3.416000
3231 -0.577000 -1.119000
3235 -0.651000 -0.992000
1551 -0.798000 -0.991000
1749 -4.123000 -3.928000
1549 -3.901000 -4.057000
2441 -3.753000 -4.057000
2443 6.915000 -4.057000
2651 7.063000 -4.057000
1621 -4.120000 -2.904000
1615 -4.046000 -2.777000
1614 6.322000 -4.059000
1631 5.792000 -2.646000
727 -2.790000 -2.392000
2523 -0.136000 -2.391000
3418 0.011000 -2.391000
486 -4.123000 -3.672000
428 -3.825000 -2.905000
427 7.136000 -3.416000
1105 7.062000 -3.288000
3110 -0.063000 -2.519000
485 0.084000 -2.519000
1793 -0.137000 -1.882000
3083 -0.504000 -1.247000
1794 0.158000 -2.391000
3293 0.231000 -2.519000
2845 -4.121000 -3.160000
1478 -0.724000 -0.865000
1071 -0.871000 -0.864000
1072 7.210000 -3.288000
1146 7.136000 -3.161000
1102 6.988000 -3.161000
870 7.062000 -3.033000
871 -4.194000 -2.777000
2747 -4.120000 -2.649000
69 -0.503000 -0.993000
3449 7.210000 -3.544000
1517 6.914000 -3.033000
1412 6.988000 -2.905000
1411 7.136000 -2.905000
2542 7.062000 -2.777000
1651 6.914000 -2.777000
3349 6.988000 -2.649000
7 7.135000 -2.649000
3558 7.062000 -2.522000
339 6.914000 -2.522000
2282 6.988000 -2.394000
303 6.839000 -2.394000
2071 6.914000 -2.266000
3401 6.763000 -2.265000
2070 6.840000 -2.138000
2085 6.988000 -2.139000
1764 6.914000 -2.011000
3552 6.765000 -2.010000
1550 6.840000 -1.883000
1547 6.693000 -1.884000
1548 6.766000 -1.756000
1544 6.619000 -1.756000
1296 6.693000 -1.628000
2650 6.545000 -1.628000
3084 6.619000 -1.501000
3103 6.472000 -1.501000
1613 6.545000 -1.373000
1612 6.398000 -1.373000
2637 6.693000 -1.373000
488 6.619000 -1.246000
3417 6.766000 -1.246000
476 6.914000 -1.756000
487 6.693000 -1.118000
426 6.840000 -1.118000
425 6.766000 -0.991000
3115 6.619000 -0.991000
2317 6.913000 -0.990000
1092 6.987000 -1.118000
1795 7.061000 -0.990000
3204 6.324000 -1.501000
1796 6.251000 -1.373000
2203 6.177000 -1.500000
2575 6.103000 -1.373000
2844 6.987000 -0.863000
1073 7.134000 -0.863000
1144 7.134000 -1.118000
1295 6.177000 -1.246000
3291 6.030000 -1.246000
872 6.103000 -1.118000
873 5.956000 -1.118000
2748 5.882000 -1.245000
3447 5.809000 -1.118000
68 5.735000 -1.245000
2764 5.661000 -1.118000
1410 5.588000 -1.245000
1409 5.514000 -1.118000
2540 5.440000 -1.245000
3346 5.367000 -1.118000
2541 5.293000 -1.245000
126 5.219000 -1.118000
127 5.146000 -1.245000
128 5.072000 -1.118000
129 4.998000 -1.245000
2113 4.925000 -1.118000
130 4.851000 -1.245000
3616 4.777000 -1.118000
283 4.703000 -1.245000
2140 4.630000 -1.118000
3621 4.556000 -1.245000
2204 4.482000 -1.118000
2067 4.409000 -1.245000
1546 4.335000 -1.118000
2422 4.261000 -1.245000
1543 4.187000 -1.118000
1542 4.114000 -1.245000
490 4.040000 -1.118000
2649 3.966000 -1.245000
2648 3.893000 -1.118000
3120 3.819000 -1.245000
1611 3.746000 -1.118000
1610 3.672000 -1.245000
2629 3.598000 -1.119000
489 3.525000 -1.245000
2630 3.452000 -1.119000
3416 3.378000 -1.245000
2967 3.305000 -1.119000
424 3.232000 -1.245000
423 3.158000 -1.119000
462 3.085000 -1.245000
3117 3.012000 -1.119000
3189 2.939000 -1.245000
1797 2.866000 -1.119000
2573 2.793000 -1.245000
1798 2.720000 -1.119000
3287 2.648000 -1.245000
2574 2.575000 -1.120000
1147 2.502000 -1.245000
1145 2.429000 -1.120000
2974 2.357000 -1.245000
1545 2.284000 -1.120000
924 2.211000 -1.245000
874 2.139000 -1.120000
875 2.066000 -1.245000
3578 1.994000 -1.120000
293 1.921000 -1.245000
67 1.849000 -1.120000
3446 1.776000 -1.246000
1408 1.704000 -1.120000
1407 1.776000 -0.995000
911 1.631000 -0.995000
3339 2.211000 -0.994000
3006 2.793000 -0.993000
131 3.231000 -0.993000
132 3.819000 -0.991000
3598 5.588000 -0.991000
305 5.146000 -0.991000
3532 4.703000 -0.991000
273 4.261000 -0.992000
2421 6.030000 -0.991000
2066 1.631000 -1.246000
2506 1.704000 -0.869000
2507 1.559000 -0.869000
1882 2.139000 -1.371000
491 2.866000 -1.372000
492 7.209000 -2.522000
728 3.448000 -1.372000
2647 4.037000 -1.372000
1622 4.627000 -1.372000
1609 5.217000 -1.372000
1608 -0.279000 -2.392000
1630 0.158000 -2.646000
683 0.305000 -2.646000
2631 -3.827000 -4.185000
3415 -3.679000 -4.186000
3258 6.990000 -4.185000
422 7.138000 -4.185000
421 7.212000 -4.057000
3116 1.631000 -0.744000
2270 1.487000 -0.744000
2572 1.415000 -0.869000
1799 1.343000 -0.744000
1475 1.776000 -0.744000
1800 1.270000 -0.869000
2198 1.198000 -0.744000
1149 0.509000 -0.627000
1148 1.704000 -1.371000
3024 1.559000 -1.372000
2074 6.543000 -1.882000
2073 3.525000 -0.993000
3281 2.502000 -0.994000
876 2.923000 -2.012000
877 1.310000 -2.014000
2900 6.545000 -3.673000
66 2.761000 -3.290000
2899 2.168000 -3.291000
1511 3.502000 -3.290000
1406 1.132000 -3.290000
1405 4.244000 -3.289000
2397 -3.381000 -3.160000
1846 -0.210000 -1.755000
3335 -0.064000 -1.755000
133 -0.137000 -1.628000
134 2.043000 -2.013000
136 -3.085000 -2.649000
135 0.010000 -1.882000
310 -4.269000 -2.905000
137 -1.240000 -1.755000
3436 1.032000 -1.755000
2143 5.875000 -2.009000
2965 6.693000 -0.863000
493 6.545000 -0.863000
494 -2.936000 -1.371000
2646 -3.084000 -1.370000
3130 -3.010000 -1.243000
3140 -3.157000 -1.243000
1607 -3.084000 -1.115000
1606 -3.231000 -1.115000
2632 -3.305000 -1.243000
3242 -3.378000 -1.115000
3411 -3.452000 -1.242000
443 -3.526000 -1.115000
2570 -3.599000 -1.242000
420 -3.673000 -1.115000
419 -3.747000 -1.242000
1101 -3.820000 -1.114000
3111 -3.894000 -1.242000
2571 -3.820000 -1.369000
1801 -3.967000 -1.114000
1151 -3.968000 -1.369000
1802 -3.894000 -1.497000
3275 -4.041000 -1.497000
1150 -3.968000 -1.624000
1365 -3.894000 -0.987000
3051 -4.041000 -0.987000
2103 -3.304000 -0.987000
3599 -4.115000 -1.624000
265 -4.042000 -1.752000
1100 -3.967000 -0.859000
878 -4.114000 -0.859000
879 -4.188000 -0.987000
3444 -4.189000 -1.497000
65 -4.189000 -1.752000
2897 -4.115000 -1.879000
3442 -3.968000 -1.879000
2898 -4.263000 -1.879000
1404 -4.261000 -0.859000
1403 -4.042000 -2.007000
946 -3.895000 -2.007000
3329 -2.936000 -1.116000
2346 -3.010000 -0.988000
138 -2.862000 -0.988000
3629 -2.936000 -0.860000
139 -2.789000 -0.860000
3234 -3.599000 -0.987000
2568 7.283000 -3.160000
495 -0.569000 -3.420000
496 -0.494000 -3.549000
2645 -0.643000 -3.549000
2519 -0.568000 -3.678000
3150 -0.717000 -3.677000
1605 -0.643000 -3.806000
1604 -0.791000 -3.806000
2633 -0.717000 -3.935000
2567 -0.865000 -3.935000
2634 -0.568000 -3.935000
3410 -0.940000 -3.806000
2569 -1.014000 -3.935000
418 -1.089000 -3.806000
417 -1.163000 -3.935000
3102 -1.237000 -3.806000
2254 -1.311000 -3.935000
1153 -1.386000 -3.806000
1803 -1.460000 -3.935000
1152 -1.534000 -3.806000
1804 -1.609000 -3.935000
2187 -1.683000 -3.806000
2966 -1.758000 -3.935000
3354 -1.832000 -3.806000
3540 -1.906000 -3.935000
2122 -1.981000 -3.806000
140 -2.055000 -3.935000
141 -2.129000 -3.806000
3591 -2.204000 -3.935000
3270 -1.237000 -4.064000
880 -1.683000 -4.064000
881 -2.129000 -4.064000
64 -2.278000 -4.064000
252 -0.642000 -4.064000
2002 -0.494000 -4.064000
3441 -2.352000 -3.935000
1402 -2.427000 -4.064000
1401 -2.204000 -4.193000
2345 -1.758000 -3.678000
1838 -1.163000 -3.677000
3323 -2.500000 -3.934000
684 -2.575000 -4.064000
3260 -0.568000 -4.192000
2566 -0.419000 -4.192000
497 -2.647000 -3.933000
498 -2.723000 -4.062000
729 -2.650000 -4.192000
2518 -2.798000 -4.192000
1831 -2.871000 -4.062000
1603 -2.946000 -4.191000
1602 -3.021000 -4.063000
1629 -2.425000 -3.805000
1332 7.061000 -2.011000
2635 6.097000 -2.392000
3407 -3.971000 -2.648000
1155 3.155000 -1.373000
416 -3.526000 -1.370000
415 6.841000 -3.417000
460 6.025000 -4.059000
3087 5.876000 -4.059000
1154 5.951000 -4.188000
1805 5.802000 -4.188000
1326 -2.420000 -3.033000
1806 -1.829000 -3.035000
3266 -3.821000 -1.624000
2125 0.944000 -2.395000
2123 -1.012000 -2.651000
314 3.869000 -2.386000
142 -1.236000 -3.035000
923 3.573000 -3.674000
882 6.619000 -4.058000
883 3.131000 -2.388000
63 -0.940000 -4.064000
2263 -3.975000 -4.185000
3438 2.535000 -3.675000
2234 -2.055000 -3.678000
1400 0.701000 -2.038000
1399 1.942000 -3.675000
910 2.429000 -1.372000
3319 2.542000 -2.389000
2303 5.505000 -3.673000
2562 5.659000 -1.372000
3244 0.460000 -3.676000
2563 -1.461000 -3.678000
2565 -0.345000 -4.064000
499 -0.270000 -4.192000
500 3.512000 -2.011000
2517 -4.267000 -2.649000
3153 3.742000 -1.372000
3158 4.104000 -2.010000
1601 4.332000 -1.372000
1600 4.922000 -1.372000
2636 5.285000 -2.009000
1157 4.694000 -2.010000
3406 -0.347000 -3.036000
1079 -0.864000 -2.651000
1156 -0.938000 -2.523000
414 -4.041000 -0.732000
413 -3.893000 -0.732000
3076 -0.797000 -0.737000
2222 -0.944000 -0.737000
3607 -0.650000 -0.739000
1807 -1.018000 -0.864000
3553 -1.091000 -0.737000
2962 -1.165000 -0.864000
1808 -1.238000 -0.736000
2175 -1.312000 -0.864000
2126 -1.385000 -0.736000
2124 -1.459000 -0.863000
143 -1.533000 -0.736000
3464 -1.606000 -0.863000
3262 -1.680000 -0.736000
884 -1.754000 -0.863000
885 -1.827000 -0.735000
62 -1.901000 -0.863000
327 -1.975000 -0.735000
3434 -2.048000 -0.863000
2233 -2.122000 -0.735000
1398 -2.196000 -0.863000
1397 -2.269000 -0.735000
2302 7.283000 -2.649000
1645 -3.604000 -4.057000
3307 -3.093000 -4.192000
2560 6.619000 -0.736000
2561 6.472000 -0.736000
3250 7.060000 -0.736000
2564 7.208000 -0.735000
1159 7.281000 -0.863000
501 7.286000 -4.185000
502 -2.862000 -0.733000
955 -3.009000 -0.732000
2509 7.212000 -4.313000
1830 5.877000 -4.317000
1599 5.728000 -4.317000
1598 6.025000 -4.317000
2643 5.653000 -4.188000
1158 5.579000 -4.317000
2644 5.504000 -4.188000
3405 5.430000 -4.317000
2961 5.355000 -4.188000
412 5.281000 -4.317000
411 5.206000 -4.188000
1098 5.132000 -4.309000
3057 5.058000 -4.187000
1809 4.983000 -4.307000
3575 4.909000 -4.186000
2130 4.834000 -4.316000
1810 4.760000 -4.188000
3253 4.685000 -4.317000
2127 4.611000 -4.189000
2128 4.536000 -4.314000
144 4.462000 -4.188000
1067 4.387000 -4.313000
886 4.313000 -4.188000
887 4.238000 -4.314000
61 4.164000 -4.188000
2232 4.090000 -4.310000
1909 4.015000 -4.188000
3429 3.941000 -4.309000
1396 3.866000 -4.187000
1395 3.792000 -4.319000
2806 3.717000 -4.189000
3298 3.643000 -4.321000
2301 3.568000 -4.190000
1337 3.494000 -4.311000
2559 3.419000 -4.188000
3261 3.345000 -4.310000
685 3.271000 -4.188000
1161 3.203000 -4.313000
1160 3.123000 -4.188000
503 3.054000 -4.336000
504 2.974000 -4.193000
2508 2.899000 -4.319000
3157 2.824000 -4.190000
3161 2.750000 -4.322000
1597 2.675000 -4.191000
1596 2.601000 -4.322000
1879 2.527000 -4.191000
1328 2.452000 -4.320000
3403 2.378000 -4.190000
442 2.304000 -4.319000
2150 2.229000 -4.191000
410 2.154000 -4.321000
409 2.080000 -4.191000
3046 2.006000 -4.319000
2202 1.932000 -4.191000
1811 1.858000 -4.316000
2129 1.783000 -4.190000
1812 1.715000 -4.315000
2170 1.636000 -4.190000
3567 1.565000 -4.337000
258 1.487000 -4.194000
145 1.412000 -4.320000
3240 1.337000 -4.191000
888 1.263000 -4.311000
889 1.189000 -4.190000
60 1.113000 -4.332000
275 1.040000 -4.193000
3419 0.966000 -4.320000
2206 0.891000 -4.192000
1394 0.817000 -4.320000
1393 0.743000 -4.192000
909 0.668000 -4.320000
3278 0.594000 -4.192000
2300 0.520000 -4.320000
1163 0.445000 -4.192000
2558 0.373000 -4.319000
2554 0.297000 -4.192000
2553 0.232000 -4.319000
3251 -4.335000 -0.986000
1162 -2.872000 -4.321000
2963 7.356000 -2.522000
505 -4.336000 -1.752000
506 1.703000 -0.620000
709 1.847000 -0.619000
2525 -3.901000 -4.314000
1624 -4.050000 -4.314000
1595 0.305000 -2.391000
1594 1.270000 -0.619000
2659 1.126000 -0.619000
3610 1.054000 -0.744000
2660 7.355000 -0.735000
3402 0.379000 -1.380000
2152 0.232000 -2.774000
2151 0.379000 -2.774000
408 -0.345000 -4.321000
407 -3.967000 -0.604000
459 -3.820000 -0.605000
2981 -4.114000 -0.604000
1813 0.457000 -2.631000
3169 0.520000 -2.775000
1814 -0.870000 -0.611000
3227 7.357000 -3.288000
146 -1.312000 -0.609000
921 -1.753000 -0.608000
890 -2.195000 -0.607000
891 -2.343000 -0.607000
5 6.023000 -2.009000
2205 -4.193000 -2.521000
1507 -4.341000 -2.521000
3570 6.765000 -2.521000
1392 7.360000 -4.313000
1391 7.360000 -4.057000
2299 7.061000 -1.245000
1773 7.208000 -1.245000
3257 1.631000 -1.497000
1164 1.486000 -1.497000
1165 1.414000 -1.371000
2557 -0.421000 -2.908000
2551 -0.199000 -4.062000
2552 -0.791000 -2.523000
3248 -0.864000 -2.395000
3460 -1.012000 -2.395000
3585 0.982000 -0.619000
507 7.431000 -3.160000
508 -4.410000 -1.879000
2524 -4.337000 -2.007000
3164 -3.012000 -3.546000
3152 -4.415000 -2.649000
1593 7.428000 -0.863000
1592 0.903000 -0.740000
1627 0.981000 -0.869000
2661 0.084000 -2.774000
3400 7.281000 -0.608000
3537 6.545000 -0.605000
3303 6.398000 -0.605000
2792 7.430000 -2.649000
406 -4.409000 -0.859000
405 0.083000 -1.755000
2969 0.156000 -1.882000
2194 7.286000 -4.441000
1815 7.138000 -4.442000
147 -2.936000 -0.605000
1816 -3.083000 -0.605000
2339 -3.968000 -2.135000
3216 -3.821000 -2.135000
892 -3.747000 -2.007000
893 -2.788000 -0.605000
59 -2.343000 -0.862000
3399 5.949000 -1.881000
2880 -2.864000 -3.546000
2881 -2.790000 -3.418000
1390 7.434000 -4.441000
1389 5.951000 -4.446000
947 6.100000 -4.445000
3233 7.283000 -2.394000
2294 7.430000 -2.394000
1166 7.356000 -2.266000
1335 5.785000 -3.152000
1167 -0.792000 -3.549000
1338 6.692000 -0.608000
2550 -2.494000 -2.649000
3252 7.134000 -1.373000
693 7.282000 -1.373000
2610 7.355000 -1.245000
509 7.429000 -1.373000
510 7.355000 -1.500000
2640 -3.158000 -1.498000
2426 -2.863000 -2.009000
3154 -2.715000 -0.988000
1591 6.173000 -3.545000
1590 6.250000 -1.627000
2662 -0.420000 -3.678000
3398 5.501000 -2.384000
1083 -2.055000 -4.193000
3572 -2.129000 -4.322000
3527 -1.980000 -4.322000
290 -2.278000 -4.322000
148 -0.945000 -1.246000
404 -0.872000 -1.882000
403 -3.678000 -3.672000
948 -3.674000 -2.135000
2995 -3.748000 -2.263000
1817 1.777000 -1.497000
1818 5.207000 -4.446000
1904 -1.533000 -0.991000
3210 4.760000 -4.447000
894 -1.975000 -0.990000
895 -2.204000 -4.451000
58 -2.353000 -4.451000
332 4.983000 -4.059000
3394 -4.482000 -0.986000
1886 -4.409000 -1.114000
1388 4.302000 -4.457000
1387 0.158000 -2.902000
2293 4.536000 -4.059000
1760 4.089000 -4.060000
3174 6.028000 -1.500000
3431 3.282000 -4.455000
1168 3.048000 -4.061000
2607 7.428000 -0.608000
2609 2.227000 -4.466000
1169 1.799000 -4.429000
2549 -0.718000 -2.395000
2472 -0.643000 -2.523000
2473 1.559000 -1.623000
3246 1.337000 -4.449000
511 1.411000 -4.062000
512 0.891000 -4.432000
953 -3.531000 -4.185000
2425 -3.605000 -4.314000
1828 -3.456000 -4.057000
1589 0.965000 -4.063000
1588 -3.456000 -4.315000
2663 0.447000 -4.438000
2664 2.527000 -4.448000
3397 2.819000 -4.471000
2611 3.568000 -4.447000
3432 3.870000 -4.457000
149 -0.196000 -4.321000
402 -0.267000 -4.448000
401 -0.406000 -4.456000
2702 -0.121000 -4.450000
1907 5.506000 -4.445000
1819 -4.483000 -1.751000
1820 -3.530000 -4.443000
3205 -3.382000 -4.444000
1090 -4.488000 -2.520000
896 0.789000 -2.394000
897 0.871000 -2.522000
57 -3.976000 -4.442000
3391 -4.124000 -4.442000
2343 -4.198000 -4.313000
2342 -4.273000 -4.442000
1386 -4.347000 -4.313000
1385 -4.421000 -4.441000
908 1.775000 -0.495000
3145 1.919000 -0.495000
2313 1.991000 -0.619000
3579 2.063000 -0.494000
2605 2.135000 -0.619000
1170 1.631000 -0.495000
2608 2.207000 -0.494000
2606 2.279000 -0.619000
1171 2.351000 -0.494000
1464 2.423000 -0.618000
2471 2.495000 -0.494000
3249 2.568000 -0.618000
1081 2.640000 -0.493000
513 2.712000 -0.618000
514 2.784000 -0.493000
2424 2.857000 -0.618000
3143 2.929000 -0.495000
3139 3.002000 -0.618000
1587 3.075000 -0.495000
1586 3.148000 -0.618000
1878 3.220000 -0.495000
3395 3.293000 -0.618000
440 3.366000 -0.492000
2613 3.440000 -0.617000
150 3.513000 -0.494000
400 3.586000 -0.617000
399 3.659000 -0.495000
2703 3.733000 -0.617000
2713 3.806000 -0.494000
1821 3.880000 -0.618000
1822 3.953000 -0.494000
2165 4.027000 -0.617000
3195 4.100000 -0.494000
898 4.174000 -0.618000
899 4.247000 -0.490000
56 4.321000 -0.616000
246 4.394000 -0.489000
3386 4.468000 -0.615000
2341 4.542000 -0.489000
1384 4.615000 -0.615000
1382 4.689000 -0.489000
2312 4.763000 -0.616000
1650 4.836000 -0.488000
3089 4.910000 -0.615000
1360 4.983000 -0.488000
2604 5.057000 -0.614000
1172 5.131000 -0.488000
3571 5.204000 -0.615000
3467 5.278000 -0.488000
1173 5.352000 -0.614000
2470 5.425000 -0.487000
2474 5.499000 -0.614000
2476 5.572000 -0.487000
3255 5.646000 -0.614000
515 5.719000 -0.487000
516 5.793000 -0.613000
710 5.867000 -0.487000
2432 5.943000 -0.614000
1626 6.017000 -0.486000
1585 1.413000 -1.623000
1584 -4.484000 -2.006000
2587 1.198000 -0.495000
2588 -4.495000 -4.313000
3393 -4.421000 -4.185000
151 -4.569000 -4.184000
260 -4.495000 -4.057000
398 -2.269000 -0.480000
397 -2.416000 -0.480000
456 -2.122000 -0.480000
3283 0.371000 -4.063000
1823 0.222000 -4.063000
1824 0.668000 -4.063000
3190 1.858000 -4.062000
920 2.155000 -4.062000
900 7.502000 -1.245000
901 2.452000 -4.062000
55 0.452000 -2.901000
3383 0.599000 -2.901000
2333 -4.040000 -0.477000
1509 -4.187000 -0.477000
1381 2.750000 -4.062000
1380 7.508000 -4.313000
2314 -4.411000 -2.134000
3040 7.504000 -2.266000
2315 7.430000 -2.139000
2614 3.494000 -4.060000
2603 3.792000 -4.060000
2602 -2.939000 -3.674000
1174 7.285000 -3.929000
2615 7.433000 -3.929000
1175 0.231000 -2.264000
1463 0.378000 -2.264000
2475 6.324000 -0.735000
3259 6.472000 -0.991000
687 -0.798000 -2.010000
517 -0.946000 -2.010000
518 1.342000 -0.995000
2431 5.430000 -4.059000
3133 -3.600000 -2.263000
3108 -3.674000 -2.390000
1583 5.802000 -3.930000
1582 -3.600000 -2.007000
1877 -1.239000 -0.991000
3392 -3.009000 -0.477000
1091 -3.156000 -0.477000
152 -3.230000 -0.605000
396 -3.304000 -0.477000
395 -3.377000 -0.605000
2618 -3.451000 -0.477000
1893 -2.269000 -0.990000
1825 -2.716000 -3.546000
1826 -2.642000 -3.418000
2158 6.616000 -0.471000
3192 6.766000 -0.481000
902 7.355000 -0.481000
903 7.208000 -0.481000
54 7.502000 -0.481000
3379 7.503000 -1.500000
2332 7.429000 -1.628000
2331 7.282000 -1.628000
1379 7.355000 -1.755000
1226 7.503000 -1.756000
906 7.505000 -3.288000
939 7.579000 -3.160000
918 7.505000 -3.033000
1359 0.012000 -2.902000
2612 -0.191000 -4.576000
2601 0.222000 -1.759000
312 7.213000 -4.570000
1176 2.872000 -0.351000
153 0.295000 -1.887000
1177 2.135000 -0.370000
2477 1.703000 -0.370000
2478 3.879000 -0.363000
2481 -4.205000 -4.578000
3265 0.838000 -0.619000
519 0.910000 -0.494000
520 0.773000 -0.490000
2628 -4.562000 -2.648000
2378 4.321000 -0.362000
3098 4.762000 -0.361000
1581 0.584000 -0.746000
1580 5.204000 -0.361000
2493 5.646000 -0.360000
2492 7.575000 -0.608000
3390 7.064000 -4.570000
394 -4.569000 -4.441000
393 0.155000 -1.629000
2619 0.839000 -0.369000
3009 7.582000 -4.441000
1827 -4.556000 -1.114000
2030 -4.483000 -1.241000
3361 -2.195000 -0.352000
3033 7.577000 -2.394000
904 1.486000 -1.750000
905 -0.046000 -4.578000
4 0.829000 -0.865000
298 0.902000 -0.997000
3372 -4.558000 -2.134000
2330 -4.556000 -0.859000
1378 -4.482000 -0.731000
1225 0.672000 -2.762000
907 0.747000 -2.899000
935 0.673000 -3.028000
919 6.026000 -4.578000
3612 6.175000 -4.578000
3574 6.249000 -4.446000
2452 5.877000 -4.575000
3433 6.324000 -4.578000
2600 6.398000 -4.446000
154 6.473000 -4.578000
1178 6.547000 -4.446000
1179 6.618000 -4.569000
2479 6.695000 -4.444000
2480 0.371000 -0.375000
2482 5.875000 -0.740000
3268 5.430000 -0.739000
521 0.821000 -3.028000
522 0.894000 -2.902000
951 0.968000 -3.028000
2377 1.042000 -2.902000
1775 1.116000 -3.028000
1579 1.189000 -2.900000
1578 1.115000 -2.772000
1625 1.262000 -2.772000
2491 1.336000 -2.900000
3389 1.410000 -2.772000
392 1.483000 -2.899000
391 1.557000 -2.772000
960 1.631000 -2.899000
2326 1.704000 -2.771000
2031 1.778000 -2.898000
3362 1.851000 -2.771000
1325 1.925000 -2.898000
943 1.998000 -2.771000
917 2.072000 -2.898000
2533 2.146000 -2.770000
53 2.220000 -2.897000
3371 2.293000 -2.770000
2211 2.367000 -2.897000
1510 2.440000 -2.769000
1383 2.514000 -2.897000
2892 2.588000 -2.769000
3039 2.662000 -2.896000
936 2.735000 -2.769000
937 2.809000 -2.896000
2451 2.883000 -2.768000
1340 2.957000 -2.896000
2450 3.030000 -2.768000
3472 3.105000 -2.895000
286 3.178000 -2.767000
155 3.252000 -2.895000
1180 3.326000 -2.767000
1181 3.400000 -2.895000
1341 3.474000 -2.767000
2483 3.548000 -2.895000
3271 3.622000 -2.766000
691 3.696000 -2.894000
523 3.769000 -2.766000
524 3.844000 -2.894000
2376 3.917000 -2.766000
3071 3.992000 -2.893000
3059 4.065000 -2.765000
1577 4.140000 -2.893000
1576 4.213000 -2.765000
2490 4.288000 -2.893000
3387 4.362000 -2.764000
439 4.436000 -2.892000
390 4.510000 -2.764000
389 4.584000 -2.892000
2410 4.658000 -2.764000
2327 4.732000 -2.892000
3365 4.806000 -2.763000
3026 4.880000 -2.891000
1257 4.954000 -2.763000
944 5.028000 -2.891000
2534 5.102000 -2.763000
3052 5.176000 -2.891000
52 5.250000 -2.762000
3368 5.324000 -2.890000
2210 5.398000 -2.762000
2209 5.472000 -2.890000
2229 1.483000 -2.644000
2275 5.250000 -3.019000
1474 4.806000 -3.020000
938 1.924000 -2.643000
940 3.770000 -3.022000
3580 2.366000 -2.642000
2448 3.031000 -3.024000
2449 3.399000 -2.639000
2714 1.705000 -3.026000
156 4.139000 -2.637000
1182 4.583000 -2.636000
1183 5.028000 -2.635000
2516 1.340000 -1.750000
2405 1.267000 -1.624000
2406 -3.822000 -2.391000
3263 -3.749000 -2.518000
525 -3.601000 -2.518000
526 -3.675000 -2.646000
711 -3.527000 -2.646000
2366 -3.601000 -2.774000
1774 -3.453000 -2.774000
1575 -2.490000 -0.607000
1574 4.988000 -0.739000
2489 1.632000 -1.749000
2487 -2.417000 -0.990000
3385 3.078000 -0.742000
388 4.547000 -0.739000
387 -2.278000 -4.582000
455 -2.427000 -4.583000
3369 -2.129000 -4.580000
1643 2.064000 -0.744000
1347 4.105000 -0.743000
1258 -2.563000 -0.480000
1259 1.343000 -0.495000
3215 1.270000 -0.370000
3173 7.359000 -3.801000
51 7.507000 -3.801000
245 7.581000 -3.929000
3363 7.433000 -3.673000
1849 -3.525000 -0.604000
1653 -3.598000 -0.477000
1230 -4.267000 -2.392000
3097 -4.119000 -2.392000
941 -3.528000 -2.902000
3028 -3.380000 -2.902000
2454 -0.271000 -3.935000
2446 -0.123000 -3.934000
2447 -0.284000 -1.628000
2832 -0.210000 -1.501000
157 -0.357000 -1.501000
3480 -0.283000 -1.374000
1184 -0.137000 -1.375000
1185 -0.210000 -1.248000
1458 -4.335000 -1.241000
2404 -2.204000 -3.678000
3264 -2.129000 -3.549000
1086 -2.277000 -3.549000
527 -2.203000 -3.420000
528 -2.055000 -3.420000
2365 0.444000 -2.387000
3013 0.556000 -2.250000
3002 0.456000 -2.135000
1573 -4.410000 -1.624000
1572 -4.557000 -1.624000
1623 -4.489000 -2.776000
2486 5.802000 -1.881000
3384 5.875000 -1.753000
386 5.728000 -1.754000
385 7.357000 -2.777000
3101 7.504000 -2.777000
1881 7.577000 -2.139000
1532 -2.490000 -0.862000
1437 0.010000 -2.137000
2906 -3.746000 -0.732000
3245 6.097000 -2.136000
2008 6.170000 -2.009000
1755 6.244000 -2.136000
50 6.177000 -0.991000
3367 6.103000 -0.863000
2060 6.840000 -1.373000
1654 -3.451000 -0.732000
1439 -4.116000 -2.135000
1231 -3.530000 -3.929000
1751 -3.382000 -3.928000
1232 -3.673000 -1.880000
1273 -2.716000 -3.289000
3619 -3.087000 -3.674000
2445 6.841000 -3.161000
254 6.767000 -3.033000
2453 6.693000 -3.161000
158 6.619000 -3.033000
1358 6.545000 -3.161000
1186 6.693000 -2.905000
1187 6.545000 -2.905000
2403 6.619000 -2.777000
2407 -2.502000 -4.451000
2409 -2.576000 -4.580000
3267 7.208000 -1.755000
529 7.135000 -1.628000
530 7.282000 -1.883000
952 -0.717000 -4.192000
2368 -0.642000 -4.324000
1772 -0.791000 -4.322000
1571 -0.719000 -4.477000
1570 -0.866000 -4.450000
2485 -0.940000 -4.321000
3382 -1.015000 -4.450000
477 -0.947000 -4.575000
384 -1.090000 -4.571000
383 -1.164000 -4.449000
2416 -1.239000 -4.570000
3119 -1.313000 -4.448000
1632 -1.388000 -4.578000
1633 -1.462000 -4.450000
3182 -1.537000 -4.579000
2009 -1.611000 -4.450000
1756 -1.685000 -4.579000
1752 -1.387000 -4.321000
49 -0.060000 -2.776000
3366 -3.526000 -1.880000
2097 -3.600000 -1.752000
2352 -3.452000 -1.752000
2277 -3.827000 -4.443000
1265 -3.902000 -4.571000
1535 6.842000 -4.186000
1272 6.619000 -3.289000
1534 6.471000 -3.289000
2444 -0.161000 -0.266000
2467 -0.197000 -3.806000
159 6.472000 -4.317000
2468 7.578000 -2.649000
2469 1.053000 -0.995000
1188 0.974000 -1.124000
1189 -3.753000 -4.571000
1453 -2.568000 -3.289000
2408 1.125000 -1.120000
3269 1.059000 -1.242000
689 -3.456000 -3.800000
531 -3.086000 -2.905000
532 -3.380000 -2.647000
2367 2.353000 -0.743000
2804 0.086000 -3.029000
2998 0.232000 -3.029000
1569 6.990000 -4.442000
1568 6.769000 -4.585000
2488 -0.064000 -1.248000
2402 -0.137000 -1.121000
3381 0.009000 -1.374000
381 -2.343000 -1.117000
380 -2.491000 -1.117000
949 -2.196000 -1.117000
3129 7.580000 -3.673000
2099 1.999000 -3.026000
2100 2.642000 -0.743000
2169 2.293000 -3.025000
3581 2.588000 -3.024000
1843 -2.569000 -3.546000
2418 5.801000 -1.626000
48 5.654000 -1.627000
297 5.580000 -1.754000
3370 5.506000 -1.626000
1850 5.433000 -1.754000
1514 5.359000 -1.627000
1513 5.285000 -1.754000
2101 5.211000 -1.627000
2782 5.138000 -1.754000
2146 5.064000 -1.627000
160 4.990000 -1.754000
306 4.916000 -1.627000
2456 4.843000 -1.754000
2704 4.769000 -1.627000
1357 4.695000 -1.754000
1190 4.621000 -1.627000
1191 4.547000 -1.754000
2439 4.474000 -1.627000
2384 4.400000 -1.755000
2385 4.326000 -1.628000
3272 4.252000 -1.755000
533 4.178000 -1.628000
534 4.105000 -1.755000
730 4.031000 -1.628000
2428 3.957000 -1.755000
1628 3.883000 -1.628000
1567 3.810000 -1.755000
1566 3.736000 -1.628000
1620 3.662000 -1.755000
2401 3.589000 -1.628000
3380 3.515000 -1.755000
379 3.441000 -1.628000
378 3.368000 -1.755000
3256 3.294000 -1.628000
2112 3.221000 -1.755000
965 3.147000 -1.629000
2168 3.074000 -1.755000
3364 3.000000 -1.629000
467 2.927000 -1.755000
2419 2.854000 -1.629000
3625 2.781000 -1.755000
483 2.707000 -1.629000
3 2.633000 -1.756000
3374 2.561000 -1.629000
2057 2.486000 -1.756000
1526 2.414000 -1.629000
1515 2.342000 -1.756000
3604 2.269000 -1.629000
2417 2.196000 -1.756000
3414 2.123000 -1.630000
1519 2.050000 -1.756000
2781 3.326000 -3.023000
161 7.509000 -4.574000
2455 4.066000 -3.022000
2457 4.362000 -3.021000
3628 -4.496000 -4.569000
2459 -0.570000 -2.396000
2980 -0.646000 -2.266000
1192 -0.496000 -2.524000
1193 -0.569000 -2.651000
1451 -0.421000 -2.651000
2383 3.370000 -0.741000
3274 -3.461000 -4.581000
1089 -3.308000 -4.566000
535 -3.233000 -4.443000
536 -3.158000 -4.572000
2427 0.916000 -1.249000
2773 -0.059000 -3.031000
2996 -4.631000 -2.006000
1565 3.664000 -0.741000
1564 0.297000 -3.935000
2400 0.445000 -3.935000
3505 1.415000 -0.372000
438 0.982000 -0.371000
377 1.013000 -2.518000
375 0.715000 -2.522000
373 0.696000 -0.370000
371 -4.627000 -0.732000
368 -4.555000 -0.604000
366 0.308000 -1.643000
3471 0.153000 -3.933000
364 0.079000 -4.060000
362 -4.642000 -4.056000
360 -4.568000 -3.929000
357 -4.421000 -3.929000
47 -4.494000 -3.801000
3376 -4.638000 -3.803000
2278 -4.567000 -3.673000
1853 -4.420000 -3.673000
2094 -4.494000 -3.545000
355 -4.346000 -3.545000
942 -4.420000 -3.418000
351 -4.568000 -3.417000
352 -4.494000 -3.290000
162 -4.271000 -3.416000
287 5.546000 -2.762000
2458 5.620000 -2.890000
3627 5.549000 -3.016000
2460 -0.052000 -4.318000
1343 7.652000 -3.032000
1194 2.661000 -2.643000
1195 2.956000 -2.642000
2382 3.695000 -2.641000
2386 5.324000 -2.637000
2388 1.553000 -1.877000
3277 5.951000 -4.704000
537 6.251000 -0.608000
538 6.323000 -0.479000
2429 -2.204000 -4.709000
2430 2.567000 -0.371000
1887 1.410000 -3.027000
1563 -4.632000 -2.519000
1562 0.159000 -3.157000
2050 6.471000 -2.777000
3377 6.545000 -2.649000
3000 6.024000 -1.753000
376 2.267000 -1.883000
374 -4.561000 -2.392000
372 -4.706000 -2.390000
370 6.318000 -2.009000
367 6.392000 -2.136000
365 6.318000 -2.264000
363 6.466000 -2.264000
361 6.392000 -2.392000
359 6.539000 -2.391000
356 -1.312000 -4.706000
46 6.540000 -2.136000
247 2.634000 -1.502000
3378 -3.013000 -3.802000
2095 -4.628000 -1.753000
2287 2.705000 -1.884000
354 -2.642000 -3.674000
349 3.147000 -0.366000
350 -0.283000 -1.121000
353 -0.210000 -0.994000
163 -0.064000 -0.995000
2511 -0.137000 -0.868000
2461 -0.283000 -0.868000
2462 -0.210000 -0.742000
2463 -0.356000 -0.741000
1196 -0.282000 -0.615000
1197 -0.428000 -0.615000
1450 -0.355000 -0.488000
2387 -0.501000 -0.488000
3286 -0.071000 -0.746000
690 -0.872000 -2.137000
539 -1.020000 -2.137000
540 -1.093000 -2.010000
731 -1.167000 -2.137000
3355 -1.241000 -2.010000
2983 -1.315000 -2.137000
1560 -1.240000 -2.265000
1561 -1.388000 -2.265000
3524 -1.462000 -2.137000
1851 -1.536000 -2.265000
1077 -1.610000 -2.137000
382 -1.684000 -2.265000
3004 -1.758000 -2.137000
1088 -1.832000 -2.265000
2180 -1.906000 -2.137000
369 -1.980000 -2.264000
3545 -2.054000 -2.136000
3576 -2.128000 -2.264000
2219 -2.201000 -2.136000
1234 -2.275000 -2.264000
3022 -2.349000 -2.136000
358 -2.423000 -2.264000
45 -2.497000 -2.136000
3314 -1.461000 -2.393000
2288 -1.905000 -2.393000
1552 -2.127000 -2.009000
347 -1.684000 -2.009000
3589 -2.348000 -2.392000
348 -2.496000 -2.392000
3586 7.506000 -3.544000
3603 7.503000 -2.011000
164 7.645000 -2.014000
2512 0.229000 -2.010000
3602 7.211000 -3.801000
2465 -2.129000 -3.292000
2464 -1.981000 -3.292000
3443 -1.907000 -3.420000
1198 -1.833000 -3.292000
1199 -1.758000 -3.420000
2389 -1.684000 -3.292000
2390 -1.610000 -3.420000
2393 -1.535000 -3.292000
3302 -1.461000 -3.420000
541 -1.387000 -3.292000
542 -1.313000 -3.420000
2265 -1.239000 -3.292000
2264 -1.165000 -3.420000
1559 -1.090000 -3.292000
1558 -2.277000 -3.291000
3375 -1.016000 -3.420000
2049 -0.941000 -3.292000
1371 -4.483000 -1.496000
1370 -4.627000 -1.494000
2075 7.283000 -2.139000
3624 6.840000 -0.608000
2110 6.913000 -0.481000
2111 -4.408000 -0.604000
2217 -4.482000 -0.477000
2218 -4.625000 -0.475000
3550 7.429000 -1.118000
1856 7.576000 -1.118000
3608 -3.453000 -2.008000
3606 -4.633000 -2.778000
3605 -4.563000 -2.904000
44 -1.906000 -4.193000
331 -3.526000 -1.625000
2323 -2.642000 -3.161000
345 6.545000 -3.417000
346 6.396000 -3.417000
2320 -3.378000 -1.625000
3428 -2.651000 -4.451000
2322 -2.723000 -4.576000
2321 -2.048000 -0.357000
165 -1.974000 -0.481000
256 -1.901000 -0.358000
3506 -0.049000 -3.805000
2466 -2.422000 -2.008000
3615 -2.570000 -2.008000
1344 -2.644000 -2.136000
1200 -2.418000 -1.244000
1201 3.586000 -0.364000
2391 5.435000 -1.499000
2392 6.245000 -1.881000
2394 -3.308000 -3.801000
3305 -1.832000 -4.322000
543 -1.906000 -4.451000
544 1.199000 -1.246000
954 1.126000 -1.371000
2147 -4.626000 -1.239000
1557 -4.702000 -1.109000
1556 -2.865000 -3.802000
2842 -3.237000 -3.930000
3373 -0.501000 -2.266000
1852 7.281000 -0.358000
2093 7.134000 -0.358000
1680 6.839000 -0.355000
1681 -0.276000 -2.908000
2216 5.940000 -0.363000
3593 6.087000 -0.359000
1508 -0.435000 -0.365000
2090 -0.576000 -0.365000
1505 -0.648000 -0.488000
1525 -0.722000 -0.363000
2244 7.649000 -3.542000
2104 -4.636000 -3.287000
2319 -4.567000 -3.162000
43 -4.420000 -3.162000
3074 -4.709000 -3.159000
343 1.980000 -1.626000
344 1.908000 -1.751000
694 -3.086000 -4.446000
1912 -3.009000 -4.575000
3590 -3.083000 -0.355000
1921 -2.934000 -0.356000
1913 7.647000 -2.779000
166 7.644000 -0.478000
2677 7.574000 -0.357000
2678 7.711000 -0.356000
3551 -3.377000 -0.354000
3569 -4.114000 -0.354000
1202 -3.967000 -0.350000
1203 -4.261000 -0.352000
1349 -4.640000 -4.567000
2395 -2.489000 -0.357000
3306 -2.637000 -0.353000
688 -4.555000 -0.354000
545 -4.697000 -0.354000
546 0.929000 -2.646000
2311 1.205000 -2.644000
2989 7.643000 -1.242000
1555 7.717000 -1.112000
1540 7.648000 -0.989000
1539 7.650000 -4.309000
3425 7.581000 -4.184000
2144 7.722000 -4.182000
3623 0.893000 -0.245000
1679 7.647000 -3.284000
1469 7.652000 -4.568000
2415 1.324000 -0.245000
1954 -4.711000 -4.181000
1281 -0.209000 -0.488000
2251 -4.730000 -3.404000
1280 -0.127000 -4.703000
2292 -0.270000 -4.708000
1767 6.235000 -4.724000
1765 6.547000 -4.703000
1766 -1.618000 -4.704000
42 -1.757000 -4.706000
341 7.130000 -4.732000
342 7.284000 -4.712000
3063 7.572000 -4.718000
3600 5.792000 -4.736000
1911 5.726000 -4.580000
2338 0.718000 -2.269000
1915 7.790000 -0.977000
1914 -2.492000 -4.718000
167 -2.063000 -4.704000
2665 -3.233000 -4.701000
2666 -4.570000 -4.697000
2669 -4.423000 -4.697000
2673 -4.327000 -4.823000
3525 -3.826000 -4.702000
1204 -3.679000 -4.700000
1205 6.990000 -4.699000
2396 -4.040000 -0.222000
2362 7.736000 -0.600000
2361 7.647000 -0.734000
3309 6.013000 -0.230000
547 0.226000 -1.504000
548 -4.732000 -4.429000
708 -4.702000 -0.855000
2153 0.607000 -2.403000
1541 0.619000 -0.511000
1455 0.532000 -0.377000
3587 -4.784000 -4.051000
1242 1.180000 -0.246000
1241 -3.986000 -4.710000
2556 1.190000 -1.751000
1229 1.112000 -1.621000
1468 0.742000 -1.000000
3073 -4.629000 -0.222000
2972 5.653000 -4.704000
962 0.082000 -1.248000
2925 -0.516000 -0.231000
958 5.698000 -3.019000
959 5.769000 -2.892000
1671 5.632000 -3.149000
1672 -3.010000 -0.224000
1910 0.587000 -2.120000
2 0.525000 -2.010000
274 1.114000 -1.882000
1747 7.228000 -4.844000
3601 -2.541000 -0.236000
2062 -2.710000 -0.224000
3109 -2.100000 -0.236000
1917 -2.268000 -0.225000
1916 -4.733000 -4.705000
3141 -4.732000 -3.674000
168 -3.870000 -0.233000
288 -3.815000 -0.356000
2667 5.536000 -4.799000
2668 5.414000 -4.720000
3609 5.275000 -4.765000
1348 5.286000 -4.596000
1206 5.155000 -4.676000
1207 5.145000 -4.822000
2420 5.020000 -4.743000
2359 4.862000 -4.738000
2360 4.937000 -4.600000
3310 0.028000 -4.730000
549 0.102000 -4.584000
550 0.177000 -4.708000
2298 0.244000 -4.574000
2154 0.335000 -4.694000
2941 0.450000 -4.792000
1454 0.468000 -4.658000
1236 -4.709000 -2.904000
929 -4.710000 -2.134000
787 6.877000 -4.793000
786 7.635000 -0.224000
2340 -4.779000 -2.002000
1692 5.905000 -4.847000
2537 0.580000 -2.560000
784 7.738000 -2.649000
1668 0.661000 -0.870000
957 1.044000 -3.156000
1667 6.099000 -0.611000
1670 7.740000 -3.673000
2908 4.784000 -4.597000
2324 4.713000 -4.740000
41 4.632000 -4.628000
3146 0.749000 -3.157000
3439 0.602000 -3.156000
2535 -3.581000 -4.823000
1919 0.377000 -3.807000
797 -2.129000 -4.838000
1918 2.052000 -1.502000
2228 -0.196000 -4.837000
3165 -1.686000 -4.838000
169 0.307000 -3.157000
2811 -4.781000 -2.266000
2671 -1.021000 -4.716000
2670 -0.868000 -4.682000
3617 2.341000 -1.503000
3568 7.733000 -4.701000
1208 -4.630000 -4.845000
1209 0.951000 -1.625000
1354 1.028000 -1.478000
2358 3.077000 -1.501000
3312 6.395000 -1.881000
686 -0.724000 -2.137000
551 -4.486000 -2.263000
552 5.716000 -3.285000
3358 3.371000 -1.501000
3093 -4.170000 -4.862000
3049 -3.882000 -4.846000
2986 -4.191000 -2.263000
1235 -4.043000 -2.263000
928 0.627000 -1.902000
783 -4.862000 -4.186000
777 -3.897000 -2.519000
760 6.466000 -2.519000
753 -3.460000 -4.727000
751 -2.785000 -0.357000
750 -3.750000 -2.775000
1669 3.665000 -1.501000
2749 -2.637000 -0.607000
3036 6.397000 -2.905000
2236 6.169000 -0.481000
785 6.237000 -0.355000
763 6.388000 -0.348000
40 6.308000 -0.219000
328 3.001000 -1.882000
3596 -2.641000 -0.860000
2021 6.396000 -3.160000
1920 -4.206000 -4.725000
764 3.960000 -1.501000
3209 -2.202000 -3.163000
1113 -4.271000 -3.672000
789 5.955000 -0.866000
170 3.294000 -1.882000
2938 4.255000 -1.500000
2672 6.764000 -4.728000
2674 2.935000 -0.118000
2676 3.009000 -0.257000
3528 -1.905000 -3.164000
1210 4.550000 -1.500000
1211 1.559000 -0.373000
2357 1.615000 -0.247000
2355 1.775000 -0.246000
2356 6.467000 -0.473000
3311 6.538000 -0.348000
553 6.686000 -0.342000
554 6.609000 -0.218000
679 0.376000 -2.010000
2161 0.451000 -1.868000
1762 0.440000 -1.714000
1336 0.441000 -1.584000
1274 4.845000 -1.500000
2984 -4.634000 -2.263000
782 3.589000 -1.883000
776 -4.861000 -2.410000
759 7.432000 -3.416000
752 -0.867000 -3.420000
724 -0.941000 -3.548000
722 -0.717000 -3.420000
2237 -0.502000 -0.740000
721 1.487000 -0.495000
2943 -1.608000 -3.163000
2259 5.140000 -1.500000
748 3.220000 -0.123000
749 3.269000 -0.248000
39 3.439000 -0.255000
3445 0.155000 -4.856000
2105 -0.430000 -1.374000
2022 -0.504000 -1.501000
2023 7.576000 -1.884000
765 7.737000 -1.896000
3232 7.649000 -1.760000
1111 7.576000 -1.629000
790 7.645000 -1.498000
171 7.737000 -1.625000
257 0.151000 -1.377000
2675 -0.349000 -2.780000
2680 -0.495000 -2.779000
3611 -0.276000 -2.650000
1350 -3.453000 -3.030000
1212 -3.603000 -3.031000
1213 -3.306000 -3.030000
1449 0.082000 -1.502000
2354 7.717000 -2.142000
3313 -1.311000 -3.163000
1094 3.883000 -1.883000
555 6.322000 -2.777000
556 -1.239000 -3.549000
2379 7.654000 -4.056000
1889 7.794000 -4.052000
1761 -0.577000 -1.374000
1503 7.578000 -3.415000
1738 7.737000 -3.402000
3322 7.358000 -3.544000
3320 3.514000 -0.123000
927 1.199000 -3.155000
3316 1.281000 -3.287000
3149 -4.638000 -3.033000
723 -4.781000 -3.026000
720 -3.598000 -0.732000
3007 -1.015000 -3.163000
707 4.178000 -1.882000
698 7.429000 -1.883000
712 -2.567000 -0.989000
713 -2.639000 -1.117000
2978 -2.788000 -1.117000
38 1.415000 -0.620000
253 7.431000 -2.905000
3448 1.054000 -0.495000
2024 0.749000 -0.246000
3243 -4.493000 -3.034000
2918 -4.344000 -3.033000
1243 -4.272000 -3.162000
1112 7.626000 -4.871000
1114 7.432000 -4.724000
172 -1.536000 -3.549000
2679 5.853000 -3.022000
2682 5.926000 -2.896000
2681 0.433000 -0.503000
3614 0.446000 -0.251000
2988 -3.305000 -1.753000
1214 7.507000 -4.057000
1215 -4.409000 -1.369000
2353 0.010000 -1.628000
1848 2.356000 -0.994000
2156 2.427000 -0.869000
3315 -3.525000 -0.859000
557 6.320000 -3.032000
558 6.321000 -3.288000
3340 0.679000 -3.285000
3337 2.647000 -0.994000
1844 2.717000 -0.868000
3332 2.863000 -0.867000
3330 3.084000 -0.993000
2247 3.155000 -0.867000
3123 -4.272000 -4.185000
3318 -4.124000 -4.185000
2014 -4.198000 -4.057000
3155 7.578000 -2.905000
2949 7.726000 -2.904000
719 7.793000 -3.026000
697 7.718000 -3.155000
706 0.982000 -3.290000
678 2.066000 -0.994000
699 2.137000 -0.869000
1320 1.921000 -0.995000
3077 1.848000 -0.869000
37 -4.643000 -4.313000
3478 4.473000 -1.882000
2825 7.135000 -1.883000
2823 0.002000 -1.126000
2822 0.070000 -1.002000
2970 -0.001000 -0.875000
2921 0.071000 -0.741000
1115 0.288000 -0.252000
1116 -0.430000 -1.120000
173 -0.569000 -2.907000
2685 1.977000 -1.882000
2683 1.831000 -1.882000
2684 7.728000 -3.928000
3620 7.357000 -3.033000
2985 1.847000 -0.372000
1216 1.991000 -0.372000
1217 2.042000 -0.247000
1447 2.206000 -0.245000
1847 7.285000 -3.673000
3317 7.137000 -3.673000
692 -0.345000 -3.806000
559 -0.271000 -3.677000
560 -0.136000 -0.615000
563 2.780000 -1.502000
2936 0.084000 -2.264000
3333 2.279000 -0.372000
2018 2.423000 -0.372000
2245 2.495000 -0.244000
1837 7.356000 -2.011000
1835 3.377000 -0.993000
1833 3.447000 -0.867000
1834 -4.555000 -1.368000
2172 -4.686000 -1.356000
1472 -0.643000 -2.779000
1321 6.172000 -3.288000
677 -1.832000 -3.549000
2997 1.123000 -0.372000
671 0.520000 -4.063000
2939 0.594000 -3.935000
2543 0.742000 -3.935000
3127 0.674000 -3.806000
36 0.817000 -4.063000
3479 0.891000 -3.935000
2824 1.039000 -3.934000
2818 0.965000 -3.805000
2817 1.113000 -3.805000
1480 1.187000 -3.933000
2826 7.717000 -0.855000
1117 -0.273000 -3.165000
1118 2.316000 -3.291000
174 2.390000 -3.163000
285 2.020000 -3.291000
3247 2.094000 -3.163000
3520 6.987000 -0.354000
3555 6.913000 -0.226000
1356 7.081000 -0.237000
1218 -4.716000 -3.928000
1219 6.693000 -3.673000
1448 -3.233000 -3.160000
1857 7.652000 -3.803000
3404 2.612000 -3.291000
3037 2.686000 -3.162000
561 2.834000 -3.162000
562 0.236000 -3.286000
564 6.621000 -4.316000
2364 7.060000 -0.482000
1106 2.006000 -4.062000
1260 2.080000 -3.934000
2246 2.229000 -3.934000
1836 2.159000 -3.805000
1346 1.932000 -3.934000
1345 1.783000 -3.934000
3162 1.862000 -3.805000
1922 1.709000 -4.062000
1473 1.635000 -3.934000
3072 1.560000 -4.062000
670 1.486000 -3.933000
2848 1.560000 -3.805000
669 1.411000 -3.805000
2411 1.337000 -3.934000
2412 1.263000 -4.062000
3148 3.672000 -0.993000
35 7.135000 -2.139000
295 6.396000 -3.673000
3481 1.336000 -2.645000
2816 1.423000 -2.517000
2814 1.572000 -2.518000
2951 2.601000 -4.062000
1245 2.675000 -3.933000
1119 2.824000 -3.933000
1120 2.752000 -3.805000
175 2.527000 -3.933000
3577 2.378000 -3.934000
2136 2.456000 -3.805000
2137 1.897000 -2.012000
3526 -1.166000 -1.372000
3426 -1.239000 -1.245000
1220 -1.386000 -1.245000
2929 -2.351000 -3.676000
1858 0.304000 -2.136000
3408 1.459000 -2.013000
1997 0.583000 -1.002000
3131 0.804000 -1.144000
3081 0.787000 -1.292000
565 1.114000 -4.063000
566 6.581000 -4.871000
569 6.382000 -4.721000
571 7.063000 -3.801000
2325 3.353000 -3.290000
2349 3.427000 -3.161000
2999 3.576000 -3.161000
1262 1.725000 -3.291000
1263 1.798000 -3.163000
3168 1.577000 -3.291000
1923 1.503000 -3.164000
1924 3.057000 -3.290000
3114 3.131000 -3.162000
668 7.649000 -2.519000
964 -1.827000 -0.481000
667 -1.753000 -0.354000
672 -1.827000 -0.225000
2413 -1.658000 -0.236000
3172 -1.602000 -0.359000
34 2.304000 -4.062000
3482 6.247000 -3.673000
2819 6.323000 -4.316000
2815 6.397000 -4.187000
2813 6.174000 -4.317000
1327 2.845000 -4.871000
2812 2.919000 -4.741000
1121 3.069000 -4.741000
1122 2.994000 -4.621000
176 3.155000 -4.583000
307 3.218000 -4.741000
2135 3.307000 -4.618000
2134 3.391000 -4.535000
3328 3.447000 -4.635000
3424 2.847000 -4.614000
3423 3.054000 -4.486000
3412 2.546000 -4.871000
1666 2.621000 -4.741000
1748 2.471000 -4.741000
2337 2.322000 -4.741000
2954 2.397000 -4.612000
567 2.248000 -4.612000
568 2.180000 -4.745000
570 2.099000 -4.612000
572 2.063000 -4.450000
575 1.962000 -4.561000
3014 1.967000 -4.702000
1107 1.857000 -4.644000
1108 2.770000 -4.742000
1264 2.695000 -4.612000
3179 2.676000 -4.464000
1925 3.643000 -4.061000
1926 3.717000 -3.932000
3135 3.866000 -3.932000
666 3.793000 -3.804000
2909 3.568000 -3.932000
665 3.420000 -3.932000
2538 3.496000 -3.804000
2539 3.345000 -4.060000
3191 3.271000 -3.932000
33 3.196000 -4.060000
3487 3.122000 -3.932000
2820 3.199000 -3.803000
2839 3.051000 -3.803000
2821 2.973000 -3.933000
3121 6.175000 -0.735000
2770 1.777000 -2.646000
1123 1.866000 -2.516000
1124 2.008000 -2.517000
177 1.633000 -2.646000
2235 2.073000 -2.645000
2133 2.219000 -2.645000
2132 2.307000 -2.515000
2777 2.454000 -2.516000
1875 2.516000 -2.644000
2799 -4.048000 -3.544000
1261 -4.196000 -3.544000
1665 -4.124000 -3.414000
2336 -4.198000 -3.800000
1314 -3.974000 -3.415000
1014 -4.262000 -1.369000
1013 -4.188000 -1.241000
3041 -3.282000 -4.871000
573 -3.074000 -4.711000
574 -2.924000 -4.699000
576 -2.967000 -4.859000
579 -2.838000 -4.815000
1078 6.284000 -4.869000
2796 6.087000 -4.712000
2797 4.095000 -3.289000
1928 4.169000 -3.161000
1927 -3.970000 -2.391000
2807 2.249000 -4.871000
3163 2.109000 -4.873000
664 7.209000 -2.011000
726 7.209000 -2.266000
663 -3.672000 -0.605000
2580 2.899000 -4.062000
2581 4.392000 -3.289000
2583 4.466000 -3.160000
32 4.615000 -3.160000
251 7.740000 -4.429000
3491 5.176000 -2.638000
2438 5.111000 -2.511000
2878 4.967000 -2.510000
3217 3.798000 -3.290000
1246 3.872000 -3.161000
1125 -1.901000 -2.650000
1126 -1.827000 -2.522000
178 -1.680000 -2.522000
255 -2.050000 -2.650000
2131 -2.124000 -2.521000
1533 -2.271000 -2.521000
1364 -4.704000 -1.879000
1361 1.559000 -1.120000
1097 1.487000 -1.246000
1096 -0.286000 -0.359000
2576 4.769000 -1.882000
2957 -0.063000 -2.010000
1016 -1.461000 -1.372000
1015 -1.534000 -1.244000
2227 3.966000 -0.992000
3212 3.888000 -0.866000
2883 4.114000 -0.992000
577 -1.092000 -1.245000
578 7.355000 -0.990000
580 6.913000 -0.736000
2658 5.478000 -2.634000
2657 5.635000 -2.638000
3176 5.416000 -2.510000
1929 3.940000 -4.060000
1930 4.015000 -3.932000
2710 4.163000 -3.931000
3147 4.091000 -3.802000
662 4.239000 -3.802000
3107 4.312000 -3.931000
661 -4.414000 -2.391000
675 0.370000 -2.511000
2582 4.238000 -4.060000
3218 4.387000 -4.059000
31 4.461000 -3.931000
3493 4.610000 -3.930000
2437 4.537000 -3.802000
2435 4.686000 -3.802000
2434 4.759000 -3.931000
1329 4.685000 -4.060000
2849 4.834000 -4.059000
1127 4.908000 -3.930000
1128 5.058000 -3.930000
179 4.984000 -3.802000
3584 5.132000 -4.058000
2064 5.207000 -3.929000
1504 5.281000 -4.057000
1362 5.356000 -3.929000
1237 5.505000 -3.929000
1055 5.579000 -4.058000
1046 5.654000 -3.930000
1022 -0.419000 -3.935000
1018 6.767000 -2.777000
1017 -3.529000 -3.159000
1301 -3.678000 -3.159000
2225 -1.608000 -1.372000
1972 -1.682000 -1.244000
2269 -1.829000 -1.244000
3200 -1.754000 -1.117000
581 -1.903000 -1.371000
582 -1.977000 -1.244000
601 -2.051000 -1.372000
2656 2.809000 -2.644000
1945 2.746000 -2.518000
1931 -3.673000 -1.625000
1932 -4.862000 -3.162000
1948 -4.408000 -0.352000
2697 -3.678000 -3.929000
660 -0.591000 -4.871000
3183 -0.521000 -4.744000
659 -0.659000 -4.747000
2584 -0.604000 -4.610000
2585 -0.440000 -4.615000
3221 -0.743000 -4.640000
30 -0.556000 -4.466000
3494 3.595000 -4.872000
2436 3.670000 -4.743000
1996 3.813000 -4.744000
1995 3.741000 -4.612000
2926 3.901000 -4.623000
2917 4.022000 -4.521000
1129 4.039000 -4.657000
1130 4.160000 -4.563000
180 4.180000 -4.701000
2159 4.288000 -4.611000
2065 4.415000 -4.551000
3474 4.306000 -4.744000
1363 3.599000 -4.599000
2973 4.187000 -4.853000
1054 3.707000 -4.461000
1045 3.886000 -4.873000
1020 -2.553000 -4.859000
1019 -2.342000 -4.714000
2775 2.336000 -2.012000
2226 2.190000 -2.012000
1971 -4.642000 -3.544000
1969 -2.346000 -2.649000
3197 -1.238000 -4.321000
1080 -1.313000 -4.192000
583 -1.461000 -4.192000
584 -1.536000 -4.321000
2655 7.574000 -0.861000
3171 -4.336000 -1.496000
3159 2.909000 -3.290000
1933 4.731000 -2.638000
1934 4.668000 -2.511000
2696 4.523000 -2.510000
3187 4.438000 -2.639000
658 4.288000 -2.640000
725 4.224000 -2.512000
657 4.080000 -2.511000
2586 3.994000 -2.640000
3223 4.882000 -2.639000
1770 5.701000 -2.767000
29 5.723000 -2.515000
296 3.650000 -3.290000
3495 -3.011000 -2.777000
1994 -3.159000 -2.776000
1446 3.844000 -2.641000
1487 3.780000 -2.516000
1247 4.689000 -3.289000
1131 4.837000 -3.289000
1290 4.912000 -3.160000
181 5.060000 -3.160000
3476 5.134000 -3.289000
3475 5.282000 -3.288000
2597 5.352000 -3.157000
2599 -2.275000 -2.009000
1721 -2.200000 -1.881000
1720 -1.605000 -2.650000
2968 -1.457000 -2.650000
1021 -1.383000 -2.522000
1023 -1.235000 -2.522000
3134 -1.161000 -2.651000
3060 3.547000 -2.641000
1968 3.484000 -2.514000
1967 3.341000 -2.513000
2253 3.254000 -2.642000
3203 3.104000 -2.643000
585 3.041000 -2.518000
586 1.649000 -4.871000
2654 1.575000 -4.741000
2528 1.426000 -4.741000
3156 1.500000 -4.621000
1935 1.634000 -4.596000
1936 1.346000 -4.604000
2695 1.275000 -4.740000
3177 1.195000 -4.614000
656 1.563000 -4.486000
3066 1.126000 -4.741000
655 1.051000 -4.621000
674 1.128000 -4.483000
3222 1.801000 -4.873000
1768 1.735000 -4.723000
28 0.902000 -4.871000
3497 0.977000 -4.743000
2116 0.828000 -4.741000
1530 0.903000 -4.616000
1444 0.753000 -4.623000
1644 0.679000 -4.741000
1248 0.750000 -4.870000
2846 -4.261000 -0.604000
1691 -2.642000 -2.649000
182 -1.089000 -4.321000
284 -2.350000 -3.419000
2594 -0.890000 -4.845000
2596 -1.138000 -4.789000
1723 6.171000 -2.520000
1722 6.097000 -1.881000
3031 6.172000 -1.753000
1084 -1.979000 -2.009000
1024 -1.832000 -2.009000
1025 -1.757000 -1.882000
1051 -3.306000 -2.265000
2256 -3.380000 -2.392000
1966 -3.379000 -2.136000
1965 -4.195000 -3.033000
3201 2.777000 -2.011000
620 2.630000 -2.012000
587 2.550000 -4.599000
588 5.137000 -2.009000
636 7.650000 -2.267000
2527 7.791000 -2.274000
1946 7.722000 -2.395000
1937 7.503000 -2.521000
1938 -1.536000 -2.009000
1947 6.250000 -0.863000
2653 6.324000 -0.990000
654 2.558000 -1.883000
3196 3.289000 -4.873000
653 -3.157000 -0.987000
3219 -3.231000 -0.860000
2001 -3.083000 -0.860000
1769 -3.159000 -2.520000
27 5.433000 -2.009000
3499 -2.789000 -1.371000
2117 5.793000 -0.364000
2779 5.719000 -0.232000
1445 5.548000 -0.240000
2272 -3.230000 -0.356000
1641 -3.305000 -0.224000
2905 -4.262000 -1.624000
2195 5.950000 -1.626000
183 5.879000 -1.499000
2593 -4.725000 -1.622000
2595 4.851000 -0.992000
2598 4.772000 -0.865000
3594 4.625000 -0.865000
1724 4.555000 -0.992000
1725 4.408000 -0.992000
2833 4.330000 -0.868000
3065 4.998000 -0.992000
1026 5.068000 -0.865000
1027 5.214000 -0.865000
3053 5.292000 -0.992000
3050 5.440000 -0.992000
1964 5.510000 -0.865000
1963 5.656000 -0.864000
2230 4.615000 -0.365000
3194 4.665000 -0.241000
589 4.836000 -0.234000
590 4.468000 -0.366000
2526 4.394000 -0.234000
3151 4.243000 -0.237000
3136 -0.357000 -1.755000
1939 -4.728000 -2.648000
1940 5.734000 -0.992000
2652 5.351000 -0.364000
3199 5.277000 -0.233000
652 5.106000 -0.240000
718 5.053000 -0.366000
651 4.909000 -0.365000
2927 6.840000 -1.628000
3225 -3.524000 -0.355000
2273 -3.671000 -0.356000
26 -3.599000 -0.224000
249 6.099000 -4.188000
3500 6.465000 -2.008000
2045 6.471000 -1.755000
1652 4.179000 -0.371000
1311 -3.166000 -4.060000
2188 -3.237000 -4.189000
2787 -4.557000 -1.879000
1010 6.472000 -1.246000
184 6.324000 -1.246000
311 -1.606000 -0.608000
3595 -2.864000 -2.264000
2164 -3.746000 -0.987000
1727 1.650000 -3.163000
1726 -2.427000 -4.322000
2688 -0.866000 -3.677000
3096 7.210000 -3.033000
1041 0.025000 -4.450000
1028 5.494000 -0.366000
1029 -2.342000 -0.358000
1095 -3.745000 -0.479000
2284 0.509000 -0.876000
1962 0.741000 -0.723000
1961 6.987000 -0.608000
3188 -2.570000 -2.264000
1075 -3.672000 -0.859000
591 -2.861000 -0.479000
592 -2.715000 -0.733000
2529 6.766000 -1.501000
2530 6.914000 -1.501000
3128 5.583000 -1.499000
1941 -1.339000 -4.860000
1942 4.639000 -4.872000
1998 -4.629000 -0.985000
3198 -4.777000 -0.977000
650 6.841000 -2.905000
2948 -1.086000 -2.523000
649 -1.162000 -2.394000
673 7.281000 -1.118000
3193 -0.127000 -4.189000
2274 5.882000 -0.993000
25 6.614000 -2.264000
3501 6.689000 -2.392000
2114 6.690000 -2.137000
2046 1.946000 -3.163000
2840 6.398000 -1.118000
1008 2.938000 -0.994000
1289 -1.388000 -2.009000
1141 -2.277000 -3.806000
1009 7.428000 -0.359000
185 7.350000 -0.226000
2690 1.351000 -4.870000
2163 -1.459000 -0.608000
1728 -1.385000 -0.481000
1729 -1.238000 -0.481000
2622 -1.311000 -0.354000
2623 -1.164000 -0.358000
3125 -1.091000 -0.482000
1030 -1.017000 -0.359000
1031 -1.216000 -0.237000
3035 -1.385000 -0.224000
3023 -1.532000 -0.482000
1960 -0.943000 -0.484000
1959 -0.870000 -0.358000
2207 -0.944000 -0.225000
3181 -0.776000 -0.238000
593 -1.165000 -0.609000
594 6.766000 -0.736000
600 -3.084000 -1.626000
2531 7.137000 -3.929000
1949 6.023000 -2.264000
1943 -2.716000 -2.521000
1944 3.143000 -4.871000
1999 -1.015000 -4.192000
3206 -4.188000 -0.732000
644 6.251000 -1.118000
2893 5.728000 -2.009000
635 -4.724000 -0.599000
2720 -3.231000 -1.370000
3091 -1.458000 -0.359000
1006 -2.710000 -0.479000
24 7.284000 -3.416000
3502 0.821000 -2.773000
2115 -4.341000 -2.776000
2185 5.728000 -4.059000
2786 5.728000 -3.801000
1007 -2.416000 -0.735000
1284 -4.335000 -0.732000
1142 -1.093000 -1.755000
2717 -1.901000 -0.608000
186 7.856000 -0.364000
261 -4.849000 -0.363000
2691 -4.365000 -0.124000
3588 -4.873000 -0.662000
1730 7.875000 -0.669000
1731 -4.859000 -1.105000
1737 -4.885000 -1.401000
2624 7.502000 -0.735000
3137 7.209000 -2.777000
1032 7.873000 -1.691000
1033 7.873000 -1.411000
1050 7.874000 -1.979000
2351 -4.873000 -1.691000
1958 7.208000 -0.990000
1957 7.502000 -0.990000
3175 -3.821000 -1.880000
617 -3.457000 -3.545000
595 -3.892000 -0.479000
596 7.134000 -0.608000
2621 -4.045000 -2.520000
3100 -3.823000 -2.647000
1950 -3.898000 -2.776000
2784 -3.678000 -2.903000
2000 -4.189000 -2.007000
3208 6.767000 -3.545000
2879 -4.335000 -0.477000
643 6.914000 -1.245000
631 -3.379000 -1.370000
634 -1.679000 -0.482000
969 -2.789000 -1.881000
971 2.712000 -0.368000
973 2.765000 -0.240000
23 -3.673000 -1.370000
322 -0.865000 -3.163000
3498 6.398000 -0.863000
2035 7.434000 -4.185000
1481 6.545000 -1.118000
2715 5.955000 -1.372000
1285 -3.157000 -0.732000
2888 -3.820000 -0.859000
2716 -3.452000 -0.987000
187 6.840000 -0.863000
3469 1.559000 -0.620000
3613 -2.715000 -1.754000
1902 -4.347000 -4.057000
1732 -4.272000 -3.929000
1733 5.654000 -1.881000
2625 3.809000 -0.123000
3184 3.735000 -0.255000
1042 3.958000 -0.126000
1034 4.009000 -0.252000
1035 -4.041000 -1.242000
2952 6.171000 -2.264000
2956 -3.895000 -2.263000
1678 -4.262000 -1.114000
1956 -2.564000 -0.734000
2199 1.341000 -1.497000
3170 -3.304000 -0.732000
597 -0.357000 -1.248000
598 -1.387000 -1.755000
1303 -4.416000 -2.904000
3088 6.691000 -2.649000
3229 6.840000 -2.649000
3224 -2.937000 -2.137000
3214 7.867000 -2.412000
1310 7.876000 -2.724000
625 -4.873000 -2.721000
645 -2.048000 -0.608000
630 -0.944000 -0.991000
2828 6.987000 -1.373000
970 7.208000 -1.500000
972 -1.017000 -0.610000
974 -2.352000 -4.193000
22 6.471000 -3.033000
3509 -3.894000 -1.752000
2109 -0.064000 -1.501000
2034 -2.122000 -0.990000
1482 -2.493000 -1.371000
992 -4.264000 -2.134000
1483 0.155000 -4.188000
2907 7.135000 -2.394000
3027 7.873000 -3.456000
188 -4.873000 -3.460000
2791 -4.115000 -1.369000
2959 7.574000 -1.372000
1734 6.322000 -3.545000
1735 -0.128000 -3.162000
3213 7.283000 -2.905000
3047 1.201000 -4.870000
3021 -1.019000 -1.373000
1036 6.915000 -3.289000
1037 0.526000 -3.029000
1087 -4.115000 -1.114000
1675 -0.578000 -1.628000
1677 7.876000 -3.751000
1970 -4.873000 -3.750000
3279 -2.642000 -4.715000
1074 -3.161000 -3.545000
599 -2.568000 -1.754000
602 -0.651000 -2.010000
2687 -4.346000 -3.801000
2831 -1.386000 -0.991000
775 -1.906000 -3.678000
2771 -1.981000 -4.064000
2913 -0.346000 -3.549000
623 6.769000 -4.315000
624 -1.981000 -3.549000
1309 -0.494000 -3.806000
3069 -2.864000 -3.289000
3112 -1.464000 -4.731000
2838 -2.501000 -4.193000
975 4.915000 -4.452000
976 5.055000 -4.510000
21 4.611000 -4.441000
267 -2.790000 -3.674000
3511 5.060000 -3.673000
2724 5.358000 -4.449000
1484 5.357000 -3.673000
2890 -0.791000 -4.064000
1485 3.070000 -2.012000
1700 -1.091000 -0.991000
2295 -2.055000 -4.451000
189 0.083000 -2.009000
289 -0.489000 -4.325000
3597 5.802000 -4.447000
2068 -4.049000 -4.057000
1736 6.174000 -4.059000
3226 4.252000 -0.742000
2006 -0.871000 -1.118000
1986 7.061000 -2.266000
2953 2.384000 -4.438000
1038 3.147000 -1.882000
1039 -3.747000 -1.752000
1674 1.269000 -3.028000
1676 0.012000 -2.646000
2689 0.593000 -4.438000
3297 0.305000 -2.901000
3122 5.507000 -1.881000
3104 0.745000 -4.429000
603 0.897000 -3.157000
604 -3.604000 -3.544000
607 -2.790000 -3.161000
610 -4.050000 -4.571000
612 7.061000 -1.500000
614 6.987000 -1.628000
619 2.853000 -1.883000
622 1.557000 -3.026000
626 -0.945000 -1.755000
3094 1.852000 -3.026000
2289 -0.717000 -2.651000
1991 1.090000 -2.392000
2877 -3.753000 -4.314000
977 2.146000 -3.025000
978 7.360000 -4.577000
20 0.799000 -2.144000
3512 -3.604000 -3.800000
2725 3.741000 -0.867000
2040 -0.651000 -1.501000
1486 6.245000 -2.392000
1011 2.123000 -1.882000
1659 7.061000 -1.755000
2268 -3.747000 -1.497000
2785 6.987000 -1.883000
190 2.242000 -3.163000
2160 -0.791000 -2.779000
2069 7.873000 -4.485000
3239 -4.873000 -4.485000
2007 -2.576000 -4.322000
1318 -1.982000 -4.579000
1316 -3.752000 -3.800000
1043 6.767000 -4.058000
1040 -1.832000 -4.064000
2808 0.309000 -1.264000
2414 -1.684000 -3.549000
3300 5.653000 -4.447000
3299 6.767000 -3.289000
1754 1.704000 -1.623000
1988 -3.378000 -0.860000
3078 1.126000 -0.869000
605 7.064000 -4.314000
606 6.098000 -3.416000
609 -0.866000 -4.193000
611 5.359000 -1.881000
613 1.847000 -1.370000
618 -2.797000 -4.447000
621 -1.609000 -3.678000
3092 -0.430000 -1.628000
3085 0.022000 -3.676000
3079 6.546000 -4.187000
1741 1.487000 -0.995000
1987 1.920000 -0.744000
1068 -0.643000 -3.292000
979 6.614000 -2.519000
980 -4.345000 -3.289000
19 6.471000 -4.058000
321 5.211000 -1.882000
3515 3.365000 -2.012000
2758 -1.757000 -4.193000
1660 6.320000 -2.520000
2772 0.379000 -3.029000
2515 -1.387000 -3.549000
1693 5.585000 -4.572000
2889 1.414000 -1.120000
191 -1.312000 -3.678000
3465 6.397000 -2.649000
3254 6.398000 -1.627000
3018 -2.724000 -4.321000
2971 3.441000 -1.883000
1317 6.248000 -4.188000
1049 2.441000 -3.024000
1044 -1.090000 -3.548000
1047 6.246000 -3.416000
1063 5.400000 -3.018000
3301 -0.061000 -0.383000
1776 -3.600000 -1.497000
1489 -1.088000 -4.064000
1705 -2.126000 -1.754000
2991 -4.355000 -4.567000
615 5.064000 -1.882000
608 -3.158000 -1.753000
2641 -3.679000 -4.443000
961 2.538000 -3.163000
2718 -1.019000 -1.882000
627 0.157000 -2.137000
2698 0.215000 -0.125000
2700 6.693000 -3.417000
1983 3.660000 -2.011000
1739 -1.018000 -1.118000
3064 -2.716000 -3.033000
1740 -3.452000 -1.497000
2589 4.916000 -1.882000
2882 -0.198000 -3.549000
981 5.876000 -3.802000
982 5.654000 -3.673000
18 5.205000 -3.159000
3517 -3.379000 -1.880000
2760 -2.940000 -3.931000
2759 3.735000 -1.883000
2780 -2.568000 -2.521000
990 1.993000 -0.869000
1239 4.842000 -2.010000
1110 -2.862000 -1.243000
995 -3.305000 -2.009000
192 0.455000 -3.156000
259 -3.305000 -1.497000
3618 7.734000 -1.357000
2078 -1.163000 -4.193000
1649 1.198000 -0.995000
1330 2.736000 -3.024000
1319 -2.718000 -3.802000
2922 -2.421000 -2.521000
1048 1.609000 -2.010000
1052 3.955000 -2.011000
3304 5.102000 -3.019000
1908 -2.568000 -3.033000
1488 -3.612000 -4.569000
1293 7.873000 -3.162000
2958 -1.683000 -1.754000
628 2.883000 -3.023000
616 -0.356000 -0.994000
1758 4.621000 -1.882000
2642 4.030000 -1.883000
3138 -3.231000 -1.625000
3186 -3.527000 -2.136000
2699 -1.166000 -1.882000
3118 4.547000 -2.010000
3113 4.251000 -2.010000
1479 4.326000 -1.882000
1704 -3.453000 -2.264000
3011 1.410000 -1.877000
2982 4.954000 -3.019000
1076 -1.680000 -0.990000
984 -2.494000 -3.161000
983 -0.351000 -2.522000
985 5.802000 -3.673000
17 -1.386000 -4.063000
277 6.619000 -3.545000
3510 -1.165000 -1.118000
2121 -2.201000 -2.392000
2867 1.261000 -1.879000
991 4.763000 -3.161000
1238 -0.124000 -3.677000
1109 -3.527000 -2.391000
996 2.983000 -3.163000
193 -1.015000 -3.677000
2157 -1.314000 -1.882000
1885 -2.053000 -2.392000
1647 -1.535000 -4.063000
1331 -3.233000 -2.648000
2774 3.179000 -3.023000
2960 4.658000 -3.019000
1053 -0.429000 -0.867000
1056 -3.531000 -3.672000
3099 3.279000 -3.163000
2964 6.470000 -3.545000
1292 2.209000 -0.744000
647 -0.222000 -0.126000
632 -1.609000 -1.882000
629 -1.312000 -1.118000
3160 -0.429000 -2.137000
3220 4.510000 -3.020000
3166 -1.976000 -2.522000
1759 3.622000 -3.022000
3180 4.318000 -3.162000
3132 3.474000 -3.022000
1476 -0.576000 -2.137000
1323 -1.757000 -2.392000
1288 4.021000 -3.162000
2865 4.217000 -3.022000
987 -1.609000 -2.393000
2924 -3.159000 -3.032000
989 3.920000 -3.022000
986 -0.798000 -2.265000
2901 -1.462000 -1.882000
2942 3.724000 -3.162000
16 -0.577000 -0.866000
3514 -3.306000 -2.775000
2120 -3.382000 -3.673000
2042 -0.945000 -2.264000
1456 4.787000 -4.870000
997 -2.273000 -3.034000
1240 -1.532000 -2.522000
2834 -1.460000 -1.117000
1003 1.270000 -1.120000
194 2.282000 -0.869000
3440 -2.053000 -3.163000
2617 -1.311000 -2.393000
1648 -2.053000 -1.881000
1715 6.694000 -4.187000
3017 -1.091000 -2.265000
1058 -3.454000 -2.519000
1057 -1.977000 -3.035000
3308 1.193000 -1.496000
2012 -1.831000 -1.754000
1465 -1.609000 -4.192000
1269 -3.235000 -3.673000
637 -3.306000 -2.520000
633 -1.905000 -1.882000
2374 -1.756000 -3.163000
2250 5.431000 -3.801000
1664 2.198000 -1.503000
1640 -1.607000 -1.117000
1638 1.993000 -1.370000
1636 -2.713000 -1.244000
1477 -1.681000 -3.035000
1324 2.284000 -1.370000
1287 -2.273000 -1.753000
1005 -1.163000 -3.164000
1001 -2.495000 -1.881000
988 -2.348000 -1.881000
994 -1.088000 -3.035000
993 -1.460000 -3.163000
2933 -3.089000 -3.931000
2500 -1.384000 -3.035000
2904 5.579000 -3.801000
15 2.489000 -1.503000
3516 -2.642000 -1.881000
2086 6.917000 -4.314000
2041 -2.717000 -2.009000
1457 -0.576000 -0.614000
1221 2.575000 -1.370000
2686 -3.161000 -3.801000
2847 -0.792000 -3.292000
1279 -1.684000 -4.321000
195 -2.791000 -2.136000
313 1.343000 -1.245000
2077 2.719000 -1.371000
1716 -1.828000 -0.989000
1992 -1.902000 -1.117000
3056 -2.345000 -1.372000
1059 -3.232000 -2.903000
1060 -2.049000 -1.117000
3086 -2.271000 -1.244000
1905 -2.124000 -1.244000
1706 -2.717000 -2.264000
2947 -2.565000 -1.244000
638 -1.758000 -4.450000
639 2.928000 -1.503000
956 -4.048000 -3.287000
2248 -2.643000 -2.392000
1663 -4.195000 -3.287000
1639 6.843000 -4.445000
1637 -0.723000 -0.612000
1635 2.497000 -0.743000
1634 4.910000 -3.674000
2903 6.917000 -4.570000
1286 -4.339000 -2.263000
1004 7.870000 -4.187000
1000 -3.752000 -3.032000
998 -1.833000 -4.579000
999 3.010000 -1.372000
2726 5.653000 -2.387000
2499 5.134000 -3.801000
1673 -0.796000 -0.486000
1334 4.613000 -3.673000
14 1.269000 -1.371000
292 3.721000 -3.675000
3518 0.605000 -4.640000
2043 4.019000 -3.674000
2875 3.645000 -3.803000
1333 4.464000 -3.674000
1978 4.167000 -3.674000
1538 3.942000 -3.803000
1537 3.225000 -1.500000
196 -1.914000 -4.725000
2616 3.424000 -3.675000
2946 1.168000 -2.014000
1993 2.572000 -0.868000
3034 5.282000 -3.801000
1222 3.348000 -3.803000
1061 4.835000 -3.802000
1062 4.388000 -3.802000
3202 3.301000 -1.373000
3211 2.682000 -3.676000
3185 2.604000 -3.804000
648 3.130000 -3.673000
640 3.519000 -1.500000
641 2.385000 -3.676000
2578 2.979000 -3.675000
2249 2.307000 -3.805000
2872 3.595000 -1.373000
2186 2.902000 -3.804000
2870 2.089000 -3.676000
2182 6.616000 -2.009000
2510 2.011000 -3.805000
2179 3.813000 -1.500000
1701 6.322000 -1.754000
2873 1.793000 -3.676000
1002 2.787000 -0.742000
2627 -2.348000 -3.162000
1224 6.100000 -1.626000
1682 3.890000 -1.373000
2291 5.806000 -1.373000
1529 2.412000 -1.884000
1528 5.730000 -1.499000
13 5.512000 -1.372000
2852 1.711000 -3.807000
3519 4.108000 -1.500000
2591 5.364000 -1.372000
1979 5.288000 -1.499000
2793 5.069000 -1.373000
1855 4.184000 -1.373000
1854 4.993000 -1.500000
2092 4.403000 -1.500000
197 4.774000 -1.373000
264 4.698000 -1.500000
3437 4.479000 -1.372000
3388 -2.422000 -3.290000
3344 2.931000 -0.742000
3331 -2.496000 -3.417000
1134 -2.423000 -3.547000
2765 -2.497000 -3.674000
2013 1.498000 -3.674000
2005 4.568000 -4.749000
3167 -2.572000 -3.803000
2866 1.347000 -3.676000
642 1.264000 -3.807000
646 3.008000 -0.867000
2579 -2.794000 -3.932000
3238 1.054000 -3.674000
779 0.902000 -3.677000
2871 0.607000 -3.677000
1066 0.822000 -3.806000
2869 0.526000 -3.806000
1662 0.515000 -0.125000
2178 0.311000 -3.677000
2928 -0.355000 -2.265000
1268 0.232000 -3.804000
1267 -0.425000 -2.394000
1973 3.223000 -0.741000
1366 -0.206000 -2.519000
1683 7.864000 -1.106000
2347 -0.133000 -2.649000
2010 3.300000 -0.867000
2011 -3.312000 -4.055000
12 -3.308000 -4.320000
318 -3.385000 -4.185000
3521 -3.162000 -4.318000
2047 0.172000 -4.451000
1980 3.517000 -0.742000
2794 -0.204000 -2.778000
2837 -3.016000 -4.318000
3427 -0.131000 -2.904000
300 -0.203000 -3.034000
198 6.025000 -0.738000
3626 3.594000 -0.867000
2505 5.804000 -0.865000
2503 0.016000 -3.157000
2033 5.723000 -0.738000
2032 3.809000 -0.740000
3327 0.091000 -3.285000
2766 5.576000 -0.738000
3324 5.361000 -0.865000
1703 5.280000 -0.737000
1757 -2.942000 -4.446000
3142 5.134000 -0.738000
2990 3.958000 -0.742000
676 4.919000 -0.865000
682 4.838000 -0.737000
703 4.038000 -0.870000
715 4.184000 -0.869000
758 4.692000 -0.738000
772 4.477000 -0.866000
796 4.399000 -0.741000
1250 5.444000 -4.576000
1661 1.359000 -3.159000
3236 -4.876000 -0.220000
1460 7.880000 -0.214000
1438 0.533000 -3.286000
2767 7.877000 -4.773000
1974 -4.877000 -4.773000
1906 1.914000 -1.494000
2729 1.841000 -1.619000
2348 1.465000 -0.245000
3523 0.903000 -1.380000
2855 1.768000 -1.749000
11 1.225000 -0.119000
3522 1.370000 -0.119000
2102 1.658000 -0.119000
2048 1.691000 -1.880000
3470 1.033000 -0.245000
3483 1.786000 -0.098000
316 1.917000 -0.268000
2853 0.784000 -2.642000
239 0.932000 -0.115000
240 0.973000 -2.778000
199 0.801000 -0.121000
2504 1.150000 -2.519000
2502 0.606000 -0.251000
1842 2.089000 -0.121000
1841 1.381000 -2.386000
3325 1.516000 -2.390000
3326 1.722000 -2.516000
1353 2.216000 -0.098000
1702 1.819000 -2.384000
3005 1.959000 -2.388000
1322 2.352000 -0.271000
696 2.162000 -2.516000
695 -2.864000 -4.573000
702 2.258000 -2.384000
714 2.396000 -2.389000
757 2.499000 -0.098000
771 2.604000 -2.515000
795 2.689000 -2.390000
1099 2.636000 -0.269000
1251 2.898000 -2.515000
2555 5.569000 -3.281000
2173 2.983000 -2.389000
1536 3.194000 -2.514000
1845 2.794000 -0.115000
2532 3.288000 -2.383000
3451 7.343000 -4.868000
3435 3.431000 -2.385000
319 3.636000 -2.513000
2862 0.089000 -3.801000
3622 3.721000 -2.388000
279 3.932000 -2.512000
237 4.026000 -2.381000
238 0.014000 -3.928000
10 5.568000 -2.511000
338 4.169000 -2.384000
3547 4.376000 -2.511000
2851 -0.060000 -4.057000
241 5.857000 -2.770000
242 0.638000 -0.640000
200 4.469000 -2.381000
308 4.613000 -2.384000
2079 4.820000 -2.510000
1840 4.913000 -2.380000
1368 3.006000 -0.393000
1355 5.264000 -2.509000
1351 5.350000 -2.385000
1133 5.056000 -2.383000
2592 0.014000 -4.186000
3019 0.091000 -4.319000
705 0.662000 -2.631000
704 0.307000 -4.442000
2498 -4.759000 -0.735000
3228 0.079000 -0.606000
788 3.144000 -0.223000
2701 5.488000 -3.145000
963 4.151000 -4.428000
2843 4.345000 -4.880000
1270 3.533000 -4.751000
1369 3.313000 -0.373000
1894 -4.760000 -1.760000
2221 6.011000 -4.811000
2139 -2.785000 -4.706000
2142 3.443000 -0.396000
268 -0.290000 -0.230000
2856 -2.256000 -4.855000
234 3.587000 -0.224000
235 3.733000 -0.394000
233 1.924000 -4.433000
236 3.878000 -0.224000
9 -0.518000 -0.099000
3562 4.035000 -0.378000
3356 4.275000 -0.120000
243 -0.650000 -0.265000
201 4.402000 -0.096000
2501 4.537000 -0.267000
3583 -4.765000 -1.458000
3492 4.711000 -0.118000
1839 4.842000 -0.096000
1367 4.978000 -0.267000
1352 5.152000 -0.118000
931 -4.103000 -4.764000
768 5.283000 -0.096000
756 5.419000 -0.266000
717 5.593000 -0.117000
716 4.464000 -4.431000
2494 5.724000 -0.095000
2496 -4.761000 -2.787000
3230 5.867000 -0.263000
2281 5.257000 -4.892000
2280 -1.809000 -4.856000
2910 6.014000 -0.097000
1684 3.958000 -4.756000
1516 -4.761000 -2.508000
1888 -1.195000 -4.887000
1895 -4.752000 -0.462000
2162 0.791000 -1.409000
326 3.365000 -4.750000
3508 -4.768000 -3.534000
232 -0.315000 -4.561000
1 -0.398000 -4.764000
244 -0.315000 -4.873000
202 -4.770000 -4.560000
272 -0.826000 -0.115000
2184 -0.956000 -0.094000
3573 2.950000 -4.434000
3105 -1.088000 -0.262000
3070 -1.266000 -0.115000
3001 -4.898000 -0.956000
930 7.209000 -0.262000
767 7.343000 -0.097000
755 7.496000 -0.259000
754 -1.397000 -0.094000
778 7.633000 -0.097000
2495 6.902000 -0.091000
1871 7.030000 -0.114000
3043 -1.528000 -0.262000
2028 -3.345000 -4.761000
2279 -1.707000 -0.115000
1985 -1.838000 -0.094000
1984 -1.971000 -0.261000
2750 6.161000 -0.258000
3468 -2.149000 -0.115000
2223 -2.861000 -0.258000
3542 -2.280000 -0.094000
230 -2.413000 -0.261000
231 -2.590000 -0.115000
203 -2.721000 -0.094000
2155 6.761000 -0.253000
2084 -4.765000 -3.814000
1753 1.288000 -2.522000
1742 1.871000 -4.767000
1227 7.771000 -0.737000
1085 -4.900000 -1.985000
2975 -3.013000 -0.096000
766 -3.741000 -0.259000
2497 -3.157000 -0.257000
2200 -3.307000 -0.096000
1867 7.773000 -1.762000
1868 -3.916000 -0.114000
1870 -3.452000 -0.257000
2027 -4.047000 -0.093000
2266 -3.601000 -0.096000
2138 -4.188000 -0.261000
3462 -4.316000 -0.245000
263 0.557000 -4.740000
2916 -4.472000 -0.243000
229 -4.633000 -0.093000
228 -4.752000 -1.226000
204 1.064000 -2.646000
309 1.461000 -4.430000
2083 0.385000 -4.559000
1743 4.439000 -4.756000
1372 1.015000 -4.420000
1228 7.772000 -2.790000
2305 7.775000 -3.531000
2306 7.772000 -2.506000
2895 6.656000 -4.769000
2950 6.309000 -0.094000
1865 7.769000 -1.483000
1866 7.775000 -4.562000
1869 7.773000 -3.817000
2026 4.497000 -4.644000
2029 -4.903000 -3.019000
2267 -4.764000 -4.291000
330 5.528000 -4.678000
227 -4.761000 -3.267000
226 -4.904000 -2.276000
205 7.764000 -0.464000
2177 -4.905000 -4.046000
2098 0.535000 -1.649000
2992 6.603000 -0.092000
1373 -4.762000 -0.257000
1374 6.460000 -0.251000
2304 7.906000 -0.963000
2894 0.344000 -1.520000
1861 1.759000 -4.557000
1862 6.868000 -4.677000
1864 5.153000 -4.568000
2620 7.768000 -2.034000
2063 0.528000 -4.543000
3541 7.768000 -0.254000
2590 -4.894000 -4.894000
3538 7.893000 -4.893000
225 7.765000 -3.268000
206 7.909000 -2.278000
282 7.892000 -0.108000
3582 -4.892000 -0.108000
3456 7.911000 -3.016000
1512 7.765000 -1.219000
1375 7.768000 -4.292000
1376 7.911000 -4.046000
1441 5.049000 -4.892000
1443 1.239000 -4.509000
1860 1.673000 -4.440000
1863 2.888000 -0.224000
2119 4.076000 -4.763000
3473 4.390000 -4.660000
270 -3.565000 -4.679000
2932 3.432000 -4.433000
223 5.063000 -4.617000
224 0.443000 -1.472000
207 0.452000 -4.911000
2176 4.128000 -0.267000
2197 4.015000 -4.402000
3592 3.153000 -4.432000
3067 1.017000 -1.347000
1377 -4.117000 -4.661000
1440 -3.373000 -4.660000
1442 -0.074000 -4.825000
1859 4.540000 -4.530000
2372 0.184000 -0.777000
3504 0.565000 -2.671000
334 -1.173000 -4.683000
2945 0.184000 -1.029000
222 -0.031000 -0.635000
221 5.534000 -4.915000
208 -4.309000 -4.676000
2082 0.341000 -1.776000
2081 -0.832000 -4.558000
1832 -0.776000 -4.762000
1524 -0.392000 -0.261000
2316 -1.566000 -4.825000
2061 6.879000 -4.910000
2096 5.798000 -4.893000
280 -0.104000 -0.508000
220 -0.180000 -0.387000
219 2.066000 -4.763000
209 0.118000 -0.890000
304 0.731000 -0.595000
2080 0.115000 -1.144000
2044 0.187000 -1.269000
2091 5.058000 -4.395000
3539 0.260000 -1.395000
2181 1.431000 -4.529000
3544 4.680000 -4.525000
218 0.974000 -4.526000
210 3.495000 -4.532000
2167 -1.231000 -4.785000
2118 0.824000 -4.528000
3477 1.860000 -4.525000
301 7.132000 -4.897000
3016 1.216000 -4.417000
217 -2.017000 -4.820000
216 2.923000 -4.534000
211 0.675000 -4.534000
340 6.673000 -4.668000
335 -4.797000 -1.330000
3360 0.486000 -2.495000
215 0.679000 -2.165000
214 0.690000 -1.234000
8 -2.835000 -4.918000
3557 2.323000 -4.538000
213 2.462000 -4.535000
212 5.997000 -4.911000
1915 1875 1876
1750 1709 1711
808 807 757
2016 2015 1974
1916 1915 1876
3330 3293 3333
808 757 758
808 758 809
1586 1585 1626
1978 1977 1935
1625 1626 1585
1034 1074 1077
1751 1750 1711
1976 2017 1975
2016 1975 2017
1423 1422 1464
813 864 812
2016 1974 1975
863 812 864
2450 2490 2449
3054 3053 3013
3503 3502 3477
1785 1746 1745
2609 2608 2568
3593 3592 3577
916 868 915
918 917 963
992 994 946
2569 2609 2568
1907 1906 1947
993 946 994
2489 2449 2490
1463 1464 1422
3296 3295 3256
3594 3605 3604
3175 3174 3134
1907 1866 1906
2731 2691 2692
1907 1868 1866
1151 1190 1193
2811 2772 2812
1976 1977 2017
2811 2812 2851
3296 3336 3295
2934 2973 2933
2934 2933 2894
3373 3331 3372
3014 3013 2972
1343 1300 1342
1151 1193 1158
3504 3526 3525
2974 3014 2972
1936 1978 1935
760 809 758
3450 3416 3417
2652 2692 2691
3371 3330 3333
1828 1825 1786
919 963 917
870 915 868
1576 1577 1535
1536 1535 1577
1825 1784 1786
1825 1818 1784
3400 3439 3438
3404 3362 3403
3135 3134 3093
3378 3417 3416
1946 1947 1906
3255 3215 3216
3256 3295 3255
1777 1737 1744
3256 3255 3216
1734 1774 1773
3095 3135 3093
12 10 5
1698 1658 1657
1698 1699 1658
1790 1751 1791
1455 1456 1414
3054 3013 3014
1340 1342 1300
1415 1414 1456
863 861 812
811 760 810
1905 1945 1946
1115 1077 1074
2489 2530 2529
3176 3216 3215
3498 3523 3520
1463 1503 1504
3613 3604 3605
3175 3134 3135
4 5 10
3539 3518 3540
1828 1786 1827
547 549 506
1979 1936 1937
3574 3555 3573
2652 2651 2612
547 591 549
3544 3525 3526
1820 1780 1779
1128 1087 1129
25 24 14
3521 3496 3520
591 593 549
1820 1821 1780
679 637 632
1086 1087 1128
1790 1750 1751
1373 1374 1332
1333 1332 1374
918 870 917
584 630 628
1455 1495 1456
1495 1496 1456
2489 2490 2530
1785 1745 1783
2611 2651 2610
2650 2610 2651
1773 1812 1772
3593 3604 3592
1813 1856 1855
3613 3614 3621
3503 3477 3478
3503 3525 3502
15 25 14
1463 1504 1464
401 438 399
438 437 399
3623 3621 3614
2652 2691 2651
519 561 517
561 560 517
2235 2276 2236
1576 1617 1577
2277 2236 2276
1617 1618 1577
652 698 650
698 697 650
798 849 796
849 848 796
3617 3607 3616
3578 3593 3577
3613 3612 3603
542 504 499
3473 3438 3439
3544 3545 3561
1785 1786 1746
3370 3372 3331
2056 2015 2016
3589 3571 3588
684 686 639
1734 1735 1774
3556 3573 3555
68 64 85
84 85 64
106 111 89
109 89 111
993 966 946
1698 1739 1699
1739 1740 1699
1210 1169 1211
158 181 155
1936 1896 1897
1170 1211 1169
180 155 181
3593 3594 3604
1811 1772 1812
1587 1588 1546
1686 1727 1726
1686 1726 1685
1905 1904 1945
759 760 711
583 539 582
1777 1744 1784
3544 3543 3524
3377 3376 3334
1777 1776 1737
918 915 870
540 582 539
235 207 236
1980 1979 1937
1333 1293 1332
1415 1374 1414
1291 1332 1293
3287 3247 3246
3287 3246 3286
1564 1605 1604
3327 3286 3326
3327 3287 3286
1564 1604 1563
3586 3600 3599
1373 1414 1374
3166 3207 3167
3206 3207 3166
547 506 504
1210 1211 1251
2358 2399 2359
2400 2359 2399
1777 1784 1818
1774 1813 1773
1863 1821 1820
1863 1864 1821
1536 1496 1535
1495 1535 1496
584 585 630
2521 2481 2520
2480 2520 2481
94 73 95
1252 1251 1211
1441 1482 1481
9 18 19
1441 1481 1440
684 637 679
1170 1169 1129
3503 3504 3525
756 757 807
3411 3412 3369
3401 3403 3362
1658 1618 1657
1926 1927 1968
1358 1400 1399
1811 1854 1853
3623 3614 3622
1358 1399 1357
1128 1129 1169
1979 1978 1936
3558 3539 3540
2600 2640 2601
2641 2601 2640
1617 1657 1618
275 243 274
1275 1316 1315
1001 1002 1046
179 206 178
1275 1315 1274
1047 1046 1002
1625 1665 1626
373 338 374
811 810 861
2041 2081 2040
2762 2721 2761
2720 2761 2721
998 953 950
904 950 953
3095 3093 3094
2014 2054 2013
865 864 813
2884 2843 2883
3608 3616 3607
1150 1192 1191
1199 1203 1162
2842 2883 2843
1150 1191 1149
1814 1776 1816
746 747 796
798 796 747
542 547 504
3498 3522 3523
1066 1107 1106
1810 1771 1811
1066 1106 1065
163 141 165
1930 1971 1929
2974 2972 2973
1047 1087 1046
1587 1546 1545
2569 2568 2529
1780 1740 1779
604 605 650
652 650 605
2802 2843 2803
2842 2843 2802
1813 1815 1856
1813 1812 1773
1905 1946 1906
54 37 55
1086 1046 1087
2680 2721 2681
2720 2721 2680
1813 1855 1812
931 977 930
931 978 977
2041 2082 2081
2560 2601 2561
2600 2601 2560
1739 1779 1740
1035 1034 1077
2317 2359 2318
2358 2359 2317
777 828 776
777 829 828
1767 1806 1766
591 632 637
476 477 517
519 517 477
1767 1807 1806
2440 2481 2441
2480 2481 2440
591 637 593
1849 1807 1850
870 818 869
215 188 216
209 236 207
3613 3621 3612
3613 3603 3604
1649 1689 1648
2055 2054 2014
3402 3362 3404
3497 3498 3520
725 775 728
1202 1163 1161
631 677 630
631 678 677
363 364 399
919 871 872
401 399 364
1810 1770 1771
1967 2008 1966
1811 1812 1854
1202 1162 1203
3378 3338 3379
3378 3379 3417
3364 3324 3365
331 328 297
1122 1161 1163
823 875 822
823 822 771
822 770 771
660 614 661
721 771 770
206 205 178
1645 1685 1644
1401 1443 1442
1645 1686 1685
684 639 637
684 733 686
3438 3472 3437
3471 3437 3472
972 1016 971
1001 953 1002
876 924 875
876 875 823
998 1002 953
972 971 925
1857 1814 1816
1905 1864 1904
1988 1946 1987
529 528 486
3411 3447 3412
2134 2092 2093
1863 1904 1864
725 728 679
2134 2133 2092
1936 1897 1937
1731 1770 1730
971 924 925
1936 1935 1896
205 210 182
134 158 155
134 155 131
1988 1947 1946
876 925 924
1771 1770 1731
3332 3331 3373
1101 1143 1100
849 902 848
447 409 448
1101 1100 1060
1037 994 992
746 697 747
604 560 605
698 747 697
1017 1059 1016
1017 1016 972
476 437 477
561 605 560
265 298 268
1689 1690 1730
438 477 437
3377 3416 3376
2965 2925 2964
265 268 238
363 328 364
2924 2964 2925
3497 3520 3496
331 364 328
295 297 328
3544 3561 3543
3544 3524 3525
1186 1227 1185
811 809 760
1731 1730 1690
1826 1866 1868
1186 1185 1144
3127 3086 3126
3046 3006 3045
1523 1564 1563
3005 3045 3006
760 758 711
1523 1563 1522
3365 3324 3330
759 810 760
1401 1442 1402
1463 1424 1466
1100 1059 1060
3544 3526 3545
1269 1270 1310
1992 1993 1950
3085 3126 3086
1017 1060 1059
3519 3496 3521
1269 1228 1270
117 94 95
1185 1143 1144
1751 1712 1752
1101 1144 1143
1785 1827 1786
2257 2216 2217
2257 2256 2216
1078 1079 1037
1971 1972 2013
339 374 338
1394 1395 1435
1394 1353 1395
3247 3207 3246
3206 3246 3207
1269 1227 1228
3610 3599 3600
2014 2013 1972
273 243 275
1311 1352 1310
2649 2610 2650
1311 1310 1270
1186 1228 1227
2154 2155 2113
2649 2609 2610
1476 1477 1517
295 264 297
3176 3137 3177
1382 1422 1423
3613 3605 3614
3367 3410 3368
1476 1436 1477
1394 1352 1353
3054 3094 3053
1584 1585 1586
1311 1353 1352
3411 3368 3410
233 263 234
1306 1300 1343
3175 3215 3174
901 848 902
2489 2528 2488
1476 1435 1436
270 300 302
1395 1436 1435
1340 1382 1342
1599 1558 1559
811 861 862
2613 2653 2652
1518 1558 1517
1477 1518 1517
1930 1972 1971
1926 1968 1967
1680 1639 1640
2040 2039 1998
1518 1559 1558
1599 1559 1600
2453 2492 2452
1599 1600 1639
1951 1950 1993
2040 2081 2039
2409 2450 2449
1726 1727 1766
30 19 18
1649 1690 1689
1600 1640 1639
1761 1721 1722
1940 1982 1980
139 141 163
2335 2294 2295
1234 1275 1274
3332 3333 3293
2175 2215 2174
1234 1274 1233
1680 1640 1681
1680 1681 1721
2335 2295 2336
1767 1766 1727
1967 1966 1925
2852 2851 2812
1681 1722 1721
265 296 298
3587 3571 3589
2253 2212 2213
1762 1801 1761
1844 1801 1802
1849 1806 1807
1762 1761 1722
1976 1935 1977
2253 2213 2254
870 868 818
1762 1802 1801
870 869 917
3335 3377 3334
2171 2130 2131
1845 1886 1844
919 872 920
919 917 871
2171 2131 2172
1845 1844 1802
179 153 154
179 178 153
2298 2338 2297
1845 1887 1886
1604 1605 1644
3370 3369 3412
263 265 234
2046 2005 2006
1023 1066 1065
1023 1065 1022
3609 3619 3616
1810 1811 1853
1645 1644 1605
2235 2236 2194
615 661 614
3557 3576 3575
2050 2009 2010
1968 2010 2009
1967 2009 2008
240 238 268
1916 1877 1917
3337 3338 3378
756 707 757
1916 1876 1877
867 913 865
3377 3378 3416
2051 2092 2050
205 234 210
205 182 178
2046 2006 2047
3572 3588 3571
1381 1382 1340
2051 2050 2010
2051 2093 2092
882 930 881
2884 2883 2925
882 931 930
2134 2174 2133
2114 2113 2155
584 628 582
3563 3561 3545
863 862 861
527 486 528
1463 1466 1503
1463 1422 1424
1242 1203 1199
3127 3126 3167
727 776 726
727 777 776
1410 1450 1409
3166 3167 3126
3609 3618 3619
1410 1451 1450
3327 3326 3368
3367 3368 3326
3364 3365 3406
1771 1772 1811
1751 1752 1791
1481 1482 1522
1751 1711 1712
1202 1161 1162
2388 2387 2347
3436 3471 3470
2176 2217 2216
1523 1522 1482
267 297 264
267 264 236
2257 2297 2256
3176 3136 3137
3176 3177 3216
3436 3437 3471
235 206 207
38 55 37
270 302 271
2489 2529 2528
2489 2488 2449
1450 1451 1490
2411 2450 2410
2965 2964 3006
1328 1368 1327
3046 3045 3086
2388 2347 2348
3005 3006 2964
1328 1369 1368
3377 3337 3378
3402 3439 3400
3085 3086 3045
2924 2925 2883
2089 2130 2088
1926 1887 1927
2277 2276 2318
2613 2652 2612
2131 2130 2089
2652 2653 2692
1491 1490 1451
1921 1881 1882
1921 1882 1922
542 499 539
1839 1796 1797
1839 1797 1840
1399 1400 1440
1756 1716 1717
2548 2547 2508
1368 1369 1409
1441 1440 1400
255 256 226
3336 3337 3377
3382 3420 3381
255 287 256
540 497 498
3479 3503 3478
540 539 497
2253 2254 2294
1406 1365 1366
283 316 314
1410 1409 1369
1756 1717 1757
318 353 351
288 289 257
335 336 303
1287 1327 1286
335 303 302
1205 1246 1244
1964 2005 1963
321 289 288
1205 1244 1201
2548 2508 2509
321 322 289
2295 2294 2254
1406 1405 1365
1287 1328 1327
1594 1553 1554
2006 2005 1964
2171 2172 2212
2175 2174 2134
2317 2318 2276
1158 1199 1162
444 445 407
444 407 406
2521 2520 2561
3463 3491 3490
2213 2212 2172
1315 1316 1357
235 236 264
207 206 179
3498 3470 3471
252 282 284
1447 1486 1446
2408 2367 2409
3436 3397 3398
1675 1634 1635
1358 1357 1316
3436 3435 3397
1242 1199 1236
1608 1609 1648
3182 3221 3181
3452 3450 3417
1675 1635 1676
2762 2761 2803
2641 2640 2681
567 568 525
567 525 524
2560 2561 2520
2046 2047 2088
2802 2803 2761
2680 2681 2640
2400 2399 2441
1123 1164 1160
3557 3575 3573
391 388 426
1123 1160 1118
2440 2441 2399
1608 1567 1568
1594 1554 1595
3430 3464 3429
1608 1568 1609
1527 1567 1526
3275 3276 3315
704 705 658
3275 3315 3314
1957 1915 1916
1921 1922 1963
3430 3431 3465
325 354 319
3430 3465 3464
354 353 319
704 658 657
2298 2297 2257
2089 2088 2047
3103 3142 3102
3262 3301 3261
1244 1246 1286
1945 1987 1946
1527 1568 1567
1926 1886 1887
2453 2452 2413
1649 1648 1609
429 426 465
1041 1081 1076
3262 3302 3301
1041 1076 1033
804 855 856
391 426 429
3436 3398 3437
3578 3560 3561
1526 1486 1487
1287 1286 1246
3308 3348 3307
1527 1526 1487
2318 2319 2278
804 803 855
3578 3577 3560
282 250 281
251 281 250
1955 1956 1996
958 1006 1007
1816 1776 1777
3356 3396 3355
3222 3261 3221
2302 2262 2303
947 995 988
141 116 140
1191 1192 1233
947 988 941
958 957 1006
3316 3315 3276
3427 3426 3388
2307 2347 2306
255 226 225
1234 1233 1192
2724 2718 2684
213 212 240
1964 1963 1922
1120 1079 1078
3235 3274 3234
288 256 287
2307 2306 2266
3615 3622 3614
469 510 470
288 257 256
1839 1840 1881
845 898 892
3539 3517 3518
845 892 839
1756 1757 1796
3313 3312 3273
1546 1504 1545
1385 1382 1423
3517 3494 3518
3272 3232 3233
431 469 470
264 263 233
263 296 265
205 233 234
743 787 737
1545 1584 1586
3493 3494 3517
743 793 787
1882 1881 1840
3489 3513 3512
2388 2428 2387
1471 1430 1431
3311 3310 3271
189 216 188
1406 1366 1407
3396 3397 3435
1471 1431 1472
3489 3512 3488
3309 3269 3270
1160 1164 1201
3262 3261 3222
318 319 353
688 641 647
2410 2450 2409
1052 1050 1007
283 285 316
1389 1347 1348
688 647 694
3270 3230 3231
1774 1815 1813
1797 1796 1757
2429 2468 2428
1389 1348 1390
2279 2319 2320
976 1012 1021
2429 2428 2388
1134 1132 1092
2845 2844 2885
1106 1107 1149
595 551 557
3274 3275 3314
1205 1201 1164
1405 1364 1365
595 557 601
2469 2508 2468
1304 1262 1263
2805 2844 2845
2195 2194 2236
3466 3465 3431
1150 1149 1107
508 467 473
2469 2468 2429
511 470 510
508 473 514
3466 3493 3465
2029 2030 1988
2800 2759 2765
2307 2348 2347
1178 1136 1137
1304 1263 1305
3268 3228 3229
2805 2845 2807
2302 2261 2262
2541 2581 2580
3268 3229 3269
109 111 131
3272 3273 3312
2805 2807 2766
390 354 360
321 356 322
554 512 511
429 465 468
993 1010 966
252 250 282
2767 2766 2807
2759 2718 2724
511 512 471
3189 3229 3228
1513 1553 1512
390 360 396
1054 1012 1011
1675 1676 1716
3466 3494 3493
1324 1364 1323
429 468 430
469 430 468
134 131 111
2726 2766 2767
1324 1365 1364
901 904 851
3270 3271 3310
2540 2539 2500
1554 1553 1513
2726 2767 2727
2627 2587 2588
391 356 355
1447 1487 1486
3579 3593 3578
321 355 356
1717 1716 1676
68 85 89
391 355 388
106 89 85
2800 2806 2840
2759 2724 2765
1670 1665 1630
2548 2587 2547
2726 2727 2687
2619 2579 2580
84 64 63
3533 3532 3511
1281 1282 1323
3308 3349 3348
890 937 939
2724 2687 2727
3463 3490 3462
270 268 300
1178 1137 1179
2825 2866 2865
3308 3307 3268
2825 2865 2824
2542 2582 2581
2542 2543 2582
3532 3510 3511
2724 2684 2687
487 447 448
3054 3055 3094
2019 2021 2061
3188 3189 3228
513 555 556
2305 2265 2306
2279 2278 2319
2870 2829 2830
1324 1323 1282
1635 1634 1595
3427 3462 3461
511 471 470
3427 3388 3389
240 212 238
3427 3461 3426
728 684 679
984 1029 986
3396 3434 3395
2748 2707 2708
431 430 469
2469 2509 2508
570 528 572
1339 1298 1338
1471 1472 1512
1076 1081 1118
3235 3275 3274
3462 3489 3461
2305 2264 2265
244 215 216
1240 1282 1281
1257 1216 1256
2744 2784 2743
977 978 1022
1240 1281 1239
2744 2785 2784
2029 1988 1987
3489 3490 3513
2800 2765 2806
3274 3273 3234
3511 3488 3512
2060 2059 2018
1594 1595 1634
2668 2707 2667
2912 2951 2911
1257 1255 1216
2618 2617 2578
3272 3233 3273
213 240 241
1123 1118 1081
2150 2110 2151
2627 2588 2628
3272 3271 3232
2628 2668 2667
1085 1084 1126
554 555 512
3313 3354 3353
1168 1127 1167
1620 1619 1659
370 336 335
1979 2021 2019
370 371 336
3309 3308 3269
1129 1127 1168
1023 1022 978
1134 1092 1133
937 984 939
3532 3531 3510
2540 2579 2539
55 39 57
3270 3231 3271
57 56 77
2150 2151 2191
3182 3222 3221
2369 2409 2367
376 375 412
376 341 375
1054 1011 1053
2790 2829 2789
670 718 716
3270 3269 3230
1421 1380 1420
1085 1045 1084
376 412 413
2540 2580 2579
1620 1659 1660
3311 3352 3351
1979 2019 1978
984 1024 1029
1277 1278 1236
2893 2853 2894
3463 3464 3491
1209 1208 1249
2112 2111 2152
1021 1055 1064
2749 2790 2789
2548 2588 2587
1113 1116 1074
450 413 412
2748 2708 2749
1196 1197 1239
2231 2232 2272
2384 2383 2343
2384 2343 2344
1339 1337 1298
3533 3511 3512
1193 1199 1158
2150 2191 2190
2326 2328 2367
3188 3227 3187
841 789 840
1221 1262 1220
2153 2112 2152
2618 2579 2619
2799 2839 2838
3103 3143 3142
1155 1196 1154
1421 1419 1380
2541 2542 2581
1621 1620 1660
2865 2866 2906
2627 2628 2667
2063 2022 2025
2649 2608 2609
1240 1239 1197
2231 2190 2191
75 78 96
1963 2004 1962
2303 2344 2343
1221 1263 1262
2060 2019 2061
984 986 939
374 376 411
1155 1197 1196
1215 1216 1175
2870 2869 2829
2231 2191 2232
2668 2708 2707
100 96 78
1116 1151 1158
2160 2159 2200
2063 2024 2022
3356 3397 3396
1024 1067 1029
2758 2799 2798
39 56 57
2907 2906 2866
2790 2830 2829
2327 2287 2286
1055 1096 1064
483 484 445
483 445 444
893 942 894
1741 1701 1700
1242 1236 1278
541 540 498
2246 2205 2245
2702 2703 2743
3088 3087 3128
3382 3381 3341
1956 1915 1957
1513 1512 1472
2748 2749 2789
2153 2113 2112
2246 2244 2205
305 275 307
725 770 775
828 829 881
3356 3355 3315
3396 3435 3434
1318 1360 1319
2086 2045 2087
2893 2852 2853
2060 2018 2019
2102 2142 2101
1096 1139 1105
3396 3395 3355
2501 2540 2500
1135 1177 1176
3340 3341 3381
3088 3048 3087
2627 2626 2587
988 995 1033
2672 2712 2711
434 467 428
1077 1120 1078
1512 1552 1511
45 46 29
57 77 78
1389 1390 1430
2424 2383 2384
3313 3273 3274
2003 2044 2043
882 881 829
3088 3050 3048
513 512 555
2618 2578 2579
2065 2024 2063
1111 1112 1154
2004 2003 1962
473 467 434
3050 3010 3048
2286 2287 2246
2060 2101 2059
2070 2069 2111
841 840 893
1632 1592 1593
2086 2127 2085
307 340 341
3308 3268 3269
2003 2043 2002
1041 1033 995
3311 3271 3272
2086 2044 2045
1174 1215 1175
2870 2830 2871
2611 2612 2651
1155 1154 1112
976 967 1012
1052 1007 1051
2618 2657 2617
1071 1111 1070
2269 2231 2272
3313 3314 3354
124 100 123
1342 1382 1385
573 531 574
2478 2518 2517
3340 3300 3341
2622 2662 2661
2116 2157 2151
2129 2170 2169
206 233 205
1257 1256 1297
1177 1218 1176
1741 1742 1701
2702 2743 2742
2784 2785 2824
490 450 452
3313 3353 3312
2622 2623 2662
2748 2747 2707
374 341 376
1085 1126 1127
283 314 281
1794 1755 1795
573 571 530
7 10 16
251 221 223
2418 2457 2417
1741 1700 1740
3188 3228 3227
3311 3312 3352
671 719 717
1954 1995 1953
1040 1037 1079
1742 1702 1701
2425 2464 2424
251 250 221
1431 1430 1390
2170 2210 2169
318 351 316
529 530 571
2663 2703 2702
2286 2246 2245
414 452 450
3311 3351 3310
1551 1592 1591
148 173 149
1621 1661 1623
1071 1112 1111
1096 1105 1064
3188 3187 3148
2070 2111 2112
275 274 306
2160 2200 2201
2739 2698 2699
573 530 531
1552 1551 1511
2045 2044 2004
1551 1591 1550
2839 2800 2840
788 840 789
720 768 719
2825 2824 2785
2677 2716 2676
3509 3510 3531
1954 1996 1995
2341 2301 2342
276 245 247
414 450 412
808 858 807
492 490 452
3052 3049 3012
2870 2871 2911
488 449 489
148 124 123
2677 2717 2716
1138 1135 1176
3463 3429 3464
1218 1259 1217
1460 1500 1493
611 612 568
893 939 942
2160 2119 2159
670 716 668
2326 2287 2328
2203 2205 2244
57 78 75
720 719 672
611 568 567
1304 1305 1347
450 451 413
534 494 536
2128 2129 2169
2458 2498 2497
1242 1278 1284
1024 1064 1067
671 717 669
276 247 278
2128 2127 2086
887 935 886
1844 1843 1801
1599 1598 1558
887 936 935
2658 2697 2657
1907 1947 1948
553 511 510
1632 1593 1633
100 99 123
2175 2216 2215
2482 2522 2483
2541 2580 2540
2240 2199 2238
2086 2085 2044
100 78 99
1339 1338 1379
1094 1136 1093
295 263 264
276 278 308
2425 2424 2384
2004 2044 2003
618 573 574
1250 1209 1249
2102 2101 2060
1218 1217 1176
534 492 494
2003 2002 1961
2210 2209 2169
100 119 96
490 451 450
1138 1095 1135
1680 1679 1639
1593 1592 1552
492 454 494
983 1027 982
2210 2250 2209
2269 2272 2310
2459 2460 2499
1277 1236 1235
3424 3423 3385
2776 2816 2815
1580 1539 1579
1462 1500 1460
2128 2087 2129
310 308 278
1621 1660 1661
1348 1347 1305
1337 1378 1371
124 119 100
148 149 124
1993 2035 1994
3363 3322 3323
274 276 306
148 147 172
841 893 894
2083 2082 2042
1071 1070 1028
3493 3517 3516
893 890 939
3050 3011 3010
3509 3485 3486
252 284 255
1961 2002 1960
1694 1734 1693
529 571 528
3322 3283 3323
2537 2536 2497
2537 2497 2498
488 448 449
1761 1760 1721
1255 1296 1289
1994 2035 2036
3493 3516 3492
1096 1138 1139
677 678 726
1462 1501 1502
1750 1748 1709
1621 1623 1582
2523 2483 2522
3322 3282 3283
2128 2086 2087
3050 3051 3011
2523 2485 2483
2820 2780 2781
2583 2623 2622
2516 2556 2553
1742 1743 1702
3012 3011 3051
3597 3584 3598
1551 1550 1510
3322 3319 3282
1027 1028 1070
1462 1502 1500
1552 1592 1551
307 306 340
1537 1577 1578
1127 1126 1167
2194 2193 2234
1012 1055 1021
1137 1136 1094
1991 2033 2027
3036 3076 3075
1497 1537 1498
1748 1747 1707
1510 1550 1509
1668 1628 1627
2027 2033 2068
2517 2516 2477
492 532 490
1132 1166 1125
2065 2106 2064
2517 2556 2516
492 452 454
833 886 885
2203 2244 2243
2119 2157 2116
2211 2252 2251
2189 2230 2229
1173 1166 1132
274 245 276
1885 1925 1924
1405 1446 1445
1886 1925 1885
2958 2999 2997
618 574 619
534 536 577
2739 2699 2740
1050 1090 1083
2005 2004 1963
2075 2076 2035
1521 1520 1480
1516 1557 1556
3279 3282 3319
555 599 556
599 644 645
3052 3012 3051
3530 3529 3508
1537 1578 1538
2142 2143 2183
1134 1133 1174
591 586 632
1748 1707 1709
469 468 509
3597 3583 3584
1765 1805 1804
2105 2107 2065
2160 2157 2119
469 509 510
2912 2911 2871
3428 3462 3427
174 193 167
1050 1083 1043
2465 2464 2425
2659 2699 2698
2298 2339 2338
2968 2971 3009
1460 1493 1453
1024 1021 1064
1954 1953 1913
1255 1289 1248
1374 1375 1334
1563 1603 1562
1967 1968 2009
2065 2064 2024
983 982 936
3424 3385 3386
599 598 644
3113 3112 3072
3036 3075 3035
1988 1989 1947
3621 3620 3612
807 858 857
2065 2107 2106
983 1028 1027
2105 2065 2063
1765 1766 1805
3067 3108 3107
1339 1379 1380
488 489 530
1580 1579 1620
1821 1822 1781
731 781 780
2459 2498 2458
833 834 886
1375 1416 1376
547 586 591
2252 2292 2251
3509 3486 3510
2776 2777 2816
1337 1371 1330
148 123 147
3549 3567 3566
2050 2091 2049
808 809 859
2465 2504 2464
131 130 108
2130 2170 2129
2292 2293 2333
3012 3049 3009
1794 1754 1755
1864 1865 1822
1286 1327 1326
1136 1177 1135
1236 1199 1193
15 7 16
2902 2861 2862
1822 1823 1782
2508 2547 2507
1553 1552 1512
1907 1909 1868
1460 1453 1419
2739 2738 2698
3115 3116 3155
3012 3009 2971
1218 1260 1259
769 792 820
310 344 342
1603 1602 1562
2507 2547 2546
1880 1919 1879
537 578 535
107 108 130
727 726 678
1309 1351 1350
892 898 941
2459 2420 2460
1715 1754 1714
2151 2157 2192
1292 1334 1294
2931 2968 2928
2050 2092 2091
107 130 129
1760 1800 1799
1679 1720 1719
1052 1051 1091
1947 1989 1948
3586 3569 3570
2269 2228 2231
1988 2030 1989
204 184 211
171 172 147
2050 2049 2009
2269 2230 2228
1598 1638 1637
2039 2081 2080
2116 2151 2110
1913 1872 1873
2799 2800 2839
1261 1303 1302
1260 1261 1302
2029 2070 2030
2252 2293 2292
1608 1648 1647
1781 1822 1782
1516 1517 1557
1913 1873 1914
3036 3037 3076
553 510 552
534 532 492
490 532 491
2820 2819 2780
3554 3571 3553
1419 1453 1412
3532 3550 3531
309 277 279
1207 1206 1166
2326 2285 2287
3583 3582 3566
1748 1788 1747
1380 1419 1378
2958 2997 2956
1700 1701 1660
3022 3023 3062
3241 3279 3281
124 149 143
1794 1795 1837
1260 1219 1261
661 617 663
1844 1885 1843
2636 2676 2673
124 143 119
1166 1165 1125
754 803 804
1879 1919 1918
1119 1120 1077
2744 2743 2703
1701 1702 1661
1848 1890 1889
310 342 308
490 491 451
821 827 775
1699 1700 1659
2552 2592 2591
1761 1800 1760
1298 1337 1296
1794 1837 1836
1526 1567 1566
3279 3239 3242
1020 1063 1062
1578 1579 1538
1537 1538 1498
1255 1248 1214
186 213 211
1907 1948 1909
22 12 21
1538 1539 1499
1378 1412 1371
3550 3549 3531
1994 2036 2033
2739 2740 2780
1541 1542 1502
2354 2355 2395
1496 1497 1457
1618 1619 1578
1214 1248 1207
1429 1469 1428
1755 1754 1715
3607 3606 3596
1248 1247 1207
1998 1956 1957
2039 2080 2079
2328 2287 2327
1521 1561 1520
1920 1919 1880
1502 1540 1500
1125 1124 1083
148 172 173
1828 1867 1825
947 941 898
186 212 213
2189 2228 2230
1714 1754 1753
1419 1412 1378
1337 1330 1296
1083 1082 1043
34 35 22
1173 1214 1207
2516 2553 2513
2142 2183 2182
2210 2251 2250
1539 1541 1501
2546 2545 2506
1868 1909 1869
2340 2381 2380
2292 2333 2332
3519 3540 3518
165 190 191
34 22 21
3549 3566 3548
1405 1404 1364
1632 1673 1672
2424 2423 2383
2565 2525 2563
2788 2828 2827
1393 1434 1433
174 167 149
770 821 775
1375 1335 1334
617 662 663
2354 2314 2355
2326 2325 2285
2565 2526 2525
1864 1822 1821
2902 2901 2861
1632 1633 1673
40 56 39
1296 1330 1289
1303 1345 1302
343 344 310
553 552 596
3566 3565 3548
1327 1367 1326
1309 1310 1351
916 915 962
1022 1063 1020
1661 1663 1623
1416 1456 1457
1132 1125 1090
2459 2499 2498
1497 1498 1458
1660 1701 1661
2381 2421 2380
3465 3493 3492
2027 2068 2067
1216 1255 1214
88 110 91
662 664 710
1730 1770 1769
1470 1469 1429
1580 1541 1539
1405 1445 1404
2212 2252 2211
1286 1326 1285
1409 1449 1408
1668 1669 1628
2789 2828 2788
3511 3487 3488
1994 2033 1991
537 580 578
1831 1872 1830
3567 3583 3566
3342 3341 3301
1289 1288 1248
1580 1620 1621
3584 3583 3567
3509 3531 3530
1043 1042 997
575 577 620
1961 1960 1919
1865 1823 1822
200 228 201
1486 1485 1446
742 792 769
1747 1788 1787
1830 1872 1871
1467 1483 1443
3604 3603 3592
809 860 859
821 874 873
976 1021 979
1825 1861 1818
1500 1533 1493
1659 1700 1660
2523 2525 2485
3219 3258 3218
1428 1469 1468
1457 1458 1417
2075 2117 2076
2203 2162 2163
1421 1460 1419
1173 1175 1214
2038 2037 1996
3067 3068 3108
2075 2115 2117
718 766 767
186 211 184
1516 1556 1515
174 149 173
935 936 982
1885 1924 1884
1456 1496 1457
661 663 709
1497 1458 1457
1490 1529 1489
918 961 915
3596 3582 3583
808 859 858
1740 1700 1699
2424 2463 2423
1526 1525 1486
2080 2121 2079
55 57 75
1577 1618 1578
1050 1043 1005
1579 1539 1538
1345 1387 1386
3597 3596 3583
1498 1538 1499
2067 2109 2108
232 204 211
3450 3415 3416
1243 1241 1200
3599 3598 3585
1285 1283 1243
1619 1579 1578
1201 1243 1200
599 645 600
1345 1346 1387
1582 1542 1541
2322 2320 2361
1782 1783 1743
307 275 306
1379 1420 1380
575 534 577
1542 1540 1502
3202 3242 3239
2636 2673 2633
1184 1226 1225
3279 3319 3281
3597 3607 3596
2536 2496 2497
2424 2464 2463
2033 2074 2068
1326 1325 1285
2026 2067 2066
1367 1366 1326
2035 2076 2036
201 193 174
1765 1804 1764
1614 1653 1613
3609 3598 3599
2546 2585 2545
1499 1539 1501
572 616 617
1982 2024 2023
110 107 129
1978 2018 1977
1330 1329 1289
997 996 949
2694 2735 2734
840 890 893
1501 1541 1502
1608 1607 1567
874 922 873
2536 2535 2496
1200 1198 1159
33 22 35
1440 1480 1439
1099 1142 1141
1406 1446 1405
924 970 923
3582 3565 3566
1510 1509 1469
324 323 358
2102 2143 2142
724 723 675
2022 2024 1982
731 732 781
1408 1407 1367
983 936 938
3585 3584 3568
1881 1920 1880
1090 1125 1083
1314 1273 1274
3111 3070 3071
1439 1480 1479
2299 2340 2339
2820 2781 2821
1384 1342 1385
1371 1370 1330
2690 2729 2689
1540 1533 1500
2079 2121 2120
2115 2156 2117
2203 2163 2205
769 820 819
821 873 827
2024 2064 2023
324 291 323
171 198 172
2059 2101 2100
1680 1720 1679
3489 3488 3461
2108 2149 2146
217 191 190
663 662 710
1977 2018 2017
2027 2067 2026
1885 1884 1843
2151 2192 2191
826 825 774
1092 1132 1090
2897 2936 2896
1020 1019 975
3120 3079 3080
956 1005 997
1716 1755 1715
3249 3209 3248
671 672 719
3249 3248 3288
1598 1637 1597
3120 3080 3121
1806 1848 1805
826 774 776
1206 1165 1166
2144 2184 2143
2106 2147 2145
2157 2198 2192
574 576 619
2870 2910 2869
2068 2109 2067
2018 2059 2017
1873 1872 1831
1825 1867 1861
2587 2626 2586
3461 3488 3460
1309 1350 1308
3462 3490 3489
3359 3361 3400
3279 3242 3282
1765 1764 1725
1449 1448 1408
1702 1663 1661
1475 1515 1474
970 969 923
3509 3508 3485
1685 1725 1684
33 35 50
703 752 745
1020 1062 1019
3107 3147 3146
1357 1398 1356
3511 3510 3487
2476 2513 2473
1412 1411 1371
1818 1861 1860
2869 2828 2829
1247 1206 1207
2322 2281 2320
1770 1809 1769
1159 1156 1117
3219 3259 3258
3598 3584 3585
3463 3462 3428
1005 1043 997
3568 3584 3567
2101 2141 2100
2666 2667 2706
2392 2433 2394
1124 1082 1083
2246 2285 2244
1679 1719 1678
2188 2147 2148
1087 1127 1129
528 571 572
488 530 529
1168 1167 1208
3530 3548 3529
2088 2130 2129
1890 1929 1889
2433 2473 2435
576 620 621
2310 2351 2312
1742 1782 1743
2039 2079 2038
2351 2392 2353
309 279 311
309 278 277
3022 3062 3061
2191 2192 2232
1356 1398 1397
949 948 900
616 662 617
1823 1783 1782
1096 1095 1138
2740 2781 2780
2694 2695 2735
1760 1799 1759
705 752 703
718 767 765
1801 1843 1800
3554 3553 3535
1165 1124 1125
1790 1833 1831
1721 1760 1720
531 533 574
2188 2186 2147
2023 2064 2062
537 538 580
2788 2827 2787
1104 1063 1065
3202 3239 3199
2306 2347 2346
2342 2383 2382
2658 2657 2618
1262 1303 1261
1082 1042 1043
1489 1488 1449
2109 2149 2108
1118 1159 1117
494 535 536
1693 1652 1653
2162 2121 2122
343 378 344
1648 1688 1647
2064 2106 2104
607 653 608
2107 2147 2106
1789 1830 1788
841 842 790
2931 2971 2968
1608 1647 1607
2123 2122 2080
2294 2334 2293
1741 1781 1742
1447 1446 1406
2816 2856 2815
538 581 580
1639 1679 1638
2343 2383 2342
2382 2423 2422
2729 2688 2689
1547 1588 1589
1730 1769 1729
3586 3585 3569
630 675 628
536 578 579
1843 1884 1842
2466 2506 2505
975 1019 974
2103 2144 2143
1833 1873 1831
1707 1747 1708
2427 2467 2466
3509 3530 3508
136 156 160
1638 1678 1637
2387 2428 2427
1430 1470 1429
3550 3567 3549
60 42 50
290 289 322
618 662 616
2383 2423 2382
1117 1114 1075
1149 1189 1147
1233 1273 1231
739 789 740
1303 1346 1345
1800 1842 1799
2082 2123 2081
2036 2074 2033
1643 1644 1684
1015 1016 1058
2145 2186 2185
495 537 535
1453 1452 1412
1393 1433 1392
1838 1879 1837
3561 3560 3543
864 911 910
979 1021 1024
1720 1759 1719
1925 1966 1924
3531 3549 3530
1516 1515 1475
3150 3149 3110
200 201 174
1929 1970 1928
2626 2625 2586
2666 2706 2705
2162 2122 2163
2467 2506 2466
2147 2186 2145
3255 3214 3215
766 817 767
1526 1566 1525
489 491 531
618 616 573
3570 3569 3552
2066 2067 2108
2428 2467 2427
88 107 110
2347 2387 2346
916 960 913
578 580 623
2557 2556 2517
1725 1764 1724
2009 2049 2008
1375 1376 1335
2849 2809 2848
2229 2270 2268
1558 1598 1557
3382 3341 3342
1805 1847 1804
1231 1273 1272
3423 3458 3457
1794 1836 1793
1042 996 997
217 246 218
454 493 494
2494 2495 2534
1796 1838 1795
1147 1189 1188
3241 3239 3279
2092 2133 2091
1486 1525 1485
841 790 789
33 50 42
1827 1868 1869
1879 1918 1878
1679 1678 1638
1714 1753 1713
290 322 323
1293 1292 1251
2663 2702 2662
2192 2233 2232
3070 3031 3071
1093 1136 1135
3550 3568 3567
580 581 625
956 997 949
2122 2121 2080
2044 2085 2043
2334 2374 2333
1848 1889 1847
3548 3547 3529
493 535 494
1557 1597 1556
2169 2209 2168
881 928 879
1288 1247 1248
720 769 768
2099 2139 2098
1674 1714 1673
2596 2633 2593
1684 1724 1683
232 231 204
1725 1724 1684
2206 2245 2204
2025 2026 2066
1919 1960 1918
535 578 536
1632 1672 1631
1760 1759 1720
2457 2496 2456
1268 1308 1267
1598 1597 1557
571 616 572
2417 2457 2456
2815 2856 2855
1837 1878 1836
3423 3457 3422
628 675 674
2492 2493 2532
3569 3585 3568
1435 1475 1434
2849 2846 2809
2269 2310 2271
2722 2763 2723
1843 1842 1800
2251 2291 2250
3423 3422 3384
2017 2059 2058
1075 1073 1032
2293 2334 2333
1668 1666 1708
2547 2587 2586
2817 2857 2816
165 141 164
2100 2141 2140
533 576 574
3212 3211 3251
2128 2168 2127
856 907 854
2788 2787 2747
3488 3487 3460
3586 3599 3585
2950 2991 2990
1754 1793 1753
900 899 847
2752 2793 2792
1274 1273 1233
1848 1847 1805
1750 1789 1748
416 453 454
1747 1749 1708
1830 1829 1788
2285 2284 2244
1954 1913 1914
1416 1457 1417
2889 2890 2849
619 576 621
3571 3570 3553
2636 2633 2596
2959 2958 2919
3550 3551 3568
1434 1474 1433
2523 2563 2525
3525 3524 3502
913 960 959
2200 2241 2201
1475 1474 1434
2186 2227 2226
449 451 489
2418 2417 2377
1467 1508 1483
1766 1806 1805
1493 1492 1453
1529 1528 1489
1522 1563 1562
2565 2566 2526
491 533 531
2456 2496 2495
1790 1831 1789
1567 1607 1566
1309 1308 1268
2346 2387 2386
2272 2313 2310
583 629 586
2592 2631 2591
3430 3392 3431
1015 1058 1057
1889 1929 1928
3268 3307 3267
1065 1063 1022
1673 1713 1672
2496 2535 2495
1880 1879 1838
2287 2285 2246
1007 1050 1005
1634 1674 1633
742 741 791
1235 1236 1193
3450 3478 3449
2038 2079 2078
607 650 653
956 949 907
581 600 626
1446 1485 1445
879 928 927
1592 1631 1591
1428 1468 1427
2164 2122 2123
1439 1438 1398
2396 2436 2395
530 489 531
577 536 579
1715 1714 1674
1283 1241 1243
618 619 664
996 948 949
802 854 847
918 963 964
2355 2396 2395
136 113 132
1644 1685 1684
1352 1393 1351
169 175 196
2775 2774 2734
424 419 458
253 251 223
2333 2373 2332
1879 1878 1837
453 493 454
1668 1627 1666
1667 1707 1666
2537 2576 2536
1794 1793 1754
2326 2367 2366
110 132 113
411 413 449
1241 1198 1200
2811 2769 2770
703 696 656
2128 2169 2168
1033 1075 1032
2081 2123 2080
2691 2730 2690
2143 2184 2183
1505 1547 1506
2747 2787 2746
2232 2273 2272
1875 1873 1833
2394 2433 2435
1665 1667 1626
110 113 91
1032 1030 987
2730 2770 2729
1388 1428 1387
1913 1912 1872
2968 3009 3003
2829 2828 2789
2150 2149 2109
1257 1297 1298
1439 1479 1438
2869 2868 2828
3062 3102 3061
2869 2910 2909
875 924 923
1351 1392 1350
2105 2066 2108
739 788 789
3070 3030 3031
1714 1713 1673
765 767 816
349 351 385
1345 1386 1344
144 169 168
1393 1392 1351
2144 2104 2145
448 411 449
1632 1631 1592
3430 3391 3392
2506 2545 2505
1227 1268 1226
1603 1642 1602
1334 1335 1294
724 773 723
1184 1225 1183
3072 3033 3073
217 219 246
1325 1283 1285
1469 1509 1468
1831 1830 1789
769 819 768
2631 2630 2591
3344 3384 3343
3212 3172 3211
1464 1505 1465
703 745 696
1989 2030 2031
1314 1313 1273
164 140 142
279 280 311
2458 2497 2457
461 502 501
3461 3460 3426
2353 2392 2394
556 600 581
635 634 589
2423 2462 2422
754 753 803
495 535 493
2464 2503 2463
579 578 623
3268 3267 3228
1366 1325 1326
2529 2568 2528
2121 2161 2120
2244 2284 2243
1872 1912 1871
1996 2037 1995
1788 1829 1787
1708 1749 1710
2367 2407 2366
2449 2488 2448
2395 2436 2433
1356 1355 1314
3478 3477 3449
915 961 962
1748 1789 1788
405 398 369
2505 2544 2504
1790 1789 1750
1795 1838 1837
3384 3422 3383
2706 2746 2705
2651 2691 2690
1769 1809 1808
2473 2513 2475
1198 1156 1159
1387 1427 1386
719 768 766
3537 3536 3515
2422 2461 2421
2435 2473 2475
379 415 416
2292 2291 2251
2507 2546 2506
742 791 792
1356 1397 1355
2436 2473 2433
1218 1219 1260
1429 1428 1388
2395 2433 2392
2930 2890 2889
1099 1141 1098
371 405 369
1226 1267 1225
1143 1184 1142
2142 2182 2141
1347 1388 1346
2292 2332 2291
141 140 164
451 491 489
2312 2351 2353
854 907 900
2141 2182 2181
484 523 482
2730 2729 2690
2381 2422 2421
316 349 314
1302 1344 1301
2104 2106 2145
2820 2821 2861
324 358 359
1323 1363 1322
656 696 649
749 799 750
1268 1267 1226
2950 2990 2949
1562 1602 1561
1104 1103 1063
1643 1684 1683
2508 2507 2468
768 819 817
1709 1707 1667
2672 2674 2712
3241 3281 3280
136 132 156
2944 2984 2943
2155 2156 2115
1556 1555 1515
3553 3570 3552
316 351 349
2890 2928 2887
2942 2982 2941
340 342 375
3022 2983 3023
599 600 556
796 799 749
2013 2053 2012
2906 2945 2905
2271 2310 2312
1504 1505 1464
854 900 847
2079 2120 2078
1329 1288 1289
1666 1707 1708
2943 2983 2942
342 344 377
726 774 724
1628 1629 1588
495 493 455
607 564 563
1407 1366 1367
2518 2557 2517
826 878 825
948 899 900
169 150 175
1428 1427 1387
545 544 502
1142 1183 1141
3107 3108 3147
217 218 191
2775 2814 2774
833 782 834
1231 1230 1189
1844 1886 1885
2536 2575 2535
1580 1621 1582
1059 1099 1058
628 674 627
344 378 379
3022 2982 2983
2516 2513 2476
3536 3535 3514
1597 1596 1556
424 458 463
1176 1217 1180
3416 3415 3376
963 1008 964
2013 2054 2053
3267 3266 3227
2984 2983 2943
675 723 674
3538 3537 3516
3241 3280 3240
582 628 627
2150 2109 2110
3072 3032 3033
341 340 375
2707 2747 2706
1515 1514 1474
2146 2148 2107
3228 3267 3227
232 261 231
2375 2374 2334
2313 2351 2310
1231 1272 1230
2227 2229 2268
2887 2928 2922
3006 3007 2966
3129 3090 3088
3555 3536 3537
907 949 900
415 453 416
939 986 942
2632 2592 2594
607 608 564
523 516 482
1156 1114 1117
2857 2856 2816
767 817 818
1637 1636 1597
1480 1520 1479
2747 2746 2706
2983 2982 2942
3390 3389 3349
1345 1344 1302
2374 2373 2333
2856 2896 2855
2945 2944 2905
802 795 752
452 416 454
2815 2855 2814
774 825 773
164 142 166
1138 1180 1139
1260 1301 1259
2339 2379 2338
413 451 449
3227 3226 3187
987 985 940
2582 2621 2581
2838 2835 2798
1064 1105 1067
69 81 60
3307 3306 3267
177 204 203
375 342 377
1147 1146 1104
1184 1183 1142
3027 3066 3026
970 1014 969
3036 2997 3037
1220 1262 1261
2605 2606 2566
1071 1028 1030
802 847 795
2869 2909 2868
377 344 379
440 403 402
1593 1552 1553
3348 3347 3307
3255 3295 3254
2019 2018 1978
1603 1643 1642
1633 1674 1673
1147 1188 1146
2933 2973 2932
3389 3388 3348
2062 2064 2104
301 334 327
1058 1098 1057
2210 2211 2251
724 774 773
1015 1057 1014
2662 2701 2661
575 620 576
1297 1338 1298
2775 2815 2814
2170 2211 2210
2021 2023 2062
2671 2711 2710
2188 2229 2227
365 332 329
563 564 521
879 927 878
3557 3538 3539
1678 1677 1637
3565 3547 3548
231 261 260
3261 3260 3221
3391 3390 3350
306 308 340
349 385 384
1278 1319 1320
414 416 452
2319 2360 2320
2729 2770 2728
1547 1548 1506
2828 2868 2827
2030 2070 2071
2861 2901 2860
568 610 566
414 377 379
1626 1667 1666
3392 3391 3351
2098 2139 2138
334 336 369
2495 2535 2534
69 60 50
2666 2705 2665
3249 3211 3209
2054 2097 2095
941 987 940
928 974 927
1055 1095 1096
1114 1073 1075
2216 2256 2215
1643 1683 1642
3359 3400 3399
1474 1473 1433
2905 2944 2904
3313 3274 3314
2966 3007 2967
2689 2688 2648
1588 1629 1589
1719 1718 1678
2950 2949 2910
817 819 869
2105 2063 2066
1458 1498 1459
311 312 345
1465 1505 1506
923 969 922
970 1015 1014
2099 2058 2100
2780 2819 2779
1073 1030 1032
3359 3320 3361
3388 3347 3348
136 160 137
40 58 56
414 412 377
847 846 795
2731 2730 2691
424 463 426
440 402 437
1138 1176 1180
1370 1329 1330
3037 2997 2999
1759 1758 1719
2045 2004 2005
826 879 878
635 681 634
3515 3536 3514
1099 1098 1058
908 909 856
3539 3538 3517
775 827 778
3295 3294 3254
994 1039 1038
1511 1510 1470
2144 2145 2185
2752 2792 2751
3347 3306 3307
1448 1407 1408
1423 1464 1465
3066 3106 3065
1173 1207 1166
376 413 411
2949 2948 2909
2698 2738 2697
3129 3088 3128
2910 2949 2909
3393 3392 3352
1281 1323 1322
1433 1432 1392
2722 2723 2683
1398 1438 1397
2386 2387 2427
2546 2586 2585
1970 2012 2011
1799 1798 1759
1260 1302 1301
3139 3178 3138
323 357 358
443 445 482
1350 1349 1308
1815 1858 1856
517 520 479
2185 2186 2226
3049 3089 3083
2953 2994 2993
3330 3290 3293
3306 3266 3267
217 192 219
1016 1059 1058
114 137 135
2845 2885 2886
916 962 960
3359 3399 3358
1962 1961 1920
3032 3031 2992
3430 3429 3391
1729 1769 1768
249 259 280
2824 2864 2823
1392 1391 1350
3350 3390 3349
874 923 922
282 315 284
219 220 248
3031 3030 2991
2320 2360 2361
216 218 245
1521 1562 1561
2990 2989 2949
2743 2783 2742
1842 1841 1799
1346 1388 1387
1364 1404 1363
3033 3032 2993
623 580 625
354 389 353
290 323 291
930 928 881
1747 1787 1749
1830 1871 1829
2285 2325 2284
545 588 544
378 415 379
2149 2187 2146
851 799 848
3385 3423 3384
2240 2200 2199
462 502 461
3110 3109 3069
2954 2994 2953
3034 3033 2994
2626 2665 2625
566 610 603
1809 1852 1851
2038 2078 2037
3434 3433 3395
2551 2591 2590
3351 3391 3350
192 193 219
3349 3389 3348
600 645 646
1292 1294 1253
220 229 249
918 964 961
309 310 278
768 817 766
3466 3432 3467
2492 2532 2531
1411 1370 1371
940 938 891
3070 3110 3069
1308 1307 1267
3030 3029 2990
2360 2401 2361
3111 3110 3070
218 246 247
3035 3034 2995
3516 3537 3515
2712 2752 2711
590 635 589
1314 1355 1313
426 463 465
2494 2534 2533
2203 2243 2202
164 166 190
3395 3394 3354
1488 1448 1449
2142 2141 2101
1884 1883 1842
2012 2053 2052
3072 3071 3032
3352 3392 3351
3469 3468 3434
2058 2059 2100
899 846 847
3266 3226 3227
2345 2346 2386
405 436 398
3394 3393 3353
2833 2832 2793
2849 2887 2846
479 520 480
2845 2886 2847
2993 3032 2992
1189 1230 1188
1104 1146 1103
1154 1195 1153
255 284 287
749 750 701
2903 2942 2902
1517 1558 1557
1364 1363 1323
1273 1313 1272
177 184 204
2632 2594 2634
575 576 533
2919 2917 2957
1063 1103 1062
246 219 248
3496 3495 3468
3450 3449 3415
3215 3214 3174
1079 1121 1080
166 167 192
2992 3031 2991
3359 3318 3320
2667 2707 2706
3470 3469 3435
3114 3073 3074
1812 1855 1854
2994 3033 2993
245 218 247
635 682 681
3530 3549 3548
3115 3075 3116
1753 1752 1713
169 196 195
2188 2227 2186
1591 1590 1550
2626 2666 2665
405 443 436
2909 2908 2868
2793 2832 2792
280 312 311
3070 3069 3030
1550 1549 1509
2982 2981 2941
2827 2826 2787
3075 3074 3035
2868 2867 2827
248 220 249
2770 2769 2728
1506 1548 1508
1713 1712 1672
2811 2851 2810
1672 1671 1631
1793 1792 1753
839 891 838
2787 2786 2746
2995 3034 2994
627 674 673
1631 1630 1591
308 342 340
1533 1532 1493
142 143 166
3100 3139 3099
781 832 780
2511 2510 2471
2581 2621 2620
1924 1923 1884
2497 2496 2457
3102 3101 3061
353 389 387
2735 2775 2734
1928 1970 1969
3429 3390 3391
2996 3035 2995
3142 3141 3102
2074 2110 2068
3343 3384 3383
3218 3217 3178
3074 3073 3034
3221 3220 3181
937 979 984
3172 3132 3171
336 371 369
1836 1835 1793
445 484 482
2711 2751 2710
841 894 842
598 643 644
674 723 722
3249 3251 3211
1030 985 987
3362 3361 3321
776 774 726
1509 1507 1468
3433 3394 3395
229 259 249
1343 1342 1384
1878 1877 1836
2752 2751 2711
2326 2366 2325
545 589 588
3468 3433 3434
1177 1219 1218
625 581 626
3438 3437 3399
2997 2996 2956
1510 1469 1470
2671 2710 2670
2099 2100 2140
1623 1583 1582
1918 1917 1878
356 392 357
165 164 190
2535 2575 2574
172 198 199
2991 3030 2990
3496 3468 3469
3069 3029 3030
717 719 766
3290 3253 3293
1966 1965 1924
3116 3075 3076
118 119 142
171 147 146
1310 1352 1351
2746 2745 2705
1267 1266 1225
3432 3394 3433
1960 1959 1918
217 190 192
749 701 700
737 786 736
3087 3048 3047
1468 1466 1427
2887 2922 2881
95 96 118
2008 2007 1966
2483 2485 2445
3049 3083 3043
1476 1517 1516
276 308 306
3164 3163 3124
2451 2491 2490
3029 2989 2990
2492 2531 2491
2546 2547 2586
2951 2991 2950
3311 3272 3312
1913 1953 1912
2586 2625 2585
2105 2146 2107
3432 3433 3467
2002 2001 1960
3431 3392 3393
2631 2670 2630
2381 2382 2422
3071 3031 3032
334 369 362
2879 2917 2876
190 166 192
2363 2364 2323
3290 3250 3253
2919 2878 2917
2049 2048 2008
193 220 219
343 345 378
723 773 772
2043 2042 2002
682 730 681
1427 1424 1386
3080 3079 3040
3466 3467 3494
287 284 317
2926 2927 2886
199 226 227
3353 3393 3352
2621 2661 2660
3517 3538 3516
1628 1669 1629
60 59 42
2847 2848 2808
2556 2593 2553
167 193 192
171 146 170
3149 3188 3148
3399 3398 3358
2085 2084 2043
2091 2090 2049
2155 2196 2156
612 610 568
2204 2163 2164
2989 2948 2949
1915 1914 1875
144 150 169
1239 1280 1238
2140 2141 2181
2904 2944 2943
2933 2932 2891
2886 2888 2847
2985 2984 2944
322 356 357
2443 2445 2404
2880 2920 2879
2511 2550 2510
2881 2921 2880
2322 2361 2363
1221 1220 1179
2127 2126 2085
3047 3048 3008
730 780 779
2485 2525 2486
2681 2682 2642
140 118 142
168 195 194
2729 2728 2688
1547 1589 1548
2536 2576 2575
681 730 729
2941 2940 2901
636 682 635
1599 1638 1598
586 629 632
3320 3318 3280
428 467 466
3552 3569 3551
752 795 745
2596 2593 2556
837 888 890
2803 2804 2763
2298 2299 2339
365 367 332
589 634 588
2864 2905 2904
2682 2683 2643
3354 3394 3353
634 681 680
3172 3171 3211
2168 2167 2127
2605 2566 2565
1386 1383 1344
697 700 653
443 475 436
523 559 516
2445 2405 2404
3432 3431 3393
2683 2685 2645
588 634 633
1847 1889 1888
773 825 824
1251 1253 1212
1278 1320 1284
2133 2132 2091
1225 1224 1183
3303 3344 3343
169 195 168
2953 2993 2952
2493 2533 2532
819 820 871
3355 3395 3354
3073 3033 3034
2545 2544 2505
2354 2395 2392
3359 3358 3318
143 167 166
440 441 403
2925 2926 2885
420 457 419
641 687 640
357 393 358
2676 2713 2673
3049 3043 3009
2832 2831 2792
2928 2962 2922
2876 2878 2837
3280 3278 3240
2917 2878 2876
886 934 885
2960 2921 2961
891 889 838
3241 3240 3201
2878 2918 2877
3437 3398 3399
2245 2205 2204
2897 2896 2856
3086 3087 3047
145 168 170
503 545 502
2465 2426 2466
2174 2173 2133
114 136 137
848 799 796
2920 2917 2879
2494 2533 2493
198 226 199
399 402 365
523 566 559
566 603 559
2966 2967 2927
2808 2809 2768
281 314 313
2809 2846 2806
2846 2881 2840
544 588 587
2918 2956 2916
2645 2646 2606
610 649 603
520 521 480
168 194 170
443 482 475
982 1026 981
170 194 197
2843 2804 2803
2848 2809 2808
2888 2848 2847
69 90 81
2661 2701 2700
2966 2927 2926
653 654 608
2363 2404 2364
173 172 199
2887 2881 2846
60 80 59
3061 3060 3021
814 765 816
353 387 351
2215 2214 2174
3321 3320 3281
2763 2764 2723
1452 1411 1412
3074 3034 3035
2591 2630 2590
2445 2446 2405
3361 3320 3321
2230 2271 2270
126 151 150
2601 2602 2562
3255 3254 3214
232 211 239
2849 2890 2887
384 422 421
2504 2503 2464
1344 1341 1301
2631 2671 2670
2927 2888 2886
2209 2208 2168
501 544 543
358 394 359
314 348 313
1183 1182 1141
2016 2017 2058
502 544 501
119 143 142
2921 2920 2880
2973 2972 2932
2851 2850 2810
3094 3093 3053
1203 1245 1204
1443 1483 1442
1319 1361 1320
328 329 296
191 218 216
175 202 196
460 501 500
556 581 538
402 403 367
3435 3469 3434
3007 3008 2967
2767 2807 2808
351 387 385
780 832 831
421 460 459
1961 1919 1920
3318 3278 3280
700 701 654
1141 1140 1098
825 878 877
2804 2764 2763
2491 2531 2530
3436 3470 3435
241 269 239
3202 3203 3242
2922 2921 2881
3532 3551 3550
2551 2590 2550
2956 2996 2955
2798 2835 2795
3535 3553 3534
176 202 175
3202 3163 3203
479 480 441
482 516 475
365 402 367
3360 3321 3319
3047 3008 3007
3026 3066 3065
3129 3131 3090
3362 3321 3360
232 239 262
3043 3042 3003
985 938 940
419 457 458
3239 3201 3199
2838 2876 2835
2805 2804 2844
560 520 517
3133 3130 3092
385 422 384
555 598 599
2685 2646 2645
3130 3124 3089
618 664 662
2805 2764 2804
2723 2685 2683
96 119 118
329 332 298
151 176 175
110 129 132
1528 1488 1489
3003 3002 2962
259 291 280
975 974 928
2462 2461 2422
2468 2467 2428
2361 2401 2402
3092 3130 3089
1301 1299 1259
700 654 653
3139 3138 3099
296 329 298
3009 3043 3003
2792 2791 2751
440 479 441
343 311 345
2811 2810 2769
2721 2682 2681
345 380 378
2845 2847 2807
3012 2971 3011
2642 2682 2643
213 241 239
3606 3595 3596
127 152 151
112 135 127
3400 3438 3399
3212 3173 3172
2198 2233 2192
2402 2443 2404
312 346 345
3178 3177 3138
1688 1729 1728
239 269 262
422 460 421
41 59 58
2686 2685 2725
3083 3082 3043
551 594 550
135 152 127
3179 3140 3180
878 927 926
1416 1417 1376
2643 2683 2645
2960 2920 2921
313 348 347
1804 1847 1846
3514 3535 3513
3363 3360 3322
269 294 262
2948 2908 2909
152 176 151
2250 2249 2209
2561 2601 2562
587 588 633
2701 2742 2741
459 460 500
680 681 729
633 634 680
178 182 156
729 730 779
34 51 35
838 836 786
67 48 49
3022 3061 3021
2597 2596 2557
500 501 543
1292 1253 1251
262 293 261
2686 2646 2685
75 96 95
1259 1258 1217
3277 3276 3237
3554 3535 3536
369 398 362
650 697 653
177 203 176
1098 1097 1057
2962 2961 2922
543 544 587
3241 3201 3239
3518 3494 3495
795 794 745
3132 3133 3092
3124 3123 3083
389 425 387
334 362 327
3495 3467 3468
3173 3170 3133
59 80 79
228 258 229
349 384 348
2889 2849 2848
1764 1804 1803
2525 2526 2486
284 315 317
3082 3042 3043
2354 2351 2313
2885 2926 2886
927 974 973
231 260 230
2726 2686 2725
2901 2900 2860
247 246 277
779 780 831
156 182 160
1663 1624 1623
2273 2313 2272
2751 2750 2710
851 800 799
2807 2847 2808
2445 2485 2446
2835 2876 2837
3089 3124 3083
2393 2353 2394
2485 2486 2446
27 42 41
2363 2361 2402
90 112 103
137 159 135
3281 3320 3280
3171 3132 3131
3172 3133 3132
71 92 90
226 256 227
2968 3003 2962
58 59 79
3042 3002 3003
467 507 466
182 185 160
227 257 228
1761 1801 1800
3123 3082 3083
2840 2881 2880
2837 2878 2877
2291 2290 2250
2767 2808 2768
2985 2944 2945
16 27 26
1217 1222 1180
287 317 320
3169 3171 3131
2838 2879 2876
154 153 129
2511 2551 2550
428 466 427
26 27 41
60 81 80
387 423 385
546 589 545
2936 2935 2896
1070 1110 1069
3213 3210 3173
2359 2360 2319
1948 1989 1990
234 238 210
153 178 156
2705 2704 2665
3324 3323 3284
3319 3321 3281
155 154 130
202 224 196
3158 3198 3197
2806 2846 2840
2768 2809 2806
1724 1764 1763
231 230 203
160 161 137
301 327 294
2877 2918 2916
70 91 71
348 384 383
261 292 260
197 225 198
3040 3079 3039
909 907 856
91 92 71
3248 3209 3208
2097 2098 2138
3301 3300 3261
3202 3199 3162
2076 2077 2036
92 112 90
88 91 70
3008 2969 2967
130 154 129
1467 1506 1508
2442 2443 2402
1180 1181 1139
3253 3250 3213
1693 1692 1652
3290 3284 3250
2967 2929 2927
194 222 197
3208 3209 3169
2860 2859 2819
2401 2442 2402
3088 3090 3050
3002 2961 2962
47 66 51
196 223 195
2872 2871 2831
1742 1781 1782
67 65 48
3250 3210 3213
3210 3170 3173
201 220 193
3048 3010 3008
1653 1652 1613
332 367 333
3292 3253 3252
3207 3208 3168
3300 3260 3261
367 403 368
195 221 194
3131 3132 3091
3170 3130 3133
203 230 202
298 332 300
656 649 610
282 313 315
2726 2725 2766
3322 3360 3319
575 533 532
3079 3118 3077
2148 2147 2107
2764 2725 2723
1668 1708 1710
3023 2983 2984
984 979 1024
81 90 103
2902 2941 2901
1139 1148 1105
583 627 629
2873 2832 2833
2441 2442 2401
626 600 646
3209 3171 3169
2162 2161 2121
437 402 399
2207 2206 2167
2332 2331 2291
2710 2709 2670
3356 3315 3316
271 269 241
461 501 460
403 441 404
66 70 51
10 20 16
1773 1772 1733
745 744 696
3164 3203 3163
2896 2895 2855
51 70 52
150 151 175
103 112 127
42 59 41
48 65 47
131 155 130
65 66 47
974 1019 1018
583 582 627
3335 3336 3377
204 231 203
3358 3317 3318
210 185 182
563 521 520
3330 3324 3290
89 87 67
67 87 65
1934 1975 1933
3052 3089 3049
294 293 262
2916 2956 2955
1057 1056 1014
1555 1514 1515
392 393 357
2919 2918 2878
2952 2993 2992
846 794 795
265 238 234
2380 2379 2339
2199 2200 2159
3398 3357 3358
938 889 891
441 480 442
2767 2768 2727
3167 3207 3168
3293 3253 3292
2363 2402 2404
2819 2818 2779
799 800 750
1105 1108 1067
1586 1626 1627
2855 2854 2814
32 48 31
786 784 736
35 51 52
282 281 313
3168 3208 3169
3291 3292 3252
1281 1280 1239
87 86 65
3315 3355 3314
159 152 135
1417 1458 1418
3252 3253 3213
480 521 481
2646 2607 2606
874 875 923
2742 2783 2782
2513 2553 2515
2596 2556 2557
1161 1120 1119
129 153 132
315 313 347
52 70 71
2602 2642 2603
1596 1555 1556
2957 2917 2920
3278 3238 3240
3158 3197 3157
816 767 818
414 379 416
161 159 137
31 48 47
2233 2273 2232
2955 2996 2995
3118 3157 3117
2580 2581 2620
3290 3324 3284
3179 3218 3178
3329 3291 3289
293 292 261
185 161 160
200 174 173
78 77 99
2053 2054 2095
20 27 16
349 348 314
696 695 649
1492 1452 1453
230 224 202
49 48 32
1683 1724 1723
232 262 261
3090 3131 3091
2562 2602 2563
203 202 176
12 20 10
19 32 31
3172 3173 3133
2687 2684 2647
3331 3292 3291
3240 3200 3201
3328 3329 3289
46 49 32
3323 3283 3284
427 425 389
2373 2372 2332
521 564 522
2961 2921 2922
288 287 320
56 58 76
2483 2445 2443
2903 2902 2862
2831 2791 2792
1067 1072 1029
2670 2669 2630
3273 3233 3234
3201 3161 3199
3369 3329 3328
2553 2593 2555
2722 2683 2682
3260 3220 3221
347 348 383
33 27 20
851 852 800
3284 3244 3250
2481 2442 2441
629 627 673
113 92 91
564 608 565
664 619 665
889 836 838
108 86 87
1636 1596 1597
3331 3291 3329
3211 3171 3209
1029 1031 986
425 423 387
597 553 596
64 49 46
3368 3369 3328
3181 3141 3142
1014 1013 969
673 674 722
257 258 228
986 989 942
423 422 385
2463 2462 2423
608 654 609
649 648 603
3276 3236 3237
114 113 136
2620 2621 2660
86 66 65
256 257 227
33 20 22
1514 1473 1474
736 734 687
2270 2271 2311
3432 3393 3394
2960 2957 2920
3107 3146 3106
383 384 421
222 225 197
3289 3291 3251
1551 1510 1511
211 213 239
2779 2778 2738
224 223 196
79 80 101
225 226 198
1095 1093 1135
620 577 622
2686 2687 2647
1349 1307 1308
2482 2483 2443
822 821 770
1808 1809 1851
223 221 195
3199 3159 3162
942 943 894
221 222 194
2522 2561 2562
2929 2888 2927
393 394 358
420 421 459
2951 2952 2992
896 945 897
3091 3132 3092
1391 1349 1350
1473 1432 1433
2844 2804 2843
412 375 377
3010 2969 3008
2606 2567 2566
333 367 368
3162 3122 3123
2354 2313 2314
2318 2359 2319
132 153 156
114 135 112
1909 1948 1950
300 332 333
2162 2202 2161
1569 1528 1529
1019 1062 1061
945 946 897
2534 2535 2574
3288 3328 3289
818 817 869
3234 3194 3195
80 81 102
3464 3465 3492
2268 2270 2309
2969 2929 2967
722 723 772
2908 2867 2868
2826 2786 2787
2593 2633 2595
3000 3040 3039
709 663 711
368 403 404
268 298 300
258 259 229
1677 1636 1637
2867 2826 2827
2783 2823 2822
603 602 559
2727 2768 2765
969 968 922
3163 3162 3123
1432 1391 1392
2786 2745 2746
2814 2813 2774
291 312 280
2725 2685 2723
3310 3351 3350
2117 2118 2076
3554 3536 3555
559 558 516
2791 2750 2751
3158 3157 3118
238 212 210
63 82 83
3410 3409 3445
18 8 17
3372 3414 3413
3373 3413 3375
9 3 8
85 104 105
3326 3325 3366
3333 3375 3374
5 1 3
3467 3433 3468
9 8 18
3373 3372 3413
3286 3285 3325
3373 3375 3333
9 5 3
111 128 133
3246 3245 3285
3286 3325 3326
922 921 873
21 19 31
3235 3234 3195
794 744 745
654 701 655
2823 2864 2863
3286 3246 3285
324 359 346
2660 2661 2700
181 183 208
3126 3125 3165
3406 3407 3444
14 13 6
404 441 442
3251 3291 3252
1162 1161 1119
2758 2798 2757
3021 2981 2982
575 532 534
2766 2725 2764
2979 3019 3018
3212 3213 3173
516 515 475
277 246 248
2566 2527 2526
3440 3444 3442
24 23 13
50 35 52
3271 3231 3232
3440 3406 3444
24 13 14
3412 3448 3414
455 493 453
3412 3414 3372
2821 2862 2861
346 380 345
3022 3021 2982
29 17 28
29 18 17
279 249 280
236 237 266
3045 3044 3084
772 773 824
3403 3442 3441
37 36 23
2636 2596 2597
69 71 90
2633 2673 2635
3039 3079 3077
3257 3217 3218
442 480 481
2475 2513 2515
873 880 827
621 620 666
3404 3441 3443
54 53 36
2981 2940 2941
894 895 842
3317 3278 3318
3244 3210 3250
2665 2664 2625
656 610 612
3440 3442 3403
24 37 23
475 474 436
2964 2963 3004
297 299 330
380 415 378
114 92 113
2805 2766 2764
33 42 27
1307 1266 1267
260 254 230
3439 3443 3474
73 72 53
34 47 51
2603 2642 2643
2738 2737 2697
744 695 696
2630 2629 2590
301 294 269
687 685 640
2647 2607 2646
3365 3408 3407
1828 1827 1869
76 58 79
3365 3407 3406
3404 3403 3441
54 36 37
1668 1710 1669
1718 1677 1678
2144 2185 2184
2673 2713 2675
1590 1549 1550
3050 3090 3051
789 790 740
481 521 522
2722 2682 2721
1642 1683 1682
2875 2877 2916
3141 3101 3102
827 830 778
201 228 229
149 167 143
420 383 421
3283 3244 3284
2951 2992 2991
869 819 871
1549 1507 1509
836 784 786
2625 2624 2585
2750 2709 2710
22 20 12
3212 3251 3252
824 825 877
3404 3443 3439
54 73 53
3129 3169 3131
2605 2645 2606
1768 1769 1808
2526 2487 2486
3339 3380 3379
436 435 398
327 326 294
2713 2754 2715
3101 3060 3061
831 832 884
2734 2733 2693
3052 3091 3092
2563 2602 2603
3128 3167 3168
3077 3118 3117
3494 3467 3495
34 21 31
362 361 327
1507 1466 1468
640 638 594
2931 2928 2890
3212 3252 3213
1743 1704 1702
2745 2704 2705
88 70 66
2404 2405 2364
2686 2647 2646
398 397 362
34 31 47
563 520 560
3269 3229 3230
2700 2701 2741
102 81 103
107 86 108
3249 3289 3251
1266 1224 1225
1758 1718 1719
292 286 260
532 533 491
1466 1424 1427
2754 2795 2756
2482 2443 2442
420 459 457
3314 3355 3354
2437 2436 2396
3312 3353 3352
3397 3357 3398
1630 1590 1591
2795 2835 2797
1062 1103 1102
77 56 76
522 564 565
778 783 733
3122 3082 3123
2087 2088 2129
126 127 151
832 885 884
3357 3317 3358
1647 1688 1687
701 750 702
513 556 538
278 247 277
3249 3288 3289
3426 3387 3388
2657 2656 2617
1733 1732 1692
2697 2696 2657
1424 1383 1386
3109 3068 3069
2482 2442 2481
2897 2856 2857
594 592 550
1671 1630 1631
1914 1873 1875
2607 2567 2606
3041 3002 3042
1421 1420 1461
1798 1758 1759
877 878 926
565 608 609
69 52 71
212 185 210
3217 3177 3178
1002 1000 1045
695 648 649
733 735 686
2968 2962 2928
69 50 52
2011 2012 2052
466 464 427
125 126 150
94 93 72
2585 2584 2545
1712 1671 1672
3200 3161 3201
3380 3419 3418
550 548 507
3129 3168 3169
3460 3425 3426
1000 999 1044
317 315 350
3466 3431 3432
1224 1182 1183
1383 1341 1344
3275 3236 3276
320 317 352
2515 2553 2555
3238 3200 3240
177 176 152
2579 2578 2539
637 639 593
88 66 86
507 505 466
3614 3605 3606
2465 2505 2504
1182 1140 1141
1752 1712 1713
3513 3535 3534
975 928 930
2765 2768 2806
2872 2831 2832
2226 2227 2267
101 80 102
145 120 144
125 150 144
3179 3139 3140
2354 2392 2351
3052 3092 3089
1841 1798 1799
40 41 58
609 654 655
3226 3186 3187
184 159 161
885 934 933
301 269 271
2709 2669 2670
926 927 973
2757 2795 2754
3161 3159 3199
1792 1752 1753
1175 1216 1214
364 366 400
2883 2882 2923
94 72 73
750 800 751
3052 3051 3091
731 683 732
1103 1146 1145
1219 1220 1261
1140 1097 1098
784 734 736
254 224 230
2163 2122 2164
3159 3122 3162
829 779 831
3001 2960 2961
3490 3514 3513
3011 2970 3010
648 602 603
3051 3090 3091
88 86 107
2741 2742 2782
2940 2900 2901
1341 1299 1301
2523 2562 2563
1883 1841 1842
3129 3128 3168
2187 2148 2146
2724 2727 2765
461 460 422
326 293 294
934 981 980
114 112 92
3492 3516 3515
429 430 392
1835 1792 1793
3282 3243 3283
2590 2589 2550
710 664 712
126 103 127
3163 3123 3124
3383 3422 3421
973 974 1018
2486 2447 2446
2555 2593 2595
2889 2848 2888
2871 2830 2831
1146 1188 1187
3233 3194 3234
1299 1258 1259
3065 3106 3105
1602 1642 1641
3534 3553 3552
382 420 419
2567 2527 2566
1969 1970 2011
1888 1889 1928
3204 3210 3244
1615 1574 1581
250 222 221
2544 2543 2504
3148 3108 3109
468 465 506
3551 3569 3568
116 115 93
3472 3501 3500
465 463 504
200 173 199
322 357 323
1877 1835 1836
1869 1909 1910
2348 2349 2389
602 558 559
2490 2491 2530
2003 1961 1962
2450 2451 2490
981 1026 1025
2523 2522 2562
125 101 102
286 254 260
1923 1883 1884
2900 2859 2860
3187 3147 3148
3422 3457 3456
2797 2835 2837
558 515 516
1917 1877 1878
2976 2935 2936
186 161 185
302 300 333
3204 3170 3210
952 951 999
2256 2255 2215
126 102 103
386 419 424
515 474 475
319 286 292
1258 1222 1217
3203 3243 3242
3277 3237 3238
3081 3042 3082
1975 1974 1933
3120 3118 3079
177 152 159
279 248 249
1188 1230 1229
2189 2229 2188
2099 2140 2139
463 458 499
464 425 427
1959 1917 1918
655 701 702
3001 2961 3002
2669 2629 2630
2527 2487 2526
99 77 98
324 346 312
2605 2603 2643
457 459 498
290 291 259
734 685 687
1097 1056 1057
2718 2678 2684
125 102 126
2859 2818 2819
2110 2109 2068
3510 3486 3487
3243 3244 3283
3487 3459 3460
406 404 442
3277 3238 3278
1467 1465 1506
2915 2916 2955
2980 3019 2979
1222 1181 1180
361 326 327
1627 1626 1666
461 422 423
474 435 436
121 122 98
350 315 347
1965 1923 1924
1230 1272 1271
510 509 552
2105 2108 2146
2001 1959 1960
2503 2502 2463
397 361 362
2970 2969 3010
2889 2888 2929
1181 1148 1139
2550 2549 2510
3341 3300 3301
123 99 122
97 79 101
2935 2895 2896
186 185 212
2007 1965 1966
435 397 398
2042 2001 2002
2595 2633 2635
1026 1069 1068
3081 3041 3042
2858 2857 2817
2684 2644 2647
325 292 293
279 277 248
3242 3243 3282
1211 1209 1250
458 457 497
3164 3124 3130
2084 2042 2043
2048 2007 2008
2895 2854 2855
1018 1019 1061
2971 2970 3011
2190 2187 2149
2184 2185 2225
2344 2345 2385
2635 2673 2675
417 455 453
1148 1108 1105
177 159 184
1728 1729 1768
2434 2394 2435
2476 2473 2436
3117 3157 3156
2954 2995 2994
2863 2864 2904
2782 2783 2822
2090 2048 2049
98 77 76
2126 2084 2085
505 464 466
186 184 161
285 254 286
685 638 640
2565 2563 2603
898 846 899
289 258 257
3157 3197 3196
2726 2687 2686
2605 2643 2645
2675 2713 2715
1069 1110 1109
1056 1013 1014
702 750 751
2167 2126 2127
524 522 565
3204 3244 3243
1561 1602 1601
3106 3146 3145
325 319 292
94 116 93
394 395 359
2903 2943 2942
995 948 996
2872 2832 2873
2818 2778 2779
638 592 594
2132 2090 2091
2715 2754 2756
1580 1582 1541
747 748 797
477 478 518
902 903 951
1045 1044 1084
605 606 651
2399 2398 2439
2640 2639 2679
2520 2519 2559
2761 2760 2801
2276 2275 2316
592 548 550
2205 2163 2204
548 505 507
2999 3000 3039
2208 2167 2168
2446 2406 2405
2487 2447 2486
163 162 138
936 889 938
1607 1647 1646
2461 2460 2421
1108 1072 1067
573 616 571
1272 1313 1312
2978 2979 3018
3237 3198 3238
122 99 98
2704 2664 2665
1693 1733 1692
3001 3002 3041
2756 2795 2797
3121 3159 3161
3081 3082 3122
2875 2916 2915
3236 3197 3237
952 999 1000
309 343 310
2173 2132 2133
200 227 228
793 744 794
431 470 432
2854 2813 2814
2822 2823 2863
2281 2282 2241
352 317 350
2644 2607 2647
355 320 352
757 709 758
3068 3029 3069
2214 2173 2174
3224 3184 3185
800 852 801
597 643 598
2629 2589 2590
2605 2565 2603
325 293 326
3195 3156 3196
3152 3192 3191
2664 2624 2625
1072 1031 1029
2836 2837 2877
2830 2791 2831
396 361 397
2156 2158 2117
2249 2208 2209
2514 2475 2515
462 423 425
3120 3121 3160
1013 968 969
359 381 346
2181 2182 2222
382 347 383
585 543 587
1110 1153 1152
147 123 122
1313 1355 1354
2255 2214 2215
632 629 676
3277 3278 3317
2183 2184 2224
2182 2183 2223
1031 989 986
2778 2737 2738
992 946 945
3076 3077 3117
2031 2030 2071
498 459 500
694 648 695
2717 2678 2718
1620 1579 1619
968 921 922
3194 3155 3195
2498 2499 2538
1061 1062 1102
1532 1492 1493
950 902 952
2930 2929 2969
1355 1397 1396
989 943 942
470 471 432
3198 3200 3238
2624 2584 2585
2290 2249 2250
2217 2218 2258
1359 1343 1384
430 393 392
2638 2644 2678
657 655 702
2947 2908 2948
2282 2242 2241
2393 2394 2434
1520 1561 1560
2757 2798 2795
751 800 801
678 633 680
3232 3193 3233
1574 1533 1540
324 312 291
2308 2349 2348
2421 2420 2380
201 229 220
601 558 602
1169 1171 1130
884 885 933
1438 1479 1478
514 474 515
120 125 144
2836 2877 2875
3202 3162 3163
921 880 873
2322 2363 2323
3235 3236 3275
3067 3107 3066
1397 1438 1437
2774 2733 2734
834 784 836
943 895 894
2415 2374 2375
1028 985 1030
1846 1847 1888
3204 3243 3203
2241 2242 2201
3156 3157 3196
2139 2140 2180
2372 2331 2332
2230 2270 2229
2331 2290 2291
1000 1044 1045
40 26 41
1479 1520 1519
1459 1498 1499
2678 2644 2684
3196 3197 3236
880 830 827
2405 2365 2364
1153 1195 1194
3197 3198 3237
188 187 162
3520 3523 3541
1783 1745 1743
2507 2506 2467
933 934 980
1421 1461 1462
3119 3121 3080
3193 3194 3233
2203 2202 2162
382 383 420
2737 2696 2697
3231 3192 3232
3316 3276 3277
837 890 840
462 425 464
2447 2406 2446
97 76 79
1860 1861 1901
1803 1804 1846
3305 3266 3306
1102 1103 1145
2444 2406 2447
830 783 778
2576 2577 2616
3155 3156 3195
3164 3170 3204
2564 2527 2567
683 682 636
3387 3347 3388
1861 1867 1902
1112 1073 1114
980 981 1025
382 350 347
215 214 187
3521 3541 3542
1566 1607 1606
2696 2656 2657
2379 2378 2338
1195 1238 1237
2954 2955 2995
3220 3180 3181
732 685 734
2930 2969 2970
1763 1764 1803
2280 2239 2242
290 259 258
462 461 423
2575 2576 2615
2634 2595 2635
2836 2797 2837
1687 1688 1728
97 121 98
1145 1146 1187
2095 2097 2137
2930 2889 2929
388 424 426
3060 3020 3021
2261 2260 2220
2755 2715 2756
783 735 733
3192 3193 3232
2413 2372 2373
2604 2567 2607
2533 2534 2573
243 242 214
3540 3542 3559
716 718 765
1583 1542 1582
1155 1112 1114
2218 2219 2259
1178 1179 1220
2708 2669 2709
3160 3161 3200
952 902 951
1025 1026 1068
1867 1870 1908
715 762 713
1723 1724 1763
2477 2476 2437
2589 2549 2550
2138 2139 2179
590 589 546
2364 2324 2323
3064 3065 3105
643 642 689
2619 2580 2620
2338 2337 2297
145 144 168
145 121 120
2279 2320 2281
2201 2239 2198
953 954 905
2465 2425 2426
3235 3196 3236
3230 3191 3231
3265 3226 3266
644 643 690
2362 2324 2365
3099 3058 3059
2322 2282 2281
3338 3339 3379
2584 2544 2545
803 801 853
1187 1188 1229
2785 2745 2786
3235 3195 3196
787 793 839
1238 1280 1279
2283 2242 2282
3191 3192 3231
2542 2502 2503
1068 1069 1109
2532 2533 2572
3160 3198 3158
97 98 76
3138 3098 3099
2954 2915 2955
2311 2271 2312
3316 3317 3357
2478 2484 2518
3164 3130 3170
2699 2660 2700
2663 2662 2623
381 380 346
2426 2427 2466
2574 2575 2614
3177 3137 3138
645 644 691
3229 3190 3230
1229 1230 1271
676 629 673
3160 3121 3161
2406 2365 2405
3120 3160 3158
2321 2280 2283
646 645 692
2323 2283 2282
1109 1110 1152
2474 2434 2435
771 722 772
2781 2741 2782
3015 2975 2976
290 258 289
792 791 843
3302 3303 3343
1682 1683 1723
3105 3106 3145
2063 2025 2066
3164 3204 3203
2902 2942 2941
2474 2435 2475
622 577 579
2297 2296 2256
2322 2323 2282
957 955 1004
338 337 304
3573 3575 3590
820 792 844
2150 2190 2149
2623 2584 2624
2604 2607 2644
2531 2532 2571
3190 3191 3230
2772 2773 2812
925 877 926
2820 2860 2819
2866 2826 2867
2267 2227 2268
2077 2074 2036
2543 2503 2504
171 197 198
2309 2270 2311
871 820 872
1271 1272 1312
1060 1018 1061
309 311 343
3379 3380 3418
1081 1042 1082
1280 1322 1321
146 145 170
3160 3200 3198
3508 3484 3485
852 905 853
2500 2460 2461
2604 2644 2638
2052 2053 2094
417 453 415
2340 2380 2339
3189 3190 3229
497 457 498
3107 3106 3066
395 381 359
1196 1195 1154
1525 1566 1565
2703 2664 2704
2242 2239 2201
432 395 394
1614 1573 1574
669 623 625
801 852 853
2365 2324 2364
2862 2822 2863
1152 1153 1194
2530 2531 2570
2385 2345 2386
2471 2470 2431
373 372 337
3574 3590 3591
2474 2475 2514
2753 2714 2755
3424 3458 3423
2321 2283 2324
3180 3141 3181
1859 1860 1900
3020 2981 3021
978 933 980
3108 3068 3109
679 632 676
2314 2313 2273
1641 1642 1682
2501 2500 2461
1521 1522 1562
2658 2619 2659
504 463 499
2899 2859 2900
3225 3224 3185
1179 1140 1182
2460 2420 2421
3512 3513 3534
3259 3220 3260
3529 3507 3508
3316 3277 3317
1322 1363 1362
3100 3060 3101
2542 2503 2543
1305 1266 1307
636 635 590
431 394 393
1312 1313 1354
3056 3017 3057
2549 2509 2510
991 944 990
506 465 504
2813 2773 2774
1107 1068 1109
3096 3097 3136
2225 2185 2226
1144 1102 1145
509 468 506
2502 2462 2463
3019 3020 3059
3097 3098 3137
499 458 497
3223 3184 3224
1390 1349 1391
665 619 621
2656 2616 2617
3140 3139 3100
3018 3019 3058
1194 1195 1237
2975 2935 2976
2903 2904 2943
163 188 162
3216 3177 3217
1196 1239 1238
2324 2283 2323
1300 1258 1299
1772 1732 1733
1906 1866 1865
2516 2476 2477
1422 1383 1424
2604 2564 2567
1401 1359 1384
1927 1888 1928
2617 2577 2578
2894 2854 2895
1053 1013 1056
1573 1532 1533
2615 2576 2616
417 415 380
3533 3552 3551
409 408 372
3588 3591 3601
2180 2140 2181
3017 2978 3018
1503 1466 1507
3421 3422 3456
546 545 503
1354 1355 1396
2231 2228 2190
1646 1647 1687
1461 1501 1462
2352 2353 2393
1472 1432 1473
1609 1568 1569
1164 1124 1165
735 689 686
895 843 842
1228 1187 1229
1585 1549 1590
1190 1148 1181
897 872 844
946 920 897
2431 2430 2390
3547 3528 3529
2777 2737 2778
1828 1869 1870
2903 2863 2904
686 642 639
3147 3108 3148
503 502 462
2573 2534 2574
1704 1663 1702
1574 1573 1533
842 791 790
738 739 690
2578 2538 2539
2509 2470 2510
1237 1238 1279
3014 2975 3015
2510 2470 2471
1614 1613 1573
1601 1602 1641
3186 3147 3187
2414 2413 2373
1396 1397 1437
917 869 871
929 880 921
2476 2436 2437
639 596 593
3533 3551 3532
790 741 740
1990 1989 2031
2420 2379 2380
2507 2467 2468
3225 3186 3226
672 626 646
1074 1031 1072
2733 2692 2693
2280 2242 2283
2137 2097 2138
740 692 691
2938 2899 2939
2693 2653 2654
1363 1404 1403
447 446 408
3589 3601 3602
1615 1581 1622
539 499 497
3059 3020 3060
433 395 432
990 943 989
1376 1417 1377
1437 1438 1478
2654 2614 2615
3098 3058 3099
1197 1156 1198
2612 2572 2573
1192 1152 1194
120 101 125
2695 2656 2696
905 954 906
690 643 689
2537 2498 2538
1904 1903 1944
1414 1413 1454
1535 1534 1575
1657 1656 1697
1779 1778 1819
1560 1561 1601
2773 2733 2774
1478 1479 1519
593 552 549
3104 3064 3105
1606 1607 1646
835 783 830
2539 2499 2500
1485 1525 1524
1858 1859 1899
1828 1870 1867
3137 3098 3138
3425 3387 3426
431 432 394
1786 1784 1746
2588 2549 2589
2610 2570 2571
3100 3099 3059
2061 2021 2062
2378 2337 2338
1595 1555 1596
3135 3096 3136
431 393 430
1316 1279 1321
549 509 506
1279 1280 1321
2614 2575 2615
3545 3526 3527
1711 1671 1712
3256 3217 3257
868 816 818
2572 2533 2573
1519 1520 1560
486 485 446
3600 3602 3611
215 187 188
3521 3520 3541
2537 2577 2576
1689 1688 1648
1910 1909 1950
2414 2373 2374
3136 3097 3137
3058 3019 3059
844 792 843
2499 2460 2500
691 644 690
692 645 691
1353 1312 1354
853 905 906
1931 1932 1973
2384 2344 2385
753 751 801
1968 1969 2010
2308 2268 2309
3183 3184 3223
872 820 844
2616 2577 2617
1856 1858 1898
1418 1458 1459
2577 2538 2578
2812 2773 2813
2403 2406 2444
1950 1948 1990
2224 2184 2225
2222 2182 2223
471 433 432
2239 2233 2198
2538 2499 2539
2571 2532 2572
1404 1445 1444
2223 2183 2224
2257 2217 2258
552 509 549
3145 3146 3185
2796 2756 2797
2794 2833 2793
689 642 686
1321 1322 1362
1791 1752 1792
1436 1396 1437
2296 2255 2256
2796 2755 2756
843 791 842
2337 2296 2297
642 596 639
2094 2053 2095
1445 1485 1484
200 199 227
1855 1856 1897
2739 2779 2738
1624 1583 1623
3056 3057 3097
215 243 214
3521 3542 3540
2692 2653 2693
596 552 593
1565 1566 1606
2179 2139 2180
2403 2362 2365
791 741 790
2196 2197 2156
2653 2614 2654
472 433 471
1282 1241 1283
3346 3306 3347
1854 1855 1896
920 872 897
1876 1835 1877
1757 1718 1758
1676 1636 1677
2269 2271 2230
3564 3547 3565
741 692 740
1853 1854 1895
3184 3145 3185
1852 1853 1894
2570 2531 2571
2613 2574 2614
146 122 121
1851 1852 1893
1400 1362 1403
3185 3146 3186
2694 2734 2693
2118 2077 2076
822 875 874
2135 2093 2094
503 462 464
3305 3265 3266
2796 2797 2836
2258 2218 2259
3146 3147 3186
1933 1893 1894
3100 3059 3060
1362 1363 1403
417 380 381
3459 3425 3460
671 626 672
966 920 946
1246 1206 1247
1935 1895 1896
631 630 585
2903 2862 2863
1870 1869 1910
1937 1897 1898
2000 1959 2001
391 392 356
2980 2940 2981
2694 2655 2695
2371 2331 2372
3067 3066 3027
2403 2365 2406
1151 1108 1148
753 801 803
512 472 471
2934 2895 2935
1840 1798 1841
2414 2374 2415
1901 1861 1902
2103 2104 2144
909 956 907
3418 3419 3453
1223 1181 1222
3119 3159 3121
2093 2052 2094
3595 3582 3596
1524 1525 1565
1922 1883 1923
666 620 622
1689 1730 1729
2136 2095 2137
1900 1860 1901
1927 1928 1969
2125 2084 2126
1850 1808 1851
906 954 955
1650 1651 1691
1482 1444 1484
3417 3379 3418
887 886 834
2047 2007 2048
3140 3101 3141
2134 2093 2135
2911 2950 2910
2248 2208 2249
1559 1519 1560
3486 3459 3487
2470 2430 2431
3225 3226 3265
2178 2138 2179
2609 2570 2610
2228 2187 2190
2172 2132 2173
2010 1969 2011
3120 3158 3118
2321 2324 2362
2236 2237 2196
1403 1404 1444
2349 2309 2350
3419 3420 3454
3119 3081 3122
2336 2296 2337
3533 3534 3552
2389 2349 2390
1365 1325 1366
1927 1887 1888
597 596 642
1046 1048 1003
2220 2179 2180
693 741 742
2177 2218 2217
386 350 382
1484 1485 1524
3456 3457 3484
2221 2181 2222
1902 1867 1908
1887 1846 1888
503 464 505
3507 3484 3508
3504 3505 3526
967 921 968
2221 2180 2181
496 538 537
2425 2384 2385
1974 1932 1933
1802 1763 1803
1444 1445 1484
3256 3216 3217
810 761 812
2264 2223 2224
1640 1601 1641
1605 1565 1606
2350 2309 2311
3225 3185 3186
1034 989 1031
1722 1682 1723
3385 3384 3344
2178 2219 2218
3346 3305 3306
1866 1823 1865
1899 1859 1900
2308 2267 2268
1111 1154 1153
3420 3421 3455
2613 2573 2574
3491 3514 3490
2980 2981 3020
2308 2309 2349
120 97 101
1281 1322 1280
3455 3421 3456
3505 3506 3527
1696 1703 1737
2219 2179 2220
373 337 338
3574 3573 3590
2613 2614 2653
2426 2386 2427
1898 1858 1899
693 646 692
3144 3105 3145
3386 3387 3425
3057 3017 3018
3506 3507 3528
883 830 880
2934 2935 2975
2694 2654 2655
3346 3347 3387
1897 1856 1898
1695 1696 1736
2980 3020 3019
2934 2894 2895
1896 1855 1897
1745 1704 1743
2260 2219 2220
1932 1893 1933
1895 1854 1896
2259 2219 2260
1894 1853 1895
1893 1852 1894
2931 2890 2930
1703 1705 1744
1487 1448 1488
3140 3100 3101
2300 2259 2260
693 672 646
954 1003 955
2537 2538 2577
3453 3419 3454
711 663 710
3546 3528 3547
3057 3018 3058
2430 2389 2390
717 766 718
2158 2118 2117
1151 1148 1190
3457 3458 3485
2390 2349 2350
845 839 793
1732 1691 1692
2221 2261 2220
3528 3507 3529
386 382 419
2655 2656 2695
1223 1190 1181
2136 2094 2095
2931 2930 2970
2015 1973 1974
944 945 896
321 320 355
2655 2616 2656
1568 1528 1569
614 613 569
3616 3619 3624
1051 1049 1089
2274 2239 2280
3057 3098 3097
3140 3141 3180
2178 2137 2138
2613 2612 2573
1369 1329 1370
1892 1851 1893
1972 1931 1973
3533 3512 3534
3454 3420 3455
1571 1572 1612
3491 3492 3515
2352 2312 2353
373 409 372
3574 3591 3588
967 929 921
896 843 895
1377 1417 1418
991 945 944
2189 2188 2148
3484 3457 3485
1451 1411 1452
3144 3145 3184
1692 1651 1652
1680 1721 1720
3144 3184 3183
2959 2999 2958
932 976 979
1613 1572 1573
1335 1376 1336
1834 1792 1835
971 1016 1015
1652 1612 1613
2304 2345 2344
1034 1031 1074
1034 990 989
2254 2214 2255
2465 2466 2505
2274 2314 2273
3526 3505 3527
3144 3104 3105
896 897 844
883 880 929
2958 2956 2918
120 121 97
1927 1969 1968
3458 3459 3486
2655 2654 2615
2939 2980 2979
146 121 145
3057 3058 3098
1973 1932 1974
2274 2273 2233
3527 3506 3528
386 352 350
253 223 224
3219 3218 3179
883 835 830
171 170 197
3119 3122 3159
1269 1310 1309
3491 3464 3492
2655 2615 2616
720 672 693
2330 2290 2331
2776 2815 2775
1690 1650 1691
3485 3458 3486
2583 2622 2582
1111 1110 1070
3179 3178 3139
2103 2062 2104
2938 2939 2979
2821 2781 2782
447 408 409
3589 3588 3601
2426 2385 2386
2874 2834 2875
146 147 122
2821 2822 2862
2274 2233 2239
693 692 741
2637 2598 2638
1941 1900 1901
1339 1378 1337
2939 2899 2900
2512 2552 2551
896 844 843
3546 3547 3564
2178 2179 2219
1133 1131 1172
2136 2135 2094
712 664 665
2776 2736 2777
388 386 424
2289 2249 2290
624 579 623
1664 1663 1704
2051 2011 2052
2221 2220 2180
253 254 285
1691 1651 1692
418 455 417
2051 2052 2093
447 486 446
3589 3602 3600
1892 1893 1932
1572 1532 1573
3605 3595 3606
668 666 622
3078 3081 3119
3078 3080 3040
2352 2311 2312
3546 3545 3527
1908 1870 1911
1651 1612 1652
1240 1198 1241
546 503 505
667 665 621
2939 2900 2940
624 622 579
418 395 433
1834 1791 1792
624 623 669
1834 1835 1876
1727 1687 1728
1612 1572 1613
2072 2031 2071
1294 1335 1295
944 943 990
2913 2953 2952
1892 1932 1931
1943 1902 1908
1054 1055 1012
955 1003 1004
2939 2940 2980
2821 2782 2822
1625 1630 1665
3346 3387 3386
731 682 683
1581 1574 1540
1892 1850 1851
3309 3270 3310
759 710 712
1911 1870 1910
1845 1803 1846
833 781 782
660 659 613
3617 3624 3625
671 625 626
759 761 810
1776 1736 1737
944 895 943
2278 2238 2237
2103 2061 2062
932 979 937
418 417 381
3546 3527 3528
2330 2331 2371
1735 1695 1736
2501 2461 2462
2931 2970 2971
944 896 895
2740 2741 2781
554 511 553
762 761 713
3056 3097 3096
2740 2699 2700
1762 1723 1763
813 812 762
1736 1696 1737
758 709 711
2189 2148 2187
3219 3180 3220
2820 2861 2860
731 780 730
1240 1197 1198
1461 1459 1499
1737 1703 1744
2426 2425 2385
546 505 548
1155 1114 1156
971 970 924
1784 1744 1746
554 597 598
2289 2248 2249
1934 1933 1894
418 381 395
2051 2010 2011
2659 2619 2620
1746 1705 1745
1934 1895 1935
2839 2879 2838
2839 2840 2880
1581 1542 1583
2102 2103 2143
1394 1393 1352
597 642 643
2659 2660 2699
3036 3035 2996
1681 1641 1682
2674 2634 2635
1324 1283 1325
667 621 666
1664 1624 1663
1027 1026 982
812 761 762
1705 1704 1745
2197 2158 2156
1240 1241 1282
2159 2118 2158
1622 1583 1624
721 676 673
3483 3455 3456
721 722 771
3483 3456 3484
2736 2735 2695
2352 2350 2311
3038 3040 3000
1003 1048 1004
3258 3257 3218
2377 2337 2378
1581 1540 1542
1845 1802 1803
2377 2336 2337
1845 1846 1887
861 810 812
2289 2290 2330
2418 2458 2457
2694 2693 2654
321 288 320
1027 1070 1069
1336 1376 1377
1461 1499 1501
667 715 713
1744 1705 1746
2998 2957 2960
1762 1763 1802
1762 1722 1723
761 712 713
388 352 386
720 693 742
3112 3111 3071
624 668 622
782 781 732
1681 1640 1641
2658 2659 2698
855 908 856
713 712 665
1527 1488 1528
1934 1894 1895
3038 3078 3040
1420 1418 1459
1664 1704 1705
3491 3515 3514
1681 1682 1722
707 706 659
3622 3625 3628
1253 1294 1254
1476 1475 1435
1324 1282 1283
1295 1335 1336
2238 2197 2237
3028 3029 3068
3483 3507 3506
2501 2462 2502
935 982 981
935 934 886
2834 2833 2794
2912 2952 2951
3078 3119 3080
590 546 548
3483 3484 3507
1085 1127 1087
2912 2913 2952
2736 2737 2777
3037 2999 3039
683 685 732
1611 1651 1650
667 713 665
1256 1254 1295
554 598 555
3037 3077 3076
2736 2695 2696
1071 1030 1073
833 885 832
671 669 625
590 548 592
2189 2187 2228
2959 2957 2998
2583 2582 2543
3028 3067 3027
1004 1048 1049
3219 3179 3180
1394 1435 1434
3424 3386 3425
2419 2379 2420
3304 3344 3303
1324 1325 1365
554 553 597
2391 2431 2390
2740 2700 2741
2748 2788 2747
1338 1336 1377
2237 2197 2196
3113 3152 3112
1212 1253 1213
2419 2420 2459
2987 2947 2988
688 694 737
3424 3425 3459
2739 2780 2779
2102 2060 2061
2177 2137 2178
1254 1294 1295
2959 2919 2957
1600 1559 1560
388 355 352
3424 3459 3458
2938 2979 2978
1611 1571 1612
1196 1238 1195
3115 3114 3074
1942 1901 1902
1581 1583 1622
3028 3068 3067
3482 3455 3483
1527 1487 1488
670 717 718
2315 2280 2321
2391 2352 2393
759 712 761
391 429 392
1527 1528 1568
253 224 254
1600 1601 1640
1461 1420 1459
456 418 433
739 740 691
2658 2698 2697
991 992 945
1048 1088 1049
759 711 710
3345 3385 3344
2659 2620 2660
1168 1208 1209
2988 3028 3027
1171 1212 1172
983 938 985
1531 1492 1532
721 673 722
2988 2947 2948
1531 1572 1571
1100 1099 1059
1049 1088 1089
2554 2514 2515
1611 1612 1651
720 742 769
1130 1171 1131
1089 1130 1131
785 783 835
2177 2136 2137
3116 3076 3117
2817 2816 2777
2776 2735 2736
1213 1253 1254
1088 1130 1089
1942 1941 1901
2116 2110 2074
2177 2178 2218
2315 2355 2314
782 784 834
1172 1212 1213
782 732 734
2552 2554 2592
1100 1143 1142
3581 3564 3565
888 937 890
636 590 592
1664 1705 1703
1185 1184 1143
3482 3483 3506
1155 1156 1197
3116 3156 3155
2102 2061 2103
823 771 772
1615 1614 1574
1600 1560 1601
1942 1902 1943
1131 1171 1172
887 889 936
3078 3041 3081
3219 3220 3259
3581 3565 3582
660 613 614
3617 3616 3624
456 455 418
887 834 836
2674 2635 2675
2736 2696 2737
305 338 304
2998 3038 3000
1599 1639 1638
2356 2315 2321
1471 1512 1511
3581 3582 3595
2072 2032 2031
1185 1227 1226
2391 2350 2352
1531 1532 1572
2484 2447 2487
2419 2459 2458
636 592 638
456 433 472
3594 3595 3605
2032 1990 2031
2958 2918 2919
2478 2517 2477
3482 3506 3505
456 495 455
2432 2471 2431
2672 2711 2671
3038 3041 3078
1215 1256 1216
1477 1436 1437
3028 2989 3029
2627 2666 2626
743 737 694
876 877 925
1518 1519 1559
2411 2451 2450
2176 2177 2217
2790 2791 2830
3154 3155 3194
822 874 821
1269 1268 1227
2315 2274 2280
1450 1449 1409
542 539 583
738 788 739
1421 1462 1460
683 636 638
2315 2314 2274
1111 1153 1110
2029 2069 2070
3482 3454 3455
3038 3001 3041
1450 1490 1489
2472 2511 2471
683 638 685
1662 1703 1696
3304 3345 3344
2817 2777 2778
2153 2152 2193
2391 2390 2350
2419 2378 2379
738 690 689
3149 3189 3188
2304 2344 2303
595 601 641
2870 2911 2910
1694 1735 1734
2749 2708 2709
3037 3039 3077
2432 2431 2391
3182 3181 3142
660 707 659
3617 3625 3622
785 735 783
1368 1367 1327
731 730 682
1071 1073 1112
739 691 690
3222 3183 3223
2911 2951 2950
2799 2838 2798
1368 1409 1408
2858 2859 2899
972 925 926
2839 2880 2879
3149 3148 3109
3264 3304 3303
1731 1690 1691
2865 2906 2905
3036 2996 2997
3063 3062 3023
3481 3505 3504
2113 2071 2112
3581 3595 3594
3143 3144 3183
513 538 496
2988 2989 3028
2266 2225 2226
2356 2355 2315
2753 2712 2714
3481 3482 3505
1094 1093 1053
1395 1353 1354
1655 1696 1695
2637 2597 2598
1395 1396 1436
2865 2864 2824
1017 1018 1060
2512 2551 2511
25 26 40
2998 3001 3038
3103 3102 3062
305 304 272
2998 2960 3001
1662 1624 1664
2072 2071 2113
25 40 39
3481 3454 3482
1689 1729 1688
2988 2948 2989
1734 1773 1733
1242 1284 1245
2668 2669 2708
823 772 824
2176 2136 2177
2758 2759 2799
1027 1069 1026
2776 2775 2735
2898 2858 2899
1270 1228 1229
2432 2391 2393
2959 2998 3000
1518 1478 1519
2554 2515 2555
647 641 601
2472 2471 2432
2356 2396 2355
508 514 551
2987 2988 3027
2552 2591 2551
782 734 784
1101 1060 1061
1311 1312 1353
2071 2070 2112
3151 3152 3191
1101 1102 1144
496 456 472
2784 2824 2823
2418 2419 2458
1921 1963 1962
1477 1437 1478
3143 3104 3144
1332 1331 1372
1987 1986 2028
2784 2783 2743
983 985 1028
3116 3117 3156
3150 3189 3149
1186 1144 1145
1186 1187 1228
2628 2588 2589
2116 2074 2077
1178 1177 1136
2176 2135 2136
3113 3072 3073
2959 3000 2999
2160 2201 2198
833 832 781
2907 2908 2947
2524 2484 2487
887 836 889
738 735 785
935 981 934
3263 3224 3264
3481 3453 3454
2907 2866 2867
1662 1622 1624
1477 1478 1518
3115 3074 3075
2558 2524 2564
2432 2393 2434
3153 3192 3152
763 715 714
2307 2308 2348
876 823 824
2632 2631 2592
1594 1593 1553
2512 2511 2472
496 495 456
876 824 877
2622 2661 2621
2119 2118 2159
1662 1664 1703
2702 2742 2701
2484 2444 2447
837 840 788
557 551 514
2418 2378 2419
2548 2549 2588
2987 3027 3026
1731 1691 1732
1244 1286 1285
2825 2785 2786
2594 2595 2634
410 448 409
390 396 428
2469 2470 2509
2512 2514 2552
2825 2826 2866
1244 1243 1201
2986 2985 2945
1250 1249 1290
738 689 735
3154 3114 3115
2397 2396 2356
2817 2778 2818
3154 3115 3155
3345 3386 3385
738 785 788
1543 1503 1544
1394 1434 1393
1379 1418 1420
2583 2543 2544
2790 2750 2791
971 1015 970
1379 1338 1377
2397 2437 2396
3345 3346 3386
2714 2715 2755
2744 2745 2785
2716 2757 2754
1476 1516 1475
2716 2717 2757
496 537 495
1654 1653 1614
1771 1732 1772
2744 2703 2704
434 428 396
2583 2584 2623
1771 1731 1732
3024 3025 3064
2658 2618 2619
2472 2432 2434
3025 2985 2986
2663 2623 2624
2663 2664 2703
3154 3194 3193
2749 2750 2790
1756 1755 1716
2716 2713 2676
2834 2836 2875
2749 2709 2750
2858 2817 2818
2356 2321 2362
3112 3071 3072
3103 3062 3063
2858 2818 2859
2472 2434 2474
3264 3224 3225
972 926 973
2153 2193 2194
2753 2793 2752
2029 2028 2069
2914 2954 2953
3428 3427 3389
2397 2356 2362
1100 1142 1099
2558 2597 2557
360 354 325
1654 1655 1695
2119 2116 2077
1395 1354 1396
901 950 904
3151 3111 3112
1491 1451 1452
3113 3153 3152
1410 1369 1370
1410 1411 1451
2418 2377 2378
2438 2477 2437
2874 2833 2834
763 765 814
1257 1296 1255
3345 3305 3346
2799 2759 2800
3428 3389 3390
2119 2077 2118
1185 1226 1184
2524 2527 2564
513 472 512
2677 2678 2717
2748 2789 2788
2714 2674 2675
2266 2226 2267
3263 3262 3223
2552 2514 2554
1017 972 973
1054 1053 1093
1379 1377 1418
1017 973 1018
714 668 716
1304 1303 1262
1160 1201 1200
1491 1492 1531
2937 2936 2897
2594 2554 2555
2898 2897 2857
714 666 668
670 624 669
1270 1229 1271
318 316 285
2397 2362 2403
2898 2857 2858
1328 1329 1369
3309 3349 3308
2541 2501 2502
1810 1809 1770
2262 2263 2303
2714 2712 2674
3150 3110 3111
1160 1159 1118
3153 3114 3154
2524 2518 2484
1311 1271 1312
1287 1246 1247
2598 2604 2638
3151 3112 3152
1530 1529 1490
2307 2267 2308
2478 2477 2438
2668 2629 2669
2594 2592 2554
2438 2437 2397
2512 2472 2474
2240 2281 2241
1311 1270 1271
2946 2945 2906
670 669 717
1389 1388 1347
2307 2266 2267
2388 2348 2389
1101 1061 1102
513 496 472
2628 2589 2629
1269 1309 1268
3153 3154 3193
3149 3109 3110
3309 3350 3349
2637 2676 2636
2541 2540 2501
837 788 785
1389 1430 1429
2628 2629 2668
3304 3305 3345
1186 1145 1187
1694 1693 1653
2199 2159 2158
3356 3316 3357
2166 2164 2125
2512 2474 2514
2263 2304 2303
2160 2198 2157
2199 2197 2238
2758 2717 2718
2627 2667 2666
763 714 716
2046 2045 2005
252 255 225
1011 1012 967
2279 2238 2278
541 543 585
1011 1013 1053
541 498 500
2758 2757 2717
1610 1609 1569
1304 1347 1346
2429 2388 2389
1205 1164 1165
1011 967 968
1810 1853 1852
2907 2867 2908
1242 1245 1203
3151 3191 3190
2429 2389 2430
2977 2976 2936
1471 1470 1430
1094 1053 1056
1339 1380 1378
2438 2397 2403
3304 3265 3305
1756 1796 1795
1205 1206 1246
1694 1653 1654
2753 2752 2712
3263 3264 3303
1134 1174 1175
2865 2905 2864
1570 1569 1529
2438 2403 2444
2598 2597 2558
570 614 569
1348 1305 1307
2548 2509 2549
1348 1349 1390
1675 1674 1634
1570 1529 1530
1076 1118 1117
1263 1266 1305
1137 1140 1179
1221 1179 1182
2041 2042 2082
1655 1662 1696
1649 1609 1610
2469 2429 2430
714 715 667
2469 2430 2470
3016 3015 2976
2672 2634 2674
1076 1075 1033
1431 1390 1391
2937 2897 2898
2977 2936 2937
1675 1716 1715
3263 3302 3262
1431 1432 1472
3153 3193 3192
2478 2438 2444
764 813 762
2632 2671 2631
3095 3094 3055
2825 2786 2826
3150 3111 3151
1655 1615 1622
1297 1256 1295
2946 2907 2947
2594 2555 2595
3264 3265 3304
837 835 888
3263 3223 3224
1297 1336 1338
3113 3073 3114
1123 1081 1082
1450 1489 1449
2637 2636 2597
1655 1622 1662
2784 2823 2783
670 668 624
1123 1124 1164
2758 2718 2759
1734 1733 1693
3264 3225 3265
1491 1452 1492
1997 1996 1956
1839 1838 1796
1178 1220 1219
303 271 302
1410 1370 1411
3016 2976 2977
888 835 883
2744 2704 2745
2622 2621 2582
1635 1595 1596
988 1033 1032
2898 2899 2938
2714 2675 2715
2702 2701 2662
1513 1472 1473
1635 1636 1676
1839 1881 1880
1368 1408 1367
3055 3015 3016
2029 1987 2028
988 987 941
3113 3114 3153
3150 3151 3190
2583 2544 2584
2794 2755 2796
2663 2624 2664
1041 995 996
932 937 888
1717 1676 1677
1717 1718 1757
1554 1555 1595
2558 2518 2524
2834 2796 2836
252 225 222
1041 1042 1081
837 785 835
2874 2873 2833
1654 1615 1655
1926 1967 1925
1328 1288 1329
2834 2794 2796
1921 1920 1881
390 389 354
2874 2875 2915
2937 2898 2938
2020 1980 1982
892 941 940
1054 1093 1095
892 891 839
1797 1757 1758
2914 2873 2874
714 667 666
390 428 427
1797 1798 1840
2541 2502 2542
2753 2794 2793
318 285 286
947 898 899
3263 3303 3302
2569 2529 2530
2914 2874 2915
508 551 550
947 948 995
508 507 467
595 641 640
787 839 838
914 868 916
787 786 737
2914 2915 2954
595 594 551
688 737 736
1287 1247 1288
688 687 641
360 361 396
360 325 326
3262 3222 3223
2913 2914 2953
2305 2345 2304
2478 2444 2484
434 396 397
2199 2158 2197
1882 1840 1841
1882 1883 1922
2558 2557 2518
473 474 514
1287 1288 1328
2524 2487 2527
1610 1569 1570
2716 2754 2713
2171 2170 2130
845 793 794
845 846 898
557 558 601
1447 1406 1407
557 514 515
2677 2638 2678
1594 1634 1633
2771 2772 2811
647 648 694
743 744 793
647 601 602
3150 3190 3189
743 694 695
2598 2564 2604
3024 3023 2984
1447 1407 1448
1134 1173 1132
2937 2938 2978
2977 2937 2978
2913 2872 2873
3025 3065 3064
1091 1133 1092
912 865 913
1244 1285 1243
2046 2088 2087
3428 3390 3429
2912 2871 2872
2912 2872 2913
2986 2945 2946
2946 2906 2907
1215 1254 1256
2632 2672 2671
2977 2978 3017
2240 2241 2200
2974 2973 2934
2632 2634 2672
1654 1614 1615
764 762 715
2302 2303 2343
1174 1133 1172
180 181 207
1964 1922 1923
3463 3428 3429
1694 1654 1695
2279 2240 2238
2253 2252 2212
764 763 814
407 371 406
570 569 526
2598 2558 2564
763 716 765
2341 2300 2301
1115 1119 1077
1205 1165 1206
932 888 883
2637 2677 2676
3356 3357 3397
283 281 251
1011 968 1013
1052 1091 1092
3309 3310 3350
2006 2007 2047
1297 1295 1336
370 406 371
541 500 543
2305 2304 2264
2732 2731 2692
3016 2977 3017
2265 2225 2266
2753 2755 2794
2279 2281 2240
2253 2294 2293
1094 1056 1097
3016 3017 3056
2171 2212 2211
2368 2328 2327
976 929 967
3182 3143 3183
2335 2334 2294
1348 1307 1349
1694 1695 1735
1389 1429 1388
1137 1094 1097
1160 1200 1159
1304 1346 1303
2089 2047 2048
1263 1224 1266
1221 1182 1224
1137 1097 1140
3055 3016 3056
2131 2132 2172
2305 2306 2346
932 929 976
1221 1224 1263
1431 1391 1432
1810 1852 1809
1257 1298 1296
2213 2172 2173
3473 3472 3438
1756 1795 1755
3182 3142 3143
2213 2214 2254
1471 1511 1470
2913 2873 2914
1054 1095 1055
3055 3056 3096
283 251 253
1945 1904 1944
1178 1219 1177
932 883 929
2295 2296 2336
1123 1082 1124
2295 2254 2255
2265 2264 2224
3024 2985 3025
2637 2638 2677
7 6 2
525 484 524
3405 3440 3401
2341 2381 2340
1635 1596 1636
1675 1715 1674
2265 2266 2306
1091 1051 1089
1076 1117 1075
2341 2340 2300
1513 1473 1514
1052 1090 1050
1091 1131 1133
483 524 484
2263 2223 2264
1832 1790 1791
2277 2318 2278
1717 1677 1718
1006 1051 1007
1554 1513 1514
3558 3576 3557
1554 1514 1555
1035 1077 1078
3381 3420 3419
1594 1633 1593
2452 2492 2491
764 715 763
3342 3301 3302
1041 996 1042
3063 3023 3024
3342 3302 3343
1945 1986 1987
2341 2342 2382
3382 3421 3420
2262 2261 2221
1797 1758 1798
2263 2264 2304
252 222 250
1839 1880 1838
1543 1504 1503
988 1032 987
1926 1925 1886
958 909 957
303 336 334
1009 966 1010
1006 957 1004
958 956 909
1425 1443 1401
958 1007 1005
3299 3260 3300
283 253 285
303 301 271
1882 1841 1883
1006 1049 1051
658 612 657
407 445 443
947 899 948
407 405 371
318 286 319
335 302 333
1215 1213 1254
2175 2176 2216
360 326 361
611 657 612
370 404 406
908 955 957
390 427 389
804 856 854
45 29 44
1921 1962 1920
892 940 891
2299 2300 2340
908 957 909
525 523 484
434 397 435
525 568 566
658 705 703
754 752 705
2299 2259 2300
473 435 474
473 434 435
444 406 442
508 550 507
1447 1448 1487
845 794 846
557 515 558
483 522 524
595 640 594
787 838 786
754 705 753
658 656 612
688 736 687
647 602 648
855 803 853
743 695 744
74 54 55
2046 2087 2045
567 524 565
2946 2947 2987
611 655 657
704 657 702
1174 1213 1215
704 751 753
1658 1699 1659
3447 3476 3448
44 28 43
1780 1741 1740
3025 3026 3065
1930 1891 1931
3025 2986 3026
704 753 705
3024 2984 2985
1658 1619 1618
1174 1172 1213
1277 1319 1278
3063 3064 3104
1964 1923 1965
728 733 684
2301 2260 2261
756 755 706
3623 3628 3629
3103 3063 3104
1035 990 1034
2006 1964 1965
2986 2987 3026
1536 1577 1537
2006 1965 2007
2175 2135 2176
2986 2946 2987
1134 1175 1173
3103 3104 3143
1905 1865 1864
1726 1766 1765
2089 2048 2090
1536 1497 1496
1415 1375 1374
1780 1821 1781
2131 2090 2132
1530 1491 1531
2131 2089 2090
3182 3183 3222
15 14 7
180 207 179
1415 1456 1416
2171 2211 2170
1945 1944 1986
2213 2173 2214
2253 2293 2252
2416 2375 2376
1971 1970 1929
1971 2013 2012
1604 1603 1563
1726 1725 1685
1604 1644 1643
1543 1544 1584
270 240 268
2295 2255 2296
1739 1778 1779
1698 1657 1697
270 241 240
3405 3401 3363
3063 3024 3064
1617 1656 1657
1576 1535 1575
1820 1779 1819
2335 2375 2334
2014 1972 1973
1863 1903 1904
2265 2224 2225
1481 1522 1521
1495 1534 1535
1807 1808 1850
1455 1414 1454
1318 1359 1360
2305 2346 2345
1333 1374 1334
1767 1727 1728
1481 1480 1440
1826 1827 1785
1645 1605 1606
1530 1490 1491
1333 1292 1293
1686 1687 1727
1891 1892 1931
1857 1816 1859
1252 1250 1291
1170 1129 1168
1399 1440 1439
1564 1565 1605
1091 1089 1131
1399 1398 1357
1523 1482 1484
2263 2222 2223
1315 1314 1274
1373 1413 1414
7 14 6
3608 3609 3616
1315 1357 1356
1115 1074 1116
728 778 733
1441 1400 1403
1441 1444 1482
2262 2222 2263
1264 1300 1306
2262 2221 2222
1358 1316 1321
1052 1092 1090
1358 1362 1400
1191 1233 1231
811 862 860
1191 1189 1149
1106 1104 1065
1360 1401 1402
1047 1085 1087
1106 1149 1147
1275 1279 1316
977 1022 1020
3342 3343 3383
3340 3381 3380
1234 1192 1194
2057 2098 2056
3381 3419 3380
828 826 776
1373 1332 1372
3382 3342 3383
542 583 586
2416 2415 2375
2057 2056 2016
3382 3383 3421
2892 2851 2852
3340 3380 3339
2301 2300 2260
1150 1107 1109
2455 2415 2416
677 726 724
677 675 630
1150 1152 1192
977 975 930
2455 2495 2494
828 881 879
2452 2491 2451
2020 1979 1980
1066 1068 1107
1210 1171 1169
3299 3300 3340
3335 3295 3336
1210 1251 1212
1023 978 980
3371 3365 3330
882 829 831
777 779 829
1958 1916 1917
931 933 978
2453 2493 2492
2454 2494 2493
631 633 678
631 585 587
2302 2343 2342
727 678 680
2454 2455 2494
3298 3339 3338
2771 2731 2772
3572 3555 3574
2732 2772 2731
3370 3412 3372
1006 1004 1049
1543 1545 1504
2412 2372 2413
1291 1331 1332
958 1005 956
2453 2454 2493
2341 2382 2381
3299 3259 3260
1938 1899 1940
1291 1250 1290
2884 2925 2885
270 271 241
1170 1209 1211
1817 1859 1816
303 334 301
209 207 181
1546 1588 1547
335 333 368
11 9 19
1992 1950 1990
2299 2258 2259
725 676 721
370 335 368
908 906 955
1546 1505 1504
1360 1361 1319
370 368 404
2298 2258 2299
2298 2257 2258
11 12 5
2301 2261 2302
407 443 405
3497 3470 3498
725 721 770
912 864 865
3402 3361 3362
1340 1300 1299
3499 3471 3472
2376 2336 2377
855 906 908
444 442 481
3298 3299 3339
38 39 55
483 444 481
2154 2113 2153
3297 3257 3258
483 481 522
3298 3258 3259
1128 1169 1130
855 853 906
525 566 523
754 804 802
804 854 802
2235 2194 2234
567 565 609
754 802 752
139 116 141
611 567 609
3298 3259 3299
611 609 655
658 703 656
3587 3600 3586
704 702 751
4 7 2
1952 1949 1911
3615 3607 3617
1086 1048 1046
1035 991 990
2376 2375 2335
3447 3448 3412
44 29 28
1426 1385 1423
2055 2015 2056
1001 954 953
998 1000 1002
2175 2134 2135
2235 2275 2276
998 950 952
904 852 851
2165 2167 2206
756 706 707
3623 3622 3628
1001 1046 1003
746 796 749
904 953 905
1958 1959 2000
604 650 607
746 700 697
849 903 902
3401 3362 3360
798 747 797
1997 1998 2039
1587 1545 1586
604 563 560
1426 1467 1443
698 748 747
476 440 437
652 605 651
2884 2844 2843
1826 1868 1827
476 517 479
561 606 605
1047 1002 1045
3519 3495 3496
1040 994 1037
519 477 518
363 399 365
1587 1628 1588
2277 2237 2236
363 329 328
438 478 477
401 364 400
1930 1890 1891
3497 3496 3469
2892 2933 2891
2892 2850 2851
331 297 330
1426 1423 1465
331 366 364
3572 3571 3554
1264 1258 1300
1264 1223 1222
3370 3331 3329
2893 2894 2933
527 528 570
1658 1659 1619
3558 3557 3539
109 131 108
2521 2561 2522
2650 2651 2690
1587 1586 1627
2649 2648 2608
3332 3292 3331
3127 3087 3086
1122 1079 1120
1381 1422 1382
2611 2610 2571
3364 3363 3323
1706 1711 1709
2521 2482 2481
2611 2572 2612
2317 2276 2316
1544 1585 1584
584 582 540
2400 2441 2401
2358 2398 2399
2400 2360 2359
45 63 64
708 757 707
2408 2409 2449
68 89 67
3371 3333 3374
109 87 89
3371 3408 3365
68 49 64
106 85 105
106 128 111
84 63 83
84 104 85
1849 1890 1848
3587 3570 3571
158 183 181
2440 2399 2439
134 111 133
1670 1630 1671
2480 2519 2520
2641 2602 2601
2641 2681 2642
2762 2722 2721
2762 2803 2763
1997 2039 2038
2560 2520 2559
2600 2639 2640
3297 3338 3337
3627 3626 3620
806 857 805
2680 2640 2679
2720 2760 2761
3627 3629 3626
806 805 755
2802 2761 2801
2842 2882 2883
3127 3167 3128
2853 2852 2812
1814 1815 1774
1958 1957 1916
3473 3439 3474
487 448 488
3473 3501 3472
2965 3006 2966
2965 2926 2925
3046 3007 3006
3046 3086 3047
2924 2963 2964
2924 2883 2923
3005 3044 3045
3005 2964 3004
1817 1777 1818
3247 3208 3207
3166 3126 3165
1122 1121 1079
3206 3245 3246
3085 3125 3126
3085 3045 3084
3327 3368 3328
3299 3340 3339
3367 3409 3410
3367 3326 3366
1570 1530 1571
1530 1531 1571
2376 2335 2336
2412 2413 2452
410 411 448
189 191 216
273 275 305
2083 2042 2084
2412 2452 2451
1252 1291 1293
1570 1571 1611
3608 3607 3597
2207 2167 2208
244 216 245
3580 3594 3593
1955 1996 1954
3054 3015 3055
2301 2302 2342
1874 1876 1875
1536 1537 1497
1739 1738 1778
1698 1697 1738
267 236 266
267 299 297
1649 1610 1650
3296 3257 3297
1610 1611 1650
4 10 7
1698 1738 1739
1780 1781 1741
1617 1616 1656
3608 3598 3609
3556 3557 3573
1857 1859 1858
1610 1570 1611
1576 1575 1616
3556 3555 3537
3556 3538 3557
1649 1650 1690
1820 1819 1862
1971 2012 1970
1576 1616 1617
3615 3614 3606
1863 1862 1903
2014 1973 2015
3558 3540 3559
3580 3579 3564
3499 3472 3500
30 32 19
1863 1820 1862
1495 1494 1534
3480 3479 3453
1905 1906 1865
209 181 208
209 237 236
1891 1850 1892
1807 1768 1808
1726 1765 1725
1952 1993 1994
1455 1454 1494
4 1 5
1767 1728 1768
1938 1898 1899
2034 2035 1993
3610 3600 3611
3401 3440 3403
1455 1494 1495
1415 1416 1375
1767 1768 1807
2020 2021 1979
615 617 661
1985 1991 2027
117 95 118
1686 1646 1687
2057 2099 2098
1036 1035 1078
1009 1008 963
3335 3294 3295
1645 1606 1646
1645 1646 1686
1706 1667 1665
1817 1860 1859
2124 2123 2082
1604 1643 1603
2195 2196 2155
62 43 61
62 61 82
3446 3445 3475
3446 3475 3476
2771 2811 2770
863 910 862
912 911 864
139 115 116
139 163 138
912 913 959
2020 1982 2023
2166 2204 2164
3610 3618 3609
1113 1151 1116
273 242 243
339 341 374
2057 2016 2058
2247 2245 2206
2408 2407 2367
2408 2449 2448
2124 2125 2164
1202 1204 1163
2096 2097 2054
993 1038 1010
1040 1039 994
1040 1079 1080
1955 1915 1956
2771 2730 2731
1564 1524 1565
2165 2125 2126
1113 1074 1072
1113 1108 1151
2732 2773 2772
527 485 486
2041 2001 2042
1955 1914 1915
2732 2692 2733
1976 1934 1935
1625 1590 1630
1544 1503 1507
2853 2854 2894
2853 2812 2813
1544 1549 1585
1381 1383 1422
2974 2934 2975
15 26 25
1481 1521 1480
1425 1401 1384
2569 2530 2570
1523 1524 1564
273 305 272
1373 1372 1413
1824 1823 1866
1523 1484 1524
1949 1908 1911
1951 1910 1950
1775 1736 1776
3562 3545 3546
1930 1929 1890
180 154 155
1817 1816 1777
1333 1334 1292
1441 1403 1444
1360 1359 1401
339 338 305
1399 1439 1398
3580 3564 3581
3297 3298 3338
339 305 307
728 775 778
117 140 116
1358 1321 1362
1315 1356 1314
3480 3453 3481
3563 3578 3561
1291 1290 1331
3480 3504 3503
2416 2376 2417
811 860 809
584 540 541
527 570 526
1275 1237 1279
30 29 46
3332 3293 3292
1234 1237 1275
1234 1194 1237
3095 3055 3096
1191 1231 1189
74 55 75
117 116 94
3297 3258 3298
3296 3256 3257
1150 1109 1152
1106 1147 1104
2376 2377 2417
815 814 867
1939 1940 1899
1066 1025 1068
2416 2417 2456
1985 1949 1991
1023 1025 1066
2455 2416 2456
1023 980 1025
977 1020 975
584 541 585
542 586 547
2455 2456 2495
3451 3417 3418
1952 1951 1993
677 724 675
931 884 933
3610 3609 3599
3175 3136 3176
828 879 826
2454 2415 2455
882 831 884
882 884 931
1232 1193 1190
777 729 779
3175 3176 3215
3563 3579 3578
631 587 633
727 680 729
727 729 777
235 264 233
1210 1212 1171
2454 2414 2415
2329 2330 2370
708 709 757
74 95 73
1938 1980 1937
2041 2040 2000
2369 2368 2410
2453 2414 2454
2453 2413 2414
2369 2328 2368
3402 3404 3439
2412 2371 2372
3296 3297 3337
1849 1891 1890
3452 3479 3478
2329 2370 2368
3332 3373 3333
1170 1168 1209
965 919 920
965 963 919
1992 1990 2032
38 24 25
295 328 296
30 18 29
815 764 814
3580 3593 3579
725 679 676
615 614 570
1775 1774 1735
1036 991 1035
1252 1293 1251
3519 3521 3540
3296 3337 3336
1340 1299 1341
815 865 813
1360 1402 1361
1546 1547 1505
3452 3478 3450
2329 2288 2289
1983 1942 1984
2329 2327 2288
1775 1776 1814
3402 3400 3361
11 21 12
1128 1130 1088
180 179 154
1824 1785 1783
11 19 21
615 570 572
1983 1941 1942
3480 3503 3479
2034 1993 1992
1086 1128 1088
1047 1045 1085
1009 963 965
1984 1943 1985
965 920 966
1824 1866 1826
2096 2054 2055
1086 1088 1048
1984 1942 1943
3587 3589 3600
1849 1850 1891
3175 3135 3136
1938 1940 1980
2195 2155 2154
1001 1003 954
1958 1917 1959
998 952 1000
189 163 165
2154 2153 2194
2884 2885 2844
2235 2234 2275
904 905 852
1939 1899 1900
1706 1665 1670
2096 2056 2098
849 850 903
798 850 849
798 797 850
1122 1163 1121
2277 2278 2237
746 749 700
3401 3360 3363
698 699 748
652 699 698
652 651 699
1857 1858 1815
604 607 563
2369 2367 2328
561 562 606
244 274 243
519 562 561
519 518 562
1543 1584 1545
2165 2166 2125
2124 2082 2083
3572 3574 3588
476 479 440
438 439 478
38 37 24
401 439 438
2055 2014 2015
401 400 439
363 365 329
3519 3518 3495
1264 1222 1258
2247 2206 2207
1122 1120 1161
3054 3014 3015
331 330 366
3615 3606 3607
3497 3469 3470
1426 1465 1467
2892 2891 2850
3562 3563 3545
3370 3329 3369
2073 2034 2032
2114 2073 2072
410 373 374
1587 1627 1628
1036 1037 992
1983 1981 1941
2073 2032 2072
815 867 865
3572 3554 3555
2649 2650 2689
2650 2690 2689
2611 2571 2572
2649 2689 2648
74 75 95
1036 1078 1037
2114 2072 2113
2521 2522 2482
2317 2316 2357
295 296 263
2358 2317 2357
2358 2357 2398
2400 2401 2360
1670 1671 1711
3615 3617 3622
2440 2439 2479
3371 3374 3408
109 108 87
2480 2440 2479
68 67 49
106 105 128
708 660 661
2480 2479 2519
84 83 104
158 157 183
134 157 158
134 133 157
914 913 867
410 374 411
1952 1991 1949
2560 2559 2599
2600 2560 2599
2600 2599 2639
189 188 163
2641 2642 2602
2680 2679 2719
2762 2763 2722
3587 3586 3570
2720 2680 2719
2720 2719 2760
3127 3128 3087
2802 2801 2841
2842 2802 2841
2842 2841 2882
1381 1340 1341
1997 2038 1996
1997 1956 1998
2369 2410 2409
1849 1848 1806
914 916 913
11 5 9
244 243 215
3473 3474 3501
901 902 950
487 529 486
708 661 709
2924 2923 2963
2965 2966 2926
3287 3248 3247
3005 3004 3044
3287 3288 3248
3046 3047 3007
74 73 54
3166 3165 3205
3206 3166 3205
487 486 447
3206 3205 3245
1425 1426 1443
3085 3084 3125
3247 3248 3208
2411 2412 2451
3327 3288 3287
3327 3328 3288
3367 3366 3409
3364 3323 3324
3451 3452 3417
1930 1931 1972
1981 1982 1940
2083 2084 2125
2370 2330 2371
244 245 274
3499 3522 3498
3499 3498 3471
2370 2411 2410
2207 2208 2248
1157 1158 1162
410 409 373
189 165 191
866 867 814
267 266 299
1857 1815 1814
1157 1116 1158
1232 1265 1235
866 814 816
487 488 529
3608 3597 3598
38 25 39
1265 1223 1264
1317 1306 1343
708 707 660
3558 3559 3576
3556 3537 3538
1036 992 991
3499 3500 3522
3411 3410 3447
1318 1319 1277
1317 1343 1359
30 46 32
3446 3476 3447
62 44 43
866 816 868
3610 3611 3618
1938 1937 1898
209 208 237
235 233 206
1981 2022 1982
3411 3369 3368
4 2 1
3562 3564 3579
1832 1834 1874
3405 3363 3364
3451 3453 3479
1832 1791 1834
1232 1235 1193
815 813 764
1874 1834 1876
1999 1958 2000
806 755 756
3627 3623 3629
339 307 341
117 118 140
3627 3620 3621
806 807 857
1983 2022 1981
2034 1992 2032
45 64 46
1939 1900 1941
2288 2247 2248
1276 1277 1235
2893 2933 2892
139 138 115
62 82 63
3446 3410 3445
273 272 242
615 572 617
15 16 26
1999 1998 1957
1157 1162 1119
2288 2248 2289
1983 2025 2022
527 526 485
1202 1203 1204
2166 2206 2204
2370 2410 2368
1276 1318 1277
1252 1211 1250
2041 2000 2001
1425 1384 1385
3451 3418 3453
901 851 848
1544 1507 1549
2408 2448 2407
2034 2075 2035
1983 1984 2025
2288 2286 2247
1232 1223 1265
3480 3481 3504
1381 1341 1383
1625 1585 1590
2073 2075 2034
2096 2098 2097
1775 1735 1736
2288 2327 2286
3562 3546 3564
2569 2570 2609
2020 2023 2021
2771 2770 2730
2247 2286 2245
2114 2115 2073
2853 2813 2854
1951 1911 1910
1040 1080 1039
1775 1814 1774
2073 2115 2075
2195 2236 2196
1949 1943 1908
1984 1985 2026
1952 1994 1991
2114 2155 2115
2732 2733 2773
1985 2027 2026
2329 2368 2327
1984 2026 2025
993 994 1038
1955 1954 1914
912 959 911
2124 2164 2123
863 864 910
2974 2975 3014
1976 1975 1934
1832 1833 1790
1706 1709 1667
1817 1818 1860
2057 2058 2099
1874 1875 1833
1824 1783 1823
1832 1874 1833
1113 1072 1108
1009 1010 1008
3335 3334 3294
3405 3406 3440
3095 3096 3135
2165 2126 2167
1232 1190 1223
3580 3581 3594
2329 2289 2330
3446 3447 3410
62 63 44
2411 2371 2412
45 44 63
1009 965 966
1317 1318 1276
2195 2154 2194
806 756 807
3627 3621 3623
1824 1826 1785
1939 1941 1981
2370 2371 2411
2096 2055 2056
1425 1385 1426
1985 1943 1949
1952 1911 1951
1265 1264 1306
1265 1276 1235
1706 1670 1711
1317 1359 1318
1999 1957 1958
866 868 914
3562 3579 3563
1317 1276 1306
2124 2083 2125
2893 2892 2852
2247 2207 2248
3451 3479 3452
1999 2040 1998
1157 1119 1115
3405 3364 3406
1265 1306 1276
1939 1981 1940
1157 1115 1116
2165 2206 2166
866 914 867
1999 2000 2040
3475 3445
3445 3409
3409 3366
3366 3325
3325 3285
3285 3245
3245 3205
3205 3165
3165 3125
3125 3084
3084 3044
3044 3004
3004 2963
2963 2923
2923 2882
2882 2841
2841 2801
2801 2760
2760 2719
2719 2679
2679 2639
2639 2599
2599 2559
2559 2519
2519 2479
2479 2439
2439 2398
2398 2357
2357 2316
2316 2275
2275 2234
2234 2193
2193 2152
2152 2111
2111 2069
2069 2028
2028 1986
1986 1944
1944 1903
1903 1862
1862 1819
1819 1778
1778 1738
1738 1697
1697 1656
1656 1616
1616 1575
1575 1534
1534 1494
1494 1454
1454 1413
1413 1372
1372 1331
1331 1290
1290 1249
1249 1208
1208 1167
1167 1126
1126 1084
1084 1044
1044 999
999 951
951 903
903 850
850 797
797 748
748 699
699 651
651 606
606 562
562 518
518 478
478 439
439 400
400 366
366 330
330 299
299 266
266 237
237 208
208 183
183 157
157 133
133 128
128 105
105 104
104 83
83 82
82 61
61 43
43 28
28 17
17 8
8 3
3 1
1 2
2 6
6 13
13 23
23 36
36 53
53 72
72 93
93 115
115 138
138 162
162 187
187 214
214 242
242 272
272 304
304 337
337 372
372 408
408 446
446 485
485 526
526 569
569 613
613 659
659 706
706 755
755 805
805 857
857 858
858 859
859 860
860 862
862 910
910 911
911 959
959 960
960 962
962 961
961 964
964 1008
1008 1010
1010 1038
1038 1039
1039 1080
1080 1121
1121 1163
1163 1204
1204 1245
1245 1284
1284 1320
1320 1361
1361 1402
1402 1442
1442 1483
1483 1508
1508 1548
1548 1589
1589 1629
1629 1669
1669 1710
1710 1749
1749 1787
1787 1829
1829 1871
1871 1912
1912 1953
1953 1995
1995 2037
2037 2078
2078 2120
2120 2161
2161 2202
2202 2243
2243 2284
2284 2325
2325 2366
2366 2407
2407 2448
2448 2488
2488 2528
2528 2568
2568 2608
2608 2648
2648 2688
2688 2728
2728 2769
2769 2810
2810 2850
2850 2891
2891 2932
2932 2972
2972 3013
3013 3053
3053 3093
3093 3134
3134 3174
3174 3214
3214 3254
3254 3294
3294 3334
3334 3376
3376 3415
3415 3449
3449 3477
3477 3502
3502 3524
3524 3543
3543 3560
3560 3577
3577 3592
3592 3603
3603 3612
3612 3620
3620 3626
3626 3629
3629 3628
3628 3625
3625 3624
3624 3619
3619 3618
3618 3611
3611 3602
3602 3601
3601 3591
3591 3590
3590 3575
3575 3576
3576 3559
3559 3542
3542 3541
3541 3523
3523 3522
3522 3500
3500 3501
3501 3474
3474 3443
3443 3441
3441 3442
3442 3444
3444 3407
3407 3408
3408 3374
3374 3375
3375 3413
3413 3414
3414 3448
3448 3476
3476 3475
6510
3559
6833
3565
3571
3575
6826
6823
3587
6828
3618
6819
3642
6816
3836
6803
6801
4065
6799
6795
4063
6792
6790
4064
6782
6775
4062
6771
6768
4066
6706
1307
5350
982
1093
5554
5445
6095
4578
6466
6462
4582
6443
6444
4581
6453
6458
4580
6473
6482
4579
6559
5444
6583
5503
981
1826
1306
943
4060
3793
3925
4059
6711
6713
4057
6718
6720
4061
6724
6727
4058
6733
6737
3835
6744
3643
6849
3617
6873
3586
6784
6786
3574
6780
3564
6783
3558
6509
6508
6055
3614
3560
3563
3567
6877
5950
3589
3603
3621
3632
3651
3785
3898
6900
4074
4214
4247
4278
6903
5404
4369
4420
4495
4559
4616
6910
5882
4894
5044
5153
6069
6394
6390
1381
1656
1627
6159
6513
1930
6955
2070
2553
2230
2605
2342
6968
6531
2514
6941
2664
6714
6529
3001
5413
2895
3003
6669
406
3002
2076
2694
2860
2479
2823
3666
2224
2580
2223
2581
2221
2793
1143
2222
2596
2307
2219
3518
2625
2220
2582
2744
2225
6921
2226
456
2218
24
6346
2478
2859
2693
3078
2999
6748
2842
2998
48
21
3000
67
36
2663
2981
2513
6969
179
2341
2662
2229
22
2069
178
1929
726
25
1626
146
1380
6389
6393
6070
5154
5045
4895
566
6871
4617
4560
4496
4421
4370
530
6860
4279
4248
4215
261
6863
3899
6812
3650
3631
3620
3602
3588
3660
6776
3566
3562
3561
3608
6054
6511
