        2811        2719        2810
        9644        9614        9550
        7850        7761        7762
        5651        5627        5567
       11185       11100       11140
        1037         977         976
        3969        3884        3970
        4703        4786        4788
        1614        1616        1699
        2810        2900        2811
        9550        9643        9644
        9822        9730        9821
        4912        4911        4825
        4702        4786        4703
        7749        7838        7748
        8156        8066        8153
        7007        6919        7011
        7661        7748        7751
        1629        1713        1712
        2124        2125        2215
        4144        4227        4229
        9590        9591        9500
        8153        8066        8063
         271         273         241
        3730        3643        3666
         768         769         715
        9684        9591        9590
        1200        1198        1266
       10230       10228       10319
        9641        9732        9733
        5234        5147        5235
        5421        5341        5428
        1003        1066        1065
        7645        7555        7646
       10219       10214       10129
        7646        7736        7645
        9733        9642        9641
       10319       10228       10229
        5567        5650        5651
        8791        8792        8701
        7762        7761        7671
        2822        2911        2912
        4579        4577        4662
         977         918         976
        5428        5509        5421
        2821        2911        2822
        4263        4264        4180
        5235        5147        5148
        8792        8751        8701
        1060        1061         998
        9676        9678        9584
       11185       11140       11225
         137         161         138
        2400        2497        2496
         367         405         406
        3086        3176        3178
         834         890         891
        8715        8712        8624
        9584        9582        9676
        4978        5064        4979
        4180        4179        4263
        1418        1493        1420
        9729        9637        9728
        2820        2911        2821
        3085        3176        3086
        1492        1493        1418
        1198        1199        1266
        1001        1063        1064
       11377       11374       11450
         823         769         768
        3424        3332        3333
        1064        1003        1001
        4971        4970        5055
        2820        2910        2911
        6296        6209        6214
        6296        6214        6302
        9440        9529        9531
        7671        7759        7762
        9731        9822        9823
        7947        7860        7858
         833         890         834
        3883        3884        3969
        7889        7888        7977
        2791        2792        2881
        4875        4960        4961
        8523        8613        8524
        2881        2792        2882
        9618        9614        9644
       11664       11621       11665
        7248        7337        7251
        7251        7163        7248
        8065        8154        8155
        7977        7888        7974
        8241        8245        8154
        8612        8613        8523
        3666        3643        3577
        5339        5341        5421
       11665       11703       11664
        6860        6945        6950
        5704        5615        5703
        3464        3398        3487
       11653       11610       11606
       10645       10559       10558
        5724        5725        5639
        9823        9732        9731
       10702       10699       10789
        5640        5725        5726
        1372        1444        1445
        6388        6475        6467
       10789       10699       10788
       11140       11100       11099
        7671        7669        7759
         406         405         445
           6          10          12
        3216        3194        3127
       11298       11374       11377
        7748        7838        7751
        6467        6381        6388
         979         977        1038
       11606       11652       11653
        9643        9642        9733
        3789        3876        3877
        8035        7946        8034
        1041         980        1040
        1371        1444        1372
        1038         977        1037
        5148        5147        5060
        6124        6128        6209
        7373        7462        7447
       11389       11465       11460
        1699        1698        1614
        9860        9857        9947
        3707        3705        3793
        2861        2770        2769
        2769        2860        2861
       10139       10138       10049
       10558       10559       10468
        9768        9858        9766
        2823        2912        2913
        2822        2912        2823
        4961        4877        4875
        1221        1289        1220
        5592        5516        5603
        5060        5145        5148
        7104        7090        7012
        3434        3521        3523
        9731        9730        9822
        6209        6128        6214
        1296        1297        1367
       11816       11800       11798
        6166        6168        6080
       11047       11049       10960
        6625        6626        6538
        7376        7375        7285
        5536        5619        5535
         707         709         761
        8752        8751        8842
        5726        5644        5640
        7849        7761        7850
        3487        3553        3464
        9584        9493        9582
        6538        6626        6539
        8244        8243        8153
        8624        8712        8623
       11460       11465       11526
        2820        2819        2910
        4998        4911        4912
       11819       11800       11816
        6913        6831        6823
         889         890         833
        7945        7857        7856
       11018       10930       10931
        9582        9493        9491
       11248       11247       11325
        3071        3162        3163
       10960       11049       11048
       10850       10761       10851
        6077        5994        5992
        4864        4948        4950
        3285        3216        3308
        7368        7457        7367
          12          11           6
        7465        7375        7376
        8154        8245        8155
        2646        2647        2555
         241         273         272
        2910        2819        2909
        4718        4717        4633
        9859        9858        9768
        6999        6920        7012
        7751        7750        7661
        2400        2496        2495
        9960        9959       10050
         833         832         889
        9638        9637        9729
         535         532         577
         492         532         535
        5559        5644        5642
        9569        9659        9566
        4524        4609        4525
       10050        9959       10049
       11707       11736       11702
        2555        2554        2646
        5118        5031        5030
        5030        5031        4946
        3070        3162        3071
        1132        1199        1198
        9569        9566        9478
        9291        9200        9288
         389         428         426
       10791       10701       10790
        6238        6240        6153
       11503       11565       11564
        6240        6239        6153
       11225       11266       11185
        9440        9438        9529
        5642        5557        5559
       11517       11453       11450
        9342        9341        9248
        7103        7192        7187
        7455        7457        7368
        6326        6324        6410
        9949        9940       10030
        8885        8794        8884
        9100        9191        9190
        9768        9850        9859
        5677        5592        5603
        7011        6919        6921
        9248        9250        9342
        7877        7788        7876
        7770        7776        7686
        7091        7179        7180
        1151        1217        1152
         916         859         915
       10305       10214       10219
        9291        9294        9203
       11450       11453       11377
        8884        8794        8793
        4307        4306        4219
        7278        7277        7187
       11733       11764       11762
        5978        6063        5979
        5388        5476        5475
        3285        3194        3216
        4828        4826        4739
        8425        8421        8510
        9203        9200        9291
       10851       10761       10849
        1270        1201        1268
        2533        2441        2532
        9189        9191        9100
        7179        7268        7180
        7447        7358        7373
        3880        3884        3797
        6999        6908        6920
        2229        2322        2230
        1266        1268        1200
        8842        8751        8792
        4960        4959        5044
        9505        9504        9595
          58          74          60
        5063        5064        4978
        6950        6861        6860
        3211        3122        3121
        4978        4982        5063
       10672       10642       10581
       11738       11736       11707
       10343       10435       10434
       10842       10844       10931
         443         444         404
        9566        9475        9478
        9158        9068        9069
        5979        6063        6064
        6127        6129        6212
       10876       10786       10791
         824         769         823
        7426        7515        7428
        9160        9158        9069
       10464       10463       10374
        4633        4716        4718
        9478        9475        9386
        5646        5650        5566
        2830        2740        2831
       10842       10753       10844
        9491        9493        9402
        7428        7341        7426
         976         918         917
        7368        7277        7278
        2739        2740        2830
        2441        2440        2532
        2914        2823        2913
        1524        1602        1603
       10876       10787       10786
        7928        8017        8016
       11327       11250       11249
       10671       10672       10581
        1386        1385        1313
        5566        5650        5567
        6080        6168        6167
        1313        1314        1386
        6289        6375        6357
        6357        6375        6444
         363         327         357
         701         755         702
         761         760         707
        1001        1000        1063
        9402        9400        9491
        1034         974         973
        4219        4220        4307
          46          58          60
        6947        6857        6946
        6437        6519        6523
        1038        1040         979
        5873        5960        5959
        9400        9311        9309
          99          83          80
         357         395         363
        4494        4577        4579
        5535        5449        5536
        6032        5953        6038
        6523        6519        6607
         123         140         146
        7187        7192        7278
        1426        1500        1501
        2963        2872        2964
        2962        2963        3056
        5055        4970        5054
        1425        1500        1426
        7761        7760        7670
        6440        6441        6355
        2035        2125        2124
        4950        4949        4864
        6810        6722        6807
       10036       10124       10125
       10296       10297       10207
        8728        8727        8636
        6095        6096        6011
        6920        6908        6830
        7947        7949        7860
       10035       10124       10036
        7759        7669        7755
        1063        1000        1062
       11417       11341       11342
        6801        6714        6713
        4714        4715        4630
        9896        9805        9895
        6807        6722        6719
       11327       11328       11250
        8015        8017        7928
        4629        4545        4544
        4959        5043        5044
       10730       10638       10729
        6730        6642        6653
        4790        4877        4876
        3877        3876        3964
        1629        1711        1713
        6908        6818        6830
        5979        5894        5978
        5810        5725        5724
        7966        7965        8054
        4470        4383        4472
        1523        1602        1524
       11707       11667       11703
        6730        6653        6741
       10241       10153       10151
         206         233         234
       10849       10938       10851
         522         523         566
        2230        2322        2323
         234         233         264
        5033        5034        5121
        5390        5476        5388
        8082        7992        8079
        6947        6945        6857
          80          83          67
        7756        7845        7755
        5063        4982        5068
         602         555         601
        3479        3389        3478
         566         523         567
        4630        4629        4714
        1036         975        1035
        1338        1268        1336
        1229        1237        1299
        4828        4739        4827
        1125        1061        1060
        1064        1066        1003
       11361       11359       11282
       10934       10938       10849
         823         880         824
        4607        4609        4524
        5992        5994        5909
       11415       11341       11417
        1220        1289        1288
         593         555         602
       10931       10930       10842
        5509        5516        5592
        3540        3450        3541
         480         521         479
       10049       10138       10050
        1299        1237        1307
        3450        3451        3541
        3048        3047        2955
        7760        7757        7670
        8155        8153        8065
        7276        7275        7365
        7860        7948        7859
       10384       10294       10295
       11762       11732       11733
       10523       10525       10435
       11703       11667       11664
        2215        2125        2216
        7012        7090        6999
        4607        4689        4690
       11216       11131       11132
        9767        9857        9769
        9851        9853        9941
        8365        8457        8456
        2956        2864        2955
        5846        5860        5931
        5270        5183        5269
        6630        6542        6629
        6900        6988        6991
        8153        8243        8156
        8819        8727        8728
        4690        4609        4607
        2871        2872        2963
       11803       11821       11822
         859         858         915
        8510        8421        8422
        5705        5626        5619
        1783        1699        1700
        4746        4665        4662
        9769        9857        9860
        6629        6542        6541
        5931        5860        5945
         158         137         134
        2956        2954        2864
       10140       10228       10230
        5846        5775        5860
        6949        6861        6951
          27          38          31
        3012        2921        3013
       10731       10639       10730
       11225       11306       11266
       10385       10384       10295
        3308        3375        3285
       11282       11360       11361
        8038        7949        8036
         158         161         137
        2920        2921        3012
        3423        3332        3424
         564         610         563
       10477       10566       10478
         563         610         609
        6064        6063        6152
        1062        1000         999
        9554        9461        9553
       10546       10456       10545
       11325       11326       11248
        4635        4719        4720
        4049        4137        4136
        1040         980         979
        7686        7776        7775
       10478       10566       10567
        8978        9067        9069
       10118       10208       10121
        7926        8015        7928
        7885        7799        7796
        5005        4919        5004
        2698        2790        2700
        7958        8015        7926
        5639        5725        5640
       10731       10640       10639
        5945        6016        5931
        2760        2761        2852
        5612        5610        5696
        3056        3055        2962
        2852        2761        2853
        9069        9068        8978
       10635       10546       10545
        1367        1366        1296
        6896        6806        6805
       10705       10612       10704
         999        1061        1062
        5810        5811        5725
       10761       10760       10671
        4874        4959        4960
        4856        4857        4770
        6805        6895        6896
        4144        4143        4227
        7790        7789        7878
        3343        3251        3340
       10786       10701       10791
        6264        6178        6263
        6694        6693        6606
        7958        7869        7957
        1103        1040        1101
        4873        4959        4874
        8054        7965        8052
        4338        4337        4251
        4910        4997        4996
        5941        5856        5940
         577         532         534
        3947        3865        3953
        1154        1219        1153
        3863        3865        3947
        6606        6692        6694
        1269        1201        1270
         611         612         660
        3212        3122        3211
        6095        6176        6182
        5121        5120        5033
        4251        4336        4338
        6539        6626        6627
         964         963        1024
        7283        7358        7269
        1220        1219        1154
         534         579         577
        3665        3577        3576
        1024        1025         964
        8080        7992        8082
        3815        3900        3902
       10116       10206       10117
        3813        3900        3815
        2790        2792        2700
        4710        4711        4626
         525         569         570
       10334       10422       10424
        6223        6221        6224
        7947        7946        8035
        9595        9504        9594
       10229       10320       10319
        9160        9250        9248
        1216        1217        1151
       10671       10760       10672
        3564        3654        3565
        2401        2497        2400
        9554        9552        9461
        6263        6267        6349
        9248        9158        9160
        4771        4687        4770
        7877        7789        7788
         134         136         158
        9869        9870        9779
        2720        2719        2811
        7859        7948        7865
        7517        7518        7429
       10060        9970       10058
        1299        1297        1229
        6737        6825        6735
        1436        1366        1439
        4921        4919        5005
        6176        6262        6182
        1307        1237        1240
        7812        7901        7813
        6810        6807        6897
        6537        6451        6450
         570         569         617
        2466        2559        2467
        6218        6307        6306
        2906        2815        2816
        6176        6178        6262
        6410        6324        6355
        7840        7754        7750
        7946        7857        7945
        4875        4877        4790
        6224        6310        6223
       10243       10153       10241
        6349        6267        6353
        3793        3795        3707
       10453       10543       10454
         398         428         389
       10335       10334       10424
        8521        8610        8611
        9887        9975        9976
        6897        6900        6810
        7607        7518        7517
        1700        1784        1783
         915         974         916
        4777        4693        4776
        8520        8610        8521
        5703        5615        5616
        7755        7845        7759
        1291        1290        1222
       10434       10344       10343
        1700        1616        1617
        6307        6219        6308
       10387       10298       10297
         699         752         753
        1616        1615        1617
        4618        4535        4534
        9402        9311        9400
        9859        9850        9940
        4776        4693        4692
        2592        2687        2684
        5702        5615        5704
        1291        1360        1290
        5735        5820        5821
        2975        3065        3067
         851         796         795
        1291        1222        1287
        2442        2441        2533
        3776        3775        3687
        6538        6537        6625
         566         612         565
        9275        9184        9276
         146         145         123
        2909        2819        2818
        7735        7736        7827
        7519        7608        7609
         518         560         517
        6923        7015        7014
        2684        2590        2592
        9136        9140        9227
        7688        7773        7683
        9049        9140        9136
        3027        2935        2934
        6262        6178        6264
        7608        7698        7609
        2818        2906        2909
        7888        7799        7885
        3028        2935        3027
        3687        3691        3776
        9716        9624        9714
        5734        5820        5735
          60          74          76
        6549        6637        6618
        1694        1692        1770
         484         444         443
        2533        2534        2442
        6897        6988        6900
        3797        3795        3880
         795         850         851
        4777        4776        4863
        1904        1989        1903
        5261        5349        5348
        5347        5349        5261
        6986        7077        7078
        1297        1368        1367
         565         612         611
        1770        1776        1694
        6394        6481        6393
        9769        9679        9767
        7078        6987        6986
        2558        2559        2466
        5744        5829        5745
        4793        4708        4712
        7858        7946        7947
        6355        6441        6410
        5295        5296        5384
        6182        6096        6095
         193         192         167
        6393        6306        6394
        3653        3654        3564
       11339       11338       11415
        3334        3242        3335
        6556        6637        6549
        9433        9341        9342
        3523        3522        3434
        3464        3375        3398
        8940        8939        8849
        3449        3450        3540
        4522        4606        4607
         624         626         578
        7275        7364        7365
        9374        9281        9372
        2955        3047        2956
        2831        2921        2920
        2646        2740        2739
       10335       10425       10336
        7454        7365        7453
        2461        2554        2555
        7901        7903        7813
         805         752         804
         377         341         340
         557         514         512
        9373        9281        9374
        4863        4864        4777
        5264        5352        5263
          46          45          33
        6921        6831        6913
        5939        5856        5941
         580         579         534
        7686        7685        7596
         561         560         518
        1691        1690        1608
        7926        7869        7958
        1287        1222        1218
        5263        5175        5264
        4540        4625        4541
       10373       10379       10288
        3335        3242        3243
         578         626         580
        6185        6115        6202
        3540        3539        3449
        8849        8937        8940
        6802        6714        6801
        6368        6282        6367
        1608        1690        1607
        6547        6634        6635
       11470       11469       11398
        9191        9280        9190
          16          17          10
         534         578         580
        7788        7699        7698
          74          91          76
        4688        4605        4687
        6367        6282        6281
        4688        4687        4771
       10556       10555       10464
        6924        6925        7016
        7596        7679        7686
         469         505         467
       10075        9984       10074
        5525        5610        5612
       10639       10638       10730
        9127        9125        9216
        2843        2752        2751
        4183        4268        4184
        2555        2462        2461
        4624        4709        4625
         251         223         222
         566         565         522
        4183        4184        4100
        7595        7684        7682
        7125        7033        7124
         567         523         557
       11261       11339       11340
         753         752         805
        2739        2647        2646
         462         503         477
        2901        2900        2810
        4002        3916        4001
        2097        2185        2186
        2920        2830        2831
        9648        9738        9646
        2351        2444        2350
         172         194         168
        6202        6272        6185
        2369        2276        2275
         398         360         361
        9554        9648        9646
       10241       10332       10243
        5895        5811        5810
       10631       10632       10542
        5896        5895        5980
         465         506         507
        4825        4826        4912
         998        1061         999
        2934        2935        2844
        2844        2843        2934
        7373        7358        7283
        6437        6438        6352
        4001        3916        3915
        9859        9940        9949
       10464       10465       10556
        6526        6614        6527
        2565        2658        2567
        4619        4702        4703
        9853        9943        9941
        4521        4606        4522
        5127        5216        5214
        4618        4702        4619
        1868        1954        1953
        6444        6375        6462
        3832        3834        3747
        1613        1698        1697
        2096        2185        2097
        9342        9434        9433
        8144        8142        8232
        9733        9732        9824
         753         755         701
         804         859         805
        4216        4208        4131
        2275        2368        2369
        3747        3746        3832
        6772        6861        6859
       10409       10320       10410
         517         560         553
        4770        4857        4771
          33          44          46
        2037        1950        2038
        6608        6614        6526
         542         545         502
        4863        4948        4864
        3343        3342        3251
        7544        7454        7453
         417         378         416
        9127        9036        9125
         557         512         556
        3287        3375        3377
         443         483         484
        1035         974        1034
        8365        8366        8457
        9030        9121        9119
       11757       11786       11785
        4719        4804        4720
       11215       11131       11216
        5530        5528        5439
        2252        2345        2253
        9125        9036        9034
        3152        3151        3058
        6946        7036        6947
        5873        5959        5958
       10388       10387       10477
         136         114         135
        9960        9870        9959
          10          17          12
        9592        9503        9501
        2818        2815        2906
        7124        7213        7125
        6462        6531        6444
        4231        4314        4317
        3424        3514        3423
         660         659         611
        2343        2345        2252
        4221        4220        4135
        5903        5904        5988
       10030        9940        9941
        3211        3302        3304
        9216        9218        9127
        9592        9501        9591
        3304        3303        3211
        7635        7636        7546
         606         654         649
        9683        9589        9682
       10794       10885       10884
        9414        9504        9505
        6823        6824        6913
        9969        9967       10058
         649         654         700
        2657        2658        2565
        7772        7779        7689
        8885        8884        8975
        4392        4480        4391
         251         222         250
        7483        7396        7393
        3956        3987        4043
        1878        1877        1963
        3478        3389        3388
        9508        9598        9599
       10512       10422       10511
        2925        2835        2924
        6437        6523        6438
        4630        4545        4629
        3294        3385        3295
         973         974         915
        7689        7779        7690
        3014        3104        3107
         521         520         479
        1177        1244        1176
         134         114         136
       11785       11786       11807
        6038        6118        6032
        3107        3106        3014
        4606        4605        4688
        7861        7779        7772
        6263        6349        6264
        3333        3332        3240
        2924        2835        2834
        9594        9503        9592
        1035         975         974
         109         131         132
        5819        5904        5903
         132         110         109
        9508        9507        9598
        3901        3987        3956
       10297       10208       10207
        9881        9967        9969
        1819        1823        1740
        9896        9806        9805
         250         222         224
        4229        4228        4144
        1116        1052        1115
        1546        1545        1468
        6219        6220        6308
        7946        7945        8034
        3867        3876        3788
        2743        2651        2650
       10155       10244       10245
        6608        6696        6614
        4472        4383        4391
       10844       10843       10926
        1024        1088        1025
        5956        6039        6041
        5351        5438        5350
        5439        5440        5530
        1115        1052        1054
        1903        1989        1907
       11675       11711       11715
        2914        2824        2823
        6392        6480        6479
        6697        6785        6698
        1468        1544        1546
        1087        1088        1024
       11702       11667       11707
        4834        4919        4836
        9766        9858        9857
        9532        9442        9441
        4577        4661        4662
        3384        3385        3294
         523         514         557
       10542       10632       10543
        5054        5140        5141
        3489        3490        3401
         505         504         463
        1445        1446        1373
       10374       10463       10373
        9413        9504        9414
        8032        8072        8122
       10319       10320       10409
        1385        1461        1460
       10840       10839       10749
        3572        3570        3659
          27          37          38
        6306        6307        6394
        6610        6696        6608
        9959        9870        9869
        7393        7482        7483
        2342        2249        2340
        5614        5615        5702
        1041        1040        1103
        2963        2964        3057
        8350        8262        8352
       10477       10478       10388
        6042        6129        6127
        8275        8366        8365
       10926       10932       10844
        7772        7774        7861
        3057        2964        3058
        6701        6785        6697
        7187        7098        7103
        9857        9858        9947
        5055        5056        4971
        4626        4625        4710
       10288       10282       10373
        3705        3706        3793
         494         493         536
        1270        1268        1338
       10207       10206       10296
         904         963         964
        4692        4610        4609
        3297        3206        3205
        8799        8891        8805
        4693        4610        4692
        6386        6299        6303
        9824        9732        9823
        9764        9674        9679
        8275        8365        8274
        4737        4738        4825
         389         360         398
        1176        1108        1177
        7126        7213        7124
        2343        2344        2437
       11343       11359       11419
        3810        3724        3722
        1373        1372        1445
       10832       10741       10830
        4428        4430        4342
        4595        4598        4513
        5702        5701        5614
         518         546         561
       11439       11366       11364
        2041        1954        1959
       11565       11612       11564
        2459        2552        2551
         347         348         351
        3788        3787        3867
        1953        1954        2041
        2479        2573        2574
        2202        2293        2294
        5619        5621        5705
       10749       10748       10659
       11565       11610       11613
         351         384         347
         464         506         465
        1336        1268        1266
         483         526         484
        8975        8976        8885
        2551        2552        2643
        6806        6718        6805
         536         493         535
       11822       11821       11839
        6805        6718        6717
        2574        2480        2479
        1710        1711        1628
        9594        9504        9503
        1712        1630        1629
        4342        4430        4429
        2913        3004        2914
        1953        1867        1868
       11439       11442       11366
        2201        2293        2202
        5118        5206        5122
        5052        5053        4968
         467         505         463
       11768       11739       11767
        4307        4220        4308
         168         147         172
        8868        8864        8777
        6353        6267        6352
        4333        4358        4421
        4456        4459        4543
        6167        6079        6080
        5975        5892        5890
        8037        7949        8038
        2342        2344        2251
       11872       11871       11863
        2684        2687        2778
        3039        3131        3132
        9197        9109        9106
       10457       10546       10547
        7888        7885        7974
        5781        5782        5695
        9098        9008        9006
        1515        1512        1439
       10839       10748       10749
        7839        7838        7749
       11767       11736       11738
        7698        7699        7609
        2251        2344        2343
        4421        4358        4446
       10464       10553       10463
        4773        4689        4772
        7827        7826        7735
        4708        4709        4624
        3659        3660        3572
        2259        2169        2260
         511         555         548
        9821        9730        9729
       10757       10841       10758
        4543        4459        4546
       11799       11818       11801
        1058        1059         996
        6950        6945        7035
       10758       10841       10848
        2744        2743        2834
        7402        7492        7493
        1515        1592        1512
        2498        2497        2402
         548         555         593
        3402        3313        3312
        3666        3577        3665
        8232        8142        8231
       10742       10741       10832
        3401        3402        3312
       11581       11629       11580
       11338       11341       11415
       10388       10298       10387
        5624        5707        5710
        4307        4395        4306
        7886        7887        7798
       10243       10332       10334
       11715       11711       11742
          99         120         102
        8955        8864        8868
        8331        8245        8241
       10967       11050       10961
        9607        9606        9700
       10547       10458       10457
         964         907         904
         172         147         148
        3067        3066        2975
       10850       10760       10761
        8946        8944        9034
        1256        1326        1327
       11564       11502       11503
         363         395         402
       10494       10583       10495
        5053        4969        4968
        5162        5252        5247
       11297       11375       11296
        5527        5615        5614
        2350        2444        2354
        4302        4304        4217
        8036        7949        7947
       11055       11050       10967
        9120        9121        9030
        1295        1366        1363
        6352        6438        6353
        1614        1536        1616
        3797        3884        3883
        6945        6855        6857
        2834        2835        2744
        8944        8855        8853
        8946        8855        8944
        7146        7057        7056
       10121       10208       10211
        3921        4007        4008
        3602        3600        3510
        8231        8321        8232
       11857       11842       11843
        4433        4345        4344
       10245       10206       10155
        7078        7077        7167
        8614        8703        8704
        4008        3922        3921
        4432        4433        4344
        8506        8417        8505
        3550        3463        3460
         525         526         483
        4308        4220        4221
        4137        4222        4136
        3510        3601        3602
        1418        1417        1492
       10282       10198       10192
        2687        2782        2778
         511         505         469
       11533       11529       11467
        5472        5384        5385
       10031        9943       10033
        9288        9200        9197
         207         180         206
        6951        6861        6950
        1290        1360        1359
        5295        5209        5296
        2852        2853        2943
        3463        3458        3460
        3563        3562        3473
        4390        4304        4302
        6129        6215        6212
         206         234         207
        9452        9360        9359
        7125        7036        7033
        9640        9732        9641
        7700        7789        7790
        9034        9036        8946
        3473        3562        3475
        2844        2752        2843
        3634        3637        3547
        2402        2497        2401
        3423        3514        3513
       10495       10583       10584
        3202        3201        3113
        1439        1366        1367
         222         223         196
        7485        7481        7394
        7928        7927        7839
        2943        2942        2852
        1326        1397        1398
        4911        4997        4910
       11671       11670       11710
        9731        9732        9640
        9267        9177        9176
         556         512         513
        1299        1368        1297
       11181       11260       11178
        3127        3194        3105
        8367        8366        8275
        5710        5709        5624
       10626       10536       10625
        4626        4629        4544
       10457       10456       10546
       10435       10433       10523
        4792        4708        4793
        6860        6855        6945
        9329        9327        9418
        3897        3810        3896
        4662        4661        4746
        4619        4535        4618
        3298        3297        3388
        8522        8434        8433
        2251        2249        2342
         118         120          99
         174         175         202
       11467       11529       11463
       11843       11858       11857
       11750       11719       11748
        9728        9637        9636
        6039        6125        6041
         702         651         701
        7927        7838        7839
        7394        7484        7485
        2247        2156        2157
        4428        4513        4514
       10542       10543       10453
        4690        4689        4773
        8335        8421        8425
       10117       10206       10207
        6340        6338        6424
        7878        7789        7877
        8033        8032        8122
        1101        1168        1103
        2567        2658        2660
        7037        7036        7128
         219         192         193
        8320        8321        8231
        9591        9501        9500
        9636        9544        9543
        3160        3158        3246
        9953        9954        9864
       11325       11247       11250
        6254        6338        6340
       11022       10938       10934
        8623        8622        8533
         464         504         506
        3241        3242        3334
        7035        6945        6947
        2459        2458        2365
        3382        3309        3292
       10207       10208       10118
        9590        9683        9684
        9890        9892        9802
        1949        1950        2037
        9440        9439        9346
        9017        8930        8927
        4514        4430        4428
        4341        4255        4342
        7876        7965        7877
        8762        8673        8671
        1398        1397        1472
        9636        9637        9544
         415         376         414
        3428        3427        3336
        4349        4437        4355
        5141        5055        5054
       10043        9954        9953
        9100        9098        9189
       10545       10634       10635
         377         378         341
        5269        5357        5270
        1065        1066        1130
        3022        2929        3021
        7750        7754        7664
        3021        2929        2928
       11261       11260       11339
        1877        1962        1963
        9049        9045        8959
         402         401         363
         804         858         859
        7314        7296        7224
       10823       10744       10834
        6546        6634        6547
        2295        2203        2294
         548         505         511
        9191        9282        9280
        5950        5867        5866
        2604        2514        2512
        2564        2471        2470
        6313        6226        6227
        4254        4255        4341
       11384       11306       11305
        7683        7773        7684
        4050        4137        4049
        6725        6645        6733
       11871       11862       11863
       11642       11597       11596
        7493        7404        7402
        1327        1326        1398
        6698        6696        6610
        9049        9136        9045
        4609        4610        4525
        4353        4437        4349
        3724        3637        3722
        2068        1980        2066
        7877        7965        7966
        5351        5439        5438
        6144        6143        6055
        4044        4045        4131
        5536        5621        5619
        3576        3577        3487
       10660       10750       10668
        6694        6692        6779
       11110       11026       11022
       11630       11629       11581
        7014        7015        7107
        6252        6168        6166
        3243        3336        3335
        8600        8511        8601
        9794        9884        9863
         119         141         118
        7167        7168        7078
        1679        1677        1596
       11002       11091       11004
         426         428         467
         221         220         194
        5247        5158        5162
         470         473         513
        7265        7266        7177
        1592        1595        1674
        6610        6697        6698
        1355        1427        1356
        6055        6078        6144
        7849        7760        7761
         138         161         162
        9974        9975        9886
         263         261         295
         513         512         470
        9941        9940        9851
        8331        8421        8335
         932         874         875
        9679        9674        9585
         996        1059         997
       11726       11687       11688
         463         504         464
        5782        5829        5744
        2282        2376        2284
         525         570         526
        3466        3553        3555
        7944        7945        7856
       11398       11401       11470
        3209        3300        3208
       10155       10206       10116
        1596        1678        1679
        7300        7212        7210
       11297       11296       11216
        4391        4480        4472
         248         220         221
        7661        7660        7571
       10633       10634       10544
        7209        7211        7122
        3301        3300        3209
        1426        1427        1355
        6889        6979        6891
        1538        1462        1540
        8510        8511        8600
        9976        9975       10065
       11398       11469       11399
        3958        4045        4044
        3058        3151        3057
         340         376         377
       10129       10214       10124
        9972        9883        9971
        1053         991        1052
        6080        5994        6077
        5274        5360        5362
       11711       11671       11710
        3464        3553        3466
        2465        2372        2371
        7840        7750        7751
        5712        5626        5705
       11340       11339       11416
        6891        6979        6982
        3401        3490        3402
         187         214         215
        6312        6225        6313
        6607        6519        6606
        7180        7268        7269
       11323       11398       11399
        6868        6781        6779
        9886        9975        9887
        7355        7266        7265
       10742       10740       10652
        9281        9282        9191
        5118        5117        5206
        7682        7684        7772
        4541        4625        4626
        2564        2657        2565
        9590        9589        9683
       11520       11453       11517
       10128       10217       10127
        1462        1461        1387
        3113        3201        3112
        9779        9870        9780
       10424       10425       10335
        2666        2761        2760
       10544       10634       10545
        3808        3809        3721
        1493        1495        1420
       11097       11008       11098
        9052        9054        8964
        9779        9778        9869
        6779        6867        6868
        5980        5895        5979
       10454       10543       10544
         477         503         518
        6225        6226        6313
        3065        3063        3156
         502         545         503
        6227        6314        6313
       10411       10499       10501
       11246       11324       11251
       10343       10433       10435
        7242        7299        7209
        6552        6640        6641
        9974        9885        9972
        1053        1052        1116
        9883        9882        9971
         601         650         602
        3149        3055        3056
        5873        5874        5960
        4542        4627        4624
        4543        4627        4542
       10928       10929       11016
        4607        4606        4689
        4962        4877        4963
         707         658         709
       10245       10335       10336
        2467        2559        2560
        4131        4208        4123
       10705       10613       10612
        9700        9606        9696
        8502        8417        8506
        3943        3855        3857
        7809        7719        7808
        1499        1577        1578
        7450        7540        7451
        8917        8829        8826
       10626       10631       10541
        4914        4912        4828
        5927        5893        5843
        8244        8153        8155
        9441        9442        9349
        7133        7220        7222
        1740        1823        1822
        4624        4625        4540
       11102       11103       11188
        4381        4293        4295
        4626        4711        4629
         381         378         417
        8335        8245        8331
        5809        5893        5894
       10065        9975       10064
       11329       11400       11406
         932         991         931
        9184        9185        9276
        1498        1577        1499
        6153        6239        6154
        3246        3247        3160
         367         366         405
       10541       10631       10542
        8764        8762        8853
        5512        5423        5511
        9418        9420        9329
        4330        4329        4244
        6733        6645        6732
        6606        6693        6607
        7209        7299        7211
        7210        7211        7300
        6779        6781        6694
       11399       11324       11323
       10409       10499       10411
        3943        3942        3855
        1697        1698        1781
        8033        7945        7944
        6538        6451        6537
        4712        4708        4627
        3896        3895        3981
        3478        3567        3479
        2158        2156        2247
        8164        8254        8165
        1614        1698        1613
         339         338         375
        8964        9054        9053
        6685        6769        6773
       10424       10422       10512
        7903        7992        7991
        6541        6455        6454
         699         650         648
        2871        2870        2778
        7016        7015        6924
        1327        1328        1258
        8910        9002        9001
        9885        9883        9972
        5866        5949        5950
        1794        1711        1793
         215         188         187
        5810        5809        5894
         769         716         715
        1054        1118        1115
       11748       11719       11717
        6859        6861        6949
        6512        6510        6598
        6542        6455        6541
        9029        9117        9120
        7539        7540        7450
         954        1013         952
        5525        5611        5524
        7546        7636        7547
        6896        6895        6986
        2223        2224        2134
         295         297         263
        3895        3978        3981
         931         991         990
        2863        2950        2860
       11262       11180       11261
        8165        8254        8255
        4217        4304        4303
        3768        3769        3857
        8416        8326        8415
        4993        4907        4928
        7545        7546        7455
       10794       10883       10885
        8052        8142        8054
        8920        8829        8917
        1258        1257        1327
        4381        4383        4470
        8188        8186        8097
       10058        9970        9969
        3398        3375        3308
        2778        2782        2871
        3434        3433        3521
        6426        6510        6512
        2270        2179        2180
        2067        1980        2068
        4173        4089        4172
        7122        7211        7210
        1053        1051         991
        1794        1877        1878
        5511        5423        5424
         248         221         249
        5080        5169        5082
        7595        7683        7684
       10218       10217       10128
        2466        2465        2558
       10371       10294       10384
        1142        1208        1146
       11844       11845       11859
        6479        6480        6568
        3292        3309        3217
        7053        7051        6962
        2744        2651        2743
       11801       11818       11820
       10511       10422       10421
        9780        9870        9871
        5215        5216        5127
        1459        1385        1460
        6986        6987        6896
        9077        9167        9168
         780         835         782
        4542        4456        4543
        4314        4401        4317
        9886        9885        9974
        2863        2954        2950
        8853        8855        8764
        7131        7220        7133
        9026        9117        9029
       10223       10314       10224
       11009       11008       10921
       10074       10164       10075
        3377        3375        3464
        7385        7296        7314
       11415       11417       11483
        6860        6861        6772
        5006        5005        5092
        3105        3194        3107
        9877        9967        9881
        9946       10034        9944
        1936        1937        1852
         462         502         503
         285         286         252
        4172        4089        4088
         602         650         651
        7270        7358        7359
         416         378         377
        6956        6907        6998
        7763        7758        7847
        4836        4749        4834
        3448        3534        3538
         284         253         287
        4999        5087        5086
        5992        5907        5988
        4171        4087        4122
        7367        7277        7368
        8613        8614        8524
        2748        2654        2659
        8187        8188        8097
        2864        2954        2863
        4996        4997        5084
        3681        3769        3680
        9445        9444        9535
        4546        4459        4462
        5001        5087        4999
        5677        5688        5763
        1146        1208        1212
        3285        3375        3287
        2747        2654        2748
        4036        4000        3950
        4647        4563        4562
        7011        7098        7007
       11188       11187       11102
        7308        7218        7307
        5809        5723        5808
        2760        2667        2666
        4883        4969        4885
        7215        7126        7212
        5688        5775        5763
        2260        2169        2170
        8781        8691        8782
        8622        8532        8533
        6681        6769        6685
        8523        8522        8612
         824         880         881
        8613        8703        8614
         175         169         196
        1489        1488        1565
         651         650         701
         834         835         780
        3178        3177        3086
        4966        5050        5051
       10463       10553       10554
        4302        4329        4390
         123         120         140
        8164        8075        8074
        6409        6408        6494
        3298        3206        3297
        7412        7501        7411
        7502        7501        7412
        7571        7660        7574
       10224       10314       10315
        3680        3769        3768
        7635        7546        7545
        6747        6837        6835
        9352        9444        9445
        1515        1595        1592
        6907        6997        6998
        2279        2189        2188
        6735        6649        6737
        5866        5782        5781
         378         344         341
        3857        3855        3768
        4392        4391        4304
        5896        5811        5895
        7307        7218        7217
        9453        9452        9543
        6837        6928        6925
        7212        7302        7215
         996         997         936
         952         895         954
        2294        2203        2202
        4819        4733        4732
       11772       11747       11743
        9951        9952        9862
        5227        5228        5140
        7545        7455        7454
        1268        1201        1200
        5914        5997        5998
        7215        7213        7126
        3389        3390        3299
        7798        7887        7885
        5907        5903        5988
       11742       11746       11715
        4583        4499        4498
         305         273         271
        6149        6236        6237
        5254        5341        5339
        8955        8868        8959
        6911        6821        6910
        6323        6237        6322
        3538        3537        3448
       11581       11518       11520
       11022       11026       10938
        5890        5892        5807
        8690        8691        8781
        9026        9116        9117
         224         253         250
        7177        7266        7178
        2700        2792        2791
         937         998         938
         467         428         469
        9618        9615        9526
       11194       11274       11275
        1699        1616        1700
        4462        4373        4374
        4513        4598        4514
       11004       10915       11002
       10108       10106       10019
        7056        7057        6966
        8065        8153        8063
       10957       10959       10870
        3022        3021        3116
        9514        9513        9423
       11767       11739       11736
        3943        4030        4029
        8422        8511        8510
        3019        3113        3112
        8516        8512        8602
        5448        5449        5535
       10867       10956       10955
        1540        1618        1538
        2938        2939        3032
       11422       11347       11423
        4819        4820        4733
        6193        6194        6107
         375         376         339
        3950        4035        4036
        5339        5251        5254
       10913       10915       10826
        4244        4329        4243
        5384        5383        5295
        6193        6279        6280
        5119        5126        5038
        5350        5438        5437
        8799        8890        8891
        5724        5809        5810
        4244        4328        4330
        6218        6219        6307
       11406       11330       11329
        7977        7978        7889
        9729        9730        9638
        4960        5044        4961
        3149        3148        3055
        8274        8365        8364
        9307        9399        9397
         508         466         507
        8352        8440        8350
        3336        3427        3335
        9543        9544        9453
        4968        4967        5052
        4648        4563        4647
        6641        6553        6552
        8186        8185        8094
        6682        6769        6681
       11694       11732       11731
       10578       10660       10668
       11520       11518       11453
        2551        2458        2459
        9864        9954        9865
         897         956         898
         148         147         125
        7033        7036        6946
        3949        4035        3950
        6029        6033        5948
        9526        9614        9618
       10196       10106       10108
        9100        9008        9098
        9424        9419        9421
        9421        9511        9424
        4912        4826        4828
        3812        3810        3897
       10652       10649       10739
         149         175         174
        1628        1711        1629
        1852        1937        1854
         341         308         305
        9714        9806        9716
        1793        1711        1710
       11342       11418       11417
       11776       11747       11772
        5524        5611        5605
        4671        4673        4590
        4881        4967        4882
       11531       11587       11526
        3116        3117        3022
       10554       10469       10463
        9397        9399        9488
        6292        6374        6377
        6835        6837        6925
        4977        5026        4941
       11407       11330       11406
         880         939         881
        3388        3389        3298
        1183        1118        1186
        4029        4030        4116
         232         261         263
        4998        4997        4911
        1785        1784        1701
        4968        4969        4883
       11137       11135       11220
         620         669         670
       10373       10463       10379
         308         273         305
       11016       10929       11017
       11630       11581       11583
        6822        6821        6911
        1059        1123        1060
        2643        2552        2644
        4333        4335        4249
        8427        8512        8516
       11613       11612       11565
        5817        5814        5731
         902         901         960
        6835        6746        6747
        5940        5856        5855
        4689        4688        4772
        3085        3175        3176
        3032        3031        2938
        1124        1123        1059
        5782        5744        5695
        7423        7334        7333
       11098       11008       11009
        7990        7903        7901
        7265        7353        7355
       10788       10787       10876
        1227        1297        1296
        7351        7352        7262
        1542        1620        1622
        6682        6681        6595
         404         444         405
        5763        5775        5846
         700         654         704
        6891        6890        6801
         175         196         202
        8327        8326        8416
        1537        1459        1460
        9700        9789        9699
        6054        6123        6037
        3970        4056        3969
        6773        6687        6685
        2229        2321        2322
        1514        1442        1438
        8356        8357        8267
        1101        1040        1038
        7300        7302        7212
        1290        1289        1221
          53          66          51
         942        1003        1002
        8016        7927        7928
        1626        1706        1624
       10955       10956       11043
        1105        1173        1170
       10541       10536       10626
        7248        7163        7159
        2565        2471        2564
        2408        2409        2315
       11596       11597       11550
        4648        4647        4732
        2269        2179        2270
        5867        5782        5866
        1363        1366        1436
        9276        9369        9275
        6280        6279        6365
        8523        8434        8522
        9953        9973       10043
        4805        4804        4719
       10523       10613       10525
        6747        6659        6748
       10929       10930       11017
        1617        1615        1537
        6377        6374        6461
        1866        1867        1952
        8506        8596        8592
        7957        7869        7868
        1176        1244        1243
       11346       11347       11422
        7074        7070        7160
       11305       11306       11225
       10870       10959       10871
        1877        1876        1962
        9941        9943       10031
        9595        9596        9505
        1087        1154        1153
       11193       11274       11194
        9002        9094        9001
        5478        5563        5476
        7538        7536        7626
         606         600         560
        5911        5996        5912
        2375        2376        2282
        8054        8142        8144
         670         669         722
        9453        9360        9452
        8592        8596        8682
        1229        1297        1227
        1624        1706        1627
        4295        4383        4381
       11771       11746       11742
        1122        1059        1058
         377         376         415
        5696        5699        5612
        9200        9109        9197
        4127        4119        4040
        9624        9622        9714
        2514        2421        2512
        6011        6096        6063
       11419       11359       11361
       11763       11764       11733
        5038        5126        5039
        1076        1017        1013
        7806        7733        7823
       11419       11418       11343
        8583        8494        8493
        3591        3595        3681
       10905       10993       10994
        7174        7263        7176
       11047       10960       10959
        9903        9902        9992
        5030        5117        5118
         878         879         822
        7356        7445        7357
       10151       10153       10064
        4269        4267        4349
        8777        8773        8686
       10283       10282       10193
        4065        4149        4068
         753         701         699
        8278        8188        8187
          31          22          27
        5235        5321        5322
       11725       11687       11726
        6217        6306        6305
       11345       11267       11344
        5086        4998        4999
        6983        7070        7074
        3699        3697        3608
        4830        4742        4831
        5322        5319        5235
        5912        5996        5964
        3843        3844        3756
        6850        6849        6761
        8278        8369        8279
        8735        8648        8645
        3479        3390        3389
        1198        1131        1132
         405         444         445
        2644        2736        2643
        7772        7684        7774
        3121        3122        3027
       11675       11671       11711
        3703        3616        3615
       10044       10133       10045
       10685       10594       10684
        2929        2838        2928
        2377        2375        2283
         714         766         713
        2928        2838        2839
        5551        5636        5552
        7357        7445        7446
        6947        7036        7037
        8601        8691        8690
        1105        1102        1042
        9550        9642        9643
       10743       10744       10823
        4653        4738        4737
        5183        5182        5269
        6624        6537        6536
        5248        5333        5336
        4667        4585        4584
        5948        6033        5949
        5715        5718        5632
       11024       11110       11022
       11434       11358       11430
       10033        9943       10032
        6408        6323        6322
       11731       11692       11694
        8661        8751        8662
       10700       10640       10731
        9699        9607        9700
        1784        1867        1783
       11184       11180       11262
        5082        5169        5171
        2134        2224        2219
       10831       10833       10920
        3132        3131        3220
         954         895         896
        8777        8864        8773
        7991        7992        8080
        4036        4087        4000
       10904       10993       10905
       10652       10741       10742
        2962        2871        2963
        4742        4743        4831
        5209        5120        5121
        1170        1173        1237
        8279        8188        8278
        8493        8405        8404
        2470        2375        2469
        8963        8873        8964
       11588       11635       11589
        4941        5026        4942
        4739        4826        4738
        5629        5547        5544
        7868        7780        7779
        8097        8005        8096
        3505        3595        3504
        3899        3898        3812
        1713        1711        1794
        5271        5270        5358
        8959        9045        8955
       11385       11306       11384
       11423       11490       11489
        3608        3698        3699
        5448        5362        5449
        3896        3810        3809
        9268        9177        9267
         976         975        1036
        3062        3060        2969
       10203       10293       10280
       11802       11821       11803
        6450        6451        6364
         118         141         140
        7126        7124        7034
        9163        9164        9072
        3961        3872        3873
        1115        1118        1183
        4180        4264        4265
         606         649         600
        6386        6385        6299
        1245        1177        1178
       11249       11321       11327
        7668        7582        7578
        6408        6491        6494
        9439        9347        9346
        2008        1923        1922
        4746        4749        4665
        8255        8254        8344
        7128        7036        7125
        2270        2363        2362
        4172        4257        4258
        2284        2376        2378
       10045       10133       10134
        8764        8673        8762
       10831       10742       10833
        3010        3006        3096
       10704       10795       10705
        7182        7093        7181
         960         901         959
        4349        4355        4269
        3336        3244        3337
        6252        6338        6254
         250         253         284
        1961        2049        1962
        4732        4733        4648
         414         376         375
        4819        4904        4905
       11112       11110       11024
       11416       11415       11483
         701         650         699
       10081        9991        9995
       10145       10235       10149
       11329       11324       11400
          51          66          65
        5855        5771        5770
         704         754         700
        9556        9468        9465
         765         766         819
        5715        5632        5629
        3788        3876        3789
        9093        9184        9092
        5527        5529        5615
        6905        6995        6996
        4421        4335        4333
        2080        1993        2081
        1962        1876        1961
        3504        3595        3591
        6951        7039        6949
        3681        3680        3591
        6201        6119        6114
        4016        3930        3998
        7578        7667        7668
        5092        5093        5006
       11583       11631       11630
        7846        7845        7756
         169         195         196
        1781        1698        1782
       11299       11220       11218
        4979        5064        5065
        7868        7869        7780
        4492        4491        4405
         168         193         167
        9863        9884        9953
        6905        6904        6995
        2048        2049        1961
        4715        4800        4716
        5978        5893        5927
        6834        6925        6924
        1013         956         952
        5428        5516        5509
        9802        9892        9884
        8872        8873        8963
        7141        7051        7053
        5948        5949        5865
        1565        1567        1489
        1868        1867        1784
       10081        9992        9991
        4122        4087        4036
        1840        1757        1756
        5051        4967        4966
        8813        8905        8814
        1153        1088        1087
        3721        3809        3722
       11820       11821       11802
       10084       10085        9995
        5808        5723        5722
        8583        8584        8494
        9794        9802        9884
        3460        3458        3371
        7822        7732        7821
        7956        7951        7867
        2466        2372        2465
        2129        2046        2134
        9721        9720        9812
        5979        5895        5894
        4386        4475        4387
       10228       10138       10139
       11613       11610       11653
        8610        8700        8611
        1296        1366        1295
        6595        6597        6682
        8423        8337        8333
         665         666         616
        6924        7015        6923
        3371        3459        3460
        6825        6824        6735
         125         124         104
        7426        7341        7337
         938         879         937
        1709        1626        1707
        7197        7288        7287
        5843        5893        5808
        3162        3249        3163
        4167        4168        4084
        8738        8735        8826
        4474        4386        4385
        4385        4473        4474
        1528        1452        1455
        1709        1706        1626
       10218       10128       10209
        8690        8600        8601
        7331        7421        7388
        9995       10085       10081
        5722        5637        5636
         171         197         170
        2315        2409        2316
        2377        2283        2285
        7944        8032        8033
         931         874         932
        4719        4801        4805
        2362        2363        2456
        6037        5969        6054
        3669        3668        3756
       10176       10177       10087
        6407        6491        6405
        6801        6889        6891
       10773       10685       10684
        4715        4798        4800
        1080        1076        1142
        6002        6001        6085
        8344        8345        8255
        2340        2249        2247
        5725        5811        5726
        9629        9720        9721
        7245        7156        7155
        5140        5228        5141
        8369        8284        8374
        4571        4570        4482
        1519        1452        1528
        6630        6629        6717
        4243        4329        4302
        6121        6206        6207
        8611        8700        8701
        7253        7249        7338
       10288       10198       10282
        4047        4134        4046
        4100        4184        4101
         249         280         248
        3896        3809        3895
       11275       11351       11273
        9881        9876        9877
        4905        4904        4990
        3895        3809        3808
        8682        8596        8686
        7720        7719        7809
        7121        7123        7031
        5438        5529        5527
        1518        1442        1514
        7179        7090        7104
        1301        1232        1231
        9767        9678        9676
        3580        3668        3669
        5001        5089        5087
        2216        2308        2215
       11251       11324       11329
        9351        9259        9258
        4408        4409        4495
        7626        7628        7538
        4876        4877        4962
        1431        1360        1432
        8782        8873        8872
        8337        8247        8333
        5033        4950        5034
         564         520         521
       11323       11324       11246
         518         503         546
        3070        3161        3162
        9020        8930        9017
        5651        5713        5627
        8499        8411        8410
       10036        9946       10035
       11097       11098       11184
       10685       10688       10597
        4459        4373        4462
        3096        3102        3010
       11326       11401       11398
       10688       10777       10776
       10908       10996       10997
        4190        4189        4275
        3978        4065        3981
        6032        5947        5953
         936         997         937
        2041        2046        2129
        6254        6168        6252
        7716        7626        7643
         819         818         765
        2991        2992        3084
       10174       10085       10084
       10239       10235       10326
         473         431         432
        3784        3873        3783
        8814        8905        8906
         955         954         896
         126         127         150
        3949        4034        4035
         263         262         232
         896         953         955
       10688       10687       10597
       11841       11823       11840
         162         161         187
        5899        5814        5817
        4963        4877        4961
       11093       11179       11180
        3912        3843        3825
        5682        5600        5597
         665         717         666
        1210        1211        1279
       11484       11417       11485
        6409        6323        6408
        5865        5949        5866
        5510        5423        5512
        4999        4912        4914
        8841        8840        8750
       10084       10087       10174
        6788        6789        6701
        8084        7995        7994
        6658        6659        6747
        3312        3221        3220
         252         286         258
        6717        6718        6630
         470         431         473
        9259        9168        9258
         823         879         880
        8410        8411        8321
        1790        1789        1707
        3155        3061        3144
        5894        5893        5978
        5587        5636        5551
        6564        6554        6475
        3487        3577        3553
        3496        3495        3406
        4328        4242        4245
        5909        5907        5992
        2991        3084        3083
        9488        9399        9490
        2150        2061        2149
        1793        1877        1794
        1439        1512        1436
        6237        6151        6149
        4612        4695        4615
        2417        2508        2510
        6713        6714        6626
       10684       10772       10773
        2285        2193        2194
        1359        1360        1431
        8787        8783        8874
        3337        3244        3245
        1781        1782        1865
        7778        7773        7688
        5595        5596        5508
        8383        8293        8294
        1316        1246        1317
       11526       11465       11531
        8284        8373        8374
        7164        7249        7253
       10209       10299       10218
        8933        8842        8883
        4765        4762        4849
        3112        3034        3019
       10826       10915       10914
        2974        3063        3065
        2469        2375        2377
        6120        6206        6121
        4047        4135        4134
        6058        6146        6147
        6240        6324        6326
        8267        8357        8268
        4966        4964        5050
        2625        2624        2717
       10064       10153       10065
        4836        4919        4921
        5424        5508        5511
        8370        8369        8374
        9206        9207        9116
       11002       10915       10913
        8933        8845        8842
        5784        5778        5697
        4941        4857        4856
        3372        3459        3371
       11353       11351       11275
        6564        6642        6554
          52          56          42
        2081        1993        2077
         498         497         540
       11647       11601       11602
        3547        3545        3634
        3428        3336        3337
        5745        5829        5830
        7094        7093        7182
        2756        2758        2849
        1244        1314        1243
        5272        5360        5274
        3415        3416        3505
        8743        8834        8833
        1701        1784        1700
        3221        3132        3220
        3675        3674        3585
        3981        4065        4068
        2283        2193        2285
        4183        4267        4269
        3722        3637        3634
        4258        4173        4172
        1142        1146        1080
        9295        9293        9203
         588         636         591
        4827        4740        4741
        7359        7358        7447
        8087        8086        8177
        2974        3065        2975
        3756        3844        3757
        4321        4409        4408
        7123        7126        7034
        6218        6306        6217
        5587        5670        5671
       11377       11376       11298
         338         303         302
        1538        1461        1462
        8536        8625        8626
        1899        1985        1900
        9599        9598        9692
        1782        1698        1699
        4276        4362        4363
        6058        6147        6145
        7234        7232        7321
        1922        2007        2008
        5476        5563        5562
        9628        9536        9535
        4909        4907        4993
        8456        8546        8455
        8040        8130        8041
         154         180         179
         324         290         325
       10149       10060       10145
         487         529         530
       10352       10358       10267
       10494       10405       10404
        3154        3155        3245
        2357        2265        2264
        4796        4711        4795
         713         766         765
        1279        1211        1280
        4868        4869        4782
        8447        8537        8448
        7112        7020        7113
        8536        8537        8447
        2280        2189        2279
        1707        1789        1709
       11465       11464       11530
         540         497         539
       11683       11650       11643
        7018        7110        7017
        7378        7468        7467
        6684        6597        6683
        6569        6657        6568
         937         997         998
       10907       10996       10908
        7269        7358        7270
        5723        5637        5722
        5942        5858        5857
        3483        3569        3480
       10149       10235       10239
        6091        6090        6177
        5671        5636        5587
        9012        8925        8922
        9231        9323        9324
        7019        7020        7112
        4741        4829        4827
         153         154         179
         147         124         125
       10776       10777       10866
        3873        3872        3783
        6424        6510        6426
        8696        8783        8787
        8468        8467        8379
        4717        4719        4635
       11485       11486       11547
        4755        4673        4671
        5913        5914        5830
        6388        6381        6302
        4244        4242        4328
        8664        8753        8755
        5190        5189        5101
        4482        4483        4571
        7454        7366        7365
        4306        4395        4394
        4485        4484        4395
        8872        8781        8782
        5053        5140        5054
         692         693         643
        4269        4268        4183
        8475        8565        8478
        7997        8086        8087
        6832        6833        6923
        4192        4276        4278
        2851        2770        2862
       10113       10025       10114
        7733        7732        7822
       10326       10416       10330
        9307        9305        9215
       10373       10282       10283
        7629        7540        7539
        3191        3101        3192
        4681        4762        4765
        9536        9445        9535
       10192       10198       10108
        1622        1621        1542
        3416        3325        3328
         898         956         957
        7824        7915        7914
       10087       10177       10174
       10790       10701       10700
        4494        4491        4577
        9115        9116        9025
        1868        1784        1785
       11416       11339       11415
        7733        7822        7823
        5528        5529        5438
        8110        8111        8021
        3244        3154        3245
        4258        4257        4344
        9692        9693        9599
        7287        7288        7377
       11129       11044       11041
        2437        2345        2343
        1080        1017        1076
        7935        7934        7846
        9033        9124        9122
        4498        4499        4412
        7467        7377        7378
       10407       10320       10317
        5767        5680        5766
        1808        1892        1810
        4882        4967        4968
        7813        7723        7812
        6560        6559        6648
        1098        1165        1099
        4387        4475        4476
       11840       11823       11822
        5736        5650        5732
        7323        7410        7413
        3107        3104        3105
        1455        1452        1381
        1237        1173        1240
         507         466         465
       10036       10034        9946
       10739       10741       10652
       11253       11331       11254
        9230        9323        9231
        7778        7867        7862
        3965        3877        3964
        5336        5335        5248
        8826        8829        8738
        6481        6480        6393
       11482       11532       11466
        7262        7352        7263
        4476        4475        4562
        3825        3826        3912
         643         644         596
        4002        4001        4088
        5136        5050        5049
        1382        1455        1381
         255         226         227
        7141        7053        7143
        9758        9668        9757
       11483       11417       11484
       11832       11831       11849
       10597       10594       10685
        2862        2770        2861
        5049        5079        5136
       10494       10495       10405
        9143        9054        9052
        4753        4670        4754
        5209        5208        5120
         432         474         473
        6114        6200        6201
        4275        4189        4274
        2849        2848        2756
        7716        7733        7806
        6834        6924        6833
        5189        5100        5101
        5830        5829        5913
       11665       11621       11622
       11010       11008       11097
        7461        7373        7372
        3141        3047        3048
        8626        8537        8536
        4758        4755        4674
        5198        5109        5195
         399         398         361
        1810        1892        1894
        8165        8075        8164
        8463        8373        8461
       10385       10474       10384
        4298        4386        4299
        7206        7135        7224
        2157        2156        2068
        7322        7412        7411
        8045        8130        8040
        3230        3140        3141
        4446        4358        4445
        3409        3318        3319
        9979        9892        9890
        3783        3694        3784
        9490        9579        9488
        2751        2752        2658
        8478        8565        8568
        8624        8714        8715
        8505        8417        8416
         187         188         162
       10468       10467       10558
        7331        7299        7242
        6625        6537        6624
        7321        7410        7323
       10193       10282       10192
        5050        4964        5049
        8973        8974        8883
        5839        5835        5919
        5385        5473        5472
        7553        7462        7552
        2066        1980        1978
        3174        3262        3175
         530         529         574
        4171        4088        4087
        7825        7915        7824
        1783        1867        1866
        7176        7263        7265
        8279        8369        8370
       11260       11179       11178
        5054        4970        4969
        8260        8262        8350
        6579        6582        6494
         952         956         897
         105         127         126
        6054        6141        6142
        6572        6484        6573
        3415        3325        3416
        3505        3504        3415
        5632        5547        5629
         479         440         480
        9025        9116        9026
        7935        8021        8024
        4319        4318        4233
       10921       11003       11009
        8883        8974        8933
        1245        1244        1177
        8200        8201        8111
       11095       11182       11181
       11589       11635       11636
        9122        9124        9213
        4245        4331        4328
        5101        5188        5190
         917         975         976
        7854        7805        7894
        4966        4967        4881
        7560        7559        7468
        7066        6976        6975
        5806        5739        5720
       11389       11464       11465
        6701        6789        6785
        2006        1921        1920
        7321        7323        7234
        5014        5100        5013
        5919        5835        5918
        4987        4985        5072
        5679        5595        5594
       10570       10569       10481
        7420        7421        7331
        6536        6537        6450
        3406        3495        3407
        1192        1191        1124
       10114       10025       10026
        9168        9167        9258
        1002        1003        1065
       11098       11180       11184
        4048        3960        3961
        7916        8005        7915
         822         879         823
        1001        1003         942
        9604        9513        9514
         937         879         878
       10569       10660       10578
        1302        1232        1301
       11017       10930       11018
        9234        9145        9143
         790         845         791
        6682        6597        6684
        1857        1775        1858
        4521        4605        4606
        4066        3979        3980
        3615        3702        3703
         339         303         338
        6085        6086        6002
        8465        8468        8379
       11381       11303       11382
        9628        9720        9629
        9187        9095        9096
        7779        7780        7690
        7846        7934        7845
       10911       10999       11000
        5072        4985        5071
        7645        7736        7735
         609         610         658
        4615        4530        4612
       10205       10291       10295
        6426        6340        6424
        9307        9397        9305
        7916        7826        7917
        1563        1561        1642
        1727        1725        1808
        7883        7794        7795
        1528        1608        1607
        3154        3060        3062
        1571        1573        1493
        3931        3930        4016
        4047        3960        4048
         473         515         513
        8738        8648        8735
        2676        2674        2582
         287         319         284
        7983        7943        7894
        4385        4386        4298
        8631        8722        8632
        2747        2748        2839
       10729       10638       10637
        2091        2003        2004
        6812        6726        6724
        7372        7460        7461
       11220       11135       11218
        3192        3282        3191
        1943        1942        1858
        6199        6200        6113
        6263        6178        6177
        2625        2533        2624
        4197        4118        4112
        8662        8751        8752
        2972        2881        2882
        8386        8299        8296
        8296        8383        8386
         860         859         916
        7468        7559        7467
       11627       11631       11583
        9895        9985        9896
        9053        8963        8964
        2194        2104        2106
         249         226         255
        9092        9184        9183
        5053        5054        4969
        4385        4384        4473
       10839       10929       10928
        3614        3613        3523
        1790        1871        1873
        7377        7288        7378
        4101        4015        4100
        3579        3490        3489
       10041        9952        9951
        8320        8410        8321
        6483        6484        6572
        4344        4345        4258
        3960        3872        3961
        1952        1867        1953
        1493        1573        1572
       10923       10833       10922
        6101        6030        6115
        6067        6156        6157
        5919        5918        6002
        6405        6491        6408
        2839        2838        2747
        2513        2512        2419
        4278        4276        4363
        3912        3930        3843
         805         859         860
        8723        8722        8813
        8686        8773        8682
       11643       11650       11604
        7371        7460        7372
        6833        6924        6923
        8423        8512        8427
        7797        7883        7886
        1152        1217        1218
        6002        5918        6001
        6114        6033        6029
        6726        6727        6639
        9079        9169        9170
         294         260         259
        7461        7462        7373
        2624        2533        2532
        2470        2376        2375
        6648        6649        6560
        3140        3047        3141
        6814        6726        6812
        8969        8965        9055
         322         319         287
        6305        6306        6393
        1178        1246        1245
        1537        1535        1459
         731         729         782
       11427       11353       11429
        9813        9902        9903
        2624        2715        2717
         194         193         168
        1667        1666        1586
        7847        7758        7760
        7031        7123        7034
       10267       10358       10268
        8380        8290        8292
       11466       11532       11467
        6016        6030        6101
       11484       11485       11547
        5950        5949        6034
       10923       10922       11010
        1667        1586        1587
        9372        9465        9374
        9203        9294        9295
       11132       11131       11044
       10323       10232       10322
       11041       11128       11129
        1841        1757        1840
        1921        2007        1922
        2666        2667        2574
        1894        1892        1978
        1012        1014         953
       10201       10291       10205
        4584        4585        4500
        1245        1246        1316
        2447        2448        2540
       11331       11330       11407
         126         150         149
       10637       10548       10547
       11646       11601       11647
        8632        8722        8723
        1585        1507        1586
         325         290         310
        4021        3936        4022
        2090        2003        2091
        8549        8548        8457
         437         399         422
        6317        6320        6234
       10502       10587       10591
        7424        7334        7423
        3998        3930        3912
        5798        5799        5884
        9145        9054        9143
        7560        7650        7649
        9237        9146        9147
        4034        4120        4035
        7050        7052        6961
        8097        8095        8005
        8692        8606        8602
        8402        8314        8312
        2659        2566        2568
        7740        7650        7741
        3371        3281        3372
        6393        6480        6392
        1920        1921        1837
        3812        3898        3811
        7649        7559        7560
        6773        6775        6687
       11405       11328       11404
       11802       11801       11820
        6830        6818        6741
       11404       11328       11327
        3550        3601        3510
        2654        2566        2659
       11129       11128       11213
        4562        4563        4476
       10244       10335       10245
        8740        8831        8743
        6493        6491        6407
         198         197         171
        9483        9486        9395
        5179        5223        5267
        9116        9207        9117
        7350        7437        7348
        3518        3427        3428
       11485       11419       11486
         447         409         407
        3694        3695        3784
         703         714         663
        5913        5997        5914
       11090       11057       11001
        9236        9145        9234
        9890        9978        9979
        8374        8373        8463
       11299       11219       11300
          89          90          73
       10483       10570       10481
        4246        4331        4245
        3350        3349        3258
        6687        6775        6774
        1771        1852        1854
        3428        3508        3518
        4896        4982        4978
        9871        9781        9780
        8701        8751        8661
        5190        5188        5275
        7033        6946        6943
        1164        1230        1231
        7381        7292        7382
         361         360         325
        1664        1668        1587
        6939        6849        6850
        6280        6194        6193
        1540        1462        1463
        5384        5296        5385
        7012        6920        7010
         434         474         432
        9564        9568        9477
        5508        5596        5511
        1451        1449        1525
           5          10           6
        7440        7352        7351
         474         515         473
        5724        5723        5809
        8846        8845        8935
        3242        3151        3152
       10189       10203       10280
        2447        2540        2539
        1959        2046        2041
        9147        9146        9056
        3903        3816        3817
        8004        8094        8003
        7210        7123        7121
       10219       10310       10305
        1853        1771        1854
         294         295         260
        5700        5701        5789
        5052        4967        5051
         106         127         105
        1873        1789        1790
        4105        4104        4188
        4304        4391        4303
        5074        5161        5163
        2574        2573        2666
        7546        7457        7455
         617         569         616
        4108        4107        4022
        4203        4118        4197
        5155        5242        5245
       10124       10214       10125
        8364        8456        8455
        1955        1956        1871
          33          24          23
        1885        1801        1884
        5179        5178        5089
        6372        6287        6286
       10114       10203       10113
        1774        1775        1857
          72          89          73
        8044        8045        7956
         644         597         596
        5884        5799        5880
        3029        3119        3024
        4445        4531        4446
        3235        3236        3328
        6360        6275        6274
       11096       11182       11095
        6485        6574        6573
        5101        5100        5014
        3236        3146        3193
        2062        2061        2150
        7797        7794        7883
        8545        8636        8635
         588         545         542
        4148        4064        4145
        7432        7427        7516
        8341        8252        8251
        8135        8045        8134
        4191        4192        4277
        3598        3599        3508
        4473        4384        4471
        9390        9481        9391
       11254       11331       11332
        8361        8360        8451
        7174        7262        7263
        6063        6096        6152
        1506        1507        1585
        1246        1247        1317
       11165       11247       11166
        4471        4556        4558
        2621        2712        2714
        4782        4869        4867
        2193        2104        2194
        3651        3738        3737
        7020        7021        7113
        2582        2675        2676
        9416        9507        9508
        8931        8840        8841
        7356        7267        7266
         436         399         437
        7649        7650        7740
        7010        6920        6918
        4188        4104        4187
       10317       10320       10229
       10158       10071       10069
       10637       10638       10548
        4332        4331        4246
        3585        3674        3588
        6234        6320        6235
       10421       10332       10331
        9096        9188        9187
         338         374         375
        5825        5739        5806
        7351        7437        7440
        1381        1311        1382
        9351        9444        9352
        4246        4326        4332
        7552        7462        7461
        2391        2485        2390
        5238        5289        5202
       11566       11504       11564
       11580       11518       11581
        4755        4671        4674
       10773       10772       10862
        1099        1165        1166
        2621        2714        2623
        6573        6484        6485
          71          87          70
        1642        1561        1641
        3602        3691        3687
        9992        9902        9991
        8867        8957        8958
        2622        2623        2715
        6142        6141        6230
        6944        7032        6942
        5543        5458        5456
        6365        6279        6364
        5089        5178        5087
        3666        3753        3730
        8024        8023        7935
        8134        8224        8135
       11497       11434       11430
        4292        4343        4256
        8542        8541        8631
       11165       11079       11078
        8878        8965        8969
        9993        9992       10082
       11500       11433       11489
        2045        2132        2133
        8415        8326        8325
           6          11           8
        2969        2968        3062
        9291        9384        9383
         287         253         254
        9213        9124        9215
        5821        5904        5819
        7135        7117        7044
       11551       11490       11552
        2180        2179        2091
       11400       11324       11399
        9929       10019       10017
        4714        4711        4796
        9979        9978       10068
        1204        1203        1271
        3062        3061        3155
         844         845         790
        6509        6596        6597
        8935        8845        8933
        3422        3512        3421
        8236        8235        8325
        6312        6310        6224
        5209        5210        5296
        5799        5795        5712
       11344       11267       11266
         196         195         222
        2503        2597        2504
        5202        5289        5203
       10910       10999       10911
        9380        9384        9291
        5100        5080        5013
         825         772         770
        1587        1668        1667
       11658       11653       11693
        3422        3513        3512
       11166       11247       11248
       10082        9992       10081
       11424       11490       11423
        7764        7834        7744
        6724        6726        6638
        3283        3368        3373
        8606        8516        8602
         981        1039         978
        6597        6596        6683
         171         170         146
        6119        6033        6114
       10330       10239       10326
        4734        4672        4756
        9477        9568        9567
       11190       11270       11189
        8420        8422        8332
        9981        9979       10069
        4031        4034        3948
        4118        4120        4034
        9115        9206        9116
        6177        6090        6094
         999        1000         939
        8755        8754        8664
        8379        8376        8465
        6177        6178        6091
        8740        8830        8831
        4108        4192        4191
        7111        7110        7018
       11195       11110       11112
        7112        7111        7019
       10870       10868       10957
        8647        8557        8558
        4558        4473        4471
        7388        7299        7331
        1247        1179        1180
        3736        3738        3651
        1203        1202        1271
        3842        3928        3905
        6233        6236        6149
        8341        8431        8342
        8679        8590        8589
       10410       10320       10407
        7910        7911        7821
        3373        3372        3283
       11382       11303       11380
       11424       11423       11348
        4066        4149        4065
        7428        7517        7429
        1432        1507        1506
        7459        7460        7371
        8296        8293        8383
        3964        4051        3965
        5136        5079        5168
        6724        6638        6636
       11349       11424       11348
       11695       11655       11684
        6368        6367        6454
        9418        9327        9326
        8549        8640        8548
         821         767         801
        8494        8405        8493
        2503        2409        2408
        3142        3048        3052
        1186        1251        1183
        2283        2375        2282
        1254        1251        1186
        1382        1311        1362
        6526        6441        6440
        5044        5043        5131
        3905        3841        3842
        3776        3865        3863
        3754        3840        3842
        4263        4179        4178
        7914        7915        8004
        4697        4698        4614
        1191        1123        1124
       11695       11694       11655
        1970        1885        1884
         159         185         160
        5051        5050        5137
        6286        6369        6372
        9529        9622        9531
        7356        7357        7267
        2621        2623        2531
        2068        2156        2067
        6685        6600        6598
        6230        6141        6229
        7825        7916        7915
        8373        8371        8461
        4900        4982        4896
        5751        5757        5670
        8589        8590        8500
        2257        2261        2170
         152         129         128
         883         940         942
        5143        5055        5142
         953        1014         955
        9942        9852        9939
        9465        9468        9374
       10834       10744       10831
        5681        5680        5767
        4844        4757        4842
        3141        3048        3142
        2470        2471        2376
        7348        7437        7351
        7605        7515        7604
        1532        1611        1531
        6968        6877        6967
        2086        1998        2085
        9829        9737        9830
        4627        4708        4624
        6423        6422        6508
         123         145         127
        8381        8384        8294
        5651        5650        5736
        3936        3935        3849
        9406        9315        9336
        5195        5109        5106
        4147        4232        4151
        2781        2780        2686
        5798        5795        5799
       11613       11658       11657
        5376        5375        5288
       11489       11490       11551
        4040        4119        4033
       10957       10868       10869
        4206        4292        4256
        4108        4191        4107
        4332        4326        4414
        2622        2715        2624
        7867        7951        7862
         230         260         231
       11834       11814       11824
       11627       11671       11631
        3508        3599        3518
        4824        4911        4910
        1170        1102        1105
       11346       11269       11347
       10013       10019        9929
         177         178         152
       11584       11524       11522
        8045        8040        7956
        9812        9902        9813
        3880        3795        3793
        3849        3848        3761
        4390        4329        4417
       11498       11433       11500
        9936        9935        9846
         183         185         159
         821         820         767
         339         376         340
        7795        7884        7883
        6667        6582        6579
        3752        3840        3754
        9871        9870        9960
        8465        8376        8377
        8940        9030        9028
        2247        2249        2158
        3480        3569        3484
         129         154         153
        7032        7033        6943
        4046        4134        4133
        5670        5757        5671
        1984        1985        1899
       10920       10833       10923
       11863       11848       11864
        7350        7439        7437
        5636        5637        5552
       11864       11848       11850
        3738        3825        3737
        7246        7156        7245
        6113        6200        6114
        2502        2503        2408
        9028        9030        9119
        1271        1202        1269
        8837        8926        8835
        4969        4970        4885
        4842        4927        4844
        9431        9481        9390
        9940        9850        9851
        3948        3944        4031
       10354       10264       10263
        7276        7186        7275
        7113        7021        7114
        1727        1644        1725
        8643        8569        8659
        5679        5680        5595
        2901        2992        2991
       10959       10960       10871
        4252        4167        4251
        3738        3826        3825
         564         563         520
        7212        7123        7210
        4842        4755        4758
       11201       11200       11116
        8003        8094        8093
        4795        4711        4710
        7229        7142        7140
        7744        7834        7833
        1371        1372        1301
       11093       11092       11179
        3604        3695        3694
       11506       11442       11439
        9298        9207        9206
       10060       10058       10145
        8291        8290        8380
         151         177         152
        5168        5079        5167
        1530        1610        1541
        6287        6200        6286
       10530       10620       10532
        9840        9930        9843
         703         652         653
       11364       11366       11287
       11200       11183       11115
        4590        4673        4672
         639         636         686
       11775       11746       11771
        8314        8224        8312
       11280       11201       11199
       11302       11303       11381
        9150        9146        9237
        5941        6024        5939
       11005       11091       11002
        5137        5050        5136
        5557        5558        5471
        2461        2367        2381
         939         940         881
        5071        4985        4984
        8364        8365        8456
        4414        4326        4327
        1978        1980        1894
        6580        6581        6493
        5142        5055        5141
        8716        8625        8711
         355         393         357
        5808        5893        5809
       11077       10988       11076
        8280        8369        8278
        9851        9850        9760
         227         226         200
        4654        4570        4655
        8882        8973        8883
       11265       11264       11183
        8941        8852        8943
        3510        3463        3550
        5642        5558        5557
        9719        9628        9627
        8451        8360        8450
        1164        1165        1098
        9352        9259        9351
        5545        5458        5543
        2596        2597        2503
        2990        2901        2899
        4022        4107        4021
         103         122         101
        4274        4189        4188
        4825        4911        4824
         591         636         639
        9315        9316        9223
         119         118          98
        5267        5178        5179
        8112        8202        8200
        6874        6878        6965
        4417        4329        4330
        4166        4083        4082
        5017        5041        5104
        1871        1956        1873
        6090        6006        6005
       11382       11380       11456
       11609       11607       11562
        4187        4104        4103
        8342        8431        8432
        5401        5488        5489
         714         713         663
        8813        8814        8723
        3551        3461        3462
        6961        7052        6962
        5766        5680        5679
        8404        8314        8402
        9938        9849        9848
        9280        9193        9190
        1884        1969        1970
       11332       11408       11409
        6568        6656        6567
        8536        8535        8625
        5277        5275        5363
        5594        5678        5679
       11429       11353       11428
         122         121         101
        8912        8911        8819
        4188        4189        4105
        8912        8913        9003
       11199       11195       11276
       11114       11195       11199
        5566        5562        5646
        1231        1165        1164
        4021        3935        3936
        1962        2050        1963
       11655       11694       11654
         224         197         198
        8957        9047        8958
        8558        8557        8468
        9939        9938       10028
        9170        9169        9260
        8747        8746        8657
         225         224         198
        7859        7776        7770
        1469        1540        1463
       11741       11710       11740
        6743        6833        6832
        3328        3325        3235
        2779        2781        2686
        3852        3851        3763
        1837        1921        1838
        8943        8852        8942
       10044        9955        9954
        6569        6480        6481
         894         953         896
        5732        5650        5646
         143         142         121
       11838       11820       11836
        7805        7765        7715
       10862       10951       10863
        4418        4416        4503
        8134        8045        8044
       10327       10416       10326
        8021        8111        8024
        8916        8918        8827
        5106        5108        5195
       10863       10773       10862
        2315        2224        2223
        4847        4784        4871
        4839        4752        4838
        9156        9065        9066
        6286        6200        6199
        4672        4673        4756
       10354       10445       10355
        1999        1998        2086
        2006        2007        1921
       11427       11351       11353
        4754        4670        4752
        3953        4040        4033
        3839        3840        3752
        8769        8770        8679
        1119        1118        1055
        8420        8330        8419
        4148        4232        4147
        4065        3979        4066
       11648       11602       11603
        8734        8736        8646
         104         124         103
         880         879         938
        4754        4752        4839
        9148        9149        9058
       11436       11360       11434
        4474        4475        4386
        6814        6727        6726
        6124        6041        6128
        4957        4932        4871
        5110        5109        5198
        9627        9631        9719
        1808        1810        1727
       11016       11015       10928
        6454        6455        6368
        1395        1469        1463
        3944        3860        3856
        1725        1644        1642
        8315        8314        8404
        5088        5089        5001
         103         101          84
        8972        8973        8882
        6796        6708        6795
         881         940         883
       10833       10832       10922
       11635       11679       11636
        2531        2623        2622
       10572       10570       10483
        1610        1692        1694
         108         109          89
        1447        1522        1523
        5749        5750        5663
         698         752         699
        5169        5259        5171
         422         399         383
        8776        8685        8775
        3243        3244        3336
        8051        8141        8052
        8626        8625        8716
         413         374         412
        7355        7353        7442
        5685        5600        5682
       11697       11658       11693
        1885        1886        1802
         658         657         609
        7914        8004        8003
         385         424         386
       11653       11652       11693
        1837        1838        1754
         205         206         178
         951         953         894
        3812        3724        3810
        6364        6451        6365
       11769       11741       11740
       10216       10219       10129
        9700        9791        9789
        1246        1179        1247
        9164        9073        9072
         224         222         197
         121         142         119
         404         365         364
        3763        3851        3762
        3563        3594        3652
        6653        6642        6564
         121         119         100
        9056        9058        9147
         498         541         501
          86         106         105
         991        1051         990
         589         636         588
        9033        9031        8943
         404         405         365
        8267        8178        8177
         205         178         177
        4689        4606        4688
        4998        4912        4999
        1288        1219        1220
       11657       11658       11696
        4252        4168        4167
        8659        8569        8570
       10301       10210       10212
        5190        5275        5277
        5768        5770        5683
       11586       11524       11584
        4534        4535        4449
        6667        6581        6669
       11866       11864       11850
       11260       11338       11339
        9538        9631        9627
        6149        6148        6233
        6189        6103        6102
       11338       11263       11264
        9278        9188        9204
        9336        9315        9243
        5700        5789        5788
        4395        4484        4394
         923         981         922
        4669        4670        4753
       11280       11199       11276
        8292        8290        8202
         915         858         914
        4225        4139        4140
       10443       10533       10449
       11044       10956       11041
        8904        8813        8812
       11201       11116       11199
        7894        7805        7893
        2770        2676        2769
       10669       10579       10667
          77          78          62
        7236        7237        7147
        6942        7032        6943
        8427        8337        8423
        9406        9316        9315
        8639        8640        8731
        9629        9536        9628
        3052        3048        2959
        8846        8755        8845
        1447        1446        1522
         663         652         703
        3511        3604        3603
        6709        6708        6796
       10440       10442       10351
       10696       10656       10605
        4629        4711        4714
        6926        7018        7017
        2340        2247        2248
        9783        9693        9692
        9390        9299        9298
          42          56          41
         880         938         939
        2946        2857        2856
       10233       10232       10323
        8186        8276        8185
       10625       10536       10535
        8135        8224        8225
       11757       11756       11726
       11609       11562       11598
        3701        3613        3614
       11328       11325       11250
         643         693         644
        2899        2988        2990
         259         260         230
       10834       10831       10920
        3235        3146        3236
        5834        5749        5833
        1664        1587        1583
       11503       11436       11501
       11850       11849       11865
        6491        6579        6494
       10351       10442       10352
        2044        2132        2045
        9786        9791        9700
        6257        6171        6256
        3651        3649        3736
        9939        9849        9938
        1886        1803        1802
        9739        9648        9740
        6213        6210        6297
          73          74          58
        1020         959        1019
        7442        7353        7441
        6508        6596        6509
        8746        8837        8835
        4112        4118        4031
       10889       10801       10799
       11332       11331       11408
        3512        3605        3604
         767         766         714
        7383        7387        7472
        4769        4856        4770
        2898        2988        2897
         200         226         199
       10532       10620       10622
       11705       11703       11665
       10696       10605       10695
        5437        5527        5526
         449         409         447
        3258        3349        3257
        7915        8005        8004
        8506        8592        8502
        4874        4788        4873
         560         600         553
       11428       11353       11352
       11200       11115       11116
        2596        2689        2690
        5632        5718        5633
        7796        7798        7885
        8747        8837        8746
        5856        5771        5855
        2060        1972        2059
        2967        2958        3051
        6748        6659        6660
       11522       11524       11458
        7608        7518        7607
       11838       11836       11852
        1454        1530        1466
        1779        1696        1752
       11696       11697       11734
        3038        2947        2946
         173         172         148
        3687        3600        3602
        4328        4416        4330
         230         231         203
        7140        7052        7050
        4946        4863        4861
       10355       10445       10446
        8051        8140        8141
       11425       11424       11349
        9905        9991        9901
        2425        2517        2518
        1055        1118        1054
       10126       10216       10129
        4957        5041        5017
       10708       10799       10710
        8332        8330        8420
       11547       11486       11548
        3551        3548        3461
        9764        9679        9769
        2390        2485        2396
        9936        9846        9932
        1487        1565        1486
       10069       10071        9981
       10506       10420       10416
        6224        6225        6312
       10665       10579       10669
         922         981         978
       10296       10206       10245
       10416       10420       10330
       10303       10391       10301
       11001       11057       10969
         150         175         149
         939        1000         940
        4899        4898        4984
         433         393         430
       10922       11008       11010
        1039        1032         978
        1802        1801        1885
        6965        6878        6969
        8819        8911        8818
         213         241         239
        3798        3711        3710
       11354       11280       11276
        8114        8204        8203
        5462        5375        5376
        6257        6172        6171
         875         820         876
         739         689         686
        8280        8284        8369
          16          10           9
         381         344         378
        1695        1696        1778
        7604        7694        7605
        7882        7884        7795
        9284        9282        9375
        1163        1230        1164
        1509        1532        1456
       11271       11270       11190
        4474        4473        4560
        2364        2458        2457
         122         143         121
        6248        6252        6166
       11627       11670       11671
        5833        5749        5748
        7917        8006        7916
        6980        7070        6983
        8225        8224        8314
        6465        6380        6379
        6128        6210        6213
       11045       10959       10957
        5895        5810        5894
         742         739         792
        9046        9047        8957
       10028        9938       10027
        7643        7733        7716
        5441        5531        5530
        3002        3094        3003
          15          24          16
         696         653         646
        6437        6352        6351
         620         621         573
        6918        7009        7010
         914         858         857
        7886        7798        7797
        8325        8235        8324
        8381        8470        8384
        4234        4152        4149
        3984        3990        3904
          62          78          63
        6485        6487        6574
       10422       10332       10421
        8692        8783        8696
         749         714         703
         660         612         661
        6101        6115        6185
        8112        8198        8202
        6767        6768        6680
       11723       11733       11695
         436         398         399
        6134        6221        6223
         390         393         355
        5880        5966        5884
         199         194         172
        6229        6316        6230
        5527        5614        5526
        9573        9667        9574
        9663        9659        9569
        1186        1118        1119
        9648        9665        9740
        4206        4291        4292
        5161        5249        5250
       10510       10506       10595
        1176        1243        1175
         727         674         726
        1084        1150        1085
        6880        6848        6791
        7195        7285        7194
       10267       10177       10176
        4688        4771        4772
        8994        8903        8993
        4817        4730        4815
       10026       10025        9936
        3849        3761        3847
        2110        2200        2111
         173         199         172
        9841        9930        9840
        8812        8903        8904
        6465        6466        6380
         108          89          88
        4061        3974        3975
       11181       11178       11094
        4071        3990        3984
        5949        6033        6034
       11872       11863       11864
        7160        7249        7164
        1606        1688        1687
        4556        4641        4558
        1935        1936        1851
       11428       11352       11421
        6885        6797        6796
        2381        2367        2287
        7438        7439        7350
        3465        3467        3378
        8452        8541        8542
        5614        5701        5613
        3277        3192        3187
        1456        1532        1531
        7111        7201        7200
        9953        9884        9973
       10242       10160       10250
         256         255         227
        8769        8859        8860
        7224        7135        7136
        3322        3391        3301
        4330        4416        4418
        6660        6571        6572
        7371        7370        7459
        5670        5664        5751
        5587        5586        5670
        8686        8685        8776
        4309        4222        4310
        3579        3668        3580
        9003        8913        9004
        2212        2122        2123
         254         253         225
        1688        1770        1687
         940        1001         942
        8921        8830        8832
        3046        3126        3032
        9843        9930        9933
        3676        3587        3677
        4166        4082        4165
        7034        7032        6944
       10019       10106       10017
        7454        7455        7366
       10443       10358       10352
        9215        9305        9213
        3330        3422        3421
         104         103          85
        9155        9206        9115
       11613       11653       11658
        2023        1936        2022
       10532       10533       10443
        4646        4730        4731
        7821        7911        7822
        8384        8383        8294
         696         703         653
        2498        2593        2591
        3948        3860        3944
       10691       10689       10778
       11301       11220       11299
        2248        2341        2340
        8631        8632        8542
        9815        9905        9901
        1808        1725        1807
       11456       11380       11454
        7298        7386        7387
        3413        3322        3412
       11649       11688       11648
        8457        8547        8456
        3382        3471        3399
         200         199         173
        3052        2959        2960
        3139        3046        3138
        7147        7237        7235
        8336        8424        8334
        6760        6672        6673
        6347        6351        6265
        4077        4071        4155
        9538        9630        9631
        9308        9218        9216
         616         666         617
       11095       11181       11094
        8482        8483        8394
        9066        9157        9156
        6404        6489        6403
        8096        8007        8098
        9666        9667        9573
        5760        5759        5672
       10645       10650       10559
        8667        8756        8758
        7414        7420        7330
        1641        1561        1560
        9013        9103        9011
         373         337         336
        1169        1101        1167
        5062        5026        4977
        6171        6172        6085
       11430       11358       11354
        9204        9296        9278
        7592        7591        7502
        2627        2626        2719
        7693        7694        7604
       10152       10160       10242
        2751        2657        2750
        8625        8535        8621
       10669       10755       10665
        5819        5735        5821
       11562       11500       11551
       11552       11490       11491
       11253       11330       11331
         709         710         762
       10952       10951       11039
        8178        8087        8177
        3849        3935        3848
        6636        6638        6550
        7894        7943        7854
       11323       11322       11398
        8825        8916        8827
        5313        5228        5227
        3587        3586        3496
        5030        4945        5029
        7858        7857        7946
        2779        2787        2781
        3553        3643        3555
       10044       10045        9955
        9770        9861        9771
         951        1012         953
       11265       11342       11264
        6761        6760        6673
       10778       10689       10690
        8449        8450        8359
        7124        7032        7034
        2479        2384        2468
        8545        8546        8636
        1642        1644        1563
        1466        1530        1541
        2897        2988        2899
       11696       11658       11697
       11264       11182       11183
         525         483         482
         107         129         108
       10115       10201       10205
         375         374         413
        8656        8654        8566
        2685        2593        2688
         198         171         190
        9187        9188        9278
       11400       11399       11471
        6759        6761        6673
        7067        6976        7066
        5683        5770        5684
        8644        8734        8646
         643         596         595
        3188        3277        3187
        1778        1696        1779
        8548        8640        8639
         276         256         244
       10192       10102       10103
       11824       11842       11834
         346         325         310
        6595        6509        6597
        4614        4613        4697
        4838        4752        4751
        2039        2038        1951
        2809        2810        2718
        6154        6239        6241
         876         820         821
       11200       11265       11183
        7112        7201        7111
        8656        8744        8654
        4560        4473        4558
        8581        8583        8493
        2898        2989        2988
        8534        8624        8623
        9904        9905        9815
       10497       10500       10410
        7185        7095        7184
         240         241         213
        3383        3471        3382
         735         736         683
        1997        2084        2085
       11129       11213       11214
        4807        4856        4769
        9663        9754        9740
       10995       10906       10994
       11598       11551       11552
        6674        6672        6760
       10062       10151       10064
        5135        5223        5179
        8447        8357        8356
           5           6           2
        8618        8624        8534
       11742       11711       11741
       11566       11564       11611
          72          73          57
        7994        7995        7906
        5448        5361        5362
        8631        8541        8630
        1506        1431        1432
       11491       11424       11425
        3038        3039        2947
       11095       11094       11006
        8202        8290        8200
       11353       11275       11352
        9058        9149        9147
       11492       11425       11426
       11632       11586       11584
        8371        8283        8281
       10146       10145       10056
         997        1060         998
        9798        9707        9710
        7490        7578        7488
        2700        2607        2698
        4945        4946        4861
         633         634         586
        2408        2407        2502
        5187        5098        5185
        3755        3667        3737
        1583        1663        1664
        8904        8903        8994
        7701        7702        7612
       10204       10293       10203
        3839        3926        3840
          53          51          39
        7228        7227        7138
        8564        8570        8480
        9740        9665        9663
        8113        8026        8023
         289         282         255
       11598       11562       11551
        4929        4927        5012
         392         391         354
          38          52          42
       11492       11491       11425
       10473       10562       10472
         391         353         354
        7680        7592        7681
        8744        8750        8660
       10192       10108       10102
        8564        8480        8474
        7376        7377        7466
       11684       11655       11644
       11660       11659       11615
        3863        3775        3776
        1869        1954        1868
         392         354         356
        6204        6209        6291
       11096       11095       11007
        5030        4946        4945
          15          16           9
       11727       11726       11688
        4378        4291        4377
       11035       10949       10947
        2209        2122        2212
        9676        9582        9583
        6604        6691        6605
        4310        4398        4309
         238         268         269
         394         392         356
        8290        8201        8200
        2751        2658        2657
        9372        9281        9279
       10150       10151       10062
        3676        3586        3587
          32          33          23
       11348       11270       11271
        7140        7227        7229
        5223        5309        5267
        4957        5017        4932
         204         205         177
       11493       11492       11426
        7510        7477        7421
        9113        9188        9097
        8657        8746        8656
         390         355         353
        4326        4241        4327
        2313        2407        2314
        3139        3126        3046
         464         465         424
        4737        4825        4824
          89         109          90
        5594        5595        5507
         792         739         740
        6879        6880        6791
       11493       11426       11427
         391         390         353
        1652        1573        1571
        7265        7263        7353
        5834        5750        5749
        5308        5309        5223
        5489        5402        5401
       10563       10473       10560
         905         904         848
         643         595         642
        2354        2444        2448
       10442       10443       10352
        4113        4195        4110
         357         321         320
       10057       10146       10056
        2111        2200        2201
        2520        2428        2427
        7142        7052        7140
        8455        8546        8545
         383         361         346
        4757        4755        4842
        3413        3391        3322
        4640        4641        4556
        6403        6489        6406
       10544       10543       10633
       11189       11104       11105
        4449        4361        4448
        3604        3605        3695
        6994        6912        7003
       11395       11397       11321
        4871        4784        4870
        2354        2448        2447
        7096        7095        7185
       10327       10326       10236
        6265        6351        6266
        4838        4751        4837
        6386        6472        6471
       11183       11182       11096
        6305        6393        6392
       11278       11276       11197
        6291        6209        6296
        5437        5438        5527
        2380        2382        2475
        9310        9400        9309
        7343        7427        7432
       10250       10341       10333
        1365        1438        1369
        6856        6768        6767
        3959        4047        4046
        6690        6604        6603
        9798        9708        9707
         511         469         510
       11690       11683       11722
        5943        5858        5942
        9750        9841        9840
        8469        8470        8381
       11349       11348       11271
       10155       10154       10244
       11214       11213       11294
        3959        3960        4047
        7366        7276        7365
        4528        4613        4529
        5900        5901        5816
       11280       11282       11201
        3893        3807        3894
       10681       10678       10590
         801         767         749
         225         198         217
        5238        5202        5150
         441         402         433
        9277        9186        9187
         383         399         361
        1935        1851        1850
         204         177         176
         875         819         820
         749         703         696
        5506        5594        5507
       11527       11588       11528
        9662        9754        9663
        8831        8830        8921
        6380        6466        6427
        5091        5004        5090
       10315       10314       10404
        4332        4419        4331
        2991        2900        2901
        4226        4225        4140
        3417        3507        3418
         237         268         238
        7330        7420        7331
       10710       10618       10708
        6574        6487        6576
        7143        7142        7231
       11190       11189       11105
         107         108          88
        1672        1673        1591
        9309        9311        9308
        1787        1870        1788
       11660       11640       11681
       11516       11517       11450
        7741        7831        7740
       10530       10532       10442
        9176        9175        9266
       10111       10201       10115
       11643       11597       11642
        5371        5369        5456
        9735        9801        9710
        5361        5367        5279
         355         357         320
        9299        9207        9298
        6091        6006        6090
         472         441         433
        9243        9222        9152
        3508        3507        3598
        3422        3331        3423
         316         314         282
        3373        3368        3456
         430         393         390
        3604        3694        3603
        4327        4241        4325
       10595       10506       10507
        1708        1625        1703
        4047        4048        4135
        5412        5325        5411
       10831       10740       10742
        8744        8660        8654
        6447        6448        6361
         256         227         244
        3462        3461        3373
        8141        8142        8052
        3628        3627        3538
        2339        2341        2248
        9813        9721        9812
        5238        5150        5237
        5925        6009        6005
        8334        8424        8423
        6683        6596        6678
       11213       11128       11212
        7681        7592        7678
       11183       11096       11115
       11494       11493       11427
        5653        5569        5652
       11859       11845       11861
        7503        7420        7414
         386         351         349
       10037       10126       10040
        6351        6352        6266
        1724        1806        1807
        3715        3628        3716
         472         433         430
        9749        9657        9658
        9907        9994        9904
         238         212         210
        6162        6248        6166
       11648       11647       11602
        9243        9315        9222
        6508        6422        6503
       11537       11472       11536
        7100        7101        7009
       11296       11375       11300
        8193        8104        8103
        7466        7377        7467
        4088        4001        4087
         350         349         314
       11203       11202       11283
        8394        8483        8395
         905         848         849
       11494       11427       11429
        9994        9905        9904
        5613        5701        5700
         240         213         212
        7931        8020        7932
         385         386         349
        3487        3398        3486
        2934        2843        2933
        8676        8734        8644
         332         369         335
        8450        8360        8359
        4104        4018        4103
        3330        3331        3422
        2595        2689        2596
        9980       10067        9977
       11563       11503       11501
        2278        2188        2187
        2715        2623        2716
        4132        4130        4215
       11421       11345       11420
         282         249         255
       10333       10242       10250
        4844        4927        4929
        8451        8541        8452
       11501       11434       11497
        3093        3094        3002
        9848        9757        9847
        6579        6581        6667
        6853        6856        6767
          55          71          70
        4149        4152        4068
       10237       10327       10236
        2234        2143        2232
        7206        7117        7135
        2319        2227        2226
       10749       10659       10661
       11472       11400       11471
        8903        8902        8993
         171         146         164
        2100        2013        2012
        4738        4826        4825
         958         959         900
        6201        6200        6287
        5778        5691        5697
       11089       11088       11175
        3412        3322        3321
         423         424         385
        7755        7669        7665
        3625        3538        3535
        1468        1469        1395
       11578       11517       11516
        2217        2126        2127
        6703        6759        6671
        3894        3807        3890
         211         187         184
        9097        9188        9096
        2874        2787        2878
       10958       11045       10957
        7821        7731        7820
       10351       10349       10440
        8733        8749        8824
        3378        3467        3379
        5853        5770        5768
        2022        1936        1935
        5396        5308        5395
        6508        6509        6423
        1590        1672        1591
        7338        7427        7343
          28          27          19
       11636       11679       11680
        2582        2581        2488
       11421       11352       11345
        8353        8352        8263
        7612        7702        7613
        6493        6581        6579
         302         268         267
       10605       10656       10565
        6567        6656        6655
        3852        3763        3764
        1955        1871        1870
        8466        8465        8377
        1896        1897        1982
       10053        9963       10052
        8874        8965        8878
        9649        9560        9556
        3852        3764        3853
        1730        1812        1729
        1571        1493        1492
        2287        2274        2195
        3690        3639        3726
       10726       10634       10725
       10863       10951       10952
         751         752         698
        6756        6667        6669
         237         238         210
        9183        9275        9274
       10344       10252       10343
        5363        5365        5277
        7666        7756        7755
        2582        2488        2489
        5670        5586        5664
        5502        5413        5415
         464         424         423
       10481       10391       10393
        6237        6236        6322
         906         965         905
        5876        5875        5790
         213         211         186
        9936       10025        9935
        2218        2217        2127
        8161        8162        8072
        3233        3234        3144
       10040       10126       10129
        1132        1131        1066
        3913        3826        3911
       11656       11613       11657
        3716        3628        3713
       10507       10506       10417
        6163        6248        6162
        6946        6856        6943
        8373        8283        8371
        8858        8916        8825
        3871        3960        3959
       11872       11864       11873
        6256        6171        6170
        2468        2384        2374
        1389        1395        1463
        2591        2593        2685
       11742       11741       11770
        1486        1412        1487
         604         557         556
        7680        7591        7592
        3625        3535        3536
        4348        4350        4263
       10560       10473       10470
       10103       10102       10014
        9925        9926       10015
        3138        3046        3045
         762         710         763
         302         303         268
        1011        1012         951
       11425       11349       11350
        5798        5710        5795
        2750        2657        2656
        1686        1688        1606
        4442        4527        4445
        2403        2309        2404
          21          31          30
         982         981         923
         843         789         788
        6719        6631        6633
        3549        3548        3638
        8461        8371        8372
       10255       10163       10254
        4163        4248        4165
         151         152         128
        9363        9456        9364
       10102       10019       10013
       10771       10772       10683
        9553        9463        9555
         603         556         558
        5448        5367        5361
        2621        2619        2712
        5828        5742        5827
         256         289         255
       11089       11000       11088
       10683       10772       10684
         337         374         338
        7105        7195        7194
       11607       11560       11562
        3677        3587        3589
        4731        4730        4817
          52          67          56
        6795        6708        6707
        1082        1083        1020
       11683       11643       11682
        1895        1897        1813
        4389        4398        4310
        3914        3827        3862
        9832        9862        9922
        6550        6551        6464
        2233        2143        2234
        9932        9846        9842
        9205        9296        9204
        5765        5678        5764
        9372        9279        9314
         355         320         318
        1858        1942        1857
         434         432         394
        3425        3515        3424
        4815        4730        4728
        7832        7831        7741
        8731        8640        8641
       10937       10935       10848
        5003        5004        4918
       11591       11530       11590
        4248        4250        4165
        7933        8020        7931
         237         210         209
         119          98         100
         196         223         202
         271         241         240
        6865        6907        6956
        2304        2395        2301
        2278        2279        2188
       11491       11490       11424
        6157        6070        6067
        8513        8424        8426
           7          14          13
        8923        9013        9011
        6680        6768        6766
       10586       10500       10497
        2627        2719        2720
        3925        3926        3839
        4927        4930        5012
        4155        4071        4072
        7013        7106        7105
        4311        4225        4312
        4984        4985        4899
        8775        8685        8684
        1433        1432        1361
        2714        2712        2804
        6690        6691        6604
         831         777         776
        7233        7231        7320
        2499        2403        2404
       11535       11469       11534
       11450       11374       11449
        5021        5108        5106
        1593        1513        1591
        2299        2207        2208
       11114       11110       11195
        5662        5663        5579
        7658        7748        7661
       11504       11502       11564
         321         327         291
        3825        3755        3737
        1708        1703        1705
        1973        1972        2060
        9653        9649        9741
       10906       10905       10994
        1027        1089        1026
        4103        4018        4017
        5236        5148        5232
         463         464         423
        8556        8466        8554
          73          58          57
        1167        1101        1100
         958         900         899
        1755        1839        1756
        4074        3988        4075
        1874        1954        1869
        6297        6301        6213
        1387        1386        1315
         121         100         101
       11043       10956       11044
        5227        5140        5139
        7753        7756        7666
        5442        5531        5441
        2383        2298        2392
        5265        5353        5264
        1324        1395        1389
        1026        1089        1087
        5578        5662        5579
       11349       11271       11272
        1214        1215        1149
        5751        5664        5666
        5672        5759        5673
        4310        4223        4301
        7510        7509        7599
       10423       10341       10431
        5378        5377        5464
        1570        1571        1492
       10393       10391       10303
       10017        9928        9927
        9455        9456        9363
        4176        4092        4175
       11630       11631       11674
         726         674         673
       11856       11849       11841
        8846        8844        8755
        1258        1328        1329
        5145        5058        5144
        8839        8838        8748
        1175        1243        1242
        1970        1969        2057
        9033        9122        9031
        1319        1320        1391
        8349        8353        8263
        1790        1707        1708
        5855        5853        5938
        8555        8466        8556
         698         699         648
        1429        1433        1361
        8515        8513        8426
        5400        5401        5313
        1687        1609        1605
        2894        2806        2804
        8288        8198        8199
        3472        3383        3470
        3847        3761        3759
        2987        2989        2898
        8468        8557        8467
        4559        4480        4567
        1207        1141        1206
        9861        9862        9771
        2358        2265        2357
        1640        1641        1560
        4331        4419        4416
        1388        1387        1316
        3633        3543        3632
        1019         959         958
        2299        2298        2207
        1559        1481        1480
        5412        5377        5325
        4033        3947        3953
        9052        8964        8962
        1902        1904        1820
        3948        4034        3949
        4147        4064        4148
        5718        5719        5633
        4936        5021        5019
       11682       11642       11680
        9710        9801        9798
         500         542         499
        1966        1965        1880
        1231        1230        1300
        8693        8692        8603
       11642       11596       11636
        6671        6759        6673
        8871        8782        8780
        1075        1014        1012
        4750        4667        4666
         344         308         341
        5312        5400        5313
         238         240         212
        6843        6753        6756
         203         204         176
       11734       11697       11735
       10751       10749       10661
        3633        3632        3720
        8443        8352        8353
       11837       11836       11819
        4892        4856        4807
        4379        4467        4431
        6422        6337        6336
        8251        8161        8250
        9741        9649        9681
        8689        8601        8599
        7194        7285        7284
        9964        9963       10053
        2656        2657        2564
       11740       11739       11768
        5450        5365        5363
        6283        6369        6286
        8832        8830        8741
       10507       10417       10418
        7400        7490        7488
        6008        6009        5925
        5012        4930        5015
         613         566         567
        4934        4849        4851
        9817        9907        9904
        6757        6758        6669
        1723        1640        1722
        5002        5088        5000
        3938        3944        3856
       11086       11085       11172
        6094        6090        6009
        2146        2237        2147
       11665       11622       11666
        7570        7568        7657
        8509        8422        8420
         225         253         224
         301         302         267
        1143        1141        1207
        3549        3460        3548
        1434        1382        1362
       11094       11091       11005
        2092        2180        2091
        4211        4126        4210
        9229        9139        9138
       11741       11711       11710
       11268       11269       11346
       10635       10634       10726
        7982        8071        7983
        5135        5179        5134
       10312       10221       10311
        6886        6797        6885
       11095       11006       11007
       11271       11190       11191
        3736        3649        3735
         213         239         211
        4165        4082        4081
        4224        4139        4225
        3912        3826        3913
        8098        8007        8008
         429         430         390
        9854        9861        9770
        3809        3810        3722
        5400        5488        5401
        1752        1696        1669
        7827        7737        7828
        9836        9926        9925
        8199        8198        8109
        1389        1388        1317
        6756        6753        6670
        2688        2593        2594
        8588        8499        8498
        2772        2864        2863
        3824        3738        3736
        8594        8684        8595
        2078        2077        1990
         843         788         842
        1549        1550        1471
        7444        7442        7531
        8230        8140        8229
        3919        3832        3918
        8504        8416        8415
        6603        6604        6516
        4363        4362        4450
        5236        5232        5317
        2380        2475        2474
        4845        4927        4842
        2287        2367        2274
       11282       11281       11201
        4022        3936        4020
       10070       10067        9980
        9040        8951        8950
         923         922         866
        6884        6975        6885
       11039       10951       11038
        3175        3084        3174
        4292        4291        4378
         322         287         288
        7065        7155        7066
         605         603         558
        1559        1560        1481
        3051        2958        3050
        7297        7386        7298
       10122       10120       10033
       11812       11831       11832
       11104       11016       11017
       10136       10139       10049
        7627        7629        7539
        4707        4706        4623
        1529        1530        1454
       11722       11683       11721
        7138        7227        7140
       10681       10590       10679
        2499        2404        2500
       11677       11633       11634
       11297       11216       11217
       11536       11472       11471
       11553       11552       11491
        2314        2407        2408
       11633       11585       11586
        9204        9188        9113
       10483       10481       10393
        6016        6015        5931
       11559       11501       11497
       10516       10476       10426
        8137        8047        8136
         743         705         690
        8194        8104        8193
        5029        4945        4944
        8491        8581        8493
       11644       11609       11598
       11877       11872       11873
        3812        3811        3724
         913         857         856
       11190       11105       11106
       10121       10033       10032
         912         856         862
       11637       11591       11590
        5464        5377        5412
         394         356         358
         840         785         836
        2717        2715        2807
        9771        9862        9832
       11599       11598       11552
       11853       11839       11838
        7297        7384        7386
         267         237         236
        1300        1230        1298
       10117       10029       10028
        9957        9959        9869
        8070        8071        7982
        2901        2810        2899
         471         472         430
         919         862         865
        9428        9497        9406
         144         167         143
         689         639         686
       10146       10235       10145
           9          10           5
        2845        2840        2753
       11197       11195       11112
        2899        2810        2809
       11769       11740       11768
        7009        7101        7010
        4377        4291        4290
        1588        1532        1509
        6409        6401        6323
         705         704         655
        1391        1320        1392
        7139        7049        7137
        1468        1395        1394
        8109        8198        8108
        6383        6301        6297
        7401        7490        7400
         922         919         865
          31          42          30
        1387        1315        1316
        9309        9216        9217
        6372        6369        6456
        7233        7143        7231
          30          42          41
         929         989         987
         795         743         742
       10563       10562       10473
        3098        3103        3011
        5720        5739        5652
        3930        3844        3843
        7320        7231        7319
        3603        3694        3693
        2633        2632        2541
        5275        5188        5191
         127         145         150
       10547       10546       10636
          88          89          72
       11086       10997       11085
        1755        1756        1672
       10426       10425       10515
        1388        1316        1317
       10118       10032       10029
        2712        2619        2620
        2690        2597        2596
       11754       11733       11723
        8505        8416        8504
        8426        8424        8336
        5048        5135        5134
        9838        9841        9750
       11217       11132       11214
        7599        7509        7593
        3447        3446        3359
        4374        4373        4286
        3139        3229        3214
       10336       10425       10426
       10757       10669       10667
        7318        7227        7228
         922         865         866
        9091        9157        9066
         159         136         135
        2058        2057        2146
        4633        4550        4548
        9051        9052        8962
        2775        2864        2772
       11721       11683       11682
        9610        9682        9588
        8235        8146        8145
        1513        1438        1437
        1043        1042         982
        3763        3674        3675
        4891        4892        4807
        8870        8871        8780
        4984        4898        4983
        8801        8802        8711
        9307        9215        9306
        8605        8693        8603
          23          24          15
        1275        1345        1276
        1970        2057        2058
       10386       10297       10296
       10637       10547       10636
        9063        8974        8973
        1560        1482        1481
        6379        6380        6295
        8711        8802        8716
        5938        5853        5937
        3823        3824        3736
        3456        3368        3369
        8688        8689        8599
        8570        8569        8480
       11378       11301       11299
        1292        1241        1223
       11771       11742       11770
        1111        1110        1047
         495         538         496
        5058        5057        5144
        8041        7952        8040
         256         290         289
        5652        5569        5568
        4529        4613        4614
        8433        8344        8343
        9743        9742        9650
        2166        2078        2167
        8498        8409        8497
       11721       11682       11720
        8539        8450        8449
        3652        3594        3684
        2053        1966        2054
        3684        3594        3683
        6101        6015        6016
         603         604         556
        7313        7402        7315
         475         474         434
        6842        6843        6933
        9228        9229        9138
       11047       10959       11045
        5449        5533        5536
        8508        8509        8420
       11634       11586       11632
        2878        2787        2786
         803         804         751
        9033        8943        9032
        5003        4918        4917
        1389        1317        1318
        1178        1177        1110
        5227        5139        5226
       11005       11002       10916
        9009        9013        8923
       11378       11299       11300
        5815        5900        5816
        8312        8224        8222
        4416        4419        4503
        7283        7193        7282
        8222        8224        8134
        9183        9184        9275
        6819        6908        6909
       10725       10634       10633
       11585       11523       11524
        5593        5678        5594
        7822        7912        7823
        3097        3188        3187
       11200       11281       11265
        2725        2633        2726
       10134       10133       10223
        5827        5742        5741
         857         858         803
        7619        7709        7620
        4399        4311        4312
        3215        3216        3127
        4106        4189        4190
        4198        4195        4113
        1737        1735        1818
         293         294         259
        7659        7748        7658
       10476       10386       10426
       11133       11047       11045
        8047        8015        7958
       10901       10990       10986
        6873        6879        6790
        8587        8588        8498
         613         612         566
       11436       11434       11501
        7444        7355        7442
       10116       10028       10027
       11763       11733       11754
         683         633         682
        4224        4225        4311
        5575        5488        5574
        5019        5021        5106
         289         316         282
        8105        8047        8137
        2656        2564        2563
         605         558         559
        3418        3507        3508
        1437        1438        1365
        6943        6856        6853
        5836        5751        5753
       10127       10216       10126
        8683        8684        8594
        8740        8739        8830
        1324        1389        1318
        1241        1240        1174
       10367       10458       10368
        5143        5056        5055
        5593        5594        5506
        6953        7044        7025
        6790        6879        6791
        7416        7503        7414
         919         912         862
        1465        1393        1390
        6341        6342        6256
        5000        5088        5001
        1467        1394        1393
        7657        7568        7600
         346         361         325
        8503        8504        8415
       10637       10636       10728
        1722        1640        1639
        2199        2200        2110
       11866       11850       11865
       11738       11707       11737
        1464        1390        1391
        1464        1465        1390
        3657        3568        3656
         516         515         474
        6347        6265        6261
        1085        1150        1151
        2650        2558        2649
        1466        1464        1391
        8971        9040        8950
        3229        3301        3214
        5526        5614        5613
        1673        1593        1591
        3503        3594        3563
         840         786         785
        1465        1467        1393
        2124        2215        2214
        6758        6756        6669
        9431        9390        9339
        8492        8581        8491
        1465        1542        1543
        1467        1468        1394
       11704       11665       11666
        5181        5092        5091
        8966        8875        8877
        3413        3503        3474
       10514       10425       10424
        1100        1101        1038
        1099        1100        1037
        1098        1099        1036
        9937        9848        9847
       11474       11472       11537
         103          84          85
        4833        4746        4745
       10661       10570       10572
        6053        6141        6054
       10516       10426       10515
        5544        5547        5460
        7549        7550        7459
         293         329         294
        3373        3461        3372
        5395        5308        5307
       11217       11216       11132
       10111       10115       10026
        7985        8074        7986
        4750        4666        4747
       11056       11055       10968
        4315        4229        4313
       10591       10678       10682
        2339        2246        2338
        9015        8925        9012
       10212       10210       10122
        6285        6369        6283
        3277        3368        3283
       11817       11796       11797
        8534        8528        8618
        1509        1456        1434
       10303       10301       10212
        3177        3266        3179
        6140        6053        6052
        4249        4334        4248
        1097        1098        1035
        9835        9834        9743
         434         394         396
       11856       11841       11855
        6477        6390        6391
          25          17          16
        1617        1537        1539
        3139        3214        3126
       10068        9978       10067
        9367        9461        9460
       10375       10464       10374
        5250        5249        5337
        2339        2248        2246
        1042        1039         981
       10120       10119       10031
        4436        4348        4435
        1241        1174        1223
        8972        8882        8881
        1100        1038        1037
        1099        1037        1036
        9944        9861        9854
       10659       10569       10570
        3952        3864        3951
        4448        4361        4360
        3019        2943        2927
       11837       11819       11835
        3186        3188        3097
         673         674         624
        2012        2013        1927
        1098        1036        1035
       10663       10661       10572
        6573        6574        6662
        1464        1542        1465
         620         670         621
        6459        6456        6543
        7105        7106        7195
       10121       10122       10033
       11697       11693       11731
       10014       10102       10013
        5564        5477        5556
         912         913         856
       10284       10374       10283
        8659        8749        8733
        2933        2843        2842
        1456        1455        1382
        8253        8163        8183
       11094       11005       11006
       10989       10990       10901
        3967        3880        3879
        1807        1806        1890
          61          48          47
        1466        1391        1392
        6423        6337        6422
         788         736         735
        6909        6908        6999
         310         290         276
        3980        3979        3894
        5525        5524        5436
        9613        9572        9522
        5062        4977        5061
        1860        1870        1787
        6005        5922        5921
        9847        9757        9756
       11853       11838       11852
        4105        4189        4106
        8433        8343        8363
        5071        4984        5070
         481         480         441
       11488       11428       11421
        3737        3667        3650
        1603        1602        1684
        4678        4598        4595
        1369        1371        1300
        4936        4934        4851
       10565       10477       10476
        2345        2439        2346
        7531        7442        7530
        9046        8957        8956
        5679        5678        5765
        3144        3234        3155
       11496       11494       11429
        5855        5770        5853
         848         904         847
       11454       11378       11379
        5389        5301        5382
       11495       11429       11428
        2960        2959        2868
        7325        7236        7240
       10275       10185       10184
        7459        7370        7458
         604         567         557
        3939        3852        3940
        8540        8450        8539
        5330        5243        5329
        1371        1301        1300
         183         159         157
         328         365         329
       10826       10914       10825
        7042        6951        7040
        3127        3105        3033
        9391        9299        9390
        3676        3675        3586
       11593       11531       11591
       11295       11217       11214
        9950       10035        9945
        2127        2038        2039
         335         369         372
         213         186         212
       10682       10678       10767
       10069        9979       10068
        1612        1611        1532
        9666        9573        9572
        5401        5314        5313
        3780        3692        3781
        1746        1663        1745
        2781        2787        2874
         913         914         857
        9760        9759        9670
        4621        4623        4539
       11583       11520       11579
        7376        7287        7377
        8555        8465        8466
        9386        9385        9295
        5281        5369        5283
        9756        9667        9666
        8064        8154        8065
         607         606         561
         522         521         480
        9835        9743        9745
        5374        5376        5288
        3503        3563        3474
       10130       10131       10042
        1344        1345        1275
        2309        2216        2217
       11704       11666       11706
         289         290         324
       10953       10867       10864
        1723        1641        1640
       11133       11045       11046
         594         595         549
        6865        6777        6776
       11295       11214       11294
       10220       10221       10131
        8135        8130        8045
        3638        3548        3551
       10062        9974        9972
       10118       10121       10032
        1669        1612        1588
        4295        4208        4216
         648         650         601
         661         612         613
        9925       10014        9924
        8141        8140        8230
        3933        3934        3847
       10104       10193       10103
        3880        3793        3879
         337         338         302
        9719        9720        9628
        5144        5057        5143
        1454        1466        1392
       11689       11688       11649
        8684        8685        8595
        3413        3474        3391
        1701        1617        1619
         316         350         314
        3019        2927        3018
        2149        2061        2060
        5197        5108        5196
        2661        2568        2569
        1097        1035        1034
        4608        4613        4528
       10953       10864       10952
        6140        6141        6053
        2083        2084        1996
        9266        9175        9265
       10598       10511       10509
       11487       11421       11420
        1141        1077        1075
        1367        1368        1440
        6794        6795        6707
        1234        1169        1167
       10311       10221       10220
        1754        1838        1755
        8419        8330        8329
        9749        9661        9657
        1788        1708        1705
        4164        4248        4163
        9836        9925        9835
        1707        1626        1625
        1769        1688        1686
        5286        5374        5288
        9583        9582        9492
        7706        7709        7619
        6655        6656        6744
        4764        4680        4763
       11276       11195       11197
        2406        2407        2313
        4215        4130        4158
        1566        1565        1487
        9154        9155        9064
        9653        9560        9649
        4595        4513        4510
         623         673         624
        1271        1272        1204
        6880        6938        6848
        9062        8973        8972
        9658        9657        9565
        2131        2132        2044
       11174       11088       11087
        9832        9836        9745
        1818        1735        1817
        1708        1707        1625
        6341        6256        6255
        8993        8902        8992
        3688        3598        3672
         743         690         742
       10604       10516       10515
        4954        4868        4947
        4539        4623        4622
         350         385         349
        1042         981         982
        4458        4371        4369
       10117       10118       10029
        4936        4851        4935
        9154        9064        9063
       11132       11044       11129
        5748        5749        5662
       10603       10515       10514
        1768        1769        1686
        7919        7920        8009
        3121        3027        3026
        9630        9722        9631
        4466        4467        4379
        9613        9666        9572
        1766        1683        1765
        6315        6316        6229
        1606        1687        1605
       11828       11827       11808
       11040       10952       11039
       10771       10683       10682
        9146        9059        9055
        9153        9063        9062
        9339        9298        9246
        2692        2691        2785
        1605        1609        1529
        9817        9906        9907
        8881        8791        8790
        2166        2077        2078
         646         653         605
       10599       10598       10510
       10119       10039       10030
         973         915         914
        7455        7368        7366
        1516        1515        1440
         211         184         186
        1487        1412        1485
       10471       10560       10470
         642         595         594
        5965        5966        5880
        1813        1897        1896
        6124        6038        6041
       11040       10953       10952
        9771        9832        9741
       10333       10341       10423
        5307        5308        5222
        9565        9657        9564
        1369        1300        1298
         364         365         328
        4075        3988        4073
       10505       10418       10415
       10194       10283       10193
        4360        4361        4274
        6432        6433        6347
         346         310         345
        3447        3359        3444
       10470       10473       10383
        6433        6351        6347
       10799       10801       10710
       11283       11202       11223
         585         540         539
       10593       10505       10504
        8325        8326        8236
        2437        2344        2438
        8711        8625        8621
        4957        4871        4956
        8652        8742        8655
        3015        3016        2924
         606         560         561
        1370        1368        1299
       10980       10892       10891
         128         129         107
       10417       10416       10327
       10039       10038        9949
        4195        4193        4110
        1647        1730        1729
         847         795         792
       11189       11188       11104
       11046       11045       10958
        3486        3398        3397
        2807        2715        2716
        9151        9242        9153
        5880        5799        5794
        9131        9132        9041
        6946        6857        6856
        2726        2633        2722
        6954        7044        6953
       10514       10424       10512
        9928        9841        9838
        4444        4527        4442
       10147       10146       10057
        1456        1382        1434
        2680        2689        2595
        8793        8702        8725
        4472        4480        4559
        5411        5325        5324
        5027        5113        5114
        4325        4241        4239
       10601       10514       10512
        1600        1601        1521
        9155        9115        9064
        5661        5662        5578
        2772        2771        2678
        2167        2078        2165
       11171       11085       11084
       10326       10235       10236
        4580        4495        4496
        3263        3174        3260
       10115       10114       10026
        8866        8776        8775
        3549        3550        3460
        1317        1247        1318
        1047         986        1048
        6005        6006        5922
         412         374         373
       11727       11688       11689
        6598        6600        6512
        1788        1790        1708
        7820        7731        7730
        1646        1565        1566
        5237        5150        5149
       10418       10417       10328
         336         337         301
         383         346         382
        5489        5488        5575
       11146       11058       11145
        3511        3512        3604
         705         655         690
        4580        4496        4581
        4460        4371        4458
        9340        9249        9247
        3516        3515        3425
        1112        1111        1048
        1111        1047        1048
        6403        6320        6317
        3961        3873        3962
       10683       10593       10592
        2118        2117        2029
        6918        6920        6830
       10231       10142       10141
        3205        3116        3115
        3214        3124        3126
        1959        1954        1874
        4469        4556        4471
        2661        2569        2662
       10561       10651       10560
        6342        6257        6256
        1440        1368        1441
        1788        1871        1790
       10774       10688       10685
        9148        9058        9057
        5186        5098        5187
        8202        8198        8288
        9856        9944        9854
       10220       10131       10130
        1231        1232        1165
        6543        6456        6458
        6660        6659        6571
       10193       10192       10103
        3421        3512        3511
        9929       10017        9927
        5090        5004        5003
        7154        7155        7065
        2953        3032        2940
        2771        2769        2677
        9153        9154        9063
       10457       10458       10367
        8451        8452        8361
        1626        1624        1546
        1735        1654        1652
        5399        5400        5312
        4435        4348        4347
        2110        2111        2022
        1284        1216        1215
       11538       11474       11537
        2290        2291        2199
         301         267         266
         646         605         598
        9910        9820        9909
        6479        6568        6567
         176         177         151
        9771        9741        9681
       11178       11091       11094
       11758       11757       11727
       11583       11581       11520
        7212        7126        7123
        4312        4225        4226
        7100        7009        7008
        3115        3020        3114
        9820        9729        9728
        4816        4900        4814
        7398        7402        7313
        7048        7049        7139
        8009        7920        8010
        2111        2023        2022
        9928        9931        9841
       11175       11088       11174
       10771       10682       10767
        8229        8140        8139
        4781        4698        4697
        1981        1897        1895
        9696        9603        9697
         204         232         205
        3493        3507        3417
        9766        9767        9676
        1682        1683        1601
       10015       10103       10014
       10240       10151       10150
       11579       11517       11578
        1612        1532        1588
        6660        6572        6661
        1869        1785        1786
        2661        2659        2568
        9026        9024        8936
       11278       11354       11276
        9343        9249        9340
        9633        9722        9630
        2912        2911        3002
        2775        2772        2681
       10679       10590       10588
       10116       10117       10028
        6346        6432        6347
        4077        3990        4071
        7379        7468        7378
       10590       10501       10588
        9029        8940        9024
        4988        5073        4986
        2464        2371        2370
        8151        8154        8064
        6974        6975        6884
        2183        2184        2095
        8882        8792        8791
       10598       10509       10510
        1785        1701        1702
        3831        3832        3744
         542         502         499
        4250        4166        4165
        1515        1439        1440
         687         686         637
         890         949         891
        2112        2024        2023
        1701        1700        1617
        5200        5287        5219
        8555        8468        8465
        1310        1307        1240
        8609        8520        8519
       11642       11636       11680
       10381       10470       10380
       10511       10421       10509
        1787        1788        1705
        3720        3632        3717
        5981        6066        5983
        4127        4126        4211
       11633       11586       11634
        4572        4485        4573
        5340        5427        5343
       10331       10241       10240
        3933        3847        3846
         711         660         661
        2112        2113        2024
         933         875         876
       10038       10037        9948
        8653        8652        8563
        2111        2112        2023
        4347        4348        4261
        4400        4315        4313
        6933        6843        6847
        1564        1566        1487
        1531        1528        1455
        6737        6648        6736
        6914        6825        6915
        6478        6477        6391
        9927        9928        9838
        3967        3879        3966
       10349       10260       10258
        1684        1602        1683
        8883        8842        8792
        1996        2084        1997
        5166        5256        5167
        9832        9745        9741
        3862        3827        3773
        8340        8251        8250
        2845        2753        2755
       10493       10582       10494
       11500       11489       11551
       10989       10900       10903
        2214        2307        2306
         893         840         836
        8711        8621        8710
        6459        6372        6456
        4026        4113        4110
        1695        1691        1611
         795         742         792
        9383        9384        9476
        6139        6140        6052
        1026        1024         965
        5380        5466        5467
        3284        3193        3279
        1370        1299        1307
        4833        4745        4832
        9770        9771        9681
        5236        5235        5148
        4091        4092        4005
        6181        6177        6094
        5180        5181        5091
        3791        3792        3703
       11367       11291       11370
        4578        4576        4492
         972         973         914
       11641       11640       11593
         589         588         543
        9677        9676        9583
        9934        9921        9844
        4992        5079        5049
        7444        7356        7355
        9279        9191        9189
       11682       11680       11720
         403         404         364
        3228        3229        3139
        3474        3384        3391
        2623        2714        2716
        6744        6833        6743
       10679       10588       10589
        9573        9483        9482
        1728        1730        1647
        7411        7410        7322
        8629        8540        8539
       10599       10510       10595
         269         271         240
        5042        4959        4958
        2771        2677        2678
        3124        3119        3029
        1166        1167        1100
        9836        9835        9745
         100          82         101
        6192        6106        6105
        2725        2632        2633
        5880        5794        5879
        4646        4647        4562
        1378        1370        1307
       11146       11145       11230
       10600       10512       10511
        9322        9230        9229
        1591        1513        1511
        5897        5900        5815
        6662        6574        6663
        1664        1663        1746
        6541        6454        6540
        9725        9633        9724
        3675        3585        3586
        8720        8629        8719
        1874        1869        1791
        3284        3236        3193
       10683       10592       10682
        8250        8161        8160
        5444        5445        5358
         933         876         934
        9335        9244        9242
        6805        6717        6804
       10029        9939       10028
        9697        9603        9695
        8090        8001        8000
       10328       10327       10237
        1865        1864        1781
        2065        1978        1977
        6888        6800        6799
       11734       11735       11765
         403         443         404
        5307        5222        5221
       10014       10013        9924
        9843        9842        9752
        8827        8826        8736
        9925        9924        9835
        2785        2691        2784
        1682        1601        1600
        1516        1440        1441
        8094        8185        8093
        1394        1324        1323
        8458        8367        8368
        8659        8733        8643
         897         841         840
       10159       10156       10070
        5354        5353        5265
        9011        8922        8921
        8821        8913        8820
        1869        1868        1785
       10998       10909       10997
        5015        4930        4931
        8404        8405        8315
        1511        1513        1437
        6931        6840        6841
        5967        5966        6052
        1033        1034         973
        1443        1441        1370
        6304        6316        6391
        1765        1683        1682
         838         836         783
        3470        3383        3381
        2029        1943        2030
        8051        8050        8140
        1951        1865        1866
        7771        7770        7681
         842         788         787
        8566        8654        8564
        7374        7464        7463
        9564        9477        9473
        5926        5843        5842
        9795        9705        9704
         804         752         751
        9840        9752        9749
        6486        6398        6400
          31          38          42
        2042        1955        2032
        2772        2678        2681
        5209        5121        5210
        4175        4092        4091
       11585       11524       11586
         993         933         934
        9845        9844        9753
         971         970         912
        9025        8936        8935
       10849       10761       10759
        1768        1686        1685
         875         874         819
        5920        5842        5836
        8646        8645        8556
        1233        1234        1167
        7409        7322        7320
         394         432         392
        1096        1097        1034
        7770        7686        7680
         948         949         890
        5551        5465        5464
        8768        8859        8769
        8259        8349        8263
         929         871         872
         899         843         842
        7408        7320        7319
        1686        1606        1604
        7828        7737        7738
        7342        7338        7252
        9273        9340        9247
        1517        1516        1441
         839         838         784
         898         842         841
       10150       10062       10061
        1671        1672        1590
        1870        1871        1788
         830         887         831
       10431       10341       10429
        6180        6094        6093
         106         123         127
        2286        2285        2194
       10027        9938        9937
         373         374         337
       10236       10146       10147
        9464        9371        9388
        3934        3849        3847
        2217        2216        2126
        6433        6437        6351
        2923        2834        2833
        8073        8074        7985
        5500        5586        5587
       10593       10504       10592
         993         992         933
        3693        3694        3783
        4386        4387        4299
        5379        5466        5380
        9368        9461        9367
        7322        7321        7233
        3825        3843        3755
       10417       10327       10328
        1303        1304        1234
        3502        3503        3413
        2184        2096        2095
        3629        3540        3630
        6791        6759        6703
        1968        1969        1883
        8460        8550        8459
        3607        3697        3696
        6655        6744        6743
        9115        9025        9023
        5500        5464        5412
        3496        3406        3408
         620         573         572
        8860        8859        8950
        3001        3000        3092
        3205        3115        3204
        4198        4113        4114
        5380        5293        5292
       10513       10582       10493
        2563        2564        2470
        9492        9491        9401
        1374        1375        1304
       11794       11793       11815
        3154        3062        3155
        3498        3496        3408
        9274        9275        9368
        6918        6830        6828
        1705        1703        1622
        9310        9309        9217
        4361        4275        4274
        3478        3388        3477
        7689        7600        7599
        4813        4898        4899
        9217        9216        9126
        7682        7599        7593
       10508       10507       10418
        8650        8563        8560
       10241       10151       10240
        3498        3408        3409
         831         832         777
        4845        4930        4927
       10504       10503       10592
        9766        9857        9767
        1926        2012        1927
       10237       10236       10147
        8789        8859        8768
        9972        9971       10061
        4027        4113        4026
        7690        7657        7600
        4099        4182        4183
        7594        7683        7595
        1324        1318        1253
        6550        6638        6551
        3918        3832        3831
        8378        8292        8288
       10505       10415       10504
        3381        3383        3293
        5418        5506        5507
        8382        8380        8292
       11591       11531       11530
        2208        2207        2118
        9555        9463        9464
        8825        8736        8734
        7749        7748        7659
        8359        8270        8269
       10111       10026       10022
       10374       10373       10283
        8469        8381        8380
        2147        2058        2146
        7747        7659        7657
        2379        2377        2285
       10057       10056        9966
        9580        9490        9489
        8671        8583        8581
         554         555         511
       10695       10605       10604
        7811        7901        7812
        8416        8417        8327
        1755        1672        1671
        8866        8775        8865
        8108        8198        8112
        6983        6892        6980
        6181        6263        6177
        9677        9766        9676
       10284       10375       10374
        2742        2650        2649
       11425       11350       11426
        3033        3105        3013
        9131        9041        9040
        7319        7231        7229
        9006        8918        8916
        7407        7319        7317
        1365        1369        1298
       11723       11695       11684
        8646        8735        8645
        2776        2775        2682
       11555       11554       11493
        4348        4263        4261
        1606        1605        1527
        8289        8288        8199
       10667       10579       10576
        1958        1874        1872
         894         839         837
        1745        1663        1662
        6180        6181        6094
         779         780         727
       10297       10298       10208
         789         736         788
        8193        8283        8194
        2314        2223        2222
        1890        1806        1889
        4903        4818        4817
       11699       11660       11681
        8415        8325        8414
       11462       11420       11385
        2775        2681        2682
        4256        4172        4171
        9398        9307        9306
       10418       10328       10415
         836         785         781
        2499        2498        2403
        2842        2843        2751
       10037        9950        9947
        6230        6316        6304
         761         709         762
         779         727         726
        5148        5145        5232
        5884        5966        5967
        4813        4728        4726
        2649        2558        2557
        8630        8629        8720
       10120       10031       10033
        4837        4751        4750
       11172       11085       11171
        8112        8110        8022
        1504        1433        1429
       10024       10100       10011
       10596       10595       10507
        5523        5610        5525
        5160        5072        5071
        4936        5019        4934
        2478        2477        2383
        6633        6631        6545
        6166        6080        6077
        7989        8079        7990
        4360        4274        4273
        9306        9215        9214
       11294       11213       11293
        4646        4562        4561
       10879       10789       10877
        1787        1705        1704
         495         537         538
        6397        6309        6311
        8445        8535        8446
        6317        6234        6231
        3773        3739        3684
        9522        9481        9431
        5593        5506        5505
        4290        4205        4204
       11649       11648       11603
        4024        3938        3937
       11017       11018       11105
       10686       10599       10595
        5380        5381        5293
        4000        3915        3914
        8644        8556        8554
       11833       11834       11851
        4466        4379        4378
        9035        9034        8945
        7982        7894        7893
        4023        3937        3939
        1958        1959        1874
        2663        2646        2570
        3231        3230        3141
        3864        3776        3780
        4206        4171        4122
        5139        5053        5052
       11171       11084       11170
        4289        4204        4203
       11690       11650       11683
        5640        5559        5555
        5552        5466        5465
        2183        2095        2094
        9026        9029        9024
        3561        3649        3651
        2476        2461        2381
        9048        9047        9138
        2044        1958        1957
        6335        6334        6249
       10156       10067       10070
        1055         993         994
        2032        1955        1945
        7325        7237        7236
       10008       10099       10098
        4039        3953        3952
        5962        5877        5963
        1054        1052         992
        2066        2065        2154
        8846        8934        8844
        9443        9351        9350
        3033        3013        2941
        3097        3096        3005
        6459        6373        6372
        3945        3943        3857
        2850        2831        2757
        1275        1207        1206
        2099        2100        2012
         203         231         204
        8672        8671        8582
        9745        9743        9653
        2271        2270        2180
        3772        3684        3683
        5424        5336        5419
        9492        9582        9491
        4157        4075        4073
        8729        8638        8639
       11770       11741       11769
       10184       10185       10095
         543         542         500
        9934       10011        9921
        2016        2094        2006
       11370       11291       11368
        4431        4344        4343
        7593        7509        7503
        5499        5586        5500
       11808       11827       11826
       10651       10563       10560
        6405        6322        6319
        4130        4043        4074
        8854        8853        8763
        5420        5419        5332
        5926        5927        5843
        6464        6379        6378
        9845        9934        9844
        3499        3498        3409
         304         305         271
        5468        5385        5381
         442         483         443
        9123        9033        9032
        5640        5644        5559
        1605        1529        1526
        4026        3939        3940
        5920        5926        5842
        1529        1454        1453
        6011        5978        5927
        9192        9105        9101
        9279        9281        9191
        3437        3350        3438
        2105        2183        2094
        2270        2362        2269
        4157        4073        4076
        9032        8943        8942
          61          62          48
        1533        1614        1613
        2274        2275        2184
        9786        9700        9696
        5551        5552        5465
        5720        5652        5634
        4471        4384        4382
        5753        5751        5666
        6934        6846        6844
        7659        7658        7570
         951         894         892
        5838        5836        5753
         793         792         740
        3131        3219        3220
        1945        1955        1870
        7932        7846        7843
       10040       10124       10035
        5500        5551        5464
        6025        5941        5940
        8491        8404        8402
        9709        9708        9799
       10229       10228       10139
        2592        2496        2591
        3011        3103        3053
        4160        4157        4076
        5013        4928        4929
         993         934         994
        6399        6311        6398
        5418        5332        5330
        6309        6223        6311
        8923        8921        8832
       10857       10771       10767
        7658        7571        7569
        6162        6077        6073
        8044        7956        7955
        5417        5506        5418
        6935        6934        6845
         843         844         789
        4812        4898        4813
        5478        5477        5564
        9096        9003        9004
       10194       10284       10283
        2472        2469        2377
        2959        2955        2867
        3744        3659        3657
        6550        6464        6463
        3817        3816        3729
        6067        5985        5982
        6023        5940        5938
       10770       10767       10681
        8552        8463        8461
         801         749         748
        5836        5757        5751
        8881        8882        8791
       10448       10534       10444
        1111        1178        1110
        3144        3051        3143
        3945        3857        3858
        4217        4216        4132
         682         633         632
        3770        3681        3685
        8551        8460        8463
        4392        4304        4390
        9647        9553        9555
        8462        8461        8372
        4160        4076        4077
        3988        3902        3986
       11757       11726       11727
        3853        3764        3765
         355         318         353
        5838        5920        5836
        3596        3505        3506
        9025        9026        8936
       11368       11291       11289
        7791        7701        7786
        7769        7681        7678
        5499        5412        5411
        8160        8071        8070
        9573        9574        9483
        7198        7288        7197
        3026        3027        2934
        4249        4248        4164
        4814        4727        4729
        8830        8739        8741
       11783       11763       11754
        6334        6252        6248
        8563        8562        8473
        7282        7193        7191
       10864       10774       10863
        5014        4929        5012
        9363        9271        9270
        3773        3827        3739
        9609        9520        9518
        4158        4130        4074
        6564        6475        6474
        3419        3328        3329
        4024        4025        3938
        3772        3773        3684
        9389        9388        9297
        5324        5238        5237
       10104       10194       10193
        8459        8368        8370
        6011        6063        5978
        8099        8008        8009
        3710        3711        3623
       10022       10026        9936
        6251        6249        6165
        9105        9103        9013
         310         276         309
        4023        4024        3937
        4098        4182        4099
         687         739         686
       11083       10994       11082
       10470       10383       10380
        1144        1142        1078
        5222        5223        5135
        6379        6295        6294
        8100        8009        8010
        4206        4256        4171
        7589        7502        7499
       11174       11087       11173
        5283        5369        5371
        3911        3826        3824
        8381        8294        8291
        3692        3602        3690
        8286        8199        8196
        9921        9830        9831
        4156        4155        4072
         740         739         687
       10227       10231       10141
        1291        1287        1357
        2378        2381        2287
        1341        1271        1339
        3843        3756        3755
        1850        1851        1768
        9371        9276        9370
        4026        4023        3939
        8258        8349        8259
        4161        4160        4077
        4813        4815        4728
       11867       11859       11868
        8175        8085        8084
        4289        4290        4204
        8649        8560        8559
        4781        4697        4775
        6872        6787        6783
        6295        6255        6208
        2404        2309        2310
        5499        5500        5412
        8562        8475        8472
        3778        3700        3689
       10784       10696       10695
        3397        3398        3308
       11609       11654       11607
        3950        4000        3914
        3777        3689        3688
        6249        6248        6163
        4901        4817        4815
        1609        1610        1530
        2556        2557        2464
        6396        6308        6309
        4099        4013        4012
        3186        3097        3095
        8858        8825        8767
        7595        7593        7505
        2473        2476        2381
        5538        5610        5523
        2370        2371        2278
        2875        2958        2967
        6953        6935        6863
       11873       11864       11866
        9770        9681        9680
        9854        9770        9763
        6255        6170        6169
        8958        9047        9048
        9464        9463        9371
        4156        4072        4154
        5379        5380        5292
        9842        9755        9751
         735         683         682
        6631        6546        6543
       11534       11469       11470
        5019        4937        4934
        6846        6758        6757
         938         999         939
        7449        7361        7360
       10493       10404       10403
       10158       10157       10247
        5149        5062        5061
        2842        2751        2750
        1922        1923        1839
        3576        3487        3486
        5324        5325        5238
        3760        3688        3672
        7281        7370        7371
        2686        2592        2685
        7509        7421        7420
        4901        4903        4817
        1454        1392        1380
        4005        3921        3919
        7394        7392        7305
        8660        8659        8570
        9565        9564        9474
        7131        7042        7040
        2392        2298        2299
        3777        3778        3689
        6568        6657        6656
        2596        2503        2502
        3726        3639        3640
        6170        6084        6083
        2464        2465        2371
        6295        6341        6255
        4812        4726        4725
        5287        5305        5219
        7406        7317        7318
        6336        6251        6250
         692         643         642
        5985        5901        5900
       10290       10380       10289
        3383        3382        3293
        7678        7592        7589
        7530        7442        7441
        8108        8022        8018
        4465        4466        4378
        4552        4467        4466
        4301        4223        4214
        9314        9279        9221
        5014        5013        4929
        4112        4031        4025
        4284        4289        4203
        3097        3005        3095
        3950        3914        3862
        2567        2570        2476
        5523        5434        5451
        4217        4132        4215
        4431        4432        4344
        2648        2649        2557
       10062       10064        9974
        9821        9820        9910
        2660        2663        2570
        7897        7809        7808
        7392        7304        7303
        2313        2314        2222
        4465        4378        4377
        6255        6256        6170
        5061        4977        4976
        7124        7033        7032
        4250        4251        4166
        4812        4813        4726
       10768       10681       10679
       10062        9972       10061
        9750        9749        9658
        1537        1460        1539
       11471       11469       11535
        4402        4314        4315
        8882        8883        8792
        9840        9843        9752
        5159        5071        5070
        4158        4074        4075
        2563        2470        2469
        7581        7580        7491
        3869        3864        3780
        7600        7568        7510
        4284        4203        4197
        4818        4819        4732
        6084        6000        5999
        5070        4984        4983
       10199       10202       10112
        9838        9750        9747
        2786        2787        2693
       11284       11203       11283
        7619        7530        7529
        2741        2742        2649
        4102        4017        4016
        4085        4016        3998
        5149        5150        5062
       11674       11631       11675
       11593       11591       11638
        3397        3308        3307
        3999        3998        3913
        9856        9854        9765
       11520       11517       11579
        3760        3777        3688
        7304        7217        7214
       10022        9936        9932
       10015       10104       10103
        7931        7843        7842
        6000        5917        5916
        3559        3649        3561
        5019        5022        4937
        5420        5424        5419
        3906        3821        3819
       11865       11849       11856
        4073        3988        3986
        7217        7129        7128
        8474        8480        8391
         966         965         906
        9927        9838        9837
        3026        2934        2933
        9389        9464        9388
        4645        4646        4561
        2110        2022        2021
        3721        3634        3633
        4860        4861        4774
        6084        6085        6000
        5159        5160        5071
        2196        2194        2106
        9647        9554        9553
        3277        3283        3192
        3997        3913        3911
        5418        5420        5332
         340         341         305
        9843        9932        9842
        1145        1144        1079
        2314        2315        2223
        6464        6465        6379
        3589        3587        3498
        3718        3717        3630
        6488        6401        6409
        2199        2110        2109
        3608        3515        3516
        2072        1984        2070
        4038        4039        3952
        3717        3632        3629
        9540        9630        9537
        7184        7095        7097
        3536        3535        3447
        9755        9845        9753
        6035        5951        5950
        7047        7046        6956
        9339        9390        9298
        2923        2924        2834
        3752        3754        3666
        4161        4077        4155
        9750        9840        9749
       10983       10982       10894
        6288        6205        6201
        2779        2685        2688
        5139        5140        5053
        7621        7533        7531
       11223       11138       11143
         482         483         442
        3771        3772        3683
        9755        9753        9664
        8554        8466        8464
       10774       10685       10773
        3713        3628        3625
        4205        4206        4122
        6120        6035        6034
        4199        4198        4114
        9096        9095        9003
        2304        2301        2212
        2438        2344        2436
        3985        3984        3899
        6053        5968        5967
        3752        3666        3665
         370         371         334
        8676        8644        8586
       10229       10139       10226
        9950        9945        9860
        4529        4527        4444
        2011        2012        1926
        3561        3560        3472
        1984        1982        2070
        6205        6120        6119
        9221        9279        9189
        9945        9856        9855
        7055        6970        6964
        5578        5579        5492
        5099        5014        5012
        2922        2923        2833
        2832        2833        2742
        6713        6626        6625
        6575        6486        6488
        7129        7127        7037
       10473       10472       10383
        8825        8827        8736
         601         555         554
        9537        9630        9538
        7620        7531        7530
       10202       10291       10201
       10493       10403       10423
        7505        7503        7416
        9474        9564        9473
       11230       11145       11177
        4660        4577        4576
        7240        7236        7150
        4379        4431        4343
        1929        2006        1920
        3719        3718        3631
        5951        5913        5867
        3418        3337        3327
        6661        6572        6573
        5917        5834        5833
        8730        8639        8731
        4680        4678        4597
        4027        4026        3940
        7150        7146        7060
        4099        4100        4013
         475         434         435
        3650        3578        3560
         906         905         849
        6373        6288        6287
        9354        9443        9350
        1276        1209        1207
       11378       11300       11379
       10377       10378       10287
        5133        5135        5048
        5794        5712        5705
       10471       10561       10560
        5195        5108        5197
        8813        8722        8812
         267         268         237
        7127        7040        7035
        6398        6312        6400
        8046        7958        7957
        4519        4433        4432
        5843        5808        5758
        9004        8913        8914
        8923        9011        8921
       10381       10471       10470
       10709       10799       10708
        7917        7827        7828
        8140        8050        8139
       11223       11202       11138
       10513       10493       10423
        8022        8020        7933
        5099        5012        5015
        6848        6759        6791
        4529        4612        4527
        9392        9303        9300
        4247        4249        4164
        8582        8581        8492
        4239        4156        4154
        7040        6951        6950
        5523        5436        5434
        7469        7468        7379
       11127       11040       11039
        6506        6424        6420
        1672        1756        1673
        3323        3230        3231
        1155        1089        1090
        8329        8240        8239
        1344        1275        1274
        8729        8728        8638
        3996        3911        3910
        7666        7665        7577
        1582        1504        1503
        3589        3498        3499
         819         766         820
         711         710         660
        6407        6405        6321
        1294        1298        1228
        6580        6493        6492
         838         893         836
        6390        6303        6304
        3717        3629        3630
        2866        2958        2875
        5968        5883        5882
        5578        5492        5491
        3608        3607        3515
        2562        2563        2469
        2257        2170        2166
        5792        5791        5704
         920         921         864
       10832       10921       10922
        1819        1740        1736
        5465        5379        5378
        9392        9395        9303
        2126        2038        2127
        6022        5938        5937
        3718        3630        3631
        4098        4099        4012
        4042        3964        3955
       10226       10139       10136
        8650        8653        8563
        1026         965         966
        7743        7654        7744
        2313        2222        2221
        6751        6662        6663
        6354        6440        6355
        2790        2789        2880
        5172        5263        5262
        4663        4583        4580
         585         539         584
        4031        4118        4034
        2223        2134        2133
        4098        4012        4011
        8187        8096        8098
        9337        9244        9335
        1228        1230        1163
       11852       11836       11837
        8729        8821        8820
        3093        3002        3001
       10013        9929        9923
        4851        4849        4764
        2875        2784        2783
        9929        9927        9839
       10400       10397       10487
        5492        5408        5404
        7280        7370        7281
        2174        2086        2085
        2876        2785        2784
        8390        8372        8300
        5538        5523        5451
        3779        3692        3690
        2655        2656        2563
        1015        1013         954
        6318        6317        6232
        1209        1145        1143
       10779       10778       10690
        6681        6598        6594
        5312        5313        5227
        7527        7439        7438
        5417        5418        5330
        8464        8377        8375
        8014        8010        7925
       11870       11869       11874
        1988        1904        1902
        2877        2786        2785
        6841        6751        6752
        8382        8469        8380
        1590        1591        1511
       10958       10957       10869
        6035        6036        5951
        7488        7402        7398
        9401        9400        9310
        4479        4392        4390
        1820        1819        1737
        5047        5088        5002
        8391        8390        8301
        9089        9179        9180
        8378        8382        8292
        9246        9206        9155
        7706        7619        7616
         648         601         599
        1651        1571        1570
        2754        2757        2663
        4428        4342        4340
        2749        2750        2656
         594         549         547
        1140        1075        1074
        5542        5456        5455
        2290        2199        2198
        6023        6025        5940
        3719        3631        3715
        1206        1141        1140
        8103        8014        8013
        1221        1220        1155
        6163        6162        6074
        8491        8493        8404
        1617        1539        1619
        5363        5275        5278
       10127       10126       10038
        4628        4627        4543
         982         923         967
        2066        1978        2065
        1879        1797        1795
        7843        7756        7753
        5317        5232        5231
       11757       11785       11756
        6545        6543        6458
        1523        1524        1448
       11707       11703       11737
        9587        9649        9556
       11177       11145       11090
        1043         982        1028
         749         767         714
        8460        8370        8374
       10950       10951       10862
         698         648         647
        4290        4291        4205
        4347        4261        4260
        1090        1089        1027
        5312        5227        5226
        8563        8652        8562
        8641        8550        8551
        4956        4871        4870
        2310        2217        2218
       10383       10292       10380
        8368        8277        8279
        2039        1951        1952
        4106        4022        4020
        7708        7706        7618
        9483        9395        9392
        6404        6403        6318
        1354        1285        1284
        8289        8378        8288
        2965        2873        2874
       11225       11140       11224
        5538        5451        5452
        4770        4687        4686
        3743        3744        3657
        5983        6067        5982
        9139        9048        9138
       10248       10160       10158
        5040        4957        4956
       11083       11082       11169
        7580        7578        7490
        5991        5989        5906
        3673        3760        3672
        8540        8451        8450
        8644        8646        8556
        9776        9688        9686
       10047        9959        9957
        5226        5139        5138
        5294        5301        5215
        5656        5703        5617
        8820        8913        8912
        9922        9926        9836
        5595        5508        5507
        1106        1043        1091
       11349       11272       11350
        8649        8650        8560
        8287        8286        8197
        3874        3784        3785
        7005        6913        6914
        6288        6292        6205
        6474        6388        6387
        9139        9049        9048
        4273        4274        4188
        6093        6009        6008
         842         787         841
        9101        9013        9009
        7289        7288        7198
        4442        4445        4357
        3721        3633        3720
        2926        2927        2837
        1754        1755        1671
        6721        6719        6633
        9063        8973        9062
        2374        2384        2290
        8459        8458        8368
        3879        3793        3794
        2804        2806        2714
        7982        7983        7894
       11298       11297       11217
         588         542         543
         893         897         840
        8552        8551        8463
        1416        1345        1344
        6848        6761        6759
        6493        6579        6491
        5379        5292        5291
        8112        8200        8110
        6899        6897        6809
        8730        8729        8639
        3824        3826        3738
        3018        2927        2926
        6447        6361        6360
        1218        1286        1287
        5220        5221        5132
        9799        9708        9798
        3609        3608        3516
        7918        7917        7828
        2218        2127        2128
        3058        2964        2965
        7741        7650        7651
        6361        6448        6362
        7342        7252        7340
        5138        5139        5052
        1027        1026         966
        8174        8175        8084
        8462        8552        8461
       10386       10296       10336
        1609        1530        1529
        3237        3331        3330
        2181        2180        2092
        1429        1361        1357
        5330        5245        5243
        4712        4627        4628
        2305        2304        2213
         254         225         245
        7690        7747        7657
        4818        4732        4731
        2693        2688        2599
        7480        7394        7391
        2236        2237        2146
        7796        7709        7706
        7747        7749        7659
        9056        9055        8966
       10313       10223       10222
        7689        7690        7600
        6932        6841        6842
        4273        4188        4187
        6970        6880        6879
        2955        2864        2867
        3566        3568        3478
       11134       11133       11046
        3656        3568        3566
        4004        4005        3919
        9587        9556        9496
        5219        5220        5131
       10510       10420       10506
        2213        2212        2123
        3278        3277        3188
       11728       11727       11689
        4091        4005        4004
        5011        4926        5009
       10115       10204       10114
        7665        7579        7576
        5221        5222        5133
        2306        2307        2401
        2453        2360        2359
        1082        1020        1019
        4528        4529        4444
        7682        7689        7599
        9937        9938        9848
        9787        9786        9697
        2953        2940        2862
        5171        5259        5261
       10268       10177       10267
       10119       10030       10031
        5241        5243        5153
        4833        4834        4746
        5743        5704        5703
        8286        8376        8289
         788         735         787
        1214        1149        1148
        2834        2743        2833
        8692        8602        8603
        5231        5232        5144
        8730        8821        8729
        9866        9776        9775
        6936        6847        6846
        9106        9017        9014
        9221        9189        9130
        8446        8535        8536
        2500        2404        2405
        1149        1083        1148
        2051        2050        2139
        3951        3864        3869
        1174        1106        1157
         815         761         762
        5483        5484        5396
        9865        9775        9774
        3803        3719        3715
        6663        6574        6576
        3425        3424        3333
        8099        8098        8008
        3418        3428        3337
        3831        3744        3743
        9917        9827        9916
         513         515         558
        7408        7409        7320
         665         616         615
        3939        3851        3852
        2284        2287        2195
        2841        2842        2750
        9331        9423        9422
        3381        3293        3291
        1148        1083        1082
       10039       10127       10038
        4481        4392        4479
        5049        4964        4965
        5591        5593        5505
       10132       10044       10043
        8289        8376        8379
        9039        9006        8949
        8109        8108        8019
        8356        8267        8266
        8748        8747        8658
        2131        2044        2043
        9864        9774        9773
        8100        8099        8009
       11641       11593       11638
        3561        3650        3560
        6486        6400        6488
        9688        9595        9594
        6022        6023        5938
        5329        5243        5241
       10877       10788       10876
        6757        6669        6668
        1860        1787        1777
        3932        3933        3846
       10561       10652       10651
        4125        4039        4038
        2742        2743        2650
        4728        4645        4643
        7769        7771        7681
        8063        7977        7974
       10589       10500       10586
        5382        5301        5294
        8064        7976        7975
        9681        9649        9587
        1945        1870        1860
        4260        4261        4176
        8460        8459        8370
        3846        3847        3759
        8951        8860        8950
         391         429         390
        5265        5264        5176
       10680       10679       10589
        4106        4108        4022
        3014        3015        2923
        6534        6447        6533
        5460        5374        5373
        8927        8839        8836
        2595        2502        2501
        4379        4343        4292
        8286        8289        8199
        8194        8283        8284
       11793       11813       11815
        3268        3178        3264
        6417        6336        6331
       10513       10423       10431
        5676        5593        5591
         894         896         839
        6712        6625        6624
        6954        6953        6864
        1581        1580        1661
       10318       10231       10227
        6751        6663        6752
        6474        6475        6388
        9405        9372        9314
        3688        3599        3598
       10728       10636       10727
        7932        7935        7846
         356         322         358
        2271        2180        2181
       10049        9959       10047
        6830        6741        6740
        5484        5485        5397
        3420        3419        3329
        7933        7931        7844
        4214        4138        4129
        1119        1055        1056
       10440       10349       10350
        4774        4692        4690
        7658        7661        7571
        1902        1820        1818
        1583        1508        1504
         725         726         673
        7949        7948        7860
        4205        4122        4121
        6545        6631        6543
        2463        2464        2370
        6204        6124        6209
        8368        8367        8277
        1570        1492        1491
        7579        7491        7489
        4163        4165        4081
         556         513         558
        6712        6713        6625
        7225        7224        7136
        6190        6103        6189
        1283        1215        1214
        6847        6843        6758
        1156        1155        1090
        8187        8097        8096
        8657        8656        8567
        8390        8462        8372
        3321        3322        3229
       10039        9949       10030
        3962        3873        3874
        1587        1586        1508
        2085        1998        1997
        8767        8734        8676
        4860        4774        4773
       10931       10844       10933
         320         285         318
        1285        1216        1284
        3374        3329        3284
        2187        2188        2099
        7753        7666        7663
        7595        7682        7593
        9863        9773        9772
         923         866         908
        6162        6166        6077
        4645        4561        4560
       11368       11289       11290
        5666        5664        5582
        7356        7266        7355
        3509        3506        3419
        7407        7408        7319
        2277        2278        2187
        1865        1782        1866
        1734        1652        1651
       10516       10565       10476
        8968        8966        8877
        2264        2174        2173
        9757        9667        9756
        2195        2274        2183
        8108        8112        8022
        2154        2065        2153
        5441        5353        5354
        2583        2582        2489
        8621        8535        8531
        8151        8064        8061
        2072        2070        2159
        3356        3268        3264
        8875        8874        8784
        4315        4314        4229
       11086       10998       10997
        5417        5330        5329
        7971        7884        7882
        7004        6921        6913
        9359        9266        9358
         751         698         697
        2932        2933        2842
       11809       11808       11787
        3997        3999        3913
        5134        5089        5088
        7589        7592        7502
        9925       10015       10014
        2258        2257        2167
         276         244         275
        1662        1582        1581
        6053        5967        6052
        6591        6508        6503
        2755        2753        2661
        4229        4227        4313
        4977        4941        4892
        1394        1395        1324
        6473        6474        6387
        3417        3418        3327
        3597        3596        3506
        2099        2012        2011
        2846        2850        2757
        5000        4914        4913
        6251        6335        6249
        8014        8100        8010
        8464        8466        8377
        7322        7233        7320
        7770        7680        7681
        7193        7179        7104
       10351       10260       10349
        9229        9230        9139
        9380        9291        9288
        7581        7670        7580
        1850        1768        1767
        7931        7932        7843
        8105        8015        8047
        2092        2091        2004
        3999        4085        3998
        7281        7191        7190
        7459        7550        7460
       11833       11813       11834
        3996        3997        3911
        5222        5135        5133
        3938        3856        3850
        5505        5417        5416
        2937        2941        2850
        2873        2780        2781
         838         783         784
        8867        8777        8776
        3739        3653        3652
        6841        6752        6842
        2966        2874        2878
        4850        4851        4764
        2595        2596        2502
        2940        2849        2851
        4947        4868        4862
        6335        6420        6334
        7643        7626        7553
        7045        7044        6954
        6974        6884        6883
       10937       10848       10927
        1662        1663        1582
        4085        4102        4016
        7963        7876        7874
        3114        3020        3023
        3172        3082        3080
        8566        8564        8476
        3856        3771        3767
       10751       10840       10749
        2809        2718        2717
       10759       10761       10671
        9996        9906        9990
       10044        9954       10043
       11271       11191       11272
        6872        6876        6787
        4114        4027        4028
        6390        6304        6391
        3472        3471        3383
        3771        3683        3682
        4427        4428        4340
        9474        9473        9381
        4102        4103        4017
        4862        4868        4781
        9040        9041        8951
        4199        4114        4115
        7526        7439        7528
        7065        6975        6974
        6473        6387        6389
        1292        1223        1288
        4027        3940        3941
        3578        3579        3489
        2338        2246        2245
        4958        4959        4873
        4679        4680        4597
         336         301         300
        1284        1215        1283
         816         762         763
        7972        7884        7973
        2786        2693        2692
         836         781         783
        5530        5531        5617
        3082        2990        3080
        4013        3929        3927
        2897        2809        2807
        3940        3852        3853
        5442        5441        5354
        2898        2897        2808
        2076        1990        1988
        6869        6960        6872
        2875        2876        2784
       11132       11129       11214
        7392        7393        7304
        5373        5374        5286
        7642        7553        7552
        9656        9654        9563
        6636        6550        6548
        1480        1481        1406
        3932        3846        3845
        5485        5442        5397
        3686        3685        3596
        5048        5134        5047
        3238        3332        3331
        2917        2916        2827
        7231        7142        7229
        4017        3932        3931
       10120       10209       10119
        4214        4223        4138
        8065        8063        7976
        7092        7002        7001
        7319        7229        7317
        7333        7245        7244
        3045        3046        2953
        4928        4843        4844
        3559        3561        3472
        1361        1291        1357
        9274        9368        9367
        8277        8186        8188
        7150        7236        7146
        3291        3293        3202
        4081        3995        3994
       10202       10201       10112
        8183        8163        8092
         839         784         837
         614         613         567
        3995        3910        3909
         838         895         893
       10317       10229       10226
        8008        7918        7919
        4163        4081        4079
        7065        7066        6975
        2098        2099        2011
        2215        2307        2214
        2405        2404        2310
        1112        1048        1049
       10877       10789       10788
         793         847         792
        9662        9663        9569
        6661        6573        6662
        4389        4310        4301
        9703        9682        9610
        6318        6403        6317
        7313        7225        7223
       11104       11017       11105
        3781        3692        3779
        3030        3033        2941
        1845        1763        1846
        4164        4163        4080
        7491        7490        7401
        1504        1429        1503
        3774        3770        3685
        1456        1531        1455
        5221        5133        5132
        3559        3472        3470
       10038        9948        9949
        6865        6866        6777
        3417        3327        3326
        5220        5132        5131
         803         858         804
       10861       10772       10771
        9990        9906        9900
        2965        2964        2873
        6216        6129        6142
        8241        8154        8151
        8650        8739        8740
        1817        1735        1734
        7202        7112        7113
        4247        4164        4162
        8474        8391        8385
        8161        8071        8160
        6862        6775        6773
        3995        3996        3910
        4935        4851        4850
       10382       10292       10383
       11090       11001       11089
        5484        5397        5396
        7398        7313        7309
        2322        2415        2323
        3672        3598        3583
        4843        4756        4757
        4203        4120        4118
        3025        3026        2933
         897         898         841
        4286        4199        4200
        8594        8505        8504
        4763        4680        4679
       10394       10484       10401
       11854       11839       11853
        7400        7398        7311
         524         525         482
        6884        6885        6796
        2304        2398        2395
        2629        2541        2537
        8595        8506        8505
         978         971         919
        8649        8739        8650
        6231        6144        6232
        7585        7496        7495
        4790        4707        4705
        4497        4496        4410
        7127        7131        7040
        7360        7272        7271
        6405        6319        6321
        2558        2465        2557
        2174        2085        2173
        9957        9869        9867
       10112       10201       10111
        3874        3873        3784
        6902        6814        6812
        6964        6879        6873
        1362        1292        1358
        5748        5662        5661
        9550        9523        9459
       10538       10534       10448
        7281        7282        7191
        8152        8151        8062
        4581        4496        4497
        9152        9222        9131
       11142       11141       11226
        3578        3489        3488
       10950       10862       10861
        1484        1561        1563
        4271        4247        4185
        1508        1433        1504
        2868        2867        2776
         210         183         209
        7707        7618        7617
        2866        2783        2774
        9601        9512        9510
        5655        5656        5572
        1434        1362        1430
        5721        5806        5720
        6533        6447        6446
        7876        7788        7787
        3700        3609        3610
        8769        8679        8678
        2876        2877        2785
        5661        5578        5577
        1353        1284        1283
        5219        5131        5130
        2693        2779        2688
        9159        9157        9247
        3401        3312        3311
        1163        1164        1097
       10157       10069       10068
        7360        7361        7272
        1178        1179        1246
        2406        2313        2312
         486         487         446
        7162        7160        7071
        2779        2686        2685
        7962        7874        7873
        5020        5021        4936
        3673        3672        3584
        1241        1310        1240
        8936        8846        8935
        9483        9392        9482
        9472        9563        9561
        8551        8550        8460
        6750        6661        6662
        1011         951         950
        5483        5396        5395
        2866        2875        2783
        7406        7407        7317
        5434        5347        5364
        4534        4449        4448
        9519        9497        9428
        4871        4932        4847
        5323        5236        5317
        3759        3673        3671
         933         932         875
        3489        3401        3400
       10322       10231       10318
        1612        1695        1611
        6828        6830        6740
        8282        8281        8192
        9685        9591        9684
        2304        2212        2213
        6681        6685        6598
        7533        7444        7531
       11861       11845       11860
        3859        3858        3770
        1197        1199        1132
        2085        2084        2173
        1140        1141        1075
        2868        2959        2867
        2897        2807        2808
       10748       10660       10659
        6493        6407        6492
        6846        6757        6844
        7372        7283        7282
        3422        3423        3513
        1275        1206        1274
        2405        2310        2311
         237         209         236
        8182        8092        8091
        8334        8333        8244
       10712       10620       10621
        2898        2808        2896
        8630        8540        8629
        7530        7441        7529
        6917        6918        6828
        5138        5052        5051
       10130       10042       10041
        7372        7373        7283
       11126       11039       11038
        3020        2928        2930
        1740        1657        1736
        6934        6844        6845
        9711        9802        9794
        7600        7510        7599
        3609        3516        3517
         894         837         892
        2809        2717        2807
        6832        6923        6922
        1883        1969        1884
        6937        6933        6847
        2877        2878        2786
        3846        3759        3758
        3376        3288        3286
        4073        3986        3989
        5399        5312        5311
        2257        2166        2167
        7897        7808        7896
        6395        6307        6308
        5487        5400        5399
        1144        1078        1079
         922         978         919
        7593        7503        7505
        4233        4148        4230
        4751        4668        4667
        2594        2499        2500
       11265       11281       11343
        8181        8091        8090
        4432        4518        4519
        4159        4158        4075
        6394        6307        6395
        3125        3127        3033
        2718        2625        2717
        2272        2271        2181
        7647        7646        7557
        4072        3985        4070
        5288        5287        5201
        4487        4397        4486
        5001        4999        4914
        8355        8445        8446
        9573        9482        9572
        7389        7302        7300
        9900        9906        9816
        5231        5144        5143
         896         895         839
        2966        2965        2874
        4145        4061        4062
        1819        1736        1737
        9428        9406        9336
        7340        7252        7250
        1509        1434        1505
        4357        4271        4270
        2291        2200        2199
        8645        8555        8556
        6229        6141        6140
        1122        1124        1059
        1005         945         944
       10248       10158       10247
        8825        8734        8767
        7191        7193        7104
        3238        3331        3237
        6932        6842        6933
        7659        7570        7657
        3946        3945        3858
       11678       11677       11634
         898         899         842
        8163        8074        8073
         994         995        1056
        2987        2898        2896
        6446        6447        6360
        4958        4873        4872
        5485        5531        5442
        6935        6845        6863
        1582        1503        1581
        8671        8581        8582
       10274       10183       10273
        4784        4760        4700
        7579        7581        7491
        1626        1546        1625
       11038       10951       10950
        8320        8231        8230
       11373       11295       11294
        5201        5287        5200
        5631        5715        5629
        9832        9922        9836
        7642        7643        7553
        7280        7281        7190
        5571        5572        5485
        3764        3763        3675
        9057        8968        8967
        7666        7755        7665
        9695        9603        9601
        7023        6932        6933
       10862       10772       10861
        8355        8266        8265
        5482        5483        5395
        1701        1619        1702
       11408       11407       11475
        9636        9543        9635
        1600        1521        1520
        3800        3799        3886
        4640        4556        4555
       11482       11481       11545
        4544        4458        4457
       10136       10049       10047
         893         895         952
        6334        6248        6249
       10199       10289       10202
        9786        9696        9697
         857         803         802
          57          58          43
        4914        4828        4913
        3326        3234        3233
        8191        8103        8101
        9610        9588        9519
        5983        5982        5898
        1723        1806        1724
        7509        7420        7503
        7674        7586        7585
        4303        4295        4216
        7918        7828        7829
        7137        7049        7047
         672         673         623
        7658        7569        7570
        4240        4161        4155
        2118        2207        2117
        2286        2379        2285
        1254        1186        1187
         301         337         302
       11454       11380       11378
        9156        9157        9159
        6366        6281        6280
        9233        9143        9142
        3465        3378        3376
       10408       10322       10318
       10663       10751       10661
       11409       11333       11332
        7401        7400        7312
        4243        4215        4158
        1026        1087        1024
        2863        2860        2771
        6317        6231        6232
        7764        7744        7673
        5567        5627        5542
        7571        7480        7569
        6077        5992        6073
        4397        4307        4396
        8644        8554        8586
        4663        4580        4581
        1820        1737        1818
        6405        6408        6322
       11143       11055       11056
        2133        2132        2222
        8786        8784        8695
        4555        4556        4469
        8354        8445        8355
        4442        4357        4354
        9025        8935        9023
        9794        9772        9703
        4976        4892        4891
        6884        6796        6795
        3805        3720        3717
        6249        6163        6165
        9891        9827        9917
        8820        8819        8728
        5116        5030        5029
        9051        8962        8961
        4302        4217        4215
         446         447         407
        7164        7074        7160
        5480        5542        5455
        3887        3889        3802
        4565        4486        4478
        8259        8173        8169
        7619        7529        7616
         803         751         750
        7203        7113        7114
        5162        5073        5075
        3120        3121        3026
       10290       10381       10380
        8605        8603        8515
        3210        3211        3121
       10339       10250       10248
        7076        6986        6985
       10574       10575       10486
       10729       10637       10728
        1055         994        1056
        7641        7642        7552
        2165        2078        2076
       11190       11106       11191
        9751        9661        9752
        8870        8780        8779
        1145        1079        1143
        3808        3721        3720
        4251        4337        4252
        6749        6660        6661
        2680        2595        2586
        2867        2864        2775
       10790       10700       10731
        3296        3205        3204
        4986        4900        4902
        4444        4442        4356
        7874        7787        7785
       10659       10570       10661
        8748        8838        8747
        9774        9684        9773
        1209        1143        1207
        5617        5531        5572
        6371        6369        6285
        8688        8599        8598
        5501        5413        5502
        8922        8831        8921
        2263        2173        2172
       11815       11813       11833
        6773        6769        6858
        9321        9229        9228
        7250        7252        7162
         227         200         216
        3425        3333        3334
        5794        5799        5712
        1990        1904        1988
        8292        8202        8288
        2661        2753        2659
        9412        9322        9321
        6388        6302        6300
        8336        8334        8246
        6894        6805        6804
        6804        6717        6716
        4902        4900        4816
        5968        5882        5967
        9777        9692        9687
       10505       10508       10418
        5703        5616        5617
        6540        6454        6453
        9142        9052        9051
        8508        8420        8419
        5075        5073        4988
       11105       11018       11106
        4239        4154        4238
        4597        4595        4512
        6628        6541        6540
        8961        8871        8870
        1869        1786        1791
       10913       10826       10824
        5200        5219        5130
        1785        1702        1786
        1310        1378        1307
        7986        7898        7897
        1275        1276        1207
        6953        7025        6935
        8110        8020        8022
        1951        1866        1952
         429         471         430
         787         786         841
         633         585         632
        4528        4444        4443
       10421       10331       10419
        9772        9682        9703
        8199        8109        8196
        7985        7897        7896
        3333        3240        3241
        2733        2644        2640
        1362        1311        1292
        8779        8689        8688
        5826        5827        5741
        3279        3193        3189
        2677        2583        2584
        7961        7873        7872
        8381        8291        8380
        8866        8867        8776
        7313        7315        7225
        4944        4860        4859
        4427        4340        4339
        8747        8838        8837
        3321        3229        3228
       10636       10546       10635
        3045        2953        2952
        1652        1571        1651
       11563       11565       11503
        2734        2645        2641
        8360        8271        8270
        3370        3284        3279
        1337        1336        1267
        8499        8589        8500
        7783        7694        7693
        8768        8678        8677
         476         469         436
        5656        5617        5572
        9228        9138        9137
        8563        8473        8560
        3985        3899        3983
        8195        8107        8105
        6934        6936        6846
        3000        2909        2997
        2693        2787        2779
        8150        8062        8060
        5394        5395        5307
        1378        1443        1370
        4785        4702        4701
        7791        7702        7701
        5131        5045        5044
        7392        7303        7305
        7114        7021        7022
        5306        5307        5221
        5000        4913        4915
        6162        6073        6074
        3516        3425        3426
        2683        2778        2777
        8549        8550        8640
        6458        6456        6371
        2571        2477        2478
        4260        4176        4175
        7662        7573        7572
        7696        7611        7606
       10310       10307       10397
        5241        5153        5152
        8956        8866        8865
        7786        7701        7696
        6053        6054        5968
        2013        1932        1927
        8971        8950        8880
        2436        2344        2342
        6251        6165        6250
        2127        2039        2128
        5467        5468        5381
        5396        5309        5308
        8022        7933        8018
        8377        8287        8375
         725         673         672
        8877        8875        8786
        3307        3216        3215
        9061        9040        8971
        3861        3862        3773
        8865        8775        8774
        7706        7616        7618
        3228        3139        3138
        1588        1509        1584
        3899        3812        3897
        2776        2682        2738
        6303        6216        6304
         945         887         886
        2527        2436        2434
        7843        7753        7842
        4667        4584        4666
        7985        7986        7897
        8683        8594        8593
        8286        8196        8197
       11476       11408       11475
        9776        9686        9775
       10601       10603       10514
        8503        8415        8414
        2379        2472        2377
        8618        8528        8527
        2196        2286        2194
        8273        8253        8183
        1074        1012        1011
        5591        5505        5503
        8414        8325        8324
        8587        8498        8497
        7560        7468        7469
        8677        8588        8587
        5937        5853        5852
        8702        8613        8612
        3184        3094        3093
        6953        6863        6864
        6847        6758        6846
        9303        9211        9300
       10328       10237       10325
        9152        9131        9061
        8598        8509        8508
       10598       10600       10511
        7304        7214        7303
        4234        4149        4150
       11682       11643       11642
        8827        8917        8826
        4111        4112        4025
        3369        3368        3278
        3436        3350        3348
        8695        8693        8605
       11408       11331       11407
        5731        5727        5645
        5945        5860        5861
        9688        9594        9686
        8363        8343        8273
        3396        3397        3307
        9657        9568        9564
        4205        4291        4206
        7217        7128        7214
        7225        7136        7223
        5456        5369        5455
       11035       10947       10948
        1408        1338        1336
        1582        1663        1583
        3005        2913        3003
        3823        3736        3735
        8826        8735        8736
       10382       10291       10292
        1517        1596        1516
       10247       10157       10246
        6297        6210        6211
        5111        5130        5042
        3502        3413        3412
        1411        1341        1339
        7394        7305        7391
        8774        8684        8683
        8136        8047        8046
        3291        3202        3200
        8073        7985        7984
       11002       10913       10916
        2957        2866        2865
        3276        3188        3186
        1298        1230        1228
        5036        5040        4956
         186         185         212
        2416        2322        2414
        7619        7620        7530
        9713        9714        9621
        8063        7974        7976
        4374        4286        4287
        1443        1517        1441
        7129        7037        7128
        8092        8073        8002
       10037       10040        9950
        1410        1340        1338
        6390        6386        6303
        4376        4377        4290
        7620        7621        7531
        4931        4930        4846
        5816        5731        5730
        8562        8472        8473
        3485        3486        3397
        3949        3950        3862
        3977        3974        4061
        5002        5000        4915
        1145        1210        1144
        1807        1725        1724
        8319        8230        8229
       10338       10248       10247
        8180        8090        8089
        1248        1180        1181
        3575        3576        3486
         778         779         726
        7191        7104        7102
        9512        9421        9510
        3683        3594        3593
        3648        3559        3558
        7665        7576        7577
        9249        9160        9159
        4628        4543        4546
        8593        8504        8503
         122         144         143
        4551        4552        4466
        3566        3478        3477
        2684        2778        2683
        2868        2776        2829
        3354        3265        3263
        6930        7021        7020
       11176       11090       11089
        8936        8934        8846
        5982        5900        5897
         763         710         711
        6010        6011        5927
       10142       10053       10141
        3523        3521        3612
        9491        9400        9401
        6828        6740        6738
        3493        3417        3404
        9249        9159        9247
        8108        8018        8019
        7127        7035        7037
       11177       11090       11176
        9049        8959        9048
        9056        9146        9055
        5420        5508        5424
        6336        6250        6331
        7400        7488        7398
       10521       10513       10431
        7846        7756        7843
        7641        7552        7551
        3630        3540        3541
        1482        1409        1407
        9725        9722        9633
       10727       10635       10726
        8355        8356        8266
         572         573         528
        8475        8386        8472
       11362       11284       11283
        6486        6399        6398
       10603       10604       10515
        8110        8021        8020
        9866        9867        9776
        2982        2983        2892
        7040        6950        7035
        3593        3503        3502
        7931        7842        7844
         886         887         830
        3240        3149        3150
        6981        6980        6891
         317         319         354
        8811        8721        8720
        7378        7288        7289
        7198        7108        7109
        4196        4197        4112
        8880        8859        8789
        9865        9866        9775
        6917        6828        6827
        5848        5933        5849
        3130        3038        3037
        7250        7162        7161
        4939        4958        4872
        9006        8916        8949
        9326        9234        9233
        9097        9096        9004
        7666        7577        7663
        4899        4901        4815
        3910        3824        3823
        3886        3799        3885
        8444        8443        8353
       10622       10533       10532
        3625        3628        3538
        3765        3676        3677
        6290        6202        6203
        8064        7975        8061
        9105        9013        9101
       10727       10636       10635
        5569        5570        5483
       11681       11640       11641
        8949        8916        8858
        9085        8994        8993
        4283        4284        4197
        6464        6378        6463
       11006       10918       11007
        3803        3715        3716
        5024        5042        4958
        6605        6606        6518
       11705       11665       11704
       11304       11283       11223
        3023        3020        2930
        8439        8353        8349
        4464        4465        4377
        5554        5555        5468
        9245        9246        9155
        3499        3409        3410
        2183        2274        2184
        9588        9497        9519
        7280        7190        7189
        9864        9865        9774
        9774        9685        9684
        3438        3350        3436
        2309        2217        2310
        5837        5838        5753
        4487        4485        4397
        8266        8177        8176
        3593        3594        3503
        4565        4487        4486
       10403       10313       10333
        9842        9751        9752
        9706        9756        9666
         585         584         632
        4952        4956        4870
        7708        7796        7706
        8968        9056        8966
        5276        5189        5190
        4656        4572        4573
       11637       11590       11595
        8266        8267        8177
        3186        3095        3185
        1647        1646        1566
        4150        4149        4066
        6399        6397        6311
        1335        1267        1265
        9086        8995        8994
        6826        6825        6737
        6650        6648        6561
        6561        6477        6566
        2374        2290        2281
        4402        4315        4403
        8810        8720        8719
        7491        7401        7489
        3328        3236        3329
        1340        1339        1270
        3664        3665        3576
        3204        3115        3114
        8747        8657        8658
        3881        3879        3794
        1639        1640        1559
        3441        3439        3528
        5514        5427        5426
        1389        1463        1388
       11363       11285       11284
        1669        1588        1665
        8354        8355        8265
        7616        7528        7618
        6229        6140        6228
        8721        8631        8630
        2690        2689        2783
        7967        8056        7968
        9143        9052        9142
        9322        9229        9321
        7006        7005        6914
        5985        5900        5982
        2889        2888        2979
        2772        2863        2771
        9800        9802        9711
         619         620         572
        7579        7489        7576
        3233        3144        3143
        4608        4528        4523
       10622       10620       10712
        8777        8686        8776
        9933       10022        9932
        7005        7004        6913
        6179        6180        6093
        3050        2958        2957
        3735        3649        3648
        9371        9370        9388
        5639        5640        5555
       10037        9947        9948
        4266        4349        4262
        5010        4926        5011
        3143        3051        3050
        2592        2591        2685
        3794        3792        3878
        6556        6549        6468
        1723        1724        1641
        5493        5499        5411
        4230        4148        4145
        4744        4745        4660
        2016        2105        2094
        3477        3388        3387
        2622        2532        2530
        4660        4576        4659
        5343        5256        5255
        5102        5099        5015
        6446        6360        6359
       10331       10240       10329
         930         929         872
        7707        7708        7618
        3250        3162        3248
        1339        1271        1269
        5269        5181        5268
        5405        5411        5324
        5635        5720        5634
       11539       11476       11475
        5552        5553        5466
        2528        2527        2435
        1099        1166        1100
        1813        1812        1730
        7874        7876        7787
        5426        5427        5340
        3751        3752        3665
       10600       10601       10512
       10266       10353       10262
        2530        2437        2438
        2250        2161        2159
        4004        3919        3918
        5318        5324        5237
        2155        2068        2066
        5752        5753        5666
        3092        3000        3089
        2722        2633        2629
        1929        2016        2006
        7883        7884        7972
        3798        3710        3796
       11310       11229       11308
        9863        9864        9773
        9669        9677        9583
        4854        4872        4785
        4479        4390        4417
        1763        1762        1679
        6065        6066        5981
        3869        3780        3781
        4025        3944        3938
        8180        8181        8090
        7961        7962        7873
        3743        3657        3656
        9909        9820        9819
        5293        5206        5292
        4062        4061        3975
        8354        8265        8264
         510         469         476
        7962        7963        7874
        7313        7223        7309
        5634        5652        5568
        8092        8163        8073
        5255        5256        5166
        4053        3970        3967
       11859       11861       11868
        9084        8993        8992
        8151        8061        8062
        4655        4571        4572
        5793        5794        5705
        8454        8433        8363
        5539        5538        5452
        4811        4812        4725
        4093        4098        4011
        3111        3019        3018
        7398        7309        7311
        1097        1164        1098
        7289        7198        7199
        7832        7741        7742
        8181        8182        8091
        1335        1337        1267
       11492       11553       11491
        7696        7701        7611
        5447        5445        5532
        5265        5176        5177
        6465        6552        6466
        6379        6294        6378
        9601        9603        9512
        7244        7155        7154
        5233        5237        5149
        3866        3867        3778
        2149        2060        2148
        9724        9633        9632
        8962        8871        8961
        9276        9277        9370
        9686        9685        9775
        3093        3001        3092
        9608        9518        9517
        4705        4623        4621
        2436        2342        2434
        1874        1791        1872
        4837        4750        4835
        4724        4725        4640
        9066        9065        8975
         200         173         189
        7004        7011        6921
        4038        3952        3951
        2688        2594        2599
        3973        3889        3887
        6883        6795        6794
        8361        8271        8360
        1724        1642        1641
       10725       10633       10724
        6373        6287        6372
        8968        8877        8967
        2340        2341        2434
        8656        8566        8567
        5156        5159        5070
        5469        5389        5382
        1482        1561        1484
        5067        5070        4983
        5134        5088        5047
        6288        6201        6287
        4573        4485        4487
        8640        8550        8641
         210         185         183
        4020        3936        3934
        2980        2890        2889
        9770        9680        9763
        2105        2195        2183
        7203        7202        7113
        4747        4663        4664
        8780        8689        8779
        8839        8748        8836
        9432        9343        9340
        1180        1112        1113
        2527        2434        2435
        8710        8621        8620
        8786        8875        8784
        9921        9831        9844
        9017        8927        9014
        2784        2691        2690
        7469        7379        7380
        7379        7289        7290
         533         534         491
        5078        5079        4992
        8334        8423        8333
        9494        9580        9489
        6205        6119        6201
        4862        4781        4775
        8182        8183        8092
       10683       10684       10593
        9575        9583        9492
        8459        8550        8549
        8654        8660        8570
       10515       10425       10514
        9681        9587        9680
        2531        2530        2438
       10237       10147       10234
        8784        8693        8695
        7580        7490        7491
        5294        5215        5207
        8273        8343        8253
        9338        9339        9246
        8775        8684        8774
         951         892         950
        5546        5629        5544
        4510        4427        4424
        8014        7925        8013
        2044        2045        1958
        5146        5149        5061
        6035        5950        6034
        9592        9685        9686
        5167        5079        5078
        9484        9492        9401
        7598        7683        7594
        8390        8300        8301
       11054       11141       11142
        1958        1872        1957
        9422        9334        9330
         919         971         912
        1975        1890        1889
       10673       10582       10602
        4072        4071        3985
       10023       10111       10022
        9115        9023        9064
        2274        2367        2275
        6836        6747        6748
        8152        8241        8151
        8634        8612        8544
       11228       11223       11143
        9854        9763        9765
       11559       11563       11501
       11083       10995       10994
        1963        2050        2051
        2571        2569        2477
        8485        8575        8487
        6120        6034        6119
        8599        8509        8598
         742         689         739
        8970        8972        8881
        8064        8065        7976
        8061        7973        8062
        4679        4597        4596
        5059        5061        4976
        8879        8881        8790
        5354        5265        5266
        3356        3264        3355
        5764        5678        5676
        9233        9234        9143
        8638        8548        8639
        8460        8374        8463
        8372        8282        8300
       10497       10410       10407
        1747        1668        1664
       11293       11213       11212
         849         848         794
        8620        8621        8531
        8678        8588        8677
        2771        2860        2769
        5392        5455        5368
        8564        8474        8476
        2161        2072        2159
       10274       10273       10364
        5951        5867        5950
        6550        6463        6548
        3079        2989        2987
        1353        1354        1284
        4497        4410        4493
        8368        8279        8370
        8594        8595        8505
       10147       10057       10144
        6094        6009        6093
        8594        8504        8593
        4325        4239        4324
        4747        4666        4663
        5743        5792        5704
        6295        6208        6294
        9097        9004        9005
        2434        2341        2435
        9403        9489        9398
        4701        4702        4618
        9710        9707        9618
        9482        9481        9572
        3074        2983        2982
         734         786         787
        2827        2916        2826
        7400        7311        7312
       11868       11861       11870
        2118        2029        2030
        7274        7275        7185
        5457        5460        5373
        7441        7440        7529
        9559        9563        9472
        6431        6432        6346
        1394        1323        1393
        6255        6169        6208
        1734        1735        1652
        6563        6564        6474
        9029        9030        8940
        9797        9847        9756
        2142        2143        2233
        9480        9555        9464
        3885        3799        3798
       10337       10247       10246
         921         909         864
        4420        4332        4414
       10176       10087       10086
       11176       11089       11175
        6778        6779        6691
        9393        9401        9310
        8334        8244        8246
        9435        9342        9343
        4019        4020        3934
        6170        6083        6169
        6211        6210        6126
       10410       10499       10409
        4775        4697        4691
        8269        8180        8179
        7990        7901        7900
        5940        5855        5938
        7526        7528        7616
         159         135         157
        2070        1982        1983
        8719        8629        8628
        1582        1583        1504
        2529        2438        2436
        3037        3038        2946
        7008        7009        6917
        5861        5860        5776
        1048         986         987
         749         696         748
       10492       10552       10462
        8750        8749        8660
        3715        3627        3628
        5286        5288        5201
        2603        2513        2605
        8901        8810        8809
        6084        5999        6083
        8725        8702        8634
         554         511         510
        9312        9398        9306
         662         661         613
        9301        9310        9217
        9755        9664        9751
        9735        9710        9644
        1466        1541        1464
        8391        8301        8385
       10057        9966       10055
        9993        9903        9992
        4789        4790        4705
        2245        2155        2154
        9856        9765        9855
        8670        8761        8759
        4150        4066        4067
        9838        9747        9837
       10677       10589       10586
         972        1033         973
        8150        8152        8062
       10023       10112       10111
        7437        7439        7526
        6154        6066        6065
        5048        5047        4963
        8277        8188        8279
       10508       10596       10507
        2223        2133        2222
        2472        2562        2469
        8176        8085        8175
        2873        2781        2874
        4850        4764        4763
        2603        2512        2513
       10894       10982       10893
        6000        5916        5999
        4944        4945        4860
        5047        5002        4962
        9571        9647        9555
        3089        3000        2997
       11627       11583       11579
        9750        9658        9747
        8169        8079        8078
        9131        9040        9061
        3260        3174        3172
        1406        1335        1334
         422         383         421
        3231        3141        3142
       11861       11860       11869
        2693        2599        2692
        6476        6473        6389
         720         721         668
        8788        8790        8699
        3306        3307        3215
        1564        1487        1485
        7651        7561        7562
        6546        6459        6543
        5843        5758        5842
        8231        8141        8230
        8628        8539        8538
        2378        2473        2381
        3779        3690        3726
        1705        1622        1704
        5442        5354        5355
        5308        5223        5222
        5020        4936        4935
        8768        8769        8678
        2147        2237        2238
        9521        9522        9431
        8816        8793        8725
        2594        2593        2499
        2310        2218        2311
        2099        2188        2100
        1847        1932        1848
        7972        7973        8061
        6203        6202        6116
        9612        9613        9522
        2926        2837        2836
        7108        7016        7109
        5656        5743        5703
        6482        6394        6395
        9219        9306        9214
        1337        1408        1336
        2159        2070        2071
        9391        9481        9482
        9412        9413        9322
       10519       10431       10429
        8449        8359        8358
        4863        4776        4861
       10339       10341       10250
        1583        1587        1508
        2535        2534        2626
        9473        9380        9381
        2004        2003        1918
        5465        5378        5464
        9950        9860        9947
        7910        7821        7820
        7730        7641        7640
        9151        9153        9062
        9794        9863        9772
        5917        5833        5916
        5542        5543        5456
        7561        7469        7470
        3785        3695        3696
        3640        3549        3638
        5032        4954        4947
        2776        2867        2775
        7236        7147        7146
        2896        2806        2894
        9430        9431        9339
        9753        9662        9664
       11870       11861       11869
        2064        1977        1976
        6711        6712        6624
        2284        2378        2287
        9382        9389        9297
        2561        2479        2468
        3651        3737        3650
        2054        1966        2052
        1846        1763        1773
        9907        9906        9996
        9665        9659        9663
        9927        9837        9839
        3980        3894        3976
        6397        6396        6309
       10108       10019       10102
        8103        8013        8101
        9609        9518        9608
       10313       10222       10242
        3890        3803        3804
        8999        8975        8908
        6800        6801        6713
        9826        9735        9734
        8603        8513        8515
        6744        6834        6833
        4307        4308        4396
        2176        2266        2267
        1390        1319        1391
        9451        9359        9358
        3419        3416        3328
        8656        8746        8744
        7549        7459        7458
        9209        9217        9126
        1805        1806        1723
       10592       10503       10591
       10864       10863       10952
        4750        4751        4667
       11556       11602       11555
        3444        3359        3356
        4617        4618        4534
        7008        6917        6916
        4656        4655        4572
        2786        2692        2785
        9652        9656        9563
       10596       10686       10595
       10845       10849       10759
        2326        2327        2420
        4533        4534        4448
        4359        4360        4273
        2160        2159        2071
       10362       10272       10271
        6468        6549        6462
        7257        7167        7256
        9752        9661        9749
        5492        5404        5491
        4447        4448        4360
        8810        8902        8811
         997        1059        1060
        2473        2567        2476
        4728        4730        4645
        4186        4187        4103
        7369        7280        7279
        7025        7024        6935
       10767       10678       10681
       11399       11469       11471
        1340        1411        1339
       10686       10690       10599
       10289       10292       10202
        1728        1647        1645
        1166        1233        1167
        3376        3378        3288
        9627        9535        9534
        6936        6937        6847
         328         329         293
        9174        9084        9083
        9708        9616        9707
       10820       10730       10729
        9950       10040       10035
        3528        3439        3526
        2463        2556        2464
        3276        3186        3275
        9084        9175        9085
       10244       10334       10335
        3059        3058        2965
        8319        8320        8230
         516         474         475
        2987        2896        2985
       10821       10731       10730
        7561        7560        7469
        6503        6422        6417
        4248        4334        4250
        2238        2237        2330
        1411        1413        1341
        5331        5245        5332
       10574       10486       10485
        1408        1410        1338
        3505        3416        3506
        9830        9739        9831
        4226        4140        4141
        8620        8531        8530
        9085        9175        9176
        9362        9270        9269
        8801        8711        8710
        2556        2648        2557
        1715        1633        1632
        3447        3535        3446
        8442        8354        8351
        3348        3256        3347
         558         515         559
        9358        9266        9265
         583         582         630
        9137        9047        9046
        6970        6879        6964
        2746        2666        2653
        8810        8811        8720
       11372       11294       11293
        1861        1778        1779
        8696        8606        8692
        2567        2660        2570
        8811        8812        8721
        5408        5323        5404
        8473        8470        8560
        8281        8191        8192
        1811        1730        1728
        3075        2983        3074
        2071        2070        1983
        3954        3955        3867
        3172        3080        3081
        9128        9214        9123
        7091        7092        7001
        2155        2066        2154
         623         624         576
       10623       10533       10622
        2044        1957        2043
        9060        9062        8972
       10822       10790       10731
        7180        7181        7092
        9916        9827        9826
        1645        1566        1564
        9538        9534        9447
         487         488         447
        7458        7370        7369
        7371        7372        7282
        3975        3889        3973
        7000        7001        6910
        1033        1096        1034
         472         481         441
        4400        4313        4399
        5578        5491        5577
         605         559         598
        8811        8902        8903
        2713        2712        2620
        4053        3967        3966
        4316        4233        4230
        8176        8175        8265
        7064        7065        6974
        6973        6974        6883
        2098        2187        2099
       11475       11474       11538
         816         815         762
        2784        2690        2783
        1891        1808        1807
        2076        2078        1990
       10880       10791       10790
        7270        7271        7181
        2416        2414        2507
        8497        8409        8408
        3885        3798        3882
        6826        6737        6736
        6650        6561        6566
        6478        6391        6402
        7006        6914        6915
        6315        6229        6228
        9102        9192        9101
        8549        8457        8458
        2277        2370        2278
        6517        6432        6431
        1233        1303        1234
        3536        3447        3533
        1895        1813        1811
        7198        7109        7199
       10966       10879       10877
        4105        4106        4020
         605         653         603
        8174        8084        8083
        2589        2684        2683
        4017        3931        4016
        9085        9086        8994
        2562        2655        2563
        1156        1221        1155
        9160        9069        9159
        9966        9877        9965
        3713        3625        3626
        9084        9085        8993
        4489        4402        4403
        4272        4273        4187
        3444        3356        3443
        5133        5048        5046
        4818        4731        4817
        3462        3373        3456
       10917       10918       11006
       10487       10397       10398
        7197        7107        7108
       11461       11385       11384
        7379        7378        7289
        5808        5722        5758
       10442       10532       10443
        8628        8629        8539
        3881        3794        3878
       11494       11555       11493
       10693       10673       10602
        8564        8654        8570
        5925        6005        5921
        3998        3912        3913
        7351        7262        7261
        3369        3278        3367
        8428        8430        8340
        5419        5331        5332
        9945        9855        9860
        4262        4182        4177
        8301        8295        8385
        9241        9242        9151
        7961        8050        7962
        5278        5275        5191
        2331        2239        2238
        7808        7719        7718
        8008        7919        8009
        4541        4544        4457
        5180        5091        5090
        9216        9125        9126
        6139        6052        6051
        4845        4842        4758
        1096        1163        1097
        9005        9004        8914
        4917        4833        4832
        9635        9543        9542
       10965       10877       10876
        8744        8835        8750
        2609        2608        2701
        2960        2868        2919
        4744        4660        4659
        9273        9247        9182
        9929        9839        9923
        4578        4492        4575
        9037        9123        9032
        5537        5452        5450
        8634        8702        8612
        3784        3695        3785
        4146        4145        4062
        3791        3703        3790
        5016        5015        4931
        5356        5269        5268
        2959        3048        2955
        8168        8259        8169
        9118        9126        9035
        2648        2741        2649
       10770       10857       10767
        5366        5363        5278
        8517        8519        8430
        2655        2749        2656
        7289        7199        7290
        2239        2149        2148
        4866        4870        4783
        5965        5880        5879
        4223        4137        4138
        4632        4633        4548
        1075        1012        1074
        1303        1374        1304
        9035        9125        9034
        7248        7159        7158
        8607        8609        8519
        9366        9340        9273
        7274        7185        7184
        4728        4643        4726
        8697        8699        8609
        3350        3258        3348
       10240       10150       10238
        5312        5226        5311
        2734        2641        2642
        2290        2384        2291
        8642        8641        8551
        7023        7022        6932
        2816        2725        2726
        3911        3824        3910
        1294        1365        1298
        5444        5358        5443
        9745        9653        9741
        4181        4262        4177
         899         900         843
        6934        7024        6936
        4510        4513        4427
       10881       10876       10791
        7359        7360        7271
        2069        1983        1981
        4686        4687        4604
        5793        5705        5706
        8377        8376        8287
        4847        4760        4784
       10857       10861       10771
        1374        1448        1375
        4110        4109        4023
       10363       10272       10362
        5534        5447        5532
        3278        3188        3276
        6937        7023        6933
        2263        2264        2173
       10891       10892       10802
        8740        8743        8653
        4313        4311        4399
        4379        4292        4378
       10477       10387       10476
        7874        7785        7873
        4006        4011        3925
       11516       11450       11449
        3759        3761        3673
       11173       11086       11172
        9459        9432        9366
        2945        2946        2856
        9712        9713        9620
        6590        6588        6502
        4974        4976        4891
        6100        6102        6017
        4205        4121        4204
        5620        5536        5618
        8732        8731        8641
        4769        4770        4686
        1977        1891        1976
        8947        9032        8942
         776         777         724
        5932        5933        5848
        7379        7290        7380
        4041        4042        3955
        9455        9363        9362
         653         652         603
        4917        4918        4833
        9027        9035        8945
        4469        4471        4382
        7542        7453        7452
        4981        4983        4897
        8189        8187        8098
        7448        7449        7360
        2660        2754        2663
        9671        9668        9758
        6632        6633        6545
        7332        7333        7244
        1813        1730        1811
        4060        3975        3973
        5957        5955        5872
        3549        3639        3550
        6544        6545        6458
        6170        6171        6084
        3761        3848        3760
        5708        5696        5623
       10364       10273       10363
        5696        5610        5623
        4070        4153        4154
        5571        5655        5572
        9842        9846        9755
        5665        5666        5582
        8823        8730        8731
         615         616         568
        6720        6721        6633
        3578        3488        3560
       10625       10535       10624
        5868        5787        5783
        6127        6126        6040
        9901        9812        9811
        4767        4785        4701
        3910        3823        3909
        2272        2364        2271
         476         436         437
        3184        3093        3183
        5379        5291        5378
        6751        6750        6662
       11478       11410       11477
        2947        2857        2946
        2248        2247        2157
        9558        9652        9559
        4128        4129        4042
        7962        8050        8051
        6415        6501        6418
        2172        2084        2083
        9904        9815        9814
        7422        7423        7333
        4977        4892        4976
       10262       10353       10263
        9817        9814        9725
       11138       11055       11143
       10160       10071       10158
        9727        9636        9635
        5002        4915        4916
       10819       10729       10728
        6188        6189        6102
        6457        6458        6371
        4639        4640        4555
       10363       10273       10272
        1787        1704        1777
       10768       10770       10681
        2697        2604        2603
       11410       11409       11477
        8284        8283        8373
        9091        9066        8999
       10084        9995        9994
        9710        9618        9644
        3260        3172        3173
        6808        6809        6721
        3995        3909        3994
        2595        2501        2586
        9537        9447        9446
        6092        6093        6008
        4983        4898        4897
        8281        8193        8191
        8010        7920        7921
        5429        5428        5342
        5826        5911        5827
        7811        7812        7721
        3166        3075        3074
        9762        9851        9760
        2356        2264        2263
        7538        7539        7449
        3097        3187        3096
        2969        2966        2878
        9816        9906        9817
        8919        8923        8832
        4397        4396        4486
       10588       10500       10589
        1647        1566        1645
        6298        6297        6211
       11439       11505       11506
        1773        1761        1689
        9351        9258        9350
        2222        2132        2221
        9540        9537        9449
        8259        8263        8173
        4816        4814        4729
        5946        5945        5861
        3739        3652        3684
        2522        2521        2613
        4988        4986        4902
        3596        3595        3505
        6750        6749        6661
        8950        8859        8880
        5484        5571        5485
        2749        2841        2750
        4704        4705        4621
        9931        9930        9841
        5607        5521        5520
        8008        8007        7918
        1340        1412        1411
        3559        3470        3558
         487         447         446
        9819        9728        9727
        8938        8945        8854
        6469        6389        6383
        2866        2774        2865
        2741        2832        2742
        2153        2065        2064
         913         972         914
        9995        9991        9905
        6898        6899        6809
        7989        7990        7900
        4013        3927        4012
        3938        3850        3937
        6749        6748        6660
        3354        3263        3352
        5164        5162        5075
        1647        1729        1646
        9432        9340        9366
        4081        3994        4079
        1805        1723        1722
        2331        2238        2330
        2907        2816        2817
        7787        7697        7785
        6434        6440        6354
        8559        8470        8469
        1340        1270        1338
        8338        8340        8250
        5292        5205        5291
        9735        9644        9734
        1763        1679        1761
        2783        2689        2774
        9644        9643        9734
        3932        3845        3931
        7162        7071        7161
        3820        3906        3819
        8848        8854        8763
        2953        3046        3032
        3337        3245        3327
        8721        8630        8720
        7795        7794        7705
        9166        9076        9075
        8295        8211        8205
        3089        2997        2998
        8092        8002        8091
        8856        8942        8851
        9280        9282        9284
        5604        5603        5517
        6021        6022        5937
        7295        7384        7297
        4928        4844        4929
        7738        7737        7647
        8168        8169        8078
        6663        6576        6664
        8995        8904        8994
        3129        3130        3037
        4300        4301        4214
        5417        5329        5416
        2629        2633        2541
        3243        3242        3152
        9815        9811        9723
        8828        8832        8741
       10064        9975        9974
        4163        4079        4080
        4031        3944        4025
        9997        9994        9907
       10723       10631       10718
        4388        4389        4301
       10086        9997        9996
        3681        3595        3685
        5721        5807        5806
       10080        9996        9990
        8686        8596        8685
        1927        1932        1847
        4477        4478        4389
        2239        2148        2238
       10412       10323       10322
        2832        2922        2833
        2804        2712        2713
        7469        7380        7470
        3417        3326        3404
        9816        9725        9724
        1324        1253        1323
       10246       10156       10159
        7426        7337        7336
        4114        4113        4027
        3155        3234        3245
        6291        6290        6203
       10222       10132       10152
        1768        1851        1769
        3526        3439        3437
        2325        2234        2232
        6787        6876        6788
        8471        8559        8469
        1411        1412        1486
        7860        7859        7771
        1301        1231        1300
         830         831         776
        4081        4082        3995
        6117        6116        6031
        7604        7515        7514
       11673       11629       11630
        6486        6487        6399
        4774        4690        4773
        6576        6575        6583
        7089        7047        6998
        7158        7159        7069
       10506       10416       10417
        8757        8763        8672
        2605        2513        2602
        3489        3400        3488
        2148        2060        2059
        8999        9066        8975
        5777        5776        5689
        9537        9538        9447
         655         607         640
        3079        2987        3077
        8708        8624        8618
        2111        2201        2112
        3312        3220        3311
        5981        5983        5898
        3700        3610        3689
        1197        1132        1129
        7671        7761        7670
        4164        4080        4162
        8810        8719        8809
        2620        2528        2618
        9538        9627        9534
       11603       11602       11556
        6517        6605        6518
       11638       11591       11637
        3229        3322        3301
        6490        6489        6404
        2841        2932        2842
        7617        7528        7527
        7563        7471        7472
        9627        9628        9535
        6917        7009        6918
        8561        8649        8559
        4692        4609        4690
        4645        4560        4643
        5557        5472        5559
        4213        4214        4129
        8439        8528        8444
        5000        5001        4914
       10157       10068       10156
        9821        9729        9820
        8444        8533        8443
        3676        3764        3675
        8010        7921        7925
        4086        4169        4085
        4122        4036        4121
        1429        1357        1428
        5434        5364        5451
         724         725         672
        1323        1321        1393
        4561        4474        4560
        3436        3348        3435
        4941        4856        4892
        2313        2221        2312
        9297        9296        9205
        8439        8444        8353
        1266        1199        1267
        7245        7155        7244
       11556       11555       11494
        7647        7737        7646
        6555        6556        6468
        1357        1287        1356
       10429       10341       10339
         267         236         266
        4564        4565        4478
        9385        9293        9295
        3526        3437        3438
        1339        1269        1270
       10249       10246       10159
        1813        1896        1812
        6989        6990        6899
        9895        9805        9804
        1441        1368        1370
        6731        6732        6644
        7647        7557        7558
        8439        8349        8348
        3929        3842        3927
        9620        9713        9621
        6382        6462        6376
        3770        3769        3681
        1392        1320        1322
        5340        5343        5255
        3308        3216        3307
         944         945         886
        7741        7651        7742
        9084        8992        9083
        5513        5514        5426
       11089       11001       11000
         442         443         403
        4567        4480        4481
       10279       10371       10370
        2240        2150        2149
        2141        2054        2052
       10079        9990        9989
       11169       11082       11164
        2528        2435        2526
        3401        3311        3400
        2112        2202        2113
        2201        2202        2112
       10504       10414       10503
        8060        7973        7971
        8384        8470        8473
        8666        8672        8582
        5662        5749        5663
        1190        1192        1124
       10717       10626       10625
        5574        5488        5487
        6623        6624        6536
        2424        2331        2330
       11170       11083       11169
        5505        5416        5503
        2922        3014        2923
        3672        3583        3584
        9362        9363        9270
        1386        1461        1385
        9931       10020        9930
        8539        8449        8538
        7730        7731        7641
        6931        7021        6930
        5465        5466        5379
        6909        6910        6820
        7336        7337        7248
        5220        5306        5221
        9432        9435        9343
        4247        4162        4185
        5664        5586        5580
        6700        6701        6613
        2076        1988        2075
       10061        9971       10059
        6936        7024        7026
        6884        6795        6883
        3857        3769        3858
        2056        1969        1968
       10621       10620       10531
        9354        9350        9261
        1390        1321        1319
        1465        1543        1467
        2535        2626        2627
        3940        3853        3941
        3771        3682        3767
        1686        1604        1685
        3683        3593        3682
        7198        7197        7108
        3673        3584        3671
        2629        2537        2538
        7421        7477        7388
        4027        3941        4028
        3278        3368        3277
        7137        7047        7089
        4860        4773        4859
        6882        6883        6794
        3846        3758        3845
        7738        7647        7648
        7918        7829        7919
        8266        8176        8265
        1004        1005         944
        7665        7669        7579
       11164       11082       11077
        5166        5167        5078
        3856        3767        3850
         565         564         521
        5582        5664        5580
       10150       10061       10148
        8403        8491        8402
        4114        4028        4115
        3934        3936        3849
        1241        1311        1310
        3374        3420        3329
        8248        8250        8160
        6516        6604        6517
        2897        2899        2809
        8073        7984        8002
        3650        3667        3578
        3609        3517        3610
        7985        7896        7984
        2932        3025        2933
        7854        7765        7805
        1480        1406        1405
        3003        2912        3002
        2054        2142        2053
        7837        7839        7749
       10774       10773       10863
        2258        2167        2256
        3003        3094        3095
        5990        5906        5905
        9370        9296        9388
        3420        3509        3419
        1606        1527        1604
        3498        3587        3496
       10408       10412       10322
        9447        9443        9354
        8313        8402        8312
       10013        9923        9924
         664         665         615
       10132       10043       10063
       10718       10631       10626
        2351        2258        2349
        9290        9297        9205
        6456        6369        6371
       10818       10728       10727
       11305       11225       11224
        1639        1559        1558
        9632        9540        9539
        6388        6300        6387
       10964       10963       11051
        2139        2050        2138
        4843        4757        4844
        8359        8269        8358
         712         711         661
        3759        3671        3758
        4992        5049        4965
        8446        8447        8356
        5491        5490        5577
        9540        9633        9630
        2216        2125        2126
        9010        9101        9009
        2722        2629        2630
        4199        4115        4200
        5394        5482        5395
        7463        7555        7554
       10902       10903       10813
        6363        6364        6278
        8132        8134        8044
        5656        5742        5743
        2894        2804        2805
        5687        5692        5606
       11040       11041       10953
        9182        9157        9091
        9815        9901        9811
        9816        9817        9725
        6346        6347        6261
        7243        7244        7154
         544         589         543
        6857        6768        6856
        7514        7515        7426
        7896        7808        7807
        4271        4185        4270
        2980        2889        2979
        2622        2624        2532
        9823        9822        9912
        3721        3722        3634
        1037         976        1036
       10080       10169       10170
        6576        6487        6575
        8042        8044        7955
        4073        3989        4076
        3718        3805        3717
        3509        3597        3506
        7926        7928        7839
       11626       11579       11578
        1560        1561        1482
        9114        9204        9113
       11546       11482       11545
        2880        2789        2879
        2160        2250        2159
        9817        9904        9814
        2502        2407        2501
       10680       10768       10679
        5991        5906        5990
        2042        1956        1955
        5347        5276        5364
        1657        1576        1653
        6517        6518        6432
        9915        9826        9825
       10716       10625       10624
        9652        9563        9559
        1186        1119        1187
        8180        8089        8179
        3640        3639        3549
        6014        6017        5932
        7866        7778        7777
        2155        2157        2068
        7858        7860        7771
        9900        9816        9810
        4583        4498        4580
        9021        9097        9005
        5306        5394        5307
        6887        6888        6799
        4072        4070        4154
        8569        8553        8479
        8934        8847        8844
        7191        7102        7190
        2754        2846        2757
        5865        5866        5781
        4157        4159        4075
       10815       10725       10724
        5505        5506        5417
        1318        1248        1253
       10250       10160       10248
        2662        2569        2571
         228         229         258
        9727        9728        9636
       10814       10724       10723
       10816       10726       10725
        7561        7470        7562
        3370        3374        3284
        2697        2698        2604
        2713        2620        2711
        1768        1685        1767
        3176        3265        3264
        4707        4623        4705
         993        1054         992
        8531        8445        8442
        1662        1581        1661
        6421        6506        6420
        2325        2232        2324
        2053        1965        1966
        8915        8914        8822
        2478        2383        2392
        3023        2930        2931
       10817       10727       10726
        2069        2071        1983
        6575        6488        6495
        9877        9787        9875
        8992        8902        8901
        7953        7955        7866
        7047        6956        6998
        2453        2359        2452
        5332        5245        5330
        3985        4071        3984
        7906        7907        7817
        9265        9175        9174
        6516        6517        6431
       10079       10169       10080
        8444        8528        8534
        5939        5942        5857
        2365        2364        2272
       11164       11077       11163
        3172        3174        3082
        8391        8479        8390
        1734        1651        1733
        3597        3686        3596
        1983        1897        1981
        1716        1633        1715
       10493       10494       10404
        7369        7370        7280
        2064        2065        1977
        6113        6114        6029
        1336        1266        1267
        3378        3289        3288
        4161        4245        4160
       11540       11476       11539
        8265        8175        8264
        4595        4510        4512
        4156        4240        4155
        2531        2622        2530
        1406        1407        1335
       10826       10825       10734
        2520        2427        2519
       10624       10534       10538
        4340        4253        4339
        6370        6371        6285
        6744        6656        6745
        7552        7461        7551
        6332        6247        6246
        1055        1054         993
        6302        6214        6300
       11144       11143       11056
        2208        2118        2119
        1988        1902        1987
        7777        7778        7688
        1902        1818        1901
        2613        2521        2612
        1651        1570        1650
        4657        4656        4573
        2094        2007        2006
        8531        8442        8530
         920         979         921
        7785        7784        7873
        5019        5106        5022
        9997       10084        9994
        9826        9734        9825
       10530       10442       10440
        8359        8360        8270
       10901       10900       10989
        1570        1491        1569
        1541        1542        1464
        4286        4200        4287
        2527        2529        2436
        6396        6395        6308
        5635        5721        5720
       10080       10086        9996
        2774        2689        2680
        3648        3649        3559
       11544       11481       11480
        3333        3241        3334
        4574        4573        4487
        4396        4398        4486
        5683        5684        5599
       11676       11634       11632
        1481        1482        1407
        7594        7595        7505
       10079       10080        9990
        2504        2597        2598
        7701        7612        7611
        7068        7069        6978
        9995        9905        9994
        6283        6286        6199
        6237        6314        6227
        4357        4270        4354
        2957        2958        2866
       10115       10205       10204
        3516        3426        3517
        1605        1526        1527
        6329        6246        6243
        3686        3774        3685
        8372        8371        8282
        7768        7769        7678
        4544        4545        4458
        6153        6154        6065
        7104        7012        7102
        9672        9760        9670
        7875        7964        7880
        2236        2146        2145
        2846        2937        2850
        5852        5853        5768
        5906        5821        5905
         334         369         332
        7498        7499        7409
        5111        5200        5130
        4217        4303        4216
        4442        4354        4356
        2937        3030        2941
        1529        1453        1526
        2423        2330        2329
        3425        3334        3426
        6332        6246        6329
        5288        5375        5287
        6507        6594        6506
        8354        8264        8351
        4427        4339        4424
       11170       11084       11083
        5936        5937        5852
        3614        3523        3612
        7247        7248        7158
        2696        2603        2605
       10295       10291       10382
        6038        5953        5956
        7641        7551        7640
         238         269         240
        4403        4315        4400
        6930        6840        6931
        2598        2597        2691
       11480       11479       11543
        3966        3879        3881
        7871        7872        7783
        2696        2697        2603
        1559        1640        1560
        1946        1861        1862
        6915        6825        6826
        6736        6648        6650
        6566        6477        6478
        3240        3150        3241
        2427        2428        2334
        9997        9907        9996
        2702        2610        2609
        4597        4512        4596
       10108       10198       10196
        1454        1380        1453
        9916        9826        9915
        5480        5567        5542
        1661        1580        1660
        1248        1247        1180
        2022        1935        2021
        6191        6192        6105
        6228        6140        6139
        2110        2021        2109
       11212       11128       11127
        3356        3359        3268
        6828        6738        6827
       10338       10339       10248
       10602       10582       10513
       10038       10126       10037
        5268        5181        5180
        3611        3521        3520
        4832        4745        4744
        7097        7005        7006
        8760        8761        8670
        4659        4576        4578
        7960        7961        7872
        2529        2531        2438
        8914        8821        8822
        3878        3792        3791
        2988        2989        3080
        8574        8575        8485
        4444        4356        4443
        9894        9895        9804
        1122        1190        1124
         782         729         780
        4663        4666        4583
        5879        5794        5793
        4239        4241        4156
        5434        5349        5347
        6689        6690        6603
        6595        6681        6594
       10441       10440       10350
        6966        7055        6964
        3774        3859        3770
        5532        5445        5444
        8269        8270        8180
       11387       11310       11308
        7677        7678        7589
        3025        3120        3026
        3805        3808        3720
        5815        5816        5730
        9330        9334        9241
       10141       10053       10052
        9753        9754        9662
        4697        4613        4691
        8956        8957        8866
        2506        2414        2413
        8737        8741        8651
         607         561         592
        2199        2109        2198
        8272        8273        8183
        7882        7795        7793
        5546        5631        5629
        5024        5111        5042
        1752        1669        1748
        6817        6865        6776
        6407        6321        6406
        8105        8017        8015
        9239        9149        9148
        2140        2141        2052
        4210        4126        4125
        3933        4019        3934
        9990        9900        9989
        2755        2661        2662
        2702        2609        2701
        1335        1265        1334
        9534        9443        9447
        3765        3764        3676
        9815        9723        9814
        3630        3541        3631
         990        1051        1050
        4528        4443        4523
        3030        3125        3033
        5898        5982        5897
        2588        2645        2682
        2329        2237        2236
        1392        1322        1380
        9811        9719        9723
        6354        6355        6269
        7588        7589        7499
       10362       10271       10361
        4057        3970        4053
       10167       10079       10077
       10158       10069       10157
        5457        5544        5460
        1579        1578        1659
        6319        6233        6235
        4154        4153        4238
       10403       10333       10423
        4750        4747        4835
        7603        7604        7514
        2506        2413        2412
        1521        1445        1520
        8034        7945        8033
        3343        3340        3429
        7425        7426        7336
        3230        3319        3226
         590         637         589
       10122       10210       10120
        6416        6413        6499
        4011        3926        3925
        7900        7901        7811
        9515        9516        9425
        7828        7738        7829
        3339        3250        3248
        9334        9242        9241
        7280        7189        7279
        4663        4581        4664
        9887        9937        9847
        1267        1199        1265
       11134       11218       11133
        4410        4406        4493
        9933       10023       10022
       10889       10800       10890
       10531       10530       10441
         638         687         637
        2979        2888        2978
        3859        3946        3858
        3772        3861        3773
        6917        6827        6916
         872         871         816
        5392        5480        5455
        7872        7784        7783
       11096       11007       11027
        6017        5933        5932
        8078        8079        7989
        7981        7982        7893
         501         543         500
        3985        3983        4070
        3933        4018        4019
         817         816         763
        2433        2339        2432
        8765        8851        8760
        9138        9047        9137
        5730        5731        5645
        2696        2789        2697
        6690        6778        6691
        3986        3903        3989
        6522        6608        6520
        4529        4614        4612
        4854        4939        4872
        1559        1480        1558
        4725        4641        4640
        4024        4111        4025
        2165        2076        2164
         688         740         687
        4026        4110        4023
        4939        5024        4958
       11383       11388       11460
        1491        1416        1490
       10259       10258       10168
        4159        4243        4158
        9447        9354        9446
       11553       11599       11552
        9843        9933        9932
        5882        5798        5884
        2612        2520        2611
       10890       10800       10887
        5191        5188        5102
        4048        3961        4049
        9819        9820        9728
        2445        2351        2443
        1773        1763        1761
        5921        5922        5838
       11173       11087       11086
        8576        8582        8492
        8663        8664        8574
         301         266         300
        6700        6613        6612
        3178        3176        3264
        9537        9446        9449
       10398       10308       10309
        5784        5697        5698
        2145        2057        2056
        2245        2154        2244
       10067        9978        9977
         144         168         167
        5099        5101        5014
        7363        7275        7274
        9787        9697        9785
        3005        3003        3095
        8051        8052        7963
        3946        4032        3945
        2030        1943        1946
        8438        8439        8348
        8362        8363        8273
        6216        6142        6230
        9831        9754        9844
        4243        4302        4215
        1416        1344        1415
       10809       10723       10718
       11407       11406       11474
        1485        1412        1410
        1344        1274        1343
        5869        5784        5786
        9793        9795        9704
       10690       10689       10599
        6757        6668        6754
        5036        5124        5040
        6391        6316        6402
        4478        4398        4389
        1469        1545        1547
        4289        4376        4290
       10386       10387       10297
        3120        3210        3121
        9816        9724        9810
        6613        6609        6525
         957         958         899
        7715        7674        7625
        9878        9792        9788
       10337       10338       10247
        5002        4916        4962
        9826        9827        9735
        9601        9510        9600
        1078        1015        1016
        1483        1485        1410
        4099        4183        4100
        5179        5089        5134
        5953        5869        5871
        3125        3215        3127
         458         419         459
        5270        5357        5358
        3777        3866        3778
        6052        5966        6051
        2148        2059        2147
        1315        1245        1316
       10670       10671       10581
        5380        5467        5381
        6668        6580        6665
        1439        1367        1440
        5743        5742        5828
        4465        4551        4466
        7975        7886        7972
        7115        7114        7022
        4751        4752        4668
       10441       10530       10440
        9540        9449        9539
        7625        7674        7585
       10519       10521       10431
        2064        1976        2063
       10714       10623       10622
        5047        4962        4963
        8835        8841        8750
        8223        8312        8222
        9333        9423        9331
        3149        3056        3150
        5452        5365        5450
        4239        4238        4324
        1654        1573        1652
        8348        8349        8258
        6565        6562        6476
        4860        4945        4861
        5523        5525        5436
        4645        4730        4646
        9256        9262        9171
        1747        1664        1746
       10825       10739       10735
        7204        7203        7114
        3899        3897        3983
        2697        2789        2790
         735         682         734
        7343        7253        7338
        2239        2240        2149
        7136        7045        7134
        7782        7783        7693
        4691        4613        4608
       10505       10594       10508
        1745        1662        1744
        1393        1321        1390
        4066        3980        4067
        2681        2588        2682
       10531       10620       10530
        2695        2605        2602
        6009        6090        6005
        8482        8394        8393
        4952        5036        4956
       10079        9989       10077
        2106        2104        2017
        9278        9296        9370
       11295       11298       11217
         394         358         396
       10592       10591       10682
        7405        7406        7318
        8191        8193        8103
        4082        4083        3996
        7060        6969        7059
        6500        6501        6415
        4227        4224        4311
        7695        7784        7785
        3798        3796        3882
        3803        3716        3804
        7317        7227        7318
        1991        1905        1906
       11644       11655       11609
        1660        1579        1659
        8877        8786        8876
        7150        7060        7149
        8643        8553        8569
        6799        6800        6712
        1406        1481        1407
        3673        3761        3760
        6473        6563        6474
         432         431         392
        8046        8047        7958
        9222        9223        9132
        6341        6427        6342
        2612        2521        2520
        2953        2862        2952
       10521       10602       10513
        1782        1699        1783
        3598        3507        3583
        1978        1892        1977
        6389        6301        6383
        4133        4134        4219
        6580        6492        6577
        4813        4899        4815
        2433        2341        2339
        1817        1734        1816
        1891        1807        1890
        2231        2141        2140
        7853        7834        7764
        4427        4513        4428
        2701        2608        2700
        6399        6487        6485
        8442        8445        8354
        5838        5922        5920
       10074        9984        9983
        4901        4987        4903
        5926        6010        5927
        1310        1311        1381
        1971        1886        1885
        2509        2508        2416
        1112        1049        1113
        3719        3807        3806
        1946        1943        1861
        5500        5587        5551
        3894        3890        3976
        1206        1140        1205
        8280        8194        8284
        3166        3167        3075
        2990        2988        3080
        7864        7866        7777
        8242        8331        8241
        9470        9377        9379
        4548        4550        4464
        8453        8454        8363
        4617        4701        4618
        9803        9894        9804
        4533        4617        4534
        5490        5403        5402
        9632        9633        9540
        8258        8259        8168
        6482        6481        6394
        4266        4353        4349
        5159        5248        5160
       10598       10689       10600
        7918        8007        7917
        6464        6551        6465
        4309        4398        4396
       10677       10680       10589
        5442        5355        5397
        4447        4533        4448
         725         778         726
        3447        3444        3533
       10628       10624       10538
        9667        9668        9574
        6404        6318        6339
        7615        7617        7527
        1889        1805        1888
       10249       10337       10246
        2583        2489        2490
        8786        8695        8785
        9057        8967        9053
        3189        3103        3098
        4017        4018        3932
       11545       11481       11544
        8554        8464        8496
        9148        9057        9144
       10066       10116       10027
        9976       10027        9937
        6673        6672        6586
        3264        3265        3355
        3095        3094        3185
        8138        8139        8049
        7045        6954        7043
        1190        1258        1192
         741         793         740
         269         304         271
        1805        1722        1804
       10684       10594       10593
        7122        7210        7121
        7480        7391        7478
        3625        3536        3626
       10328       10325       10415
        5418        5507        5420
        3396        3485        3397
        7096        7103        7011
        6318        6232        6253
        6954        6864        6952
        2059        1971        2058
        7704        7707        7617
        7031        7034        6944
        7059        6969        6968
        3485        3575        3486
        8228        8229        8139
        6502        6588        6500
        8257        8249        8167
       10933       11020       11021
        9247        9157        9182
        8695        8605        8694
        6942        6943        6853
        6842        6753        6843
       10073       10074        9983
        3575        3664        3576
        4597        4678        4595
        3611        3520        3519
        3429        3340        3341
        8979        9061        8971
       10709       10708       10617
        4359        4447        4360
        8336        8246        8335
        7281        7371        7282
        2940        2851        2862
        8605        8515        8604
        9079        9166        9075
       10448       10444       10357
        2338        2245        2337
        3861        3949        3862
        2290        2198        2281
        4767        4854        4785
        8515        8426        8514
        2677        2584        2678
        5048        4963        5046
        2896        2894        2985
       11544       11480       11543
        7330        7331        7242
        8287        8197        8285
        7651        7650        7561
         481         522         480
        3306        3396        3307
        4223        4222        4137
        9379        9377        9287
       10386       10336       10426
        8676        8586        8675
        8888        8971        8880
       10024       10025       10113
        6587        6590        6502
        4915        4830        4916
        8507        8508        8419
        2807        2716        2808
        4177        4182        4098
        7868        7779        7861
        9827        9801        9735
        6432        6518        6433
        5758        5757        5842
        7687        7688        7598
        8426        8336        8425
        6163        6074        6076
        2501        2407        2406
        5477        5390        5389
        2418        2325        2324
        8724        8725        8634
        7401        7312        7399
        2324        2232        2231
        8464        8375        8407
        1562        1564        1485
       10258       10169       10167
        8543        8544        8454
        8597        8598        8508
        8767        8676        8766
        4789        4875        4790
       11599       11644       11598
        9331        9422        9330
        9723        9722        9814
        6671        6673        6586
        8418        8419        8329
        4111        4196        4112
        8633        8634        8544
        7753        7663        7752
       10258       10167       10168
        7957        7868        7950
        8149        8150        8060
        5572        5531        5485
        3340        3250        3341
        8482        8393        8481
        9057        9058        8968
        7933        7844        7929
        2153        2064        2152
       10157       10156       10246
        8109        8019        8106
        8055        8056        7967
         779         834         780
       11697       11731       11735
        9846        9935        9845
        3561        3651        3650
        5623        5610        5538
       10721       10722       10630
        8059        8060        7971
       10797       10709       10706
        3612        3521        3611
        4288        4201        4202
        2096        2008        2095
        5436        5435        5349
        6790        6791        6703
        4060        4062        3975
       11126       11127       11039
        4146        4230        4145
        3418        3508        3428
        6712        6800        6713
        2330        2237        2329
        6180        6266        6181
        7833        7743        7744
        7970        7971        7882
        4196        4283        4197
        7504        7505        7416
        8778        8779        8688
       11673       11630       11674
        8799        8708        8707
        8869        8870        8779
        8960        8961        8870
        8687        8688        8598
        4866        4952        4870
        9050        9051        8961
        4376        4464        4377
        1140        1074        1139
        2928        2839        2930
        5539        5623        5538
        2314        2408        2315
       11737       11703       11705
        4272        4359        4273
        8815        8816        8725
        3356        3355        3443
        8501        8503        8414
        7557        7465        7466
        4551        4635        4552
        1828        1912        1829
        1406        1334        1405
        1074        1011        1073
        8412        8414        8324
        6520        6440        6434
        4093        4177        4098
        8591        8593        8503
        8698        8768        8677
       10421       10419       10509
        2423        2424        2330
        2970        2882        2880
        3488        3471        3560
        8608        8677        8587
        9392        9300        9391
        3664        3751        3665
        1015         954         955
        3751        3839        3752
        9141        9142        9051
        6875        6964        6873
       10939       10850       10851
        8318        8319        8229
        8681        8683        8593
       11478       11477       11541
        2620        2619        2528
        5133        5046        5132
        3580        3490        3579
        2987        2985        3077
        4643        4641        4726
         173         148         163
        2509        2416        2507
        3997        4084        3999
        8518        8587        8497
        9362        9269        9361
        9436        9519        9428
        7102        7101        7190
        5537        5539        5452
        5366        5450        5363
        9998       10088        9999
        7557        7466        7558
        5107        5021        5020
        8572        8483        8482
        9455        9362        9454
        9592        9591        9685
        8772        8774        8683
        6232        6144        6167
        5556        5477        5469
        2682        2645        2738
       10170       10176       10086
        2997        2907        2998
        9232        9233        9142
        1958        2045        1959
        3080        2989        3081
        7688        7683        7598
        9527        9610        9519
        9325        9326        9233
        3578        3667        3579
       11081       11078       10992
        9344        9428        9336
        5265        5177        5266
        2232        2141        2231
        8863        8865        8774
        3999        4086        4085
       10947       10949       10860
        9695        9601        9694
        9819        9727        9818
        5176        5086        5177
        9424        9425        9333
       10978       10891       10889
        8046        7957        8039
        2776        2738        2829
        5368        5369        5281
        1018        1019         958
        1975        1889        1974
        9425        9423        9333
        3348        3347        3435
       10211       10212       10122
       10313       10242       10333
        8907        8908        8816
        9072        8981        8980
       11350       11351       11426
       10812       10722       10721
       10396       10484       10394
        3059        3152        3058
        8954        8956        8865
        8741        8739        8651
        5957        6040        5955
        9044        9046        8956
        6591        6503        6505
        3263        3260        3352
        8012        8011        7923
        7641        7731        7642
        4102        4186        4103
        3093        3092        3183
        9597        9687        9593
        9070        9152        9061
        6298        6383        6297
        5456        5458        5371
         764         763         711
        7647        7558        7648
        5016        5102        5015
        5868        5872        5787
         833         834         779
        2146        2057        2145
        6127        6211        6126
        6469        6476        6389
        9251        9336        9243
        9677        9768        9766
        4181        4266        4262
        3186        3185        3275
        7639        7550        7549
        6417        6331        6333
        9135        9137        9046
        8617        8618        8527
        6503        6417        6419
       11487       11488       11421
        4704        4789        4705
        2875        2967        2876
        4541        4626        4544
       11721       11720       11751
        5708        5783        5696
       10535       10534       10624
        4106        4190        4108
       11541       11477       11540
        9509        9418        9508
        1889        1806        1805
       10991       10903       10902
        8998        8999        8908
        9988        9987        9898
        8287        8376        8286
        4457        4458        4369
        5467        5554        5468
        9226        9228        9137
       10237       10234       10325
        4632        4716        4633
        5354        5266        5355
        6711        6799        6712
        4006        4093        4011
        5653        5570        5569
        2966        3059        2965
       11378       11380       11301
       11086       11087       10998
        8264        8175        8174
       10887       10800       10797
       10261       10267       10176
        1660        1580        1579
        3927        3926        4012
        9410        9412        9321
        7347        7259        7257
        6522        6520        6436
         817         872         816
        3995        4082        3996
        9161        9243        9152
        9346        9253        9252
        1643        1645        1564
        9319        9321        9228
        9691        9777        9687
        9451        9358        9450
        1838        1922        1839
        9805        9714        9713
        5837        5921        5838
        4724        4811        4725
        8980        8981        8889
        9389        9480        9464
        2528        2526        2618
        9542        9451        9541
        2000        2004        1918
        5067        5156        5070
        9755        9846        9845
       10717       10718       10626
        4811        4897        4812
        9734        9643        9733
        6436        6520        6434
        7091        7180        7092
        3856        3860        3771
        6084        6171        6085
       10813       10722       10812
        3962        3874        3963
        9269        9178        9268
        9271        9180        9270
       10992       10903       10991
        4897        4898        4812
        3278        3276        3367
        9239        9148        9235
         304         340         305
        6010        6095        6011
        2039        1952        2040
        8617        8708        8618
        6568        6480        6569
        9090        9091        8999
        7180        7270        7181
        3874        3785        3875
        7047        7049        7046
        8657        8567        8568
       10357       10353       10266
        7000        7091        7001
         774         773         828
        8729        8820        8728
        9071        9163        9072
        5946        6031        5945
        2945        3037        2946
        2527        2619        2529
        5478        5390        5477
        8158        8160        8070
        2620        2618        2711
        9635        9542        9634
        1004        1067        1005
        9934       10024       10011
       10485       10486       10396
        3172        3081        3173
        8391        8480        8479
       10350       10349       10259
       10902       10813       10812
        2696        2605        2699
        9631        9722        9723
        7270        7359        7271
        1726        1728        1645
        1048         987        1049
       11777       11749       11778
         903         906         849
        5752        5837        5753
        7696        7606        7610
        9211        9120        9208
        4186        4272        4187
       11304       11362       11283
       10288       10379       10377
        2507        2414        2506
       10820       10821       10730
        6117        6203        6116
        9727        9635        9726
       10819       10820       10729
        4477        4564        4478
       10716       10717       10625
        6023        6108        6025
        7525        7527        7438
        4219        4306        4218
        2600        2508        2509
        9956        9957        9867
        6858        6769        6770
        6291        6376        6290
        5554        5639        5555
        4328        4331        4416
       10709       10617       10706
        9893        9894        9803
        1425        1426        1354
        6051        5966        5965
       11542       11479       11478
        6402        6316        6315
        3254        3167        3166
       10380       10292       10289
        7348        7351        7261
       11407       11474       11475
        7059        6968        7058
        8858        8767        8857
       10200       10290       10289
       11362       11363       11284
        3129        3218        3130
        2889        2890        2800
        2221        2132        2131
        2868        2829        2919
        1809        1811        1728
        4084        4086        3999
       11228       11304       11223
        5325        5289        5238
        9162        9163        9071
       10147       10144       10234
        9621        9529        9528
        6973        7064        6974
        4981        5067        4983
        2088        2092        2004
        7892        7893        7804
        6623        6711        6624
        6871        6960        6869
        9181        9182        9091
        1722        1639        1721
        7606        7516        7520
        6731        6820        6732
       10747       10746       10836
        1081        1082        1019
        6555        6644        6556
        9984        9895        9894
        1147        1148        1082
        8566        8476        8477
        4639        4724        4640
        7714        7715        7625
        5493        5580        5499
        7793        7795        7705
        2695        2602        2694
        3785        3696        3786
        5405        5493        5411
        5196        5108        5107
        1213        1214        1148
        2816        2726        2817
        4133        4219        4218
        4657        4741        4656
        2641        2550        2642
        7879        7964        7875
         778         833         779
        4405        4488        4492
         962         966         906
        3866        3954        3867
        6022        6107        6023
       10057       10055       10144
       10109       10199       10112
        2604        2512        2603
        8459        8549        8458
        2877        2969        2878
        6909        7000        6910
        7064        7154        7065
        8992        8901        8991
        7359        7448        7360
        6382        6468        6462
        5318        5405        5324
         160         136         159
       10821       10822       10731
        5580        5586        5499
        7691        7601        7622
         614         662         613
        6243        6157        6242
       10086       10087        9997
        7240        7150        7239
        4565        4574        4487
        9272        9273        9182
        5233        5318        5237
        4870        4784        4783
        4846        4930        4845
        8748        8658        8745
        2427        2426        2519
        1498        1424        1423
        5429        5517        5428
        9528        9529        9437
       11543       11479       11542
        2837        2746        2836
        2435        2433        2526
        7448        7538        7449
        9804        9713        9712
        9546        9455        9545
        7967        7968        7879
        9174        9175        9084
        8474        8385        8387
        7535        7585        7495
       11080       10992       10991
        7465        7376        7466
        6927        6926        6836
        7695        7694        7784
        5777        5861        5776
        9365        9366        9273
        9913        9824        9823
        2015        2014        1928
        9608        9517        9604
        4388        4477        4389
        8927        8836        8924
        8901        8902        8810
        5364        5365        5451
        6838        6836        6748
        7881        7882        7793
        9162        9253        9163
       10797       10800       10709
        8328        8329        8239
        2342        2340        2434
        2804        2713        2805
       10936       11022       10934
        8797        8880        8789
        4828        4827        4913
        8355        8446        8356
       10271       10270       10361
        9523        9526        9435
        1282        1283        1214
        6417        6422        6336
        6300        6301        6387
       10794       10704       10703
        5616        5530        5617
        2788        2696        2699
        7907        7818        7817
       10822       10880       10790
        2499        2593        2498
        2972        2882        2973
       10628       10716       10624
       11488       11495       11428
        9358        9265        9357
        8820        8912        8819
        3583        3507        3493
        5146        5233        5149
       10714       10622       10712
        4300        4388        4301
        5604        5689        5603
        3610        3599        3689
        6882        6973        6883
        8322        8324        8234
        8144        8145        8055
        9458        9459        9366
        3431        3343        3429
        6490        6404        6425
        9740        9754        9831
        4974        5059        4976
        6411        6325        6326
        6862        6773        6858
        1352        1353        1283
        5059        5146        5061
       11363       11364       11285
        1893        1895        1811
        9915        9825        9914
       10896       10984       10985
       10531       10441       10529
        2182        2213        2123
        7316        7318        7228
       10167       10169       10079
       11495       11496       11429
        2520        2519        2611
        2594        2500        2505
       11454       11379       11455
        8282        8192        8210
        8901        8809        8900
        2148        2147        2238
       10978       10889       10890
        9459        9523        9432
        9619        9703        9610
       10522       10612       10523
        8719        8628        8718
        8552        8642        8551
        8099        8189        8098
        2583        2490        2584
        8534        8623        8533
       11496       11556       11494
        8429        8497        8408
        9549        9550        9459
        8257        8167        8256
        9890        9802        9800
        8139        8050        8049
        4594        4511        4509
        2970        2880        2879
        9265        9174        9264
        6038        5956        6041
        9790        9878        9788
        9966        9965       10055
       10971       10972       10882
        3339        3248        3338
        8036        7947        8035
        7332        7422        7333
       11083       11084       10995
       10222       10152       10242
        7697        7607        7695
        7389        7300        7301
        9298        9206        9246
        6961        6962        6871
       10024       10113       10100
        5665        5752        5666
        4019        4105        4020
        3064        2972        2973
       10441       10350       10439
        9174        9083        9173
       10370       10384       10461
        6663        6664        6752
       11449       11374       11373
       11409       11408       11476
        8127        8037        8038
        2699        2605        2695
        5760        5672        5675
        7622        7601        7532
        2173        2084        2172
        7431        7342        7430
       10814       10815       10724
        2139        2138        2229
       10983       10894       10981
        2218        2128        2219
        7651        7562        7652
       10880       10881       10791
        9506        9593        9502
       10800       10799       10709
        5828        5878        5792
        3341        3250        3339
         857         802         856
         992         991         932
        8390        8479        8462
       10809       10814       10723
        7832        7742        7746
        3159        3067        3157
        2418        2419        2325
        1064        1063        1128
        3850        3851        3937
       10965       10966       10877
        7243        7332        7244
        9711        9794        9703
        6034        6033        6119
         387         423         385
        7166        7076        7165
       10703       10704       10611
        6869        6872        6783
        9256        9349        9262
        7520        7516        7431
        4574        4657        4573
        1023        1027         966
        1174        1157        1223
        2500        2405        2410
       11078       10989       10992
       11722       11721       11752
        9154        9245        9155
       10704       10612       10611
       10350       10259       10348
       10764       10763       10853
       10815       10816       10725
        2158        2160        2071
        6100        6188        6102
        7673        7584        7583
        9494        9585        9580
        6777        6866        6778
        7561        7650        7560
        9131        9222        9132
        9106        9014        9015
        6887        6978        6888
        8145        8056        8055
       10881       10965       10876
        2435        2341        2433
       10966       10968       10879
        2177        2181        2092
       10068       10067       10156
         862         810         865
        8628        8538        8627
        4989        5074        5076
        7771        7859        7770
        7138        7140        7050
        8062        7973        8060
       10980       10891       10978
        2973        2882        2970
       11116       11114       11199
       10331       10329       10419
        7764        7673        7672
       10818       10819       10728
        2251        2343        2250
        9913        9823        9912
        7786        7696        7700
        3954        4041        3955
       10909       10908       10997
        1359        1289        1290
        8449        8358        8448
        1549        1630        1550
        4655        4570        4571
        1410        1412        1340
        1429        1428        1503
        5841        5840        5924
        2246        2248        2157
        1979        1981        1895
        5876        5790        5791
       10621       10531       10619
        6770        6682        6684
        4041        4128        4042
         839         895         838
         249         221         226
        6678        6591        6593
        9775        9685        9774
        9480        9571        9555
        8136        8046        8129
        6497        6411        6412
        7581        7671        7670
        8572        8482        8571
       10719       10810       10720
        1335        1407        1337
        1844        1929        1920
        2107        2196        2106
        7853        7764        7763
        6499        6413        6497
        8180        8270        8181
        8707        8708        8617
       10793       10794       10703
        6699        6700        6612
        1691        1775        1774
        6993        6902        6992
        8798        8799        8707
        7618        7528        7617
        9277        9187        9278
        8398        8308        8396
        8580        8490        8579
       11172       11171       11253
        1836        1920        1837
       10816       10817       10726
        2262        2263        2172
        7662        7572        7575
       11169       11164       11246
        9558        9651        9652
        9982       10073        9983
        9403        9494        9489
       10817       10818       10727
        8650        8740        8653
         604         614         567
        9252        9253        9162
        8191        8101        8102
        2879        2789        2788
        8851        8761        8760
         846         849         794
        8195        8105        8137
        9900        9810        9899
         426         463         423
        2245        2246        2155
        4284        4371        4372
        7076        6985        7075
        7068        7158        7069
        2067        2069        1981
       11163       11162       11244
       11170       11169       11251
        8949        8858        8948
        2273        2305        2213
        2059        2058        2147
        4128        4213        4129
       10891       10801       10889
       11175       11174       11256
       11406       11400       11472
       11542       11478       11541
        3399        3471        3488
        6544        6632        6545
        7089        6998        7088
        9909        9819        9908
        4213        4300        4214
        9071        9072        8980
        6014        6100        6017
        1884        1801        1800
        6632        6720        6633
         682         632         681
        2057        1969        2056
       11144       11228       11143
       10522       10523       10432
        9039        8949        9038
        5847        5844        5929
        1982        1897        1983
        1891        1890        1976
        6457        6544        6458
       11019       10931       10933
        1265        1199        1197
        6295        6380        6341
       11171       11170       11252
        9724        9632        9718
       10611       10612       10522
       10342       10343       10251
       10162       10073       10072
        7247        7336        7248
       11164       11163       11245
        5608        5521        5607
       10797       10706       10707
        7071        6981        7072
       10167       10077       10078
       10161       10162       10072
        8446        8536        8447
         816         871         815
       10887       10797       10798
        1555        1477        1476
        2931        2840        2845
       11235       11153       11233
        1976        1890        1975
       10285       10376       10375
        4420        4419        4332
        9982        9983        9893
        9130        9039        9129
        9312        9403        9398
        1914        1918        1834
        7529        7440        7526
        6720        6808        6721
        4218        4306        4305
        9803        9804        9712
        5671        5757        5758
        9620        9621        9528
        6902        6812        6901
        9345        9346        9252
        6985        6894        6984
        2355        2356        2263
       11173       11172       11254
        1878        1880        1796
        9197        9106        9107
        6107        6108        6023
       11462       11487       11420
        6363        6450        6364
       10040       10129       10124
       10072       10073        9982
        6857        6855        6768
        2018        2106        2017
       10490       10574       10485
       11539       11475       11538
        7563        7472        7476
        8269        8179        8268
        2359        2358        2452
        7010        7101        7102
        2339        2338        2432
        3144        3061        3051
        1011         950        1010
        2839        2840        2930
       10302       10303       10212
        9912        9822        9911
        7520        7431        7519
        8854        8944        8853
        8664        8575        8574
        9034        8944        8945
        9877        9875        9965
        2629        2538        2630
        3796        3797        3882
        1917        1916        1833
        2093        2123        2034
        1657        1653        1736
        8801        8710        8800
         325         360         324
       10080       10170       10086
        6274        6275        6188
        9911        9821        9910
        5990        5905        5984
       11071       10983       11072
        6808        6898        6809
        9219        9312        9306
        1971        1970        2058
        9380        9288        9289
       11174       11173       11255
       10985       10984       11073
        5163        5161        5250
        8182        8272        8183
        6812        6724        6811
        7256        7167        7255
        1494        1498        1423
        8089        7999        8088
        1222        1290        1221
        8382        8471        8469
        2774        2680        2773
        1408        1483        1410
       11073       11071       11158
        9221        9130        9220
        7016        7017        7109
        6724        6636        6723
        7250        7161        7251
        2405        2311        2316
        4509        4425        4423
        1669        1696        1612
       11585       11588       11527
        8823        8822        8730
       10240       10238       10329
        6261        6265        6179
        5654        5741        5655
        3220        3219        3311
        9393        9484        9401
        7347        7257        7256
         841         786         840
       10447       10450       10537
        2449        2450        2356
       10983       10981       11070
        9587        9496        9586
        2681        2587        2588
       11153       11151       11233
        5676        5678        5593
        6636        6548        6635
        8289        8379        8378
        7896        7807        7895
        6612        6613        6525
        7425        7514        7426
        6962        6960        6871
       11536       11471       11535
         853         909         910
        9354        9261        9353
        5741        5742        5655
        9314        9221        9313
        8127        8043        8037
       11534       11470       11473
       11176       11175       11257
        3326        3233        3314
         160         185         186
       10132       10063       10152
        8807        8802        8894
       11111       11112       11024
        9290        9382        9297
        6588        6501        6500
       10698       10608       10607
        6092        6179        6093
        7921        7832        7836
        8642        8732        8641
       11404       11327       11403
        1404        1333        1332
        2267        2266        2359
        5226        5138        5225
        2529        2619        2621
        2788        2789        2696
        9805        9713        9804
        3470        3381        3469
         822         823         768
       10259       10168       10257
        8527        8528        8438
        1761        1680        1689
        9085        9176        9086
       11468       11395       11396
        6370        6457        6371
        9405        9314        9404
        7496        7586        7497
        7022        6931        6932
        8189        8278        8187
       11234       11153       11235
        8114        8201        8204
        6329        6243        6328
       11396       11319       11394
        2154        2153        2244
        8710        8620        8709
       11394       11317       11393
        1753        1837        1754
        2144        2145        2056
        5323        5317        5316
        6894        6804        6893
       11233       11151       11232
       11456       11454       11521
        4558        4641        4643
        5833        5748        5832
       10501       10587       10498
        7807        7717        7806
       10668       10757       10667
       11393       11316       11392
        2123        2122        2034
        8981        8982        8891
        7603        7693        7604
        8620        8530        8619
        6804        6716        6803
        9128        9219        9214
        8119        8029        8116
        8438        8528        8439
        9733        9824        9825
       11525       11460       11526
        9288        9197        9198
        1971        1885        1970
        1639        1558        1638
        9309        9308        9216
       11392       11314       11315
        8442        8351        8441
       11387       11389       11310
        8531        8535        8445
       10043        9973       10063
        8732        8823        8731
       11372       11373       11294
        9069        9156        9159
        8811        8903        8812
        3327        3234        3326
        9484        9575        9492
       11226       11141       11146
        9662        9569        9570
        8295        8205        8207
       11315       11237       11313
         522         565         521
        1976        1975        2063
        6716        6628        6715
        2192        2284        2195
       10137       10141       10052
        8822        8821        8730
        4019        4018        4104
        9632        9539        9626
        9301        9393        9310
       11313       11234       11235
        9496        9405        9495
        2268        2272        2181
        1881        1797        1879
        9935       10025       10024
        1994        1909        1908
        1887        1972        1973
        6981        6891        6982
        6898        6989        6899
        8297        8207        8208
        5475        5479        5391
         936         937         878
        9997       10087       10084
        2064        2063        2152
       11395       11319       11396
        6744        6745        6834
        9572        9481        9522
        9911        9822        9821
        1996        1997        1911
        1766        1684        1683
        7199        7200        7290
       10600       10689       10691
        6628        6540        6627
        1086        1090        1027
       11394       11319       11317
       10046       10047        9957
        7962        8051        7963
       11150       11063       11148
        3233        3143        3222
       10170       10261       10176
       11177       11176       11258
        6366        6280        6365
        6843        6756        6758
       11080       11081       10992
        1411        1486        1413
        2171        2172        2083
        4288        4202        4212
        9114        9205        9204
        8915        9005        8914
       11317       11316       11393
        9209        9301        9217
        9478        9386        9387
       11477       11476       11540
       10981       10980       11069
        2235        2236        2145
        5231        5143        5142
         759         813         812
        8602        8513        8603
        3840        3926        3927
        9734        9733        9825
        3583        3493        3494
        5748        5661        5747
        2245        2244        2337
        7605        7694        7695
        7871        7960        7872
        9575        9669        9583
        5661        5577        5660
        5317        5231        5230
        7747        7837        7749
        7999        7910        7998
       11392       11316       11314
        1152        1156        1090
        9021        9113        9097
       10083       10088        9998
        8264        8174        8261
       10325       10414       10415
       11051       10963       11048
        9037        9128        9123
        1889        1888        1974
        7255        7166        7254
        6453        6366        6452
        3493        3404        3405
        9474        9381        9471
        6783        6787        6699
        7980        7891        7899
        9569        9478        9479
        1805        1804        1888
        5057        5056        5143
        2537        2445        2538
       10508       10594       10597
        5399        5311        5398
        5138        5051        5137
        9658        9565        9655
        9988        9898        9986
        2186        2277        2187
        8959        8958        9048
        8272        8362        8273
       10978       10890       10979
       11314       11237       11315
       10258       10260       10169
        7782        7871        7783
       11232       11149       11150
        9984        9894        9983
        6534        6448        6447
        2138        2228        2229
        6335        6421        6420
        2076        2075        2164
         764         817         763
        2328        2329        2236
        2167        2165        2256
        2258        2256        2349
        9024        8934        8936
        3989        3990        4076
         986         927         987
        5487        5399        5486
        6191        6278        6192
       10404       10405       10315
        6989        7080        6990
        7084        6993        7083
        8947        9037        9032
        6935        7024        6934
        7203        7293        7202
       10261       10352       10267
        6608        6526        6520
       11313       11237       11234
        7960        8049        7961
        8919        9009        8923
       10356       10357       10266
        6540        6453        6539
        1883        1884        1800
        1121        1122        1058
        2697        2790        2698
       10263       10173       10172
         938         998         999
        8282        8371        8281
        3518        3599        3610
        7340        7250        7339
       10853       10763       10852
        7942        7853        7852
       10172       10173       10083
        2366        2399        2305
       10259       10349       10258
       10980       10978       11067
       11506       11525       11568
        1357        1356        1428
        9594        9592        9686
        6312        6313        6400
        8385        8295        8297
        9983        9894        9893
        2930        2840        2931
        4565        4649        4574
        2369        2463        2370
        2351        2349        2443
        8398        8397        8308
        9814        9722        9725
        3381        3291        3380
        5740        5826        5741
       10286       10377       10287
       11005       10916       10917
        3823        3735        3822
        3143        3050        3133
        4305        4394        4393
        9010        9102        9101
       10436       10526       10438
        1480        1405        1479
        8297        8295        8207
       10438       10526       10528
        6576        6583        6664
        9889        9890        9800
       11232       11151       11149
        6770        6769        6682
        2584        2587        2678
       10135       10136       10047
        4245        4242        4160
        9565        9474        9562
        1483        1562        1485
        1259        1330        1261
        1255        1256        1188
        4715        4716        4632
        2422        2423        2329
       10715       10714       10805
        4238        4153        4237
         198         190         217
        5722        5636        5671
       11230       11177       11259
         434         396         435
        3319        3318        3226
        7975        7972        8061
        6018        5934        5933
        6105        6106        6021
        8362        8453        8363
        9118        9209        9126
        5936        6021        5937
        7682        7772        7689
        6446        6359        6445
        4157        4242        4159
       10225       10226       10136
       11290       11287       11365
        7910        7820        7909
       11437       11504       11486
        6213        6301        6300
        3648        3558        3647
        6359        6273        6358
       10540       10539       10629
        4204        4120        4203
        8893        8801        8892
        2957        2865        2948
        1911        1912        1828
        5329        5241        5328
        1581        1502        1580
       10531       10529       10619
       10797       10707       10798
        9110        9018        9019
        1670        1754        1671
        4833        4918        4834
        1712        1795        1714
        8856        8947        8942
         662         712         661
        8174        8083        8171
        9027        9118        9035
       11226       11146       11231
         276         290         256
       11149       11063       11150
       10886       10975       10888
        3050        2957        3040
         637         636         589
        1551        1632        1552
        5277        5365        5364
        5481        5568        5482
        1794        1878        1796
        2055        2056        1968
        7294        7293        7203
        4305        4306        4394
        2054        2143        2142
       11368       11290       11369
        4347        4260        4346
        6575        6495        6583
        3735        3648        3734
        2008        2007        2095
        6216        6230        6304
        1193        1261        1194
        3217        3218        3129
        7788        7698        7787
        1713        1796        1795
        1470        1471        1396
        7769        7858        7771
        1631        1714        1632
        7820        7730        7819
        3200        3111        3199
       10048       10052        9962
       10441       10439       10529
        8968        9058        9056
        7529        7526        7616
        8244        8155        8246
        1265        1197        1264
        8828        8919        8832
        3291        3200        3290
         876         821         877
        7023        7115        7022
        1129        1064        1128
        5882        5884        5967
        1576        1572        1653
        8152        8242        8241
        2361        2365        2272
         856         807         862
        1555        1476        1554
        1636        1555        1635
       11406       11472       11474
        4227        4311        4313
       10890       10976       10979
       10890       10887       10976
        8938        9027        8945
        7136        7134        7223
        8877        8876        8967
         948         889         947
        1988        1987        2075
        8866        8957        8867
        5424        5423        5336
        6336        6337        6251
        7730        7640        7729
        1180        1113        1181
       10262       10263       10172
       10706       10615       10707
       10981       11069       11070
        2391        2390        2297
        4260        4175        4259
        1548        1549        1470
       10447       10448       10357
        8000        8001        7912
       10978       10979       11067
        9625        9532        9623
       10350       10348       10439
       10275       10184       10274
         712         764         711
        8909        9001        9000
       11367       11288       11291
        8724        8815        8725
        5676        5591        5674
        3296        3204        3295
       10983       11070       11072
        8083        7993        8081
        2678        2587        2681
       10537       10450       10540
        8561        8651        8649
        5205        5116        5204
        9470        9378        9377
        7115        7204        7114
        2519        2610        2611
        2486        2485        2391
        7189        7100        7188
       10886       10973       10975
        8633        8724        8634
        1662        1661        1744
        7873        7784        7872
        1407        1409        1337
        2618        2710        2711
        4707        4791        4743
        5241        5152        5240
        8453        8543        8454
        1737        1654        1735
        7004        7096        7011
        7549        7458        7548
        9825        9824        9914
        4048        4136        4135
        7458        7369        7456
        1722        1721        1804
        5219        5305        5220
       11071       11072       11158
        2501        2406        2492
        5760        5675        5763
        8848        8938        8854
        1434        1430        1505
        5591        5503        5589
        6823        6742        6734
        1628        1629        1548
         829         828         885
       10398       10397       10308
        8281        8283        8193
        4216        4131        4132
        3111        3018        3110
        6521        6522        6436
        8119        8118        8029
        5845        5760        5846
        9900        9899        9989
        8543        8633        8544
        1931        2017        1930
        9613        9706        9666
        1362        1358        1430
        1755        1838        1839
       11509       11506       11567
        9362        9361        9454
        1734        1733        1816
        3465        3376        3377
        7380        7381        7470
       11850       11832       11849
         391         431         429
        6678        6596        6591
        3376        3286        3287
       10886       10884       10973
        9379        9287        9376
        8471        8561        8559
        1078        1016        1079
        1712        1713        1795
         631         583         630
        8319        8409        8320
       11409       11476       11477
        3984        3898        3899
       10434       10524       10437
        9530        9439        9440
       10167       10078       10168
        8757        8848        8763
        5152        5063        5151
        9432        9523        9435
       10884       10885       10973
       11728       11758       11727
       11146       11141       11058
        3147        3238        3237
        7204        7294        7203
        6214        6128        6213
        8815        8907        8816
        7408        7498        7409
        8986        8895        8898
        3890        3807        3803
        2639        2640        2548
        8560        8470        8559
       10150       10148       10238
       10980       11067       11069
        4510        4424        4426
       10296       10245       10336
        7968        7964        7879
        3387        3296        3386
        9787        9785        9875
        5487        5488        5400
        7707        7797        7708
        9455        9454        9545
        2680        2586        2679
        1404        1332        1403
        9719        9631        9723
        1589        1671        1590
        7622        7532        7541
       11486       11504       11548
       11073       10984       11071
        4175        4091        4174
        2732        2733        2640
        5576        5489        5575
        7653        7654        7743
        9819        9818        9908
        4486        4398        4478
       10428       10429       10339
        8737        8828        8741
        1009         948        1008
        7229        7227        7317
       10855       10766       10765
        3137        3224        3227
        1562        1643        1564
       10976       11065       10979
        2395        2398        2490
        7100        7008        7099
         655         640         690
        8907        8998        8908
        3204        3114        3203
        5655        5742        5656
       10444       10353       10357
        2095        2007        2094
       10346       10437       10436
        1713        1794        1796
        7369        7279        7367
        8379        8467        8378
         893         952         897
        1792        1793        1710
       10316       10317       10226
        7309        7221        7311
       10259       10257       10348
        5276        5190        5277
        3762        3851        3850
        3018        2926        3017
        8666        8757        8672
        5574        5487        5573
        3961        3962        4049
       10887       10798       10888
        1878        1964        1880
         279         312         278
        7545        7454        7544
        2707        2615        2614
        8765        8856        8851
        1588        1584        1665
        5116        5029        5115
        6319        6235        6321
       10836       10746       10835
        2118        2030        2119
        1818        1817        1901
        1902        1901        1987
        8138        8228        8139
        2010        2098        2011
        3403        3313        3402
        8998        9090        8999
        2701        2700        2791
        9269        9268        9361
       10274       10184       10183
       10097       10159       10070
        1106        1091        1157
        6845        6774        6863
        2650        2559        2558
        5029        4944        5028
        1651        1650        1733
        7973        7884        7971
        9697        9695        9785
        6575        6487        6486
        4944        4859        4943
        9724        9718        9810
        6757        6754        6844
        6407        6406        6492
        5490        5402        5489
        4212        4202        4127
        7807        7718        7717
        9727        9726        9818
       10722       10810       10719
        7097        7095        7005
        1570        1569        1650
        6019        5934        6018
       10887       10888       10976
        8049        8050        7961
       10806       10812       10721
        1509        1505        1584
        6533        6446        6532
       11162       11166       11244
        1475        1400        1474
        5549        5634        5568
        1878        1963        1964
        3593        3502        3592
       10798       10886       10888
        3355        3265        3354
        8992        8991        9083
        8403        8492        8491
       10826       10734       10824
       10345       10436       10347
        9670        9759        9669
        7008        6916        7007
        4509        4423        4508
        8313        8403        8402
        3114        3023        3118
        8806        8715        8805
        6421        6507        6506
        2323        2324        2231
       11794       11766       11793
        9510        9509        9600
        1861        1779        1862
        3331        3332        3423
        1510        1590        1511
       10539       10623       10629
         948         890         889
        4091        4004        4090
        5766        5679        5765
       10694       10695       10604
       10061       10059       10148
        4608        4523        4526
        7635        7545        7634
        1066        1131        1130
        3573        3569        3483
        1643        1726        1645
         461         502         462
        3772        3860        3861
        2221        2131        2220
        9090        9181        9091
        3056        2963        3057
       10276       10275       10366
        7401        7399        7489
        9059        8969        9055
        2614        2615        2523
        7837        7926        7839
         420         381         417
       10244       10243       10334
        5550        5635        5634
        3566        3477        3565
        2417        2418        2324
       11106       11018       11019
       10275       10274       10365
         368         407         370
         843         900         844
        2978        2977        3069
       11067       11154       11069
       11678       11717       11677
        5280        5218        5304
        1197        1129        1196
          81          82         100
       10714       10712       10803
        3853        3765        3854
       10604       10605       10516
        1473        1398        1472
        7406        7496        7407
        6488        6409        6495
       11273       11351       11350
        9451        9450        9541
        1631        1712        1714
        8132        8222        8134
        7738        7648        7739
        5953        5871        5956
       11461       11462       11385
         501         544         543
        1726        1809        1728
       11585       11527       11523
        7639        7549        7638
       10615       10705       10707
        4691        4608        4611
        1364        1437        1365
         735         734         787
        3286        3195        3196
        9181        9272        9182
        1296        1295        1226
        9542        9541        9634
        9917        9916       10006
        1882        1881        1967
        2051        2052        1964
        2155        2246        2157
        7886        7883        7972
        1143        1077        1141
       10896       10902       10812
        2230        2231        2140
        1551        1631        1632
       10808       10809       10718
         618         668         619
        4374        4287        4375
        5494        5406        5410
        3477        3387        3476
        4462        4374        4463
        9272        9365        9273
       11163       11244       11245
        9365        9458        9366
        6776        6777        6689
       10715       10623       10714
        4546        4462        4549
        5697        5612        5698
        3085        3086        2994
        4628        4546        4631
        3656        3566        3655
        1669        1665        1748
        6587        6674        6590
        4679        4596        4677
        4453        4365        4451
         333         370         334
       11164       11245       11246
        8444        8534        8533
        2702        2701        2793
        5784        5698        5786
        8786        8785        8876
        8576        8666        8582
        1043        1028        1091
         667         720         668
         898         957         899
        1111        1179        1178
         581         535         577
        6507        6595        6594
        5112        5201        5200
        4712        4628        4713
        8719        8718        8809
       10518       10519       10429
        4775        4691        4694
       10537       10538       10448
        5423        5422        5336
        3081        2989        3079
       11169       11246       11251
       10363       10362       10453
        1639        1638        1721
        9601        9600        9694
        9635        9634        9726
        4581        4497        4582
        3253        3254        3166
       10764       10675       10763
        2406        2312        2397
       10711       10802       10713
        8042        8132        8044
        8242        8332        8331
        5923        5839        5919
         982         967        1028
        1809        1893        1811
         459         419         420
        9458        9549        9459
        8695        8694        8785
        7980        7959        7891
        5869        5786        5871
        5459        5546        5544
        5764        5676        5762
        2069        2158        2071
       10077        9988       10078
        1435        1511        1437
        8515        8514        8604
        6792        6704        6725
        5928        5845        5930
        8426        8425        8514
       10520       10460       10550
        8605        8604        8694
        8651        8739        8649
         485         528         486
        4435        4347        4434
        1161        1228        1163
        8336        8335        8425
        3483        3394        3482
        2706        2707        2614
        5355        5309        5397
       10362       10361       10452
        4862        4775        4778
         631         584         583
        4004        3918        4003
        4172        4088        4171
        3573        3483        3572
         287         254         288
        9866        9956        9867
        7740        7831        7830
        3165        3166        3074
        7953        8042        7955
        2160        2251        2250
       10712       10621       10713
        9799        9798        9888
        6738        6739        6827
        3749        3662        3748
        9057        9053        9144
        3444        3443        3532
        3190        3279        3189
        3662        3573        3661
        3023        2931        3024
        1717        1800        1718
        4747        4664        4748
        9898        9896        9986
        7480        7478        7569
        1470        1549        1471
        3412        3321        3411
        7303        7215        7305
        8223        8313        8312
        5577        5490        5576
        7255        7167        7166
        7725        7635        7724
       10434       10435       10524
        1206        1205        1274
         632         584         631
        9508        9417        9416
        6749        6838        6748
       11167       11168       11081
        7128        7125        7214
        3280        3370        3279
        8149        8239        8150
        9449        9448        9539
        7970        8059        7971
        6570        6569        6481
        2131        2043        2130
        4308        4309        4396
        7035        6947        7037
        8418        8507        8419
        7576        7487        7577
        8059        8149        8060
        3892        3895        3808
        4763        4679        4761
        7753        7752        7842
       10187       10249       10159
        8239        8240        8150
        1127        1062        1126
        4481        4480        4392
        3646        3556        3644
        2994        2905        2903
        4947        4862        4865
        3502        3412        3501
       10321       10408       10318
        9672        9762        9760
       11170       11251       11252
       10270       10269       10360
        2610        2518        2609
        3716        3713        3801
       10356       10447       10357
        8412        8501        8414
        1119        1056        1120
        3321        3228        3320
        8507        8597        8508
        2979        2978        3070
        2894        2805        2895
        4850        4763        4848
        7497        7586        7587
        9358        9357        9450
        9354        9353        9446
        5576        5490        5489
        1292        1288        1358
       10627       10628       10538
        2547        2548        2455
        9424        9515        9425
        5167        5257        5168
        7933        7929        8018
       10472       10382       10383
        3890        3804        3891
        1491        1490        1569
         813         868         812
       11370       11368       11444
        9222        9315        9223
        8501        8591        8503
        1659        1578        1658
       11171       11252       11253
        1480        1479        1558
        8228        8318        8229
        4240        4246        4161
        3885        3882        3968
        3536        3533        3624
       10714       10803       10805
        8109        8106        8196
        8986        8896        8895
        7615        7704        7617
        8672        8762        8671
       10621       10619       10711
        8408        8409        8319
       10985       10991       10902
        3554        3465        3466
        6700        6788        6701
        8591        8681        8593
        7525        7615        7527
        9148        9144        9235
        4837        4835        4920
        9863        9953        9864
       10775       10779       10690
        4935        4850        4933
        5032        4947        4951
        3394        3304        3393
        8144        8234        8145
        3743        3656        3742
        4574        4649        4658
        8449        8448        8538
        8797        8888        8880
       10715       10805       10806
       10415       10414       10504
        2942        3034        3035
       10364       10363       10454
        4497        4493        4579
        6163        6076        6165
        6476        6562        6473
        9762        9853        9851
        7189        7101        7100
       11074       11080       10991
        4838        4837        4922
        2612        2611        2704
        4436        4350        4348
        7881        7970        7882
        2703        2702        2794
        3185        3094        3184
         406         446         407
       11070       11157       11072
       10007       10070        9980
        8681        8772        8683
        8287        8285        8375
       11249       11250       11168
        8888        8979        8971
        4481        4479        4566
        5992        5988        6073
        9625        9533        9532
       10853       10852       10941
        8322        8412        8324
        1629        1549        1548
       11240       11242       11160
        9715        9807        9717
        8597        8687        8598
        3918        3831        3917
        4410        4322        4406
        3360        3363        3272
         527         572         528
       10610       10693       10602
       11172       11253       11254
        8328        8418        8329
       10840       10929       10839
        1893        1979        1895
       11809       11828       11808
        2047        2048        1960
         445         486         446
        2055        2144        2056
        7729        7818        7819
        3513        3605        3512
       10629       10715       10721
         298         334         332
       11735       11766       11765
        9989        9987       10077
         571         619         572
         472         514         481
        8772        8863        8774
        2980        2979        3071
        2884        2885        2795
        1719        1802        1720
        5119        5032        5035
        4479        4417        4504
        2713        2711        2803
        1714        1715        1632
        2528        2619        2527
       10346       10434       10437
        7697        7695        7785
       10975       10977       10888
       11073       11158       11160
        8608        8698        8677
       11626       11627       11579
        5370        5457        5373
        1224        1294        1228
        5199        5286        5201
        4238        4237        4323
        3980        3976        4063
        8698        8789        8768
        5285        5373        5286
        6936        7026        6937
        8687        8778        8688
       10707       10796       10798
        8318        8408        8319
        8518        8608        8587
        8853        8762        8763
        8863        8954        8865
        8778        8869        8779
        3765        3677        3766
        7570        7479        7568
        8869        8960        8870
        3713        3626        3714
        8960        9050        8961
         778         832         833
        2931        2845        2936
        4683        4767        4701
        9050        9141        9051
       10629       10623       10715
         883         942         941
        3631        3627        3715
        8554        8496        8586
        9388        9296        9297
        8954        9044        8956
        4803        4718        4802
        2433        2432        2525
        3260        3173        3261
        1945        1860        1944
       10886       10796       10884
        1860        1777        1859
        3079        3077        3169
        2903        2905        2814
        2907        2817        2908
         812         868         867
        7864        7953        7866
        8429        8518        8497
        1503        1502        1581
        3831        3743        3830
        5207        5119        5123
        6250        6245        6331
        1555        1554        1635
        3207        3299        3210
       10619       10710       10711
       10712       10713       10803
        6875        6966        6964
       10628       10720       10716
       10985       11073       11074
        5304        5392        5368
        2993        2994        2903
        9044        9135        9046
        6838        6927        6836
        5037        5125        5124
        5382        5294        5298
       10621       10711       10713
        9265        9264        9357
        5294        5207        5212
        1180        1179        1112
        4417        4330        4418
        4874        4960        4875
        4601        4516        4599
         414         375         413
        9141        9232        9142
       10806       10896       10812
        9325        9416        9326
        8167        8166        8256
        1428        1502        1503
       10439       10528       10529
        1353        1425        1354
        4594        4509        4593
        4799        4714        4796
       10987       10899       10898
        3436        3435        3524
        7528        7439        7527
        9232        9325        9233
        9597        9691        9687
        9165        9256        9171
       10986       10987       10898
        5020        4935        5018
        5469        5382        5386
        2144        2235        2145
        4150        4067        4151
        6483        6482        6395
        3355        3354        3442
       10798       10796       10886
        1880        1879        1796
       10346       10344       10434
        7687        7777        7688
        8269        8268        8358
        6670        6667        6756
        9174        9173        9264
       10173       10088       10083
        9392        9391        9482
        7677        7768        7678
        1721        1803        1804
        3438        3436        3525
        8901        8900        8991
        3092        3089        3180
        1473        1551        1552
        3526        3438        3527
        1979        2067        1981
         957        1018         958
        9135        9226        9137
        4237        4234        4320
        6558        6471        6560
        9632        9626        9718
       10345       10346       10436
        2613        2612        2705
        3897        3896        3982
        5726        5811        5813
       11321       11320       11395
        6102        6018        6017
        2594        2505        2599
        6522        6610        6608
        3099        3189        3098
        1416        1415        1490
        5102        5188        5099
       10948       10945       11033
        9180        9179        9270
        5625        5622        5540
       10865       10869       10779
        4325        4324        4412
        1925        2011        1926
        1344        1343        1415
       10544       10545       10455
        1635        1717        1718
        1717        1716        1799
        3089        2998        3090
        3073        3074        2982
       11310       11309       11229
         629         581         625
       10783       10784       10695
         793         848         847
        7290        7291        7380
        3081        3079        3171
       10471       10559       10561
        4455        4367        4456
       10023       10109       10112
        3837        3749        3836
        2486        2391        2484
       10979       11068       11067
        1065        1130        1067
        3228        3138        3227
        8979        9070        9061
        4327        4325        4413
        8679        8770        8680
       10540       10629       10630
        4144        4146        4062
        7504        7594        7505
        7498        7588        7499
        1473        1472        1551
        4795        4710        4794
        5107        5020        5105
         544         590         589
       10697       10698       10607
        4234        4150        4235
        3354        3352        3440
        4414        4327        4415
       11173       11254       11255
        7651        7652        7742
        9226        9319        9228
        3904        3990        3989
        1193        1259        1261
        9080        9171        9081
        9506        9597        9593
        2235        2328        2236
        6557        6565        6476
        6709        6710        6622
       11174       11255       11256
        3932        4018        3933
        7045        7043        7134
         630         582         629
       10230       10318       10227
       11065       11068       10979
       10367       10368       10277
        3449        3452        3364
        7588        7677        7589
        4793        4712        4797
        1736        1654        1737
        4231        4316        4230
        9926       10016       10015
        2981        2980        3072
        8442        8441        8530
        4830        4831        4916
        2391        2297        2389
       10705       10796       10707
        1782        1783        1866
        4440        4351        4438
       10976       10977       11065
        9319        9410        9321
        8630        8541        8540
        5743        5828        5792
       10889       10799       10800
        6384        6469        6383
       10381       10468       10471
        4420        4414        4501
         724         777         725
       10078       10166       10168
       10577       10667       10576
       10888       10977       10976
        1128        1063        1127
        8472        8384        8473
        7896        7895        7984
        7606        7520        7610
       11196       11197       11112
        2328        2422        2329
        5507        5508        5420
        8657        8568        8658
        5454        5448        5535
       10606       10520       10609
        8282        8210        8300
        6668        6665        6754
         356         319         322
        1975        1974        2062
        1476        1475        1554
       10447       10537       10448
        7190        7101        7189
       10717       10808       10718
        5929        5844        5928
        3269        3272        3182
        3886        3885        3971
        3530        3620        3529
        5922        6004        5920
        6042        6127        6040
        8089        8088        8179
        4009        4010        3924
        8329        8330        8240
         992         932         933
        3677        3589        3679
        3560        3471        3472
        8474        8387        8476
        1227        1296        1226
       10257       10256       10347
        4557        4472        4559
        2802        2801        2891
        9261        9260        9353
        7696        7610        7700
        6735        6823        6734
        8248        8338        8250
        3528        3526        3617
        1636        1718        1719
        4464        4550        4465
        6212        6298        6211
        8628        8627        8718
       10257       10347       10348
        8566        8477        8567
       10715       10806       10721
       10077        9987        9988
        4125        4126        4039
        4839        4838        4923
        8264        8261        8351
         590         638         637
       10392       10393       10303
        3869        3781        3870
        4840        4754        4841
        7060        7059        7149
        5692        5607        5606
        5952        5957        5872
        1447        1523        1448
        1226        1295        1225
        2153        2152        2243
       10142       10054       10053
        2051        2140        2052
       11175       11256       11257
        1474        1552        1553
        1967        2053        2055
       10537       10540       10627
        6580        6577        6665
       10406       10407       10317
        1963        2051        1964
       11035       10948       11036
        8103        8104        8014
        8989        9081        9078
        4567        4481        4568
         943        1004         944
       11080       11167       11081
        6954        6952        7043
        1474        1473        1552
        3621        3620        3530
        5924        5840        5923
        1653        1654        1736
        7830        7831        7920
        9899        9987        9989
       10629       10721       10630
        3185        3184        3274
        4406        4318        4319
        3619        3621        3530
         416         377         415
        8184        8275        8274
        3153        3243        3152
        5796        5868        5783
        8964        8873        8962
        6246        6161        6160
       10896       10985       10902
       10540       10450       10539
        7312        7310        7399
       10261       10351       10352
        9436        9527        9519
        3951        3869        3957
        6204        6291        6203
        4212        4127        4211
       11158       11240       11160
       10537       10627       10538
        9251        9344        9336
         638         688         687
        9211        9208        9300
        4059        4060        3973
       10256       10255       10345
        4038        3951        4037
        9344        9436        9428
        6819        6909        6820
        1077        1014        1075
        2135        2136        2047
        9532        9530        9623
        6318        6253        6339
         885         944         886
        8935        8933        9023
        1666        1585        1586
        6497        6413        6411
        9070        9161        9152
        2650        2651        2559
        7816        7906        7817
        4125        4038        4124
       11067       11068       11154
         559         515         516
        5453        5537        5450
        4317        4404        4316
        5283        5371        5284
        3184        3183        3273
       10985       11074       10991
       11051       11048       11136
       11676       11678       11634
        8788        8879        8790
        8338        8428        8340
        6864        6862        6952
        2529        2621        2531
        7071        7072        7161
        6643        6731        6644
         884         827         882
        3015        2924        2923
        6032        6117        6031
        3760        3848        3777
        5387        5475        5391
        5280        5368        5281
        4159        4242        4244
        2323        2417        2324
         829         886         830
        7200        7291        7290
        2426        2518        2519
        2100        2101        2013
        8111        8201        8114
        1636        1635        1718
        7607        7605        7695
        3213        3306        3215
        7466        7467        7558
        5624        5708        5623
        8428        8517        8430
        6798        6887        6799
       10175       10174       10265
       10802       10892       10804
        8987        9079        9075
        1720        1803        1721
        9161        9251        9243
        9844        9754        9753
        5556        5469        5474
       10256       10345       10347
        2481        2575        2482
        2230        2323        2231
        8748        8745        8836
       10803       10893       10805
        8879        8970        8881
       10450       10449       10539
        3276        3275        3366
       10372       10462       10376
        5571        5654        5655
       11073       11160       11074
        6467        6555        6468
        7495        7496        7406
        8191        8102        8192
        1717        1799        1800
        6232        6167        6253
        5926        6004        6010
        2738        2645        2734
         688         741         740
        2032        1945        2031
        4654        4738        4653
        5862        5946        5861
         821         801         855
        2580        2486        2578
       11710       11709       11740
        6572        6571        6483
        2039        2040        2128
        4506        4420        4507
        2051        2139        2140
        8927        8924        9014
        7663        7662        7752
        1475        1553        1554
        2422        2515        2423
       10627       10719       10628
        7391        7389        7478
         923         908         967
        3972        3973        3887
        6792        6705        6704
        6296        6382        6376
       10946       10950       10861
        3403        3315        3313
        6404        6339        6425
       11167       11249       11168
        2808        2806        2896
        5103        5191        5102
        4899        4985        4901
        8801        8800        8892
       10168       10166       10257
        9993       10083        9998
        3136        3225        3135
        1843        1927        1847
        4620        4704        4621
       11072       11159       11158
        3586        3495        3496
       11069       11156       11070
        1637        1719        1720
        2417        2510        2418
        9916        9915       10005
        1637        1636        1719
        4699        4783        4700
        5732        5646        5647
        4779        4866        4783
        2139        2229        2230
        6796        6797        6709
        6463        6461        6548
        1018        1081        1019
        5813        5811        5896
        1015         955        1016
        3589        3499        3590
        5565        5478        5564
        7150        7149        7239
       10472       10385       10382
        4097        4181        4177
        8710        8709        8800
        1799        1883        1800
        1638        1637        1720
        3874        3875        3963
        7727        7817        7728
        4023        4109        4024
        5303        5217        5299
        9988       10076       10078
        8983        9075        8984
         876         877         934
        5262        5351        5350
        1265        1264        1334
        6387        6301        6389
        8158        8248        8160
         873         930         872
       10082       10081       10171
        2855        2945        2856
        1081        1147        1082
        1147        1213        1148
        1322        1254        1309
        8871        8873        8782
        9988        9986       10076
        5279        5366        5278
        5483        5570        5484
        7844        7840        7929
        6647        6734        6646
        3781        3779        3868
        1213        1282        1214
       11001       10912       11000
       11037       11035       11123
        2833        2743        2742
        7821        7732        7731
        4210        4125        4209
       10722       10719       10630
       10540       10630       10627
        2926        2836        2925
        6503        6419        6505
        5271        5272        5185
        3138        3045        3137
        9539        9533        9626
        1882        1967        1968
        4538        4622        4564
        7562        7563        7652
        2379        2474        2472
        5196        5107        5194
       10486       10484       10396
        7431        7430        7519
        5192        5278        5191
        8517        8607        8519
        2338        2337        2431
        1400        1399        1474
        7153        7243        7154
        5184        5185        5096
        2764        2856        2765
        6591        6505        6593
        6417        6333        6419
        7892        7981        7893
       11291       11210       11289
       10436       10438       10347
        4682        4766        4684
       11154       11156       11069
        7714        7804        7715
        8620        8619        8709
        1475        1474        1553
        6977        7068        6978
        7573        7483        7572
       10808       10897       10898
        7300        7211        7301
        3091        3087        3179
        7868        7861        7950
        2726        2722        2813
        1292        1311        1241
        9064        8974        9063
        7335        7425        7336
        4156        4241        4240
       11354       11358       11280
        1405        1404        1479
        4281        4369        4283
        5262        5263        5351
        8607        8697        8609
        4564        4649        4565
        2550        2551        2642
        8019        8016        8106
         135         133         157
        3326        3314        3404
        8697        8788        8699
        3128        3217        3129
        3838        3925        3839
        9245        9338        9246
        5842        5757        5836
        3036        3129        3037
        1282        1352        1283
        5095        5096        5009
        4012        3926        4011
        1473        1399        1398
        9718        9809        9810
       11176       11257       11258
        9546        9456        9455
        7513        7603        7514
        7316        7405        7318
        7380        7291        7381
        8464        8407        8496
        4461        4548        4464
        4766        4768        4684
        2722        2630        2723
        4726        4641        4725
        5282        5195        5197
        6411        6326        6412
        7461        7460        7551
        7342        7340        7430
        7535        7625        7585
       10270       10360       10361
       10000       10090       10001
        6793        6882        6794
        6706        6794        6707
        7157        7247        7158
        5690        5777        5689
        5436        5524        5435
        1914        2000        1918
        7981        8070        7982
        2000        2088        2004
         383         382         421
        4008        4095        4009
        3369        3367        3455
        9527        9619        9610
        2144        2233        2235
       10897       10901       10986
        9986       10075       10076
        1337        1409        1408
        3806        3807        3893
        5010        5016        4931
        4759        4845        4758
       10199       10200       10289
        1932        1933        1848
        6074        5991        6076
         801         748         800
        5568        5569        5482
        4675        4758        4674
        8270        8271        8181
        3499        3410        3500
       11548       11504       11566
         775         830         776
        6325        6240        6326
        3456        3369        3457
        6535        6623        6536
        9364        9456        9457
        1799        1882        1883
        7957        7950        8039
        3785        3786        3875
       10593       10594       10505
        1967        2055        1968
         866         851         908
        3462        3456        3546
         826         771         824
       10814       10904       10815
        8197        8195        8285
        1134        1200        1135
        2218        2219        2311
        3470        3469        3558
        3779        3726        3814
        7405        7495        7406
        3400        3399        3488
        8676        8675        8766
        9277        9278        9370
       10954       10958       10869
        5451        5365        5452
        8393        8392        8481
        2225        2226        2135
        1888        1973        1974
        6208        6207        6294
        9889        9978        9890
        3996        4083        3997
        7584        7493        7583
        8895        8806        8898
        3245        3234        3327
        8301        8211        8295
        3920        4006        3925
        5518        5604        5517
       10265       10356       10266
        5348        5429        5342
        1140        1139        1205
        3551        3462        3552
       10007       10097       10070
        1638        1720        1721
        3837        3833        3749
        8985        9077        8990
        1882        1968        1883
        7807        7806        7895
        2139        2230        2140
       11166       11248       11244
        3689        3599        3688
        5738        5651        5736
         783         731         784
       10808       10898       10809
        5999        5998        6083
        9915        9914       10004
        4616        4700        4676
        2701        2791        2793
        2196        2288        2286
        8117        8118        8207
        4368        4457        4369
        9715        9716        9807
        7832        7746        7836
       10825       10735       10734
        9548        9547        9640
        7166        7165        7254
       10076       10166       10078
        4454        4541        4457
         892         891         950
        5541        5625        5540
        1009         949         948
        9547        9546        9639
        3726        3640        3727
         860         917         861
        4547        4632        4548
        4630        4715        4632
        7717        7716        7806
        7572        7485        7575
         696         646         695
        7999        7998        8088
        7012        7010        7102
        7076        7075        7165
         741         794         793
        6621        6709        6622
        6449        6536        6450
        9000        9093        9092
       11177       11258       11259
         820         766         767
        2389        2295        2388
       11158       11159       11240
       11070       11156       11157
        4895        4981        4897
        9914        9913       10003
        9790        9880        9878
        4537        4621        4539
        8767        8766        8857
        8182        8271        8272
        1074        1073        1139
        2611        2610        2703
        2774        2773        2865
        9457        9456        9547
       10265       10268       10356
        8970        9060        8972
        5394        5481        5482
        1011        1010        1073
        9914        9824        9913
        3583        3494        3584
        1975        2062        2063
       11127       11128       11040
        1433        1507        1432
        6904        6815        6814
        2812        2811        2902
        9546        9545        9638
        5791        5702        5704
        7673        7583        7672
       10571       10572       10483
        2703        2610        2702
        4916        4876        4962
        2763        2669        2762
       11034       11038       10950
        8174        8171        8261
        5226        5225        5311
        6813        6903        6881
        7764        7672        7763
        2557        2465        2464
        6243        6242        6328
        4994        5075        4988
       11146       11230       11231
       10171       10262       10172
         931         990         930
       10482       10483       10393
        7189        7188        7279
        7692        7782        7693
        6619        6707        6620
        3823        3822        3909
        9763        9675        9765
        7250        7251        7339
         607         592         640
        2262        2355        2263
        1997        1912        1911
       11847       11830       11848
       10249       10340       10337
       10175       10266       10262
        5323        5316        5404
        4908        4988        4902
       10628       10719       10720
        5121        5034        5122
       10496       10497       10407
        8385        8297        8387
        6021        6106        6022
        4603        4686        4604
        1404        1403        1478
        9913        9912       10002
        5008        5009        4924
        7921        7836        7925
        5065        5066        4980
        9242        9244        9153
        4685        4769        4686
        5260        5342        5254
       11157       11159       11072
        3410        3323        3414
        4468        4555        4469
        1404        1478        1479
        4721        4807        4769
        9380        9289        9381
        9948        9859        9949
        8914        8913        8821
        2171        2262        2172
       11071       10982       10983
       10082       10172       10083
        3640        3638        3725
        7691        7602        7601
        3638        3551        3641
        7705        7794        7704
        5220        5305        5306
        2088        2177        2092
        2738        2734        2825
         723         776         724
       10308       10218       10309
        3937        3851        3939
        4380        4469        4382
        4806        4891        4807
        6277        6363        6278
        1057        1029        1041
       10338       10428       10339
       10169       10260       10170
        6444        6529        6442
        5256        5257        5167
        5170        5254        5164
       10630       10719       10627
       10854       10855       10765
        8046        8039        8129
        7910        7909        7998
        4574        4658        4657
         671         724         672
        5833        5832        5916
        4554        4639        4555
        1318        1247        1248
        4588        4590        4505
        6985        6984        7075
        4925        4931        4846
        4592        4674        4591
        5081        5164        5075
        4079        3993        4080
        3719        3806        3718
        4822        4902        4816
        2328        2420        2422
        4973        4975        4890
        9912        9911       10001
        6699        6787        6700
        5267        5309        5355
        5421        5504        5415
        5334        5415        5327
        8991        9082        9083
        5905        5899        5984
        8716        8802        8807
         903         962         906
        9587        9586        9680
        8490        8489        8579
       10271       10180       10270
        8904        8905        8813
       10362       10452       10453
       10576       10579       10490
        9810        9809        9899
        2355        2449        2356
        1197        1196        1264
        9619        9711        9703
        2153        2243        2244
        9911        9910       10000
        3758        3757        3845
        4889        4974        4891
        3861        3860        3948
       10348       10438       10439
        6399        6485        6397
        6827        6829        6916
        1156        1222        1221
        4735        4816        4729
       10275       10365       10366
        3923        4009        3924
        1070        1136        1071
        9910        9909        9999
        2671        2765        2673
         865         811         866
        3517        3518        3610
        9917       10006       10007
        6097        6184        6098
        8048        8138        8049
         885         828         884
        9909        9908        9998
        8083        8081        8171
       10897       10986       10898
        9446        9356        9449
        1908        1909        1825
        6981        6982        7072
        3646        3557        3556
        3818        3905        3820
        8831        8834        8743
        2254        2253        2346
        4253        4252        4339
        6089        6176        6095
         794         848         793
        8482        8481        8571
        6214        6213        6300
        3323        3231        3324
        4622        4649        4564
        3334        3335        3426
       10269       10355       10360
        3882        3797        3883
        2433        2525        2526
        9266        9267        9176
        2917        2828        2918
        3437        3349        3350
        9891        9917        9980
        7440        7437        7526
       10363       10453       10454
        9548        9641        9549
       10866       10777       10867
       11054       11056       10968
        7853        7763        7852
        2885        2796        2795
        7311        7222        7312
        9165        9255        9256
        6993        6992        7083
        4048        4049        4136
        1254        1187        1239
        1718        1801        1719
        9662        9570        9664
        5885        5800        5823
       10002       10092       10003
        5888        5803        5887
        9908        9993        9998
        5329        5328        5416
       10836       10835       10924
        8205        8117        8207
        3167        3076        3075
        9909        9998        9999
         470         512         471
        2702        2793        2794
         490         533         491
        2731        2730        2821
         846         903         849
        2500        2410        2505
        9910        9999       10000
       11245       11323       11246
        8436        8525        8437
         561         546         592
         962        1023         966
       10274       10364       10365
        1800        1801        1718
        8101        8012        8102
         448         489         451
        5841        5925        5921
        3732        3820        3819
       11122       11126       11038
        9911       10000       10001
        4455        4366        4367
       10833       10742       10832
        4542        4624        4540
        7312        7222        7310
        3045        2952        3044
        1935        1850        1934
        1129        1128        1196
        2165        2164        2255
        9626        9717        9718
        9708        9617        9616
        9912       10001       10002
        2692        2598        2691
        9639        9731        9640
       10942       10943       10854
        5974        5889        5971
        3231        3142        3232
        2710        2709        2801
        2977        3068        3069
        4510        4426        4512
        1719        1801        1802
        2611        2703        2704
        2655        2747        2749
        7820        7819        7909
        2105        2192        2195
        2969        3060        2966
        9913       10002       10003
        2894        2895        2985
        9530        9531        9623
        3109        3197        3198
        6894        6893        6984
       10175       10265       10266
        9626        9625        9717
       10171       10175       10262
        9888        9891        9977
        8207        8118        8208
        8942        8852        8851
        7993        7991        8081
         863         920         864
        2801        2890        2891
        7562        7471        7563
        4162        4101        4185
        2182        2273        2213
        2734        2642        2735
        4294        4382        4296
        2093        2182        2123
        4651        4729        4644
        6664        6753        6752
        6902        6901        6992
        7631        7720        7712
        3749        3745        3662
       11251       11329       11252
        3142        3052        3145
        9060        9151        9062
        8538        8537        8627
       10805       10895       10806
        3052        2960        3053
       10599       10689       10598
        5929        6014        5932
        4642        4723        4638
        2177        2268        2181
        5638        5724        5639
        6179        6265        6180
        8479        8553        8462
        9916       10005       10006
        2960        2919        3011
        1717        1634        1716
        7579        7669        7581
        8099        8190        8189
        9530        9440        9531
        3491        3581        3492
        7470        7471        7562
        9658        9655        9747
        8718        8808        8809
        7333        7334        7245
        3842        3840        3927
        8706        8705        8796
        4519        4604        4520
         531         576         533
         971        1032        1030
       10585       10586       10497
       10943       10855       10854
        2519        2518        2610
        1127        1063        1062
        4297        4385        4298
        6864        6775        6862
        6525        6609        6521
        7730        7729        7819
        2635        2634        2727
        1126        1193        1194
        1632        1633        1552
       10097       10187       10159
        1474        1399        1473
       10082       10171       10172
       10439       10438       10528
        9625        9623        9715
       10284       10285       10375
        2445        2443        2536
        2405        2316        2410
        6812        6811        6901
        7049        6958        7046
        7704        7794        7707
       11307       11308       11227
        9855        9769        9860
        9726        9813        9818
        5495        5582        5580
        9448        9533        9539
        5722        5671        5758
       11242       11161       11160
        6724        6723        6811
        3056        3057        3150
       11074       11161       11080
        4522        4607        4524
        7640        7639        7729
        2711        2710        2802
       10817       10907       10818
        7532        7451        7541
        1128        1195        1196
        4886        4971        4887
        5247        5327        5239
        2713        2803        2805
        2884        2975        2885
        6804        6803        6893
        1482        1484        1409
        6012        6098        6013
        6636        6635        6723
        5111        5112        5200
         429         431         470
        1305        1376        1308
       10460       10549       10550
        6716        6715        6803
         622         672         623
        3347        3434        3435
        4979        5065        4980
        1635        1634        1717
       10914       10830       10825
       11797       11774       11775
        5512        5599        5597
        2389        2297        2295
        4569        4654        4653
        2242        2335        2243
        1021        1084        1022
       10104       10105       10194
        2454        2453        2546
        2978        3069        3070
        1479        1557        1558
         994         935         995
        2453        2452        2545
        2152        2242        2243
       11386       11387       11308
        9914       10003       10004
        3008        2917        3009
        9915       10004       10005
        8705        8704        8795
       10257       10166       10256
        1071        1137        1072
        5276        5277        5364
        8552        8553        8642
        4557        4470        4472
       10813       10810       10722
        2746        2653        2745
       10346       10254       10344
       10896       10895       10984
        7458        7456        7548
        5510        5597        5513
        7611        7522        7521
        9956       10046        9957
        5378        5290        5377
        7728        7818        7729
        9625        9715        9717
        4963        4961        5046
        6482        6570        6481
        1408        1409        1483
        3233        3222        3314
       11080       11161       11167
        9541        9629        9634
        9080        9165        9171
        6628        6627        6715
        2612        2704        2705
        2473        2565        2567
       10048       10137       10052
         148         125         139
        6061        5976        5977
        2884        2974        2975
        5980        6065        5981
         299         265         264
        3493        3405        3494
        1443        1519        1517
        3348        3258        3256
        6350        6436        6434
        9799        9888        9889
        9993       10082       10083
        2277        2369        2370
        5635        5719        5721
       10893       10895       10805
        5304        5218        5303
        7999        7911        7910
       10345       10254       10346
        1023        1086        1027
        4732        4647        4731
        5455        5369        5368
        4560        4558        4643
         866         811         851
       11108       11101       11186
        7738        7739        7829
        2501        2492        2586
        5847        5932        5848
        3444        3532        3533
        4888        4973        4890
       10347       10438       10348
       10676       10677       10586
        7549        7548        7638
        5205        5204        5291
        1126        1125        1193
        9739        9740        9831
        9845        9935        9934
        2463        2555        2556
        2120        2210        2121
        8437        8525        8526
        3731        3819        3733
        6064        6153        6065
       10255       10254       10345
        6348        6434        6354
       11142       11144       11056
        4773        4772        4859
        2869        2962        2961
        1004        1065        1067
         575         623         576
        2098        2186        2187
        4076        3990        4077
        5654        5740        5741
       10521       10610       10602
        7584        7565        7494
       10662       10663       10572
       11078       10990       10989
        5425        5513        5426
        2802        2710        2801
        2338        2431        2432
        4623        4706        4622
        9120        9117        9208
        9361        9453        9454
        4840        4753        4754
        1127        1194        1195
        1558        1557        1638
        1248        1181        1185
        7369        7367        7456
       10355       10446       10360
        4036        4035        4121
       11525       11526       11568
        1310        1381        1378
        6359        6358        6445
        5338        5426        5340
        1817        1816        1900
        1562        1563        1643
        1600        1520        1598
        8795        8886        8796
        8989        9080        9081
        4882        4968        4883
       10311       10220       10304
        4939        4940        5024
        6152        6238        6153
        5581        5665        5582
        1636        1556        1555
        8150        8240        8152
        8858        8857        8948
        9458        9548        9549
        4354        4269        4356
        5253        5340        5255
        9106        9015        9107
        9449        9356        9448
        6057        6146        6058
        2297        2205        2295
        6020        6105        6021
        7100        7099        7188
        6540        6539        6627
        6446        6445        6532
        3363        3362        3272
        3536        3624        3626
        3068        3160        3069
        3143        3133        3222
        3716        3801        3804
        3135        3224        3137
        4617        4683        4701
        6903        6972        6881
        2504        2409        2503
        2932        3022        3025
         450         491         489
        3260        3261        3352
        5469        5477        5389
        2907        2908        2998
        9717        9809        9718
        6863        6775        6864
         948         947        1008
       10428       10518       10429
        1612        1696        1695
        9839        9833        9923
        1152        1218        1156
         346         345         382
        4359        4429        4447
        9272        9364        9365
       11201       11281       11200
        3193        3103        3189
       10806       10895       10896
        8998        9089        9090
        3355        3442        3443
        6366        6365        6452
        6284        6370        6285
        8805        8891        8897
        1850        1767        1849
        2979        3070        3071
        8806        8897        8898
        1682        1600        1681
        4160        4242        4157
        5457        5459        5544
        6183        6269        6238
        4879        4966        4881
        9338        9430        9339
        3767        3762        3850
        5121        5122        5210
       10419       10420       10509
       10447       10359       10450
        3541        3627        3631
        7545        7544        7634
        8987        9078        9079
        8949        8948        9038
        6104        6191        6105
       10121       10211       10122
        9080        9074        9165
        1460        1538        1539
       10606       10517       10520
        1952        1953        2040
       10005       10095       10006
         184         158         160
        9039        9038        9129
        3805        3892        3808
        5165        5255        5166
        1128        1127        1195
        9706        9797        9756
        5598        5683        5599
       10716       10807       10717
        8339        8257        8347
        4655        4739        4654
        5397        5309        5396
        8068        8067        8157
        4115        4116        4200
         371         369         334
        1726        1727        1809
        5924        6008        5925
        5546        5630        5631
       10437       10526       10436
       11042       11046       10958
        6473        6562        6563
        5767        5852        5768
        5519        5606        5520
        5077        5166        5078
        3593        3592        3682
        7663        7573        7662
       10964       10875       10963
        7674        7675        7586
        9353        9356        9446
        9626        9533        9625
        6453        6452        6539
        3043        3042        3049
        5480        5566        5567
        3890        3891        3976
       10187       10278       10249
        7026        7027        6937
        8900        8899        8990
        1117        1114        1053
       11373       11374       11295
       10720       10807       10716
        5602        5687        5606
        4767        4768        4854
        4880        4965        4878
        4581        4582        4664
        5686        5773        5687
        2648        2739        2741
        4991        5078        4992
        2446        2353        2447
        7391        7302        7389
        7008        7007        7099
        6268        6354        6269
        3170        3168        3256
        5740        5825        5826
       10117       10207       10118
       11211       11212       11127
        9197        9107        9198
       10356       10359       10447
        6198        6285        6283
       10170       10260       10261
         809         864         852
        5681        5768        5683
        3853        3854        3941
        8435        8524        8436
        5317        5230        5316
        4580        4498        4495
        8815        8906        8907
        2711        2802        2803
        5231        5142        5230
        1747        1746        1829
        5138        5137        5225
        5772        5857        5773
        1554        1634        1635
        3165        3253        3166
        8633        8723        8724
        9130        9129        9220
        9110        9108        9018
        4747        4748        4835
       10619       10618       10710
        8736        8735        8646
        5661        5660        5747
        7784        7694        7783
        5748        5747        5832
        5577        5576        5660
        2349        2442        2443
       10120       10210       10209
       10450       10359       10449
        3980        4063        4067
       10520       10550       10609
        1661        1660        1743
       10518       10607       10519
        5854        5939        5857
        9264        9352        9357
        2653        2561        2652
        7635        7634        7724
        2561        2468        2560
        2047        2136        2048
        4906        4992        4965
        1893        1894        1979
        5399        5398        5486
        8346        8436        8347
        5851        5936        5852
        8453        8542        8543
         170         145         146
        1634        1633        1716
         285         251         283
        6844        6755        6845
        6469        6557        6476
       10272       10181       10271
        1086        1152        1090
       10452       10542       10453
        9669        9759        9677
        9409        9408        9499
        8983        8987        9075
        7180        7269        7270
        8824        8915        8822
        1619        1627        1702
        7359        7447        7448
        2468        2374        2467
        4789        4874        4875
        7381        7471        7470
        1056         995        1057
        2615        2524        2523
        7221        7222        7311
        8706        8797        8789
         125         104         117
        1478        1557        1479
        3381        3380        3469
        2714        2806        2716
        1136        1137        1071
        5896        5981        5898
       11130       11134       11046
       11506       11568       11567
       11106       11019       11107
        9221        9220        9313
        2337        2430        2431
        1991        1908        1905
        5497        5584        5498
       10820       10910       10821
        1218        1222        1156
        4060        4144        4062
        6196        6283        6199
        5694        5781        5695
         393         395         357
        5431        5520        5432
        3059        3153        3152
        8987        8986        9078
        6909        6999        7000
        3073        3165        3074
       11254       11332       11255
        8272        8361        8362
        1838        1921        1922
        2374        2281        2373
       10220       10130       10213
        3092        3180        3183
        1991        1906        1992
        2273        2366        2305
        1994        1991        2079
        6570        6658        6569
        3081        3171        3173
        6298        6384        6383
        3693        3783        3782
        9547        9639        9640
        9314        9313        9404
        2268        2361        2272
        6731        6819        6820
         934         935         994
        2254        2163        2253
        9546        9638        9639
        9288        9198        9289
       10913       10824       10827
        5780        5865        5781
        7344        7433        7345
        1746        1745        1828
       10097       10186       10187
        8181        8271        8182
        4365        4363        4451
         760         814         813
        3120        3207        3210
        7822        7911        7912
       11160       11161       11074
        2980        3071        3072
       10137       10227       10141
        1751        1747        1830
         682         681         734
        8257        8256        8346
        6112        6199        6113
        9958        9871        9961
        4668        4585        4667
       10992       10989       10903
        1796        1879        1795
        7833        7922        7835
        5487        5486        5573
        6711        6798        6799
        5733        5819        5818
        8232        8322        8234
        9386        9295        9387
        9199        9290        9205
        6520        6526        6440
        8931        9021        9005
        6551        6639        6552
        9083        9082        9173
       10545       10456       10455
        1127        1126        1194
        5114        5113        5202
         771         769         824
        2192        2282        2284
        6028        6113        6029
        5658        5745        5659
        7648        7649        7739
        9430        9521        9431
        4238        4323        4324
       10697       10786       10698
        5591        5589        5674
        6555        6643        6644
       10073       10163       10074
       10452       10541       10542
        8899        8894        8985
         310         309         345
        1553        1634        1554
        1660        1659        1742
        5648        5734        5649
        5675        5677        5763
        5266        5267        5355
        8806        8805        8897
        1659        1658        1741
        5864        5948        5865
        4372        4371        4460
        5036        5037        5124
        1658        1655        1738
        9022        9114        9113
        8261        8350        8351
        4161        4246        4245
        6127        6212        6211
        9548        9640        9641
        9405        9404        9495
        1334        1333        1405
        7803        7801        7890
        3077        3078        3169
       10200       10287       10290
        5241        5240        5328
        3420        3510        3509
         803         750         802
        6521        6609        6522
        2754        2844        2846
        2107        2197        2196
        2726        2813        2817
        4146        4231        4230
       10030        9941       10031
        5609        5695        5657
        9276        9185        9277
        7564        7653        7566
       10046       10135       10047
        6937        7027        7023
        5944        6029        5948
        2703        2795        2704
        1872        1873        1957
        1352        1424        1353
       10364       10455       10365
       10717       10807       10808
        5760        5763        5846
        5272        5187        5185
        1745        1744        1827
        4424        4338        4426
        7577        7573        7663
         618         667         668
        6117        6204        6203
        7790        7879        7875
         698         647         697
        5957        6042        6040
        3897        3982        3983
        9569        9479        9570
        8339        8429        8408
        5503        5501        5589
        6382        6467        6468
        1802        1803        1720
        9917       10007        9980
        7345        7434        7346
        7966        8055        7967
        1995        1994        2082
        9807        9809        9717
        3079        3169        3171
       11019       10933       11021
        3735        3734        3822
        2361        2455        2365
        9509        9508        9599
        9496        9495        9586
        7919        7830        7920
        3648        3647        3734
        3050        3040        3133
        4477        4538        4564
        7005        7095        7004
        9891        9980        9977
         412         373         411
        1351        1347        1419
        7247        7335        7336
        6929        6930        7020
        4186        4254        4272
        2432        2524        2525
        7425        7513        7514
        2957        2948        3040
        5491        5403        5490
        9478        9387        9479
        2430        2523        2431
        8238        8328        8239
        1786        1709        1791
        8238        8233        8323
        8166        8165        8255
        6291        6296        6376
        6689        6777        6690
        8054        8144        8055
        3436        3524        3525
         817         873         872
        5481        5549        5568
        3882        3883        3968
        6175        6261        6179
        1405        1333        1404
        2316        2224        2315
        8627        8626        8717
        6049        5964        6050
        3771        3860        3772
        9888        9977        9889
        8378        8467        8382
        1373        1446        1447
        2018        2107        2106
         648         599         647
        5676        5674        5762
         667         719         720
        9695        9694        9784
       10680       10769       10768
        3291        3290        3380
        7068        7157        7158
        7614        7705        7704
        5845        5846        5930
        7208        7298        7294
        6929        7019        6927
        8233        8147        8237
        7703        7793        7705
         373         336         372
        4240        4326        4246
        1844        1928        1929
        5868        5952        5872
        9521        9612        9522
         601         554         599
        3597        3687        3686
        7064        7153        7154
        1836        1844        1920
        5152        5151        5240
        9709        9799        9800
        3438        3525        3527
        2993        3085        2994
        9411        9324        9415
        3997        4083        4084
        7603        7692        7693
        8894        8893        8984
        6774        6775        6863
       10135       10225       10136
        2219        2129        2134
        7652        7656        7742
        2967        2968        2876
        6887        6977        6978
        9467        9558        9559
        4866        4867        4952
        3903        3904        3989
         212         185         210
         225         217         245
        7792        7881        7793
        4284        4372        4289
        6882        6972        6973
        7878        7967        7879
       10893       10982       10895
        2832        2920        2922
        8900        8990        8991
        6745        6835        6834
        7305        7302        7391
        8580        8578        8490
        3662        3658        3573
        6074        5989        5991
        5708        5796        5783
        4516        4514        4599
        7878        7877        7966
        7941        8031        8030
        8986        8898        8989
        4260        4259        4346
        3354        3440        3442
       10528       10618       10529
        3027        3122        3028
        6007        6092        6008
        5824        5909        5908
        3526        3527        3617
        5786        5870        5871
        5946        6032        6031
       10186       10276       10277
        8237        8327        8323
        4723        4722        4638
        2366        2460        2399
        8893        8892        8983
        4423        4421        4508
        4085        4169        4102
       10852       10872       10941
        8809        8808        8900
       10130       10041       10123
        5494        5407        5406
        4095        4096        4009
        7960        8048        8049
       10364       10454       10455
        8197        8107        8195
        1765        1682        1764
        7332        7354        7422
        2703        2794        2795
        1753        1836        1837
        9474        9471        9562
        2983        2893        2892
        4625        4709        4710
        8627        8537        8626
        9799        9889        9800
        7214        7213        7303
        3713        3714        3801
       10408       10498       10412
        2197        2288        2196
        1117        1053        1116
        3296        3295        3386
        2221        2220        2312
        3483        3480        3394
       10371       10384       10370
        5539        5624        5623
        4453        4452        4365
        2639        2732        2640
        2981        2890        2980
        3885        3968        3971
        4596        4594        4677
        5406        5322        5410
       10276       10366       10367
        5099        5188        5101
        8272        8271        8361
        7936        8025        7941
        2710        2617        2709
        3185        3274        3275
        1079        1077        1143
        2845        2755        2847
        2547        2639        2548
       10286       10288       10377
        7136        7135        7045
        6010        6004        6089
       10880       10969       10881
        3619        3707        3621
         885         943         944
        1349        1280        1350
        1553        1633        1634
       10360       10451       10361
        4159        4244        4243
        3533        3623        3624
        6845        6755        6774
        9112        9203        9202
        2522        2614        2523
        2709        2800        2801
        4175        4174        4259
       11037       10949       11035
         571         618         619
        6331        6247        6333
         420         419         381
        4347        4346        4434
        5366        5453        5450
       10809       10899       10814
        7436        7525        7438
        5777        5862        5861
        5009        4926        4924
        7727        7816        7817
        5560        5645        5641
        2794        2884        2795
        7801        7800        7889
       10361       10451       10452
        3200        3199        3290
        3089        3090        3180
        9565        9562        9655
        9751        9660        9661
        2522        2613        2614
         786         733         785
        4562        4475        4561
       10454       10544       10455
       10808       10807       10897
        2165        2255        2256
        6754        6755        6844
        3360        3448        3363
        1419        1349        1421
        6638        6726        6639
        9239        9235        9328
        6577        6489        6490
       10610       10702       10693
        9891        9801        9827
        3204        3203        3295
       11290       11365       11369
        7155        7156        7066
        2254        2347        2255
        3404        3315        3405
        5116        5115        5204
        8986        8989        9078
        6492        6489        6577
        7850        7939        7938
        5203        5114        5202
       10600       10691       10601
        2613        2705        2706
        3111        3110        3199
        8296        8299        8209
        8990        9082        8991
        1205        1273        1274
        9240        9239        9332
        7792        7791        7880
        8196        8107        8197
        6260        6346        6261
        4679        4677        4761
        3276        3366        3367
        7614        7613        7703
        3774        3863        3859
         862         807         810
        7023        7027        7115
       10186       10277       10187
        8899        8985        8990
        8709        8713        8800
        4763        4761        4848
       10468       10559       10471
        8920        9010        9009
        5549        5550        5634
        3269        3360        3272
        9469        9559        9472
        1749        1667        1750
        4093        4097        4177
        4850        4848        4933
        9099        9190        9102
        1638        1557        1637
        7786        7700        7790
        2613        2706        2614
        2430        2522        2523
        1733        1815        1816
        5086        5087        5177
        9411        9502        9416
        5029        5028        5115
        3125        3213        3215
        4509        4508        4593
        4091        4090        4174
        4181        4265        4266
        2680        2679        2773
        2945        3036        3037
        7791        7786        7875
        6073        5989        6074
         481         514         523
        5550        5633        5635
        8351        8350        8441
        4944        4943        5028
        5016        5103        5102
        3556        3554        3644
        3946        4033        4032
        3376        3287        3377
        7558        7559        7648
         829         885         886
        6416        6502        6500
         627         677         675
        2877        2968        2969
        8893        8983        8984
       10508       10597       10596
        4497        4579        4582
        2937        3028        3030
        8894        8984        8985
       10549       10639       10550
        1817        1900        1901
        9798        9801        9888
        6396        6483        6395
        8627        8717        8718
        8698        8706        8789
        6752        6753        6842
        7848        7937        7851
        3329        3236        3284
        9888        9801        9891
        3114        3118        3203
        4523        4441        4526
        1242        1313        1312
        2716        2806        2808
        6414        6500        6415
        6771        6860        6772
        9111        9202        9201
        3575        3663        3664
        9709        9617        9708
        5112        5199        5201
        6827        6739        6829
        6499        6587        6502
        7697        7608        7607
        8518        8526        8608
        5282        5198        5195
        4493        4494        4579
        8448        8537        8538
        6679        6767        6680
        8795        8885        8886
       10898       10899       10809
        1330        1331        1261
        4024        4109        4111
       10225       10316       10226
        2705        2797        2706
        9409        9500        9410
         171         164         190
        6345        6431        6346
        4608        4526        4611
        1931        2018        2017
        8285        8317        8375
         227         216         244
        8048        7980        8069
        6905        6996        6906
       10966       11054       10968
        5604        5690        5689
       11144       11229       11228
        3465        3377        3466
        4935        4933        5018
        4213        4277        4300
        3477        3476        3565
        3751        3838        3839
        9973        9981       10063
        4465        4550        4551
        2445        2536        2538
        3777        3848        3866
       10268       10359       10356
       10276       10367       10277
        5970        6055        5972
        4374        4375        4463
        6557        6646        6565
         751         697         750
        3566        3565        3655
        4462        4463        4549
        4628        4631        4713
        4546        4549        4631
        9238        9331        9330
        4287        4288        4375
        4691        4611        4694
        5429        5518        5517
        9237        9147        9238
        3286        3196        3287
        4004        4003        4090
        6859        6949        6948
        3892        3978        3895
        6764        6853        6767
        9415        9506        9502
       10287       10378       10290
        3184        3273        3274
       10366       10457       10367
        6060        6149        6062
        8171        8260        8261
        3483        3482        3572
        5459        5545        5546
        3023        3024        3118
        1057         995        1029
        6098        6099        6013
       10368       10278       10277
        3018        3017        3110
        7487        7483        7573
        8058        8143        8148
        3396        3484        3485
        5199        5285        5286
        8705        8795        8796
        8496        8585        8586
        4237        4320        4323
        4775        4694        4778
       11749       11776       11778
         777         832         778
        6852        6942        6853
        5285        5370        5373
        4837        4920        4922
        6647        6735        6734
         183         157         182
        4196        4281        4283
        3394        3393        3482
        8089        8000        7999
       11508       11507       11440
        3861        3948        3949
        1478        1556        1557
        3387        3386        3476
        5482        5569        5483
        6816        6906        6817
        3962        3963        4050
        8888        8978        8979
        6688        6776        6689
        9709        9800        9711
        7520        7519        7609
        9924        9834        9835
        4376        4461        4464
         485         527         528
        6363        6449        6450
        3573        3572        3661
        9690        9780        9691
        6729        6817        6776
       10736       10646       10647
        6430        6516        6431
        4234        4235        4320
        4683        4684        4767
        4862        4778        4865
        6047        5962        6048
        5958        6044        6043
        5812        5897        5815
        1134        1198        1200
        6335        6337        6421
        3153        3244        3243
        5627        5543        5542
        7172        7261        7173
        1159        1093        1160
        4367        4370        4456
       11308       11229       11227
        3352        3353        3440
        4712        4713        4797
        1670        1753        1754
        8647        8737        8651
        6854        6944        6942
        3800        3712        3799
       10175       10085       10174
        9237        9330        9241
        3662        3661        3748
         559         516         552
        3656        3655        3742
        1704        1694        1777
         527         571         572
        6602        6689        6603
        5813        5898        5897
         775         829         830
        8166        8255        8256
        8152        8240        8242
       11356       11430       11354
        1987        2074        2075
        9344        9433        9436
        4479        4504        4566
        4947        4865        4951
        7208        7207        7297
        8144        8232        8234
        6515        6603        6516
        2926        2925        3017
       11277       11278       11197
        3918        3917        4003
        9161        9248        9251
        3173        3259        3261
        9499        9590        9500
        5928        5844        5845
        4150        4151        4235
        3441        3353        3439
         725         777         778
        2535        2627        2536
        5020        5018        5105
        5729        5815        5730
        3749        3748        3836
        2805        2893        2895
        7215        7302        7305
        2244        2336        2337
        7991        8080        8081
        7349        7438        7350
        2052        1966        1964
        1423        1424        1352
        5304        5391        5392
        7207        7205        7295
         629         582         581
        4351        4350        4438
        9236        9329        9328
        4417        4418        4504
        1569        1649        1650
        8318        8339        8408
        4916        4831        4876
        3972        4059        3973
        7487        7573        7577
        2722        2723        2813
        6014        6099        6100
        8206        8296        8209
        4838        4922        4923
         134         137         115
        5032        4951        5035
        6056        6145        6059
        5643        5730        5645
         943        1002        1004
        1294        1364        1365
         646         598         645
        6941        7031        6944
        8102        8120        8192
        9848        9758        9757
        9240        9333        9331
        9332        9424        9333
        4754        4839        4841
       11571       11570       11508
        4481        4566        4568
        2802        2892        2803
        8387        8388        8476
        7029        7121        7031
       10081       10085       10171
        2931        2936        3024
        7980        7899        7988
        7176        7265        7177
        3954        4021        4041
        5067        5155        5156
        7303        7213        7215
        8744        8746        8835
        1415        1489        1490
        9987        9897        9898
        2800        2890        2801
        4639        4722        4724
       11292       11293       11212
        5037        5039        5125
        8300        8211        8301
        8878        8787        8874
        4325        4412        4413
       10144       10233       10234
       10446       10451       10360
         802         807         856
         445         485         486
        5987        6072        6069
        6835        6925        6834
        1557        1556        1637
        1070        1135        1136
        5119        5035        5123
        6535        6622        6623
        6212        6299        6298
       11257       11335       11258
        1264        1333        1334
        4327        4413        4415
        4811        4895        4897
       11230       11259       11311
        5280        5304        5368
        7513        7602        7603
        4901        4985        4987
        8706        8796        8797
        7349        7347        7436
        7551        7550        7640
        4231        4317        4316
        8048        8069        8138
        4261        4178        4176
        3502        3501        3592
        3207        3298        3299
        3099        3190        3189
       10249       10278       10340
        3626        3712        3714
        3831        3830        3917
        8412        8500        8501
       11368       11369       11444
        2226        2136        2135
        7125        7213        7214
        3896        3981        3982
        5294        5212        5298
         453         494         454
        5207        5123        5212
        1749        1832        1831
        5382        5298        5386
        5920        6004        5926
       10686       10775       10690
        6561        6472        6477
        6498        6586        6585
        3190        3280        3279
        8717        8808        8718
        7640        7550        7639
        7727        7726        7816
        9783        9873        9784
        7260        7350        7348
       10316       10406       10317
        3743        3742        3830
        6406        6320        6403
        7692        7781        7782
        8577        8665        8667
        4620        4703        4704
        4414        4415        4501
        8149        8238        8239
        6465        6551        6552
        7030        7122        7121
        3765        3766        3854
       10529       10618       10619
        8495        8578        8585
        7139        7137        7226
        4070        4069        4153
       11448       11449       11373
        7909        7997        7998
        7806        7823        7895
        7970        8058        8059
        3169        3257        3171
        8435        8523        8524
        7134        7219        7223
        8626        8716        8717
        2191        2103        2193
        7309        7219        7221
        7335        7424        7425
        7153        7175        7243
        8425        8510        8514
        2998        2999        3090
        2164        2254        2255
        6706        6793        6794
        8681        8771        8772
        6793        6881        6882
       11379       11451       11455
        6584        6671        6586
        6449        6535        6536
         852         909         853
        6544        6630        6632
        4700        4760        4676
         826         881         883
        5952        6037        5957
        9797        9887        9847
        5107        5105        5194
        1589        1670        1671
        2845        2847        2936
        2306        2401        2400
        3558        3557        3647
        6277        6362        6363
        6333        6247        6332
        8418        8502        8507
        7844        7754        7840
        3280        3371        3370
        3071        3163        3072
       10261       10260       10351
         690         689         742
       10230       10321       10318
       10088       10089        9999
        9619        9709        9711
        6191        6277        6278
        2431        2524        2432
        7862        7773        7778
        9150        9241        9151
        7692        7691        7781
        6838        6929        6927
       10845       10934       10849
        3412        3411        3501
        7120        7209        7122
        4317        4405        4404
       10518       10606       10607
        5973        6058        6056
        6615        6703        6671
        3532        3623        3533
       10814       10899       10904
        6813        6822        6903
        4019        4104        4105
         632         631         681
        2763        2670        2669
        3781        3868        3870
       10574       10665       10575
        8863        8953        8954
        5469        5386        5474
         827         825         882
        8604        8690        8694
        6619        6706        6707
       10945       11032       11033
       11618       11617       11570
        6808        6896        6898
        8106        8107        8196
        7340        7339        7429
        4420        4501        4507
        1049        1050        1113
        3524        3615        3525
        2443        2535        2536
        2526        2617        2618
       10292       10291       10202
       11098       11093       11180
        3869        3870        3957
        9044        9134        9135
       11386       11391       11463
        5370        5372        5457
         745         692         744
        8257        8346        8347
        2891        2890        2981
        8597        8682        8687
        1096        1161        1163
        8785        8872        8876
        7707        7794        7797
        8100        8190        8099
        4538        4539        4622
        5633        5719        5635
        6702        6790        6703
        4699        4779        4783
        8346        8435        8436
        3195        3107        3196
        6022        6106        6107
        8268        8178        8267
        5059        5060        5146
        3036        3128        3129
        3321        3320        3411
        2030        1946        2033
        3443        3531        3532
        3951        3957        4037
        4537        4620        4621
       10895       10982       10984
        1779        1752        1835
        3369        3455        3457
        7456        7547        7548
        6142        6123        6054
        8674        8765        8760
        4038        4037        4124
       10857       10946       10861
       11371       11372       11293
        7152        7242        7209
        3165        3252        3253
        9576        9670        9669
        5453        5540        5537
        8869        8955        8960
        8339        8347        8429
        9509        9599        9600
        7639        7728        7729
        1070        1069        1135
        8486        8576        8492
        3456        3457        3546
        7204        7208        7294
        2234        2326        2233
        1773        1689        1772
       10603       10694       10604
        4835        4836        4920
        5988        5989        6073
        6435        6521        6436
        2802        2891        2892
        2005        2001        2089
        6862        6858        6948
        7726        7725        7815
        7639        7638        7728
        2738        2825        2829
       10780       10868       10870
        3462        3546        3552
        7581        7669        7671
        7563        7476        7567
        8019        7930        8016
        4616        4699        4700
        7984        7913        8002
        9695        9784        9785
       10256       10165       10255
        3527        3618        3617
       10337       10427       10338
        2803        2893        2805
         942        1002         941
        9364        9271        9363
        6989        7078        7080
       11226       11231       11307
        4503        4419        4506
        6511        6599        6578
        3253        3345        3254
        9875        9964        9965
        6057        6143        6146
       11142       11226       11227
        5233        5234        5318
        7258        7171        7260
        7258        7348        7261
        2764        2855        2856
        7241        7330        7242
        8462        8553        8552
        7742        7656        7746
        7648        7559        7649
        1348        1420        1350
        2618        2617        2710
       11307       11386       11308
       10520       10430       10460
        1742        1825        1743
        3075        2984        2983
        9476        9384        9477
        8943        9031        8941
        7725        7724        7814
        8280        8190        8194
       10948       11033       11036
        2406        2397        2492
         368         406         407
        7004        7095        7096
       11304       11383       11362
        1947        2034        2033
        2337        2336        2430
        7467        7559        7558
        7615        7614        7704
       11511       11513       11446
         299         264         296
        8133        8223        8222
        2981        3072        3073
        2360        2267        2359
        3677        3679        3766
        7808        7718        7807
        9141        9227        9232
        1661        1743        1744
         333         368         370
        1992        2080        2079
        7172        7169        7258
        8148        8143        8233
         723         775         776
        4125        4124        4209
        2891        2981        2982
        9597        9690        9691
        7520        7609        7610
        7433        7434        7345
        9319        9409        9410
        6784        6873        6790
         810         811         865
        4666        4584        4583
        5192        5279        5278
        9325        9411        9416
        1351        1423        1352
        3440        3529        3442
        7324        7414        7330
        9075        9076        8984
       10606       10609       10697
       10197       10107       10196
       10606       10697       10607
        6010        6089        6095
        2817        2904        2908
         882         883         941
        2254        2346        2347
       10171       10085       10175
        7347        7256        7346
        1925        2010        2011
        8189        8280        8278
        6670        6753        6664
        9872        9962        9873
        5936        6020        6021
        5103        5192        5191
       11446       11510       11443
        2891        2982        2892
        6499        6497        6585
        8189        8190        8280
        2371        2279        2278
        1827        1911        1828
        9531        9624        9623
         826         825         771
        1510        1589        1590
       11021       11020       11108
        1421        1496        1494
         406         445         446
       11454       11455       11521
        3551        3552        3641
        5837        5841        5921
        3726        3727        3814
        2905        2904        2814
        9715        9624        9716
         950         949        1010
        1419        1494        1423
        5184        5271        5185
        8907        8997        8998
        6870        6868        6959
        8669        8760        8670
         972        1031        1033
        3252        3344        3253
        9623        9624        9715
        6497        6412        6498
        4097        4180        4181
        6786        6875        6873
       11573       11575       11513
       10708       10616       10617
        5923        5840        5839
        1880        1965        1879
        7326        7416        7414
        7966        8054        8055
        7256        7255        7345
        3889        3888        3802
        5095        5184        5096
        8232        8321        8322
        3153        3154        3244
        7153        7085        7175
        7963        7965        7876
        6583        6670        6664
       10385       10295       10382
        7310        7306        7395
         179         180         207
        7691        7622        7712
        2981        3073        2982
       10516       10605       10565
         112         134         115
       11230       11311       11231
        6558        6470        6471
        7473        7385        7474
        5554        5638        5639
        7923        8011        7922
       11054       11142       11056
       10000       10089       10090
        7223        7219        7309
        3779        3814        3868
        7255        7254        7344
        9578        9672        9670
        3183        3270        3273
         336         300         335
        7475        7473        7564
        7726        7815        7816
        8025        8031        7941
        7476        7475        7566
        8221        8311        8309
        7099        7187        7188
        2446        2539        2449
        6584        6527        6615
        9548        9457        9547
         499         502         461
         289         324         316
        9365        9457        9458
         640         689         690
        1483        1484        1562
        9381        9378        9471
        1010        1009        1072
        9960       10050        9961
        6841        6840        6751
        8886        8887        8796
        3275        3365        3366
        3228        3227        3320
       10942       11030       10943
        5493        5495        5580
        3171        3259        3173
        7544        7633        7634
        7340        7429        7430
        6535        6534        6622
        4675        4759        4758
        4759        4846        4845
        7399        7486        7489
        7878        7966        7967
        7725        7814        7815
        3452        3365        3364
        7724        7813        7814
         853         910         854
        6097        6185        6184
        1233        1302        1303
        3491        3580        3581
        3786        3699        3789
        3442        3531        3443
        8068        8158        8070
        7622        7541        7631
        3640        3725        3727
        5107        5108        5021
        1910        1996        1911
        3920        3924        4006
        1995        2083        1996
        2481        2574        2575
        2723        2814        2813
         885         884         943
       11380       11303       11301
        7775        7864        7777
        8823        8824        8822
        4041        4107        4128
        3799        3711        3798
        5518        5605        5604
        9999       10089       10000
          41          56          55
         204         231         232
        8642        8643        8732
        1750        1833        1832
        8662        8752        8663
         671         723         724
        2486        2484        2578
        2082        2171        2083
        5008        5095        5009
        3638        3641        3725
       11142       11227       11144
        6793        6792        6881
        3524        3613        3615
        7746        7745        7835
        8893        8802        8801
        1009        1008        1071
        5959        5960        6046
        8573        8663        8574
       11303       11222       11301
        2730        2820        2821
        8225        8315        8310
        6858        6770        6859
        7638        7727        7728
        6341        6380        6427
        5260        5348        5342
        6577        6490        6578
        7508        7598        7594
        8219        8309        8226
        5665        5669        5752
        2131        2130        2220
        3838        3920        3925
        7792        7880        7881
       11363       11439       11364
        3923        4008        4009
        4925        5010        4931
        6020        6019        6104
        8147        8236        8237
        3620        3531        3529
        3090        3181        3180
        3589        3590        3679
         322         288         323
        1435        1510        1511
        6619        6617        6706
        5170        5260        5254
        3213        3305        3306
        4601        4600        4516
        6941        6939        7029
         798         745         797
        6384        6470        6469
        1374        1447        1448
        1846        1773        1855
        8233        8237        8323
        4590        4589        4505
        6242        6158        6244
        5225        5310        5311
        8642        8553        8643
        1419        1347        1349
        6333        6332        6418
        4592        4675        4674
       11035       11036       11123
        3804        3888        3891
        4994        5081        5075
        2985        2986        3077
        8238        8323        8328
        6780        6694        6782
        2630        2721        2723
        7803        7892        7804
        3906        3908        3821
       11515       11516       11449
       10076       10165       10166
        5545        5630        5546
        2671        2764        2765
        4908        4994        4988
        9698        9788        9701
        7624        7714        7625
        8985        9076        9077
         458         499         461
       10095       10096       10006
        9958       10048        9962
        6557        6558        6646
        7786        7790        7875
        1843        1926        1927
        7614        7703        7705
        7767        7856        7768
        6750        6839        6749
        3528        3617        3619
        1312        1384        1383
        7703        7792        7793
        2045        2046        1959
        4461        4547        4548
        8611        8701        8661
        4684        4768        4767
         581         577         625
        6770        6684        6772
        7885        7887        7974
        6929        7020        7019
        9977        9978        9889
        5081        5170        5164
        3976        3977        4063
        6784        6698        6786
        4281        4368        4369
         764         818         817
        7980        7988        8069
        7790        7878        7879
        7389        7301        7390
        2746        2745        2836
        6517        6604        6605
        7576        7486        7487
        6679        6676        6764
        4547        4630        4632
        4822        4908        4902
        5334        5421        5415
        7446        7535        7495
       10406       10496       10407
         884         828         827
        6684        6683        6771
        5421        5509        5504
        4538        4453        4539
        6683        6678        6766
        6678        6593        6680
        1751        1834        1833
         882         826         883
        7415        7504        7416
        8484        8574        8485
       11720       11750       11751
       10090       10091       10001
        8210        8211        8300
        6012        6097        6098
        6852        6765        6854
        3441        3528        3530
        1364        1435        1437
        7662        7575        7664
        8012        7942        8030
        3883        3969        3968
        7791        7875        7880
        3136        3226        3225
        6690        6777        6778
        6329        6328        6414
         826         824         881
        3714        3802        3801
         284         319         317
        4368        4454        4457
        8067        8156        8157
        4067        4147        4151
        4454        4540        4541
        2522        2429        2521
        4468        4554        4555
        7936        7849        7938
        2243        2336        2244
        2043        2042        2130
        5063        5068        5151
        5929        6013        6014
        6332        6329        6415
        8436        8437        8347
        9871        9960        9961
        7563        7567        7652
        4685        4721        4769
        7649        7740        7739
        4380        4468        4469
        4721        4806        4807
        4603        4685        4686
        4900        4896        4814
        8126        8216        8128
         884         941         943
        3440        3441        3529
       11386       11463       11387
        3528        3619        3530
        4735        4822        4816
       10276       10185       10275
        8260        8350        8261
        1830        1914        1834
        7059        7058        7148
        2452        2544        2545
         622         671         672
        4806        4889        4891
         298         333         334
        2391        2389        2484
        6020        6104        6105
        3441        3530        3529
        6490        6425        6511
        6298        6299        6384
        4554        4638        4639
        3273        3364        3274
        8915        8931        9005
        6358        6356        6443
        5247        5334        5327
       10939       10918       10850
        7489        7486        7576
        2453        2545        2546
        5512        5598        5599
       11620       11623       11575
        3801        3888        3804
        3405        3403        3492
       10496       10585       10497
        8499        8410        8498
        7075        7164        7165
        3499        3500        3590
        5510        5512        5597
        4895        4980        4981
        2353        2354        2447
        4889        4890        4974
        7120        7062        7152
        7144        7234        7148
        7850        7762        7851
        2355        2446        2449
        1353        1424        1425
        3962        4050        4049
        1946        1862        1947
        4519        4603        4604
        3138        3137        3227
        8480        8569        8479
        5371        5372        5284
       10006       10096       10007
        7597        7687        7598
        6348        6350        6434
       10001       10091       10002
        9290        9292        9382
        6792        6725        6813
        2884        2883        2974
        7413        7500        7417
        8124        8214        8125
        2002        2090        2089
       10585       10676       10586
        8721        8722        8631
        7327        7417        7328
        7925        7924        8013
        7089        7088        7177
        8192        8120        8210
        6435        6353        6439
        7942        7852        7941
        4294        4380        4382
         912         970         913
        3077        2986        3078
        6587        6672        6674
        6358        6443        6445
        7043        7130        7134
        9694        9783        9784
        5847        5929        5932
        1069        1134        1135
        7460        7550        7551
        6534        6533        6621
        4651        4735        4729
        5425        5510        5513
       11259       11337       11311
        7855        7944        7856
        1052         991         992
        2443        2442        2535
        7840        7751        7841
        9409        9499        9500
        4533        4600        4617
        3269        3357        3360
        7964        7969        7880
        7137        7089        7178
       10676       10764       10765
        2732        2823        2733
        7817        7818        7728
        6533        6532        6620
        5767        5851        5852
        7408        7497        7498
        1746        1828        1829
        5957        6037        6042
        4512        4511        4596
       11570       11507       11508
        5896        5980        5981
        6350        6435        6436
        7603        7602        7692
        1752        1748        1831
        5767        5766        5851
        9934        9935       10024
        5681        5767        5768
       10277       10278       10187
        6643        6730        6731
        3314        3315        3404
       10492       10581       10552
        1991        1992        2079
        7762        7759        7848
        1906        1907        1992
        9021        9022        9113
        8041        8130        8131
        8122        8212        8123
        9609        9608        9701
        6975        6976        6885
        9114        9199        9205
        3732        3818        3820
       10676       10765       10677
        3410        3414        3500
        6611        6607        6695
        8338        8427        8428
          68          66          53
        6097        6101        6185
        4080        4078        4162
           3           8           7
         884         882         941
        1747        1829        1830
         460         501         500
        7746        7835        7836
        1945        1944        2031
        6881        6972        6882
         712         765         764
        3036        3035        3128
       10903       10900       10813
       10166       10165       10256
        2544        2636        2545
        7058        7054        7144
        9879        9969        9880
        5338        5425        5426
        5980        6064        6065
        7086        7084        7174
         276         275         309
        7088        7086        7176
        1660        1742        1743
        7084        7083        7173
        9023        8974        9064
        6893        6983        6984
        3405        3492        3494
        9947        9858        9948
        5253        5338        5340
        1004        1002        1065
        3261        3353        3352
        2171        2259        2262
        8297        8208        8298
        2828        2914        2918
        6356        6357        6442
        7752        7754        7842
        6409        6494        6495
        9415        9505        9506
        9411        9415        9502
        6064        6152        6153
        4683        4601        4684
        1994        2079        2082
        1658        1738        1741
        7496        7497        7407
        1914        1999        2000
        7241        7235        7324
         692         642         691
        9699        9790        9788
        1161        1224        1228
        1659        1741        1742
        5416        5414        5503
       10312       10281       10221
        3403        3402        3491
        6522        6609        6610
        5484        5570        5571
         312         311         278
        7349        7436        7438
        1008        1070        1071
        7326        7325        7415
        6558        6560        6647
        7691        7712        7781
        2300        2394        2393
        1745        1827        1828
        5598        5681        5683
        2902        2993        2903
        4620        4619        4703
        5327        5326        5239
        5991        5990        6075
        1018        1080        1081
        3731        3732        3819
        9039        9098        9006
        1860        1859        1944
        2478        2392        2487
        6198        6197        6284
        2109        2108        2198
        6152        6183        6238
        4718        4801        4717
        7425        7424        7513
        5454        5367        5448
        7240        7239        7328
        7325        7240        7329
        7339        7428        7429
        6326        6410        6412
        5165        5253        5255
        2813        2904        2817
        8900        8808        8899
        5503        5414        5501
        2642        2551        2643
        6251        6337        6335
        2392        2299        2393
        6715        6802        6803
        6469        6470        6557
        5980        5979        6064
        6421        6423        6507
        1282        1351        1352
        2299        2208        2300
        2005        2093        2034
        2208        2119        2209
        7585        7586        7496
        1147        1212        1213
        8850        8852        8941
        1016        1077        1079
        2917        2918        3009
       10452       10451       10541
        3624        3712        3626
        7508        7507        7597
        9611        9609        9702
        9702        9793        9704
        2862        2861        2952
        7226        7316        7228
        6268        6348        6354
       11432       11497       11430
        6183        6268        6269
        2793        2883        2794
        2734        2735        2825
        5654        5653        5740
        4388        4452        4477
        7800        7888        7889
       10095       10185       10096
        9235        9236        9328
        3714        3800        3802
       10607       10608       10519
          84          68          69
        3091        2999        3087
       10340       10427       10337
        8116        8113        8203
        6558        6647        6646
        9690        9779        9780
       11493       11554       11492
        5929        5928        6013
        8119        8116        8206
        7929        7930        8018
        9239        9328        9332
        8382        8467        8471
        6112        6109        6196
        2960        3011        3053
        2919        3007        3011
        8113        8024        8114
       10539       10533       10623
        3274        3365        3275
        2642        2643        2735
        3457        3547        3546
        2812        2903        2814
        5512        5511        5598
        9494        9584        9585
        3090        3091        3181
        8208        8119        8209
        9189        9098        9130
        3052        3053        3145
        5077        5165        5166
        4596        4511        4594
        7541        7630        7631
        1009        1071        1072
        9704        9705        9612
        7048        7138        7050
        4991        5077        5078
        6363        6362        6449
       10872       10961       10941
        7622        7631        7712
        7583        7668        7672
        1274        1273        1343
        2312        2303        2397
        7861        7774        7863
        2773        2858        2865
        3231        3232        3324
       10764       10853       10854
        5404        5403        5491
        9765        9764        9855
        7085        7094        7175
        7139        7228        7138
        8713        8803        8804
        6284        6368        6370
        5990        5984        6069
        7310        7395        7399
       10002       10091       10092
        3323        3324        3414
        3886        3971        3972
        4616        4615        4699
        4453        4451        4537
        5686        5685        5772
        2335        2336        2243
        3142        3145        3232
       10490       10579       10574
        6534        6621        6622
        7801        7889        7890
        9238        9240        9331
        3091        3182        3181
        1010        1072        1073
        1935        1934        2021
        6198        6284        6285
        7942        7923        7853
        6862        6948        6952
       10853       10941       10942
        7478        7479        7569
       10925       10926       10837
        7208        7297        7298
        8897        8988        8898
        7767        7766        7855
        5279        5367        5366
         459         500         499
        3800        3886        3887
        6792        6813        6881
        8476        8388        8477
       11226       11307       11227
        2966        3060        3059
        4906        4991        4992
        2755        2662        2756
        8012        8030        8102
        2727        2818        2728
        9312        9402        9403
        4664        4665        4748
        2505        2598        2599
        9077        9082        8990
        8933        8974        9023
        5170        5171        5260
       10338       10427       10428
        7254        7343        7344
        9608        9604        9698
         455         496         456
        1295        1293        1225
        8675        8668        8759
        4601        4599        4682
        5165        5163        5253
        5481        5462        5549
        2908        2999        2998
        3258        3170        3256
       10236       10235       10146
        3179        3269        3182
        3552        3642        3641
        6723        6810        6811
       10223       10224       10134
        6180        6265        6266
        4582        4665        4664
        7568        7477        7510
        6707        6708        6620
        6901        6991        6992
        7255        7344        7345
        5602        5686        5687
        3800        3887        3802
        4761        4847        4848
        3133        3134        3222
        5864        5859        5944
        3886        3972        3887
        5686        5772        5773
       11721       11751       11752
       10838       10748       10839
        3786        3789        3875
        1349        1350        1421
        5112        5110        5199
        7347        7346        7436
        5338        5337        5425
        6242        6244        6328
        3892        3893        3978
        5018        5104        5105
        6731        6730        6819
         490         531         533
        9872        9958        9962
        5334        5339        5421
        9154        9244        9245
       10509       10420       10510
        5519        5602        5606
        6411        6327        6325
        3361        3449        3364
        6533        6620        6621
        6959        7050        6961
        2635        2728        2636
        5453        5454        5540
        4235        4321        4320
        7256        7345        7346
        5306        5393        5394
        6532        6619        6620
        6870        6961        6871
       10290       10378       10381
        4594        4676        4677
        6092        6175        6179
        2088        2176        2177
        2525        2617        2526
        5772        5854        5857
        1119        1120        1187
        1798        1797        1881
        5431        5519        5520
        2210        2211        2121
        4854        4855        4939
        9240        9332        9333
         575         622         623
        5457        5372        5459
        9680        9673        9763
        2571        2478        2572
       10075       10165       10076
         806         753         805
        5034        5118        5122
        8407        8406        8495
        2723        2812        2814
        9237        9238        9330
        2812        2902        2903
        1552        1633        1553
        8208        8118        8119
       10330       10420       10419
        3273        3361        3364
         873         931         930
        6250        6164        6245
        6196        6198        6283
        2599        2598        2692
        1280        1348        1350
        6621        6708        6709
        3506        3416        3419
        2902        2991        2993
        3091        3179        3182
        4240        4241        4326
        4363        4450        4451
        9037        9127        9128
        6089        6091        6176
        4441        4437        4353
       10066       10155       10116
         531         575         576
        8919        8920        9009
        5285        5282        5370
       11248       11322       11244
        7829        7830        7919
        5103        5186        5192
        6782        6871        6869
        5609        5608        5694
        4880        4906        4965
        7714        7803        7804
        1604        1603        1685
        4579        4662        4582
        8327        8413        8323
        7981        8068        8070
       10775       10865       10779
        6112        6196        6199
        5303        5218        5217
        6452        6538        6539
        2393        2488        2487
       11410       11333       11409
        5096        5011        5009
        7535        7624        7625
        8392        8342        8432
        4908        4909        4994
        9783        9872        9873
        6688        6641        6729
        6348        6264        6350
        3981        4068        3982
        6439        6525        6521
        2286        2380        2379
        4421        4446        4508
        9976       10066       10027
       10519       10608       10521
        3725        3813        3727
       10670       10759       10671
         156         132         155
        4748        4836        4835
        2446        2447        2539
        8561        8647        8651
         618         617         667
        4601        4682        4684
        4603        4602        4685
        6028        6112        6113
        6356        6442        6443
        4991        4990        5077
        8195        8137        8227
       10007       10096       10097
        7260        7349        7350
        6245        6247        6331
        4453        4537        4539
        3920        3837        3924
        5928        5930        6012
       10017       10018        9928
        6333        6418        6419
        6076        6164        6165
         723         722         775
        5694        5780        5781
        4594        4593        4676
        5184        5270        5271
        8856        8946        8947
        2454        2547        2455
        5846        5931        5930
        6695        6783        6699
        5812        5726        5813
        7207        7295        7297
        2410        2504        2505
        5766        5765        5850
        2361        2454        2455
        6357        6444        6442
        3584        3582        3671
        8221        8220        8310
        4895        4894        4980
        6780        6869        6783
        9209        9210        9301
        5638        5723        5724
         104          85          97
        1248        1185        1253
        5304        5303        5391
         791         846         794
        8038        8036        8126
        5841        5924        5925
        4759        4840        4846
        5944        6028        6029
       10137       10140       10227
        2336        2429        2430
        5780        5864        5865
        2794        2883        2884
        9382        9475        9389
        3405        3315        3403
        6183        6182        6268
        7936        7938        8025
        2234        2327        2326
        2662        2571        2664
        3426        3427        3517
        6416        6499        6502
         115         137         116
        4599        4681        4682
        7871        7959        7960
        4721        4720        4806
        5311        5310        5398
        5024        5025        5111
        2731        2638        2730
        1779        1835        1862
        5571        5570        5654
        5609        5694        5695
        7662        7664        7752
        8127        8038        8128
        6150        6227        6138
        9887        9976        9937
        5008        5094        5095
        6414        6416        6500
        3732        3730        3818
        7842        7754        7844
        7476        7566        7567
         350         387         385
        5550        5548        5633
        8737        8738        8828
        5495        5581        5582
        2948        2859        2949
        5864        5944        5948
        1015        1076        1013
        8034        8033        8123
        9010        9099        9102
        8036        8035        8125
        5764        5762        5848
        8035        8034        8124
        8668        8580        8670
        9150        9237        9241
        5589        5673        5674
        5398        5346        5433
        8133        8127        8217
       11391       11467       11463
        1333        1263        1332
        8706        8616        8705
        4413        4500        4415
        5765        5764        5849
        6623        6710        6711
        5151        5157        5239
        4180        4265        4181
        3439        3351        3437
        8068        8157        8158
       10199       10110       10200
        8136        8129        8219
        7405        7446        7495
        8375        8317        8407
        8137        8136        8226
        6524        6612        6525
        9458        9457        9548
        6515        6514        6602
        3647        3646        3733
        5142        5141        5229
        3469        3557        3558
        4461        4460        4547
        4889        4805        4890
        5604        5605        5690
        8580        8579        8669
        8220        8135        8225
        5576        5575        5659
       10365       10456       10366
        9199        9110        9201
        4920        5006        4922
        6611        6699        6612
       11126       11211       11127
        3403        3491        3492
        1882        1798        1881
        5652        5739        5653
       10694       10783       10695
        3045        3044        3137
        1715        1798        1716
        7205        7206        7295
       10097       10096       10186
        1505        1506        1584
       11839       11840       11822
        4674        4671        4591
        2731        2822        2732
        5548        5632        5633
        2030        2033        2119
        9364        9457        9365
       11577       11578       11516
        6406        6489        6492
        7803        7890        7892
        1827        1910        1911
        7475        7564        7566
        7850        7851        7939
        5137        5136        5224
        7258        7260        7348
       10046       10134       10135
        1995        2082        2083
        1910        1995        1996
        6253        6254        6339
        6345        6344        6430
        2188        2189        2100
        4592        4669        4675
         642         594         641
        4735        4736        4822
        5392        5479        5480
        3035        3112        3128
        4454        4455        4540
        4281        4280        4368
       11227       11229       11144
        7473        7474        7564
        5151        5239        5240
        6499        6585        6587
       11509       11567       11571
         450         490         491
        2639        2731        2732
        4839        4924        4841
        3870        3958        3957
        1562        1484        1563
        7567        7656        7652
       11040       11128       11041
        1322        1309        1380
        8018        7930        8019
        5282        5284        5370
        9202        9292        9201
        7389        7390        7478
        1348        1418        1420
        6577        6578        6665
        8585        8578        8668
        8586        8585        8675
        1351        1419        1423
        1419        1421        1494
        9027        9028        9118
        7840        7841        7929
       11255       11333       11256
        5574        5573        5657
        2948        2949        3040
        8297        8298        8387
        7083        7172        7173
        8486        8398        8487
        3655        3741        3742
        2764        2763        2855
        4380        4381        4468
        8998        8997        9089
        6679        6764        6767
        1204        1273        1205
        9958        9961       10048
        7084        7173        7174
        5346        5345        5432
        8782        8691        8780
        4554        4557        4638
         228         258         257
       11005       10917       11006
        4588        4671        4590
        5575        5574        5658
       10015       10016       10104
        3647        3733        3734
        7745        7833        7835
        8898        8988        8989
        1751        1830        1834
        6700        6787        6788
        5366        5367        5453
        2735        2826        2825
       10230       10319       10321
       10981       10892       10980
        8429        8437        8518
        1383        1458        1457
        1526        1451        1527
        9393        9394        9484
        8989        8988        9080
        2635        2727        2728
        5454        5535        5541
        6764        6852        6853
        8573        8572        8662
        1409        1484        1483
        9080        8988        9074
        5812        5813        5897
        4237        4152        4234
       10052        9963        9962
       10865       10954       10869
        7243        7264        7332
        3814        3901        3868
        1139        1204        1205
        3393        3481        3482
        8666        8667        8757
       11245       11322       11323
        7921        7831        7832
        7569        7479        7570
        5303        5387        5391
        2544        2635        2636
       10496       10584       10585
        7086        7174        7176
        5813        5896        5898
        3661        3747        3748
        4418        4505        4504
        6858        6859        6948
        5729        5812        5815
        1749        1750        1832
       11258       11336       11259
        8396        8395        8484
        8607        8696        8697
        2895        2986        2985
        1750        1751        1833
        4920        4921        5006
        5314        5228        5313
        4037        4123        4124
        6852        6854        6942
        6973        7063        7064
       10893       10804       10894
        9110        9019        9111
        2918        3010        3009
        5197        5283        5284
        4839        4923        4924
        9677        9759        9768
        1665        1666        1748
        3042        2956        3049
        4593        4616        4676
        8398        8396        8485
        6932        6931        6841
        6013        6099        6014
       10285       10372       10376
        8848        8849        8938
        8166        8077        8076
        4894        4893        4979
        8403        8486        8492
        5194        5280        5281
        6165        6164        6250
        5398        5433        5486
       11513       11510       11446
        5454        5541        5540
        2653        2652        2745
        3213        3212        3305
        8906        8997        8907
       10835       10875       10924
        8797        8887        8888
        5495        5494        5581
         891         949         950
        4353        4439        4441
       11244       11322       11245
        4952        4953        5036
        1748        1749        1831
        5299        5300        5387
        8132        8133        8222
        4370        4459        4456
        3718        3806        3805
        5991        6075        6076
        6175        6174        6260
        3699        3788        3789
        3386        3475        3476
        8107        8017        8105
        3646        3644        3731
        4102        4169        4186
        5196        5281        5283
       11441       11509       11508
        9199        9201        9290
        7088        7176        7177
        2523        2524        2431
        5643        5729        5730
        2847        2938        2936
        2572        2665        2664
       10329       10330       10419
        5137        5224        5225
        5282        5197        5284
        2454        2546        2547
        5142        5229        5230
        4287        4201        4288
       10225       10315       10316
       10764       10854       10765
        3007        3098        3011
        2704        2796        2705
         565         611         564
        4566        4650        4568
        1195        1263        1196
        3393        3479        3481
        4840        4841        4925
        5924        6007        6008
       10096       10185       10186
        5576        5659        5660
         920         977         979
        2288        2380        2286
        5303        5299        5387
        6854        6941        6944
        4631        4648        4713
        7172        7258        7261
        4200        4201        4287
        3963        3965        4050
        5643        5642        5729
        5928        6012        6013
       10853       10942       10854
       11625       11626       11578
        7653        7655        7566
        2762        2852        2854
        7942        7941        8030
        4463        4476        4549
        4805        4803        4888
        4803        4802        4887
        8572        8571        8661
        1586        1507        1508
        6498        6584        6586
        3909        3908        3994
        4649        4706        4658
        4802        4884        4886
        2521        2428        2520
        4884        4799        4885
        4799        4796        4883
        7895        7913        7984
        5351        5352        5439
        7956        7867        7955
        6770        6772        6859
        4418        4503        4505
        3837        3836        3923
        8984        9076        8985
        5197        5196        5283
        5391        5479        5392
        4288        4299        4375
        4638        4722        4639
        7912        7913        7823
       10802       10804       10713
        7407        7497        7408
        5535        5619        5541
        7059        7148        7149
        4943        4942        5027
        6551        6638        6639
        5196        5194        5281
        2763        2854        2855
       10140       10230       10227
        6816        6905        6906
        6684        6771        6772
        3554        3555        3644
        5747        5831        5832
       10735       10645       10644
        6941        7029        7031
        4943        5027        5028
        4503        4506        4588
        6683        6766        6771
        6678        6680        6766
        6593        6679        6680
        3554        3466        3555
        2812        2721        2811
        6329        6414        6415
        4435        4434        4520
        4174        4258        4259
        9923        9834        9924
        4506        4507        4591
       10270       10179       10269
        6622        6710        6623
        7907        7908        7818
        1637        1556        1636
        4694        4777        4778
       10946       11034       10950
        2561        2560        2652
        1946        1947        2033
        7504        7508        7594
        3180        3270        3183
        7881        7969        7970
        9790        9879        9880
        5560        5643        5645
       11032       11120       11033
        4441        4440        4525
        1752        1831        1835
        2182        2269        2273
        4288        4212        4299
        4441        4525        4526
        4796        4795        4882
        3917        4002        4003
        8608        8616        8698
        8689        8691        8601
        2865        2858        2948
        3377        3464        3466
        5292        5206        5205
        9300        9299        9391
        6497        6498        6585
        5463        5461        5548
       11034       11122       11038
        6175        6260        6261
        7029        7030        7121
        5494        5410        5498
        6332        6415        6418
        4455        4456        4542
        7725        7636        7635
        4567        4568        4651
        6584        6615        6671
        5537        5622        5539
        2917        2827        2828
        1224        1293        1294
        4795        4794        4881
        5766        5850        5851
        5885        5802        5800
        3190        3191        3280
        4951        5033        5035
        7115        7119        7204
        7852        7936        7941
        3968        4054        3971
        1716        1798        1799
        7139        7226        7228
       10366       10456       10457
        8328        8413        8418
        4211        4210        4297
        7048        7139        7138
        4794        4792        4879
        7864        7865        7953
         860         916         917
        6421        6337        6423
        5115        5203        5204
        3145        3235        3232
        4792        4793        4878
        4210        4209        4296
        4382        4384        4296
        4793        4797        4880
        4485        4395        4397
        9022        9108        9114
        7932        8021        7935
        1086        1151        1152
        7687        7775        7777
        4559        4567        4644
        5762        5847        5848
        6615        6702        6703
        4840        4925        4846
        2256        2348        2349
        4729        4727        4644
        9111        9112        9202
        2731        2821        2822
        1432        1360        1361
        7498        7587        7588
        5436        5349        5434
       10148       10149       10238
        4438        4436        4522
        6729        6816        6817
        1680        1607        1689
        4145        4064        4061
        3837        3923        3924
        5924        5923        6007
        2468        2467        2560
        9575        9576        9669
        5888        5886        5803
        4440        4438        4524
        7849        7850        7938
         516         475         509
        6688        6729        6776
       11568       11614       11567
        7306        7308        7395
       10804       10892       10894
        6047        6135        6133
        2242        2334        2335
        5556        5474        5560
        5564        5556        5641
        5565        5564        5648
        5647        5565        5649
        4212        4211        4298
        5732        5647        5733
        5736        5732        5818
        5738        5736        5822
        5764        5848        5849
        8228        8249        8318
        5823        5738        5824
         696         695         748
        3501        3588        3592
        7089        7177        7178
        5885        5823        5908
        4923        5008        4924
        7677        7767        7768
         941        1002         943
       11124       11209       11208
        5887        5885        5970
        5803        5802        5887
        6049        6137        6136
        5394        5393        5481
        4426        4511        4512
        6959        7048        7050
        5157        5247        5239
        2119        2122        2209
         448         450         489
        7030        7120        7122
        3993        4078        4080
        7130        7219        7134
        4557        4559        4642
        6390        6472        6386
        6602        6688        6689
        1697        1781        1780
        2075        2163        2164
        5888        5887        5972
        5328        5414        5416
        6260        6345        6346
        2001        2002        2089
        4297        4384        4385
        1825        1826        1743
        7624        7713        7714
        5765        5849        5850
       10736       10733       10646
        6058        6145        6056
        7861        7863        7950
        6061        5977        6062
        6702        6784        6790
       10747       10658       10746
        3517        3427        3518
        2492        2585        2586
        6081        6061        6150
        8892        8896        8983
       11499       11559       11497
        3008        3099        3098
        3679        3768        3766
        8059        8148        8149
        4436        4435        4521
        6345        6430        6431
        5971        5888        5973
        5975        5974        6059
        5974        5971        6056
        5977        5975        6060
        8575        8577        8487
        4642        4727        4723
        9469        9467        9559
        4507        4592        4591
        7762        7848        7851
        4567        4651        4644
        4506        4591        4588
        8857        8941        8948
        3017        3109        3110
        2892        2893        2803
        3118        3208        3203
        2705        2796        2797
        4503        4588        4505
        8407        8495        8496
        9289        9378        9381
        8030        8120        8102
         544         587         590
        2366        2456        2460
        6321        6320        6406
        3320        3407        3411
        5581        5585        5665
        1749        1666        1667
        5889        5886        5971
        5316        5403        5404
        9471        9470        9561
        6515        6602        6603
        9467        9373        9466
        4894        4979        4980
        7120        7152        7209
        6061        6062        6150
        7353        7352        7441
        4802        4886        4887
        4799        4883        4885
        3225        3224        3135
        4796        4882        4883
        4803        4887        4888
       10645       10558       10554
        4884        4885        4886
        4162        4078        4101
        6050        6138        6137
         614         663         662
        9467        9466        9558
         638         685         688
        4805        4888        4890
        1254        1239        1309
       11007       10939       11027
        3324        3415        3414
        8675        8759        8766
        2191        2283        2282
        2446        2352        2353
        8195        8227        8285
        3891        3977        3976
        4793        4880        4878
        4792        4878        4879
        2763        2762        2854
       10194       10195       10284
        6430        6515        6516
        6749        6839        6838
        9576        9487        9578
        4794        4879        4881
        7137        7178        7226
        5177        5178        5266
        4795        4881        4882
       10487       10398       10488
        6136        6224        6135
       10455       10456       10365
        4559        4644        4642
        8091        8001        8090
        4455        4542        4540
        5466        5553        5467
        2679        2672        2766
        5887        5970        5972
        4557        4642        4638
        6049        6050        6137
        3196        3285        3287
        7175        7264        7243
        6784        6786        6873
        3646        3731        3733
        5885        5908        5970
        8039        8041        8129
        5823        5824        5908
        6870        6959        6961
        5738        5822        5824
        4369        4371        4283
        5736        5818        5822
        5732        5733        5818
        4971        4972        4887
        5647        5649        5733
        5565        5648        5649
        5564        5641        5648
        5556        5560        5641
        3440        3353        3441
        8788        8878        8879
        6782        6870        6871
        8983        8896        8987
        8987        8896        8986
        5977        6060        6062
        1358        1359        1430
        5888        5972        5973
        5974        6056        6059
        5975        6059        6060
        4209        4294        4296
        5971        5973        6056
       11372       11448       11373
       10319       10409       10321
        4893        4978        4979
        4006        4010        4093
        3290        3379        3380
        3257        3259        3171
        8796        8887        8797
         962        1022        1023
        6050        6081        6138
        6081        6150        6138
        7152        7241        7242
        6490        6511        6578
        7697        7698        7608
        4774        4776        4692
        4210        4296        4297
        3983        4069        4070
        2374        2373        2467
        9379        9376        9469
        2945        2944        3036
        8347        8437        8429
       11582       11584       11522
        7258        7169        7171
        2232        2143        2141
        9675        9764        9765
        7803        7713        7801
        9107        9195        9198
        9809        9897        9899
        6786        6874        6875
       10577       10668       10667
        6425        6426        6511
        2672        2580        2673
        1947        2005        2034
        2672        2673        2766
        4434        4519        4520
         741         791         794
         222         195         197
        8817        8910        8909
        2389        2483        2484
        2392        2393        2487
        2299        2300        2393
        6048        6136        6135
        2208        2209        2300
        9763        9673        9675
        9295        9383        9387
        2762        2760        2852
         846         902         903
        2795        2796        2704
        3647        3557        3646
        6780        6782        6869
        6695        6780        6783
        8772        8862        8863
        7241        7324        7330
       10521       10608       10610
        5916        5915        5999
       11573       11574       11620
        9479        9567        9570
       10398       10309       10399
        9470        9379        9472
        1010         949        1009
        4211        4297        4298
        5345        5431        5432
        5573        5609        5657
        1572        1573        1653
        2373        2466        2467
        5346        5432        5433
        1142        1076        1078
        9099        9100        9190
        6505        6592        6593
        8190        8104        8194
        9404        9488        9495
        2855        2944        2945
        3682        3678        3767
        1378        1452        1443
        8208        8209        8298
         353         317         354
        5574        5657        5658
         373         372         411
        8298        8388        8387
        9855        9764        9769
       11332       11333       11255
        1600        1598        1681
        1901        1986        1987
       10205       10294       10204
         459         420         460
        2281        2280        2373
        7301        7388        7390
        5923        5919        6003
        5575        5658        5659
        2652        2744        2745
        5305        5393        5306
        7324        7326        7414
       10897       10811       10901
        6611        6695        6699
        8495        8585        8496
        6435        6439        6521
        3335        3427        3426
       11365       11441       11440
        6048        6049        6136
        2478        2487        2572
        1850        1849        1934
        8116        8203        8206
        5990        6069        6075
        8119        8206        8209
        3500        3591        3590
        8392        8432        8481
        8575        8665        8577
        4212        4298        4299
        3581        3582        3492
        5136        5168        5224
        2538        2628        2630
        7525        7524        7615
        5212        5295        5298
        2151        2241        2242
        2755        2756        2847
       11145       11057       11090
        1650        1732        1733
        8113        8114        8203
        4435        4520        4521
        5540        5622        5537
        5291        5290        5378
        8954        9043        9044
        3008        3009        3099
        1261        1262        1194
        9879        9881        9969
        8332        8421        8331
        4440        4524        4525
        3529        3531        3442
        8242        8330        8332
        4888        4972        4973
        4438        4522        4524
         627         628         677
        5984        5987        6069
        8227        8317        8285
        1795        1797        1714
        2379        2380        2474
        8674        8764        8765
        6133        6134        6045
        2580        2671        2673
        3007        3008        3098
        1520        1518        1598
        6091        6178        6176
        2164        2163        2254
        1137        1138        1072
        3664        3750        3751
        6046        6133        6045
        2388        2482        2483
        8339        8249        8257
        6020        5935        6019
        9612        9705        9613
        9698        9699        9788
        3685        3595        3596
        4128        4191        4213
        7326        7415        7416
        3975        3974        3889
        2005        2089        2093
        5232        5145        5144
        2580        2578        2671
        2836        2835        2925
        4584        4499        4583
         512         514         471
        5745        5746        5659
        2679        2766        2773
        9586        9673        9680
        9609        9701        9702
        1196        1263        1264
        8669        8674        8760
        9409        9318        9408
       11018       10931       11019
       10180       10179       10270
         575         574         622
        9471        9561        9562
        9129        9213        9220
        1683        1602        1601
        5111        5025        5112
        5999        5915        5998
       11426       11351       11427
        6439        6524        6525
       10913       10827       10916
        4617        4600        4683
        1767        1766        1849
        7739        7830        7829
        1682        1681        1764
        6524        6611        6612
        2389        2388        2483
        9471        9378        9470
        2192        2191        2282
         184         160         186
       11295       11374       11298
        3485        3574        3575
        4768        4855        4854
         485         484         527
        7836        7924        7925
        9527        9617        9619
        9135        9225        9226
        1181        1117        1185
        4063        4147        4067
       11367       11370       11443
        2220        2303        2312
        2952        2951        3044
        5386        5471        5474
        8131        8130        8220
        5494        5498        5581
        5410        5497        5498
        4939        4855        4940
        5203        5289        5290
        2489        2488        2394
       11625       11668       11669
        2371        2372        2279
       11571       11618       11570
       10648       10738       10737
        5125        5213        5124
        8221        8310        8311
        9874        9963        9964
        9656        9746        9654
        1791        1789        1872
        2397        2491        2492
        8186        8095        8097
        4436        4521        4522
        3059        3060        3153
        8219        8221        8309
        1957        1956        2043
        3273        3270        3361
        1964        1966        1880
        9664        9660        9751
        8225        8314        8315
        9232        9320        9325
        3924        4010        4006
       10197       10286       10287
       11116       11028       11114
       11052       11099       11011
        1845        1930        1928
       11509       11571       11508
        2335        2429        2336
        4981        5066        5067
        7058        7144        7148
        7247        7246        7335
       11048       11049       11136
        8486        8487        8576
        9608        9698        9701
        2846        2935        2937
        7880        7969        7881
          98          80          81
        2662        2664        2756
        3714        3712        3800
        4783        4784        4700
        2454        2360        2453
         882         825         826
        7508        7597        7598
        4940        5025        5024
        4111        4194        4196
        5832        5915        5916
        8068        7979        8067
        6711        6710        6798
        4069        4152        4153
        9110        9111        9201
        7327        7413        7417
        2397        2396        2491
        7413        7411        7500
       11036       11124       11123
        7325        7329        7415
       10402       10492       10462
        1056        1057        1120
        7054        7141        7144
        9785        9874        9875
        3802        3888        3801
       11365       11440       11369
        3090        2999        3091
        2571        2572        2664
        3819        3821        3733
        3344        3345        3253
        7983        8072        8032
        2586        2585        2679
          95          77          92
        3030        3123        3125
       11370       11444       11446
       11762       11766       11735
        7548        7637        7638
        7240        7328        7329
        2349        2348        2442
        7692        7602        7691
       10109       10110       10199
        8500        8411        8499
        8518        8437        8526
       10803       10804       10893
        9931       10021       10020
         817         818         873
        8133        8217        8223
        9226        9318        9319
        1772        1856        1855
        7239        7327        7328
        5290        5289        5377
       11211       11292       11212
        6586        6672        6585
        7395        7486        7399
        8573        8662        8663
       11829       11828       11809
        3044        3135        3137
         392         431         391
        5480        5479        5566
        3803        3807        3719
         631         630         680
       11515       11576       11577
        4415        4502        4501
        8249        8159        8167
        6047        6048        6135
        6397        6484        6396
        4724        4809        4811
        3866        3935        3954
        7507        7596        7597
        2387        2481        2482
        8323        8413        8328
        8238        8148        8233
       11668       11702       11708
       11259       11336       11337
       10984       10982       11071
        8484        8573        8574
        7960        7959        8048
        8698        8616        8706
        9899        9897        9987
        7767        7855        7856
       11511       11573       11513
        4965        4964        4878
        1953        2041        2040
        1846        1931        1930
          62          49          48
        8526        8616        8608
        6160        6161        6072
        6046        6047        6133
        3272        3271        3182
        8668        8670        8759
        4477        4452        4538
        4879        4964        4966
       10184       10094       10183
        3894        3979        3893
        9833        9834        9923
        2016        2102        2105
        7774        7862        7863
        1264        1263        1333
        8100        8104        8190
         627         580         628
        9411        9320        9324
       10677       10766       10680
       10954       11042       10958
       11605       11649       11603
        8888        8887        8978
        2347        2348        2255
        1490        1568        1569
        7746        7656        7745
       10021       10018       10107
        9578        9671        9672
         877         935         934
        2388        2387        2482
        5224        5310        5225
        4289        4372        4376
       11122       11207       11126
        6557        6470        6558
        3494        3582        3584
        8910        9001        8909
        8580        8669        8670
        3036        2944        3035
        6007        6088        6092
        2043        1956        2042
        4731        4647        4646
       10098       10189       10188
       11498       11560       11499
         459         460         500
        9901        9902        9812
        1774        1857        1856
        9576        9578        9670
        8137        8226        8227
       10927       10838       10928
        9153        9244        9154
        7766        7854        7855
        7637        7636        7726
        2002        1916        1917
        2255        2348        2256
        8220        8225        8310
       11228       11309       11304
        6972        7063        6973
        8136        8219        8226
        2723        2721        2812
         471         514         472
       11037       11123       11125
        6585        6672        6587
        7332        7264        7354
        1653        1573        1654
        2103        2014        2015
       11573       11620       11575
        7983        8032        7943
        1900        1986        1901
        1107        1176        1175
        1842        1925        1926
        4116        4201        4200
        7510        7421        7509
        7727        7637        7726
        3407        3495        3497
        9269        9179        9178
        1733        1732        1815
        8645        8558        8555
         426         467         463
       11441       11508       11440
        8038        8126        8128
        2053        2142        2055
        4438        4350        4436
       10936       11024       11022
        7064        7063        7153
         821         855         877
        5923        6003        6007
        8896        8804        8895
        5919        6002        6003
        8127        8128        8217
        3043        3136        3135
       10381       10378       10468
        4974        4975        5059
        2042        2121        2130
        7922        7924        7835
        6929        6839        6930
        2814        2904        2813
        8036        8125        8126
       10200       10197       10287
        8806        8803        8715
        3364        3365        3274
        1751        1668        1747
        9547        9456        9546
       11628       11632       11584
        3805        3806        3892
       11023       10937       11025
        4233        4232        4148
        5146        5147        5233
        2074        2163        2075
        2034        2122        2033
        8899        8807        8894
        4867        4953        4952
        2042        2032        2121
        4186        4169        4254
         236         235         266
        8081        8170        8171
        8033        8122        8123
        8035        8124        8125
        8034        8123        8124
        1702        1706        1786
         477         518         517
        5036        4953        5037
        3073        3164        3165
       10765       10766       10677
        2829        2915        2919
        6485        6484        6397
        1748        1666        1749
       11096       11027       11115
        9144        9145        9235
        3163        3164        3072
        8048        7959        7980
         200         189         216
        9873        9963        9874
        7508        7419        7507
        4021        4107        4041
        1859        1938        1944
        9201        9292        9290
        8398        8485        8487
        6507        6509        6595
        9470        9472        9561
        1351        1281        1347
        5284        5372        5370
        9570        9660        9664
       11292       11367       11371
        1598        1676        1681
        1773        1772        1855
        5845        5759        5760
        5695        5744        5657
        5266        5178        5267
        2018        2027        2107
        8236        8146        8235
        7638        7637        7727
         603         652         604
         910         911         854
       11034       11037       11122
        9898        9808        9896
        2387        2386        2481
       10735       10644       10734
       11042       11130       11046
        6445        6530        6532
       10211       10302       10212
        9060        9150        9151
        1649        1732        1650
        7664        7754        7752
        3858        3769        3770
        6992        7082        7083
         947        1007        1008
        3072        3164        3073
        4980        5066        4981
        9379        9469        9472
        2033        2122        2119
        9611        9704        9612
       11335       11336       11258
        7434        7435        7346
        9373        9374        9466
        7068        7067        7157
        9619        9617        9709
        1670        1674        1753
       10937       10927       11014
        2032        2031        2120
        5658        5744        5745
        8396        8484        8485
        8572        8661        8662
         630         629         679
         631         680         681
        1844        1845        1928
        7547        7636        7637
        5539        5622        5624
       10105       10195       10194
        1195        1262        1263
        3767        3678        3762
        1843        1842        1926
        9114        9108        9199
        1376        1379        1308
       11448       11515       11449
       10130       10123       10213
        6243        6160        6157
        4890        4975        4974
        2876        2968        2877
       11558       11603       11556
       11292       11371       11293
        7498        7497        7587
        8571        8611        8661
         888         946         947
        2504        2598        2505
         450         449         490
        4662        4665        4582
        7833        7834        7922
        8318        8249        8339
        4920        4836        4921
        7027        7119        7115
        7436        7435        7525
       10616       10527       10617
       10757       10750       10841
       10220       10213       10304
        7614        7524        7613
        2268        2360        2361
        3592        3678        3682
        3043        3049        3136
        8732        8733        8823
        2105        2102        2192
         429         470         471
        1330        1402        1331
        7841        7930        7929
         487         530         488
        1294        1293        1364
        1987        1986        2074
        5654        5570        5653
         304         339         340
        7157        7246        7247
        3044        3043        3135
        1569        1568        1649
       11272       11273       11350
        3577        3643        3553
        7970        7969        8058
        5405        5407        5493
         387         426         423
         299         332         335
        2628        2721        2630
       10646       10556       10647
        7390        7479        7478
        7714        7713        7803
        7866        7867        7778
        7823        7913        7895
        2032        2120        2121
        3734        3821        3822
         336         335         372
         801         800         855
       11252       11330       11253
         173         163         189
        8418        8413        8502
       10770       10860       10857
        2031        2114        2120
        3618        3705        3617
       11370       11446       11443
        1443        1452        1519
        9807        9897        9809
        3982        4069        3983
        5584        5585        5498
         411         448         451
        1891        1892        1808
        9126        9125        9035
        2191        2193        2283
        3000        2910        2909
       10596       10687       10686
        1667        1668        1750
        1859        1853        1938
        6501        6504        6418
        5936        5935        6020
        9240        9149        9239
        9567        9476        9477
        1743        1826        1744
        2144        2142        2233
         630         679         680
        1489        1568        1490
       10048       10051       10137
        1435        1436        1510
       10372       10402       10462
        8171        8170        8260
         296         298         332
       11515       11577       11516
        9650        9742        9651
        1918        1917        1834
       10720       10811       10807
        9147        9149        9238
        8149        8148        8238
        1381        1452        1378
         809         863         864
        2919        2915        3007
        7172        7082        7169
        8448        8357        8447
        1766        1848        1849
        7792        7702        7791
         913         970         972
         629         625         675
        7613        7702        7703
        1525        1449        1524
        9853        9852        9942
        4904        4989        4990
        8058        8148        8059
       11362       11438       11363
       11130       11215       11134
       11674       11675       11714
        5087        5178        5177
        4622        4706        4649
        4121        4120        4204
        4093        4010        4097
        6620        6708        6621
        7547        7637        7548
        1070        1007        1069
        8080        8170        8081
        1764        1843        1847
         745         693         692
        8069        8159        8138
         594         547         593
        1744        1826        1827
        2394        2488        2393
        2017        2015        1930
        3619        3705        3707
        8093        8185        8184
       10680       10766       10769
       10802       10801       10891
        5648        5727        5734
        6949        7038        6948
        9563        9654        9561
        1323        1252        1321
        6075        6164        6076
        9551        9646        9645
        2766        2858        2773
         412         451         452
        8456        8547        8546
        7269        7268        7283
        5851        5935        5936
        9235        9145        9236
        2797        2887        2798
       11715       11745       11714
        8771        8862        8772
        2536        2628        2538
        8031        8120        8030
        3617        3705        3619
       11311       11312       11231
        3969        4054        3968
        8863        8862        8953
        1008        1007        1070
       11713       11743       11712
        1243        1314        1313
        5453        5367        5454
        7819        7908        7909
        7208        7119        7207
        3181        3270        3180
         368         367         406
       11444       11511       11446
       11037       11125       11122
        3165        3164        3252
        1170        1237        1229
       11051       11136       11139
        2745        2835        2836
        2627        2628        2536
       11673       11674       11713
        3043        2951        3042
       11231       11312       11307
        7382        7292        7293
        8953        9043        8954
        9044        9043        9134
        1853        1854        1938
        6887        6886        6977
        7494        7565        7474
       11451       11377       11452
        2844        2935        2846
        1162        1229        1227
       11229       11309       11228
         458         459         499
        3379        3467        3468
        1160        1227        1226
        6591        6596        6508
        8839        8929        8838
        5645        5727        5641
        6952        7038        7043
       10302       10392       10303
        6750        6840        6839
        1765        1847        1848
       11106       11107       11191
        6619        6530        6617
        2691        2597        2690
        8524        8525        8436
         420         417         457
        1091        1153        1157
       10811       10900       10901
         300         299         335
        8014        8104        8100
        9134        9225        9135
        6679        6592        6676
       11101       11185       11186
        5909        5993        5908
       11645       11684       11644
        5665        5585        5669
        3289        3198        3288
        6593        6592        6679
       10446       10445       10535
        1158        1225        1224
       10197       10196       10286
        6532        6530        6619
        1159        1226        1225
        8240        8330        8242
        1161        1158        1224
       11111       11196       11112
        8804        8803        8895
        3663        3750        3664
       10964       11051       11052
       11386       11312       11391
        1863        1949        1948
        4213        4191        4277
        1213        1281        1282
        7615        7524        7614
         546         591         592
        3941        3942        4028
         686         636         637
       11371       11447       11372
        5415        5413        5327
        3153        3060        3154
         625         627         675
        5151        5068        5157
        3751        3750        3838
       11367       11443       11371
        7204        7119        7208
         133         111         132
        1881        1965        1967
       11672       11673       11712
         475         435         468
        9611        9702        9704
          90          74          73
        6396        6484        6483
       11672       11676       11632
        3575        3574        3663
        8761        8852        8850
        6838        6839        6929
        1873        1956        1957
        5467        5553        5554
        5959        6046        6045
        1872        1789        1873
        5481        5393        5462
        8713        8804        8800
        2093        2178        2182
       10865       10866       10954
        6244        6327        6330
        2262        2352        2355
       10751       10842       10840
        2937        2935        3028
         272         307         306
       11221       11224       11139
        3125        3123        3213
        1842        1841        1925
        5486        5522        5573
       11457       11461       11384
        8675        8585        8668
       11620       11664       11623
        7022        7021        6931
       10428       10517       10518
        3028        3123        3030
        6047        5961        5962
        1845        1846        1930
        5204        5290        5291
        8407        8317        8406
        9227        9320        9232
       10200       10110       10197
        3484        3574        3485
        1772        1774        1856
        9319        9318        9409
        3822        3908        3909
       10778       10868       10780
       11302       11305       11224
       11381       11384       11305
        9325        9320        9411
        7083        7082        7172
        7153        7063        7085
        9403        9493        9494
         629         675         679
        2822        2823        2732
        5258        5257        5345
        5067        5066        5155
       11759       11787       11758
        7892        7979        7981
       10807       10811       10897
        1846        1855        1931
       10518       10517       10606
        4196        4194        4281
        6419        6504        6505
        1117        1184        1185
        4068        4152        4069
       11618       11662       11617
       10389       10479       10399
       11765       11766       11794
         420         457         460
        4722        4809        4724
        9334        9335        9242
        7149        7238        7239
       11507       11445       11440
       10581       10642       10552
        9897        9808        9898
       11685       11723       11684
        7781        7870        7782
         864         909         852
        8101        8011        8012
        5398        5310        5346
         137         138         116
        5958        5959        6044
        5887        5802        5885
       10098       10099       10189
        1709        1789        1791
        8761        8850        8759
        9873        9874        9784
        2580        2579        2486
        1765        1764        1847
       10824       10736       10827
        5987        6071        6072
        2090        2178        2089
        4107        4191        4128
       11625       11669       11626
       10279       10280       10371
        3954        3935        4021
       10924       10964       11011
        9245        9244        9337
       10050       10051        9961
       10694       10781       10783
        2915        2916        3007
        4811        4809        4895
        4591        4671        4588
        5970        5993        6055
       11577       11625       11578
        1766        1765        1848
        4109        4194        4111
        4310        4222        4223
        5680        5596        5595
         559         552         598
       10645       10554       10644
       11141       11053       11058
        4498        4411        4495
        2889        2799        2888
       10306       10396       10394
       11042       11043       11130
       11582       11580       11628
        9931       10018       10021
        6774        6686        6687
        5971        5886        5888
       11724       11754       11723
        7143        7230        7141
         889         888         947
        7464        7375        7465
         279         313         312
        9123        9124        9033
        8705        8615        8704
        9784        9874        9785
        6599        6666        6578
        5674        5761        5762
        7740        7830        7739
        8576        8577        8666
        2198        2190        2281
        9245        9337        9338
        7909        7908        7997
        7525        7435        7524
       11307       11312       11386
        7890        7979        7892
        7912        7911        8000
         412         411         451
        1786        1706        1709
       11651       11689       11649
        4538        4452        4453
        6626        6714        6627
        9118        9119        9209
        1556        1477        1555
        7818        7908        7819
        2491        2585        2492
        1263        1262        1332
         765         818         764
        9215        9124        9214
        4508        4532        4593
        2856        2857        2765
         158         136         160
        1162        1170        1229
        2091        2179        2090
       10924       10875       10964
        2547        2638        2639
        1239        1308        1309
        8959        8868        8958
       10781       10871       10783
        9736        9829        9828
        1715        1797        1798
        8090        8000        8089
        9875        9874        9964
        2171        2168        2259
        4683        4600        4601
        6443        6530        6445
        9562        9654        9655
        8313        8397        8403
        1627        1706        1702
        2397        2303        2396
        4376        4372        4461
       11304       11309       11383
        2861        2951        2952
        9961       10051       10048
         421         458         461
         917         918         861
        1303        1373        1374
        3848        3935        3866
        5112        5025        5110
        4644        4727        4642
        6977        7067        7068
        1914        1913        1999
        7959        7870        7891
       10698       10699       10608
        5959        6045        6044
        6055        6057        5972
       11181       11263       11260
          68          53          54
        1160        1162        1227
        1420        1422        1350
        5059        4975        5060
         662         713         712
        1403        1477        1478
         863         918         920
        2430        2429        2522
        8042        8043        8132
         326         363         362
        5060        5147        5146
        1421        1422        1496
        1135        1201        1136
        1159        1160        1226
        9795        9796        9705
        2859        2947        2949
        7349        7259        7347
         413         412         452
        2082        2168        2171
         285         283         318
        7703        7702        7792
        2080        2168        2079
        1563        1644        1643
        6668        6581        6580
        4283        4371        4284
        4296        4384        4297
         396         397         435
        1762        1758        1679
        1033        1094        1096
        7588        7676        7677
        1726        1644        1727
        9301        9302        9393
         413         452         453
       10711       10801       10802
       11602       11601       11555
       10571       10662       10572
        2913        2912        3003
        5233        5147        5234
        5150        5113        5062
        1158        1159        1225
        1830        1913        1914
        8892        8804        8896
        1313        1384        1312
        6410        6496        6412
        2825        2915        2829
        6665        6666        6754
       11126       11207       11211
        7171        7259        7260
       11755       11783       11754
        9702        9792        9793
         156         133         132
        7346        7435        7436
        8138        8159        8228
       10104       10016       10105
        2948        2858        2859
        5960        5961        6046
        8800        8804        8892
       10482       10571       10483
        4887        4972        4888
       11691       11728       11689
          53          39          40
        5498        5585        5581
        1835        1919        1862
        6529        6528        6442
        2005        1919        2001
        1879        1965        1881
       10691       10692       10601
        1144        1208        1142
        9195        9285        9286
        4500        4502        4415
         183         182         209
        2854        2944        2855
        1041        1103        1104
        1239        1238        1308
        7835        7924        7836
        4996        5084        5083
       10961       11029       10941
        3492        3582        3494
        8530        8529        8619
        4616        4532        4615
        1238        1305        1308
        1912        1913        1829
       10309       10389       10399
         299         296         332
        1799        1798        1882
        1073        1138        1139
       10188       10280       10279
        9238        9149        9240
        6092        6088        6175
       10810       10811       10720
       10449       10533       10539
        7025        7116        7024
         745         744         797
       10427       10517       10428
        5847        5761        5844
        9480        9566        9571
        6991        7082        6992
        1117        1116        1184
        2850        2921        2831
        4922        5007        4923
        2967        3061        2968
       10912       10911       11000
        5831        5915        5832
        6416        6330        6413
        6244        6330        6328
         422         461         462
        2021        2020        2109
         481         523         522
        4593        4532        4616
       10781       10870       10871
       10123       10125       10213
       11784       11805       11783
        8406        8488        8495
        6328        6330        6414
        8601        8511        8599
        4928        4907        4843
       11383       11438       11362
         590         635         638
        6793        6705        6792
       11456       11521       11522
        9199        9108        9110
       11451       11452       11455
       10137       10051       10140
        1913        1998        1999
       10941       11029       10942
        2442        2534        2535
        4451        4536        4537
        2546        2638        2547
        4878        4964        4879
        2013        2019        1932
       11676       11716       11678
          77          61          75
        6617        6705        6706
        8643        8733        8732
        9788        9792        9701
        5609        5522        5608
        1862        1919        1947
        9645        9737        9736
        4450        4536        4451
        3008        2916        2917
       10597       10687       10596
        5762        5761        5847
        6412        6496        6498
        5973        6057        6058
       11462       11528       11487
        1057        1041        1104
        5752        5756        5837
        2281        2190        2280
        3642        3729        3728
        6535        6448        6534
        6584        6496        6527
       10392       10482       10393
        3892        3806        3893
        4501        4586        4507
        9484        9485        9575
       10662       10752       10663
       11019       11021       11107
        5105        5193        5194
         972         970        1031
        2355        2352        2446
        7044        7117        7025
        3695        3605        3696
        4537        4536        4620
        5573        5522        5609
        5931        6015        5930
        1685        1684        1767
        9225        9318        9226
        8823        8733        8824
        9908        9903        9993
        2002        2003        2090
        4506        4419        4420
         908         964         967
         322         323         358
        2424        2517        2425
        5493        5407        5495
       11218       11219       11299
        2177        2267        2268
        7043        7038        7130
        2361        2360        2454
       10836       10924       10925
        2259        2352        2262
       10284       10195       10285
        7981        7979        8068
        2089        2178        2093
        9747        9746        9837
        5930        6015        6012
       10238       10239       10329
         417         456         457
        5013        4993        4928
        1750        1668        1751
        2765        2767        2673
         688         738         741
        3099        3100        3190
        3013        2921        2941
        2191        2102        2103
        1116        1182        1184
       11054       11053       11141
        6706        6705        6793
        1242        1243        1313
       11777       11778       11799
        5194        5193        5280
       11363       11438       11439
        9930       10020        9933
        1845        1762        1763
        7266        7267        7178
        6423        6509        6507
         983        1045        1044
        7261        7262        7173
        5008        5007        5094
        5933        5934        5849
         646         645         695
        8766        8850        8857
        4068        4069        3982
        9272        9271        9364
        7781        7802        7870
        4511        4425        4509
       10601       10692       10603
         296         263         298
       10686       10687       10775
         157         133         156
         438         479         478
        1057        1104        1120
         417         416         456
        6948        7038        6952
        8453        8452        8542
        4124        4207        4209
       10942       11029       11030
        1827        1826        1910
        1829        1913        1830
       10186       10185       10276
       10921       11008       10922
        4620        4536        4619
        8509        8511        8422
        5010        5097        5016
       10857       10860       10946
        8016        8017        8106
       10966       11053       11054
       11582       11628       11584
        3733        3821        3734
        2079        2168        2082
       10123       10036       10125
        1282        1281        1351
        6941        6851        6939
        6097        6015        6101
        4923        5007        5008
        8361        8452        8362
       11806       11824       11805
        1212        1281        1213
        6798        6886        6887
       11750       11777       11779
       11668       11708       11669
        6012        6015        6097
        9830        9920        9829
        5641        5727        5648
        4592        4586        4669
        7924        8011        8013
       10713       10804       10803
        7239        7238        7327
        1940        1941        2027
        9208        9299        9300
        6449        6448        6535
        4446        4532        4508
        4924        4926        4841
        4507        4586        4592
         903         961         962
        6003        6088        6007
         955        1014        1016
        6852        6763        6765
        5280        5193        5218
        6400        6401        6488
       10398       10399       10488
       11381       11382       11457
        1116        1115        1182
        1931        1940        2018
        1767        1684        1766
        7234        7238        7148
        1225        1293        1224
        5080        4993        5013
        6362        6448        6449
        5657        5744        5658
       10430       10369       10460
        8487        8577        8576
        9813        9903        9818
        2671        2670        2764
        1072        1138        1073
        4677        4760        4761
        4895        4809        4894
        8967        8963        9053
         333         331         368
        7487        7397        7483
        6044        6132        6131
       11108       11020       11101
       11510       11447       11443
        6765        6851        6854
         692         691         744
        5850        5935        5851
        3270        3271        3361
        5104        5193        5105
        4925        4926        5010
        6676        6763        6764
        4841        4926        4925
        5908        5993        5970
        3588        3678        3592
        1350        1422        1421
       11166       11079       11165
        9567        9660        9570
        2639        2638        2731
        5673        5761        5674
        1253        1252        1323
        3758        3670        3757
        1181        1114        1117
        7260        7259        7349
        3010        3100        3009
        2947        3039        2949
        1836        1762        1844
       10372       10312       10402
        6754        6666        6755
       11311       11390       11312
         437         462         477
        3040        3041        3133
         422         421         461
        8309        8316        8226
        4281        4194        4280
        4209        4207        4294
       10569       10480       10481
        3296        3297        3205
       11369       11445       11444
         101          82          84
        3009        3100        3099
         604         652         614
       11788       11809       11787
         494         495         454
        1031        1094        1033
        4848        4932        4933
        7782        7870        7871
        8228        8159        8249
       10306       10305       10395
        4429        4515        4447
        5660        5746        5747
        3193        3146        3103
        1115        1183        1182
         806         860         861
        6418        6504        6419
       10610       10699       10702
         414         413         453
       10810       10900       10811
       11098       11009       11093
        5433        5522        5486
        4429        4430        4515
        1856        1941        1940
         437         422         462
        4568        4652        4651
        1478        1477        1556
        3555        3645        3644
        4461        4372        4460
        5006        5007        4922
        4338        4425        4426
        3222        3223        3314
       11753       11760       11729
         414         453         454
        4651        4652        4735
        3044        2951        3043
        9055        8965        8966
        4650        4652        4568
         415         414         454
        1187        1172        1239
        3546        3635        3552
        8386        8383        8472
        5837        5756        5841
        9660        9568        9661
        5199        5198        5285
        1380        1379        1453
        6839        6840        6930
        7871        7870        7959
        6414        6330        6416
        5669        5756        5752
        8214        8215        8125
        2679        2585        2672
        1724        1725        1642
        3644        3645        3731
       10355       10264       10354
        6198        6111        6197
        3086        2996        2994
        5972        6057        5973
        3547        3635        3546
        3213        3123        3212
       10676       10675       10764
         416         415         455
        1023        1085        1086
        8126        8215        8216
        7062        7151        7152
         554         510         553
       10965       11053       10966
       10311       10304       10394
        9613        9705        9706
        7241        7151        7235
       11825       11843       11824
       11675       11715       11714
        9807        9808        9897
        8020        8021        7932
        2288        2289        2382
       11810       11829       11809
        6175        6088        6174
        4676        4760        4677
        4761        4760        4847
        3582        3670        3671
        7504        7419        7508
        2826        2915        2825
        2658        2752        2660
       11382       11456       11458
        5673        5588        5672
       11722       11752       11753
        2399        2398        2305
         806         805         860
         642         641         691
       10395       10485       10396
        3552        3635        3642
        3211        3303        3212
        8212        8213        8123
        4294        4293        4380
        7326        7237        7325
        2182        2178        2269
        1995        1909        1994
         476         437         477
        4847        4932        4848
        9521        9611        9612
        2578        2670        2671
       10197       10110       10107
        9425        9514        9423
        2192        2102        2191
        6109        6111        6196
        9494        9493        9584
        7415        7419        7504
        7767        7676        7766
         415         454         455
        8833        8834        8924
        9402        9493        9403
        2744        2835        2745
        1139        1138        1204
        8124        8213        8214
        5106        5109        5022
       11674       11714       11713
        2176        2267        2177
         920         918         977
        6505        6504        6592
        5841        5756        5840
        1120        1172        1187
        9933       10020       10023
        5285        5198        5282
        7287        7196        7197
       10400       10490       10485
        5171        5261        5260
        7913        8001        8002
        3133        3041        3134
          70          87          86
       11372       11447       11448
         416         455         456
        3732        3645        3730
        5110        5198        5199
       11136       11137       11221
        7235        7237        7324
        9003        9002        8912
        2108        2190        2198
        3731        3645        3732
        3181        3271        3270
        3134        3223        3222
       11776       11798       11778
        2764        2670        2763
        1302        1373        1303
       10524       10614       10527
       11781       11802       11803
        5240        5326        5328
       10162       10163       10073
        6816        6728        6727
        5554        5553        5638
        8076        8077        7988
        4735        4652        4736
        6709        6797        6710
        9976       10065       10066
        6578        6666        6665
        5495        5407        5494
        4123        4207        4124
       10608       10699       10610
        4504        4589        4566
        1947        1919        2005
        5338        5250        5337
        5163        5250        5253
        3766        3855        3854
       10488       10577       10576
        1374        1373        1447
        9209        9119        9210
        9701        9792        9702
        7148        7238        7149
        1096        1094        1161
        5260        5261        5348
        5184        5183        5270
        7643        7732        7733
        3554        3467        3465
       11781       11782       11753
       10736       10737       10827
        8716        8807        8717
       11521       11582       11522
        4380        4293        4381
        4277        4364        4300
        3642        3728        3641
        5203        5290        5204
        2288        2382        2380
        5165        5076        5163
        5094        5183        5095
        8133        8043        8127
        5095        5183        5184
          61          47          59
        3190        3100        3191
        3641        3728        3725
       11803       11804       11782
        8233        8143        8147
        4908        4823        4909
         712         713         765
        3725        3728        3813
       11125       11207       11122
        3314        3223        3315
        1928        2014        1929
        4759        4753        4840
         785         732         781
        2949        3041        3040
        6181        6267        6263
       11136       11221       11139
        5011        5097        5010
        6046        5961        6047
        1113        1114        1181
        4721        4637        4720
       11628       11672       11632
        4602        4637        4685
        8106        8017        8107
        9210        9302        9301
       11614       11615       11567
        8041        8131        8129
         157         156         182
        9028        9119        9118
        8666        8577        8667
        8894        8802        8893
       11051       11139       11052
        6498        6496        6584
       10487       10576       10490
        6130        6218        6217
        6348        6262        6264
        8918        8917        8827
       10152       10071       10160
        5403        5315        5402
        4675        4753        4759
       10577       10578       10668
        1383        1384        1458
         800         854         855
       10585       10675       10676
        4990        5076        5077
         808         861         863
        8486        8397        8398
        3468        3467        3556
        4669        4753        4675
        2419        2327        2325
        4502        4586        4501
       11567       11615       11571
       11443       11447       11371
        2109        2020        2108
        3388        3297        3387
        8495        8488        8578
        8875        8965        8874
        5253        5250        5338
        8221        8131        8220
        8129        8131        8219
        6688        6601        6641
        5474        5558        5560
       11221       11302       11224
         275         274         306
       11672       11712       11676
        8668        8578        8580
        6235        6320        6321
        9236        9327        9329
        8403        8397        8486
        6182        6262        6268
         516         509         552
       10498       10587       10502
       10964       11052       11011
        9797        9886        9887
       11302       11381       11305
         809         808         863
        8080        8082        8170
        4822        4823        4908
        5239        5326        5240
        4736        4823        4822
       11381       11457       11384
        8132        8043        8133
        5168        5257        5258
       11673       11713       11712
        4035        4120        4121
       10584       10675       10585
          39          28          29
        4685        4637        4721
        1016        1014        1077
        4454        4366        4455
        1603        1684        1685
         458         418         419
        6764        6763        6852
        7922        7834        7923
        3920        3833        3837
       11312       11390       11391
       10736       10647       10737
        5287        5375        5305
        5606        5607        5520
        5520        5521        5432
       10827       10828       10916
        2474        2475        2568
        1643        1644        1726
        5460        5461        5374
       10095       10094       10184
       10838       10839       10928
        6196        6111        6198
        1934        2020        2021
        4505        4589        4504
        9393        9302        9394
        5659        5746        5660
        4280        4366        4368
        6854        6851        6941
         118          99          98
        7587        7676        7588
        6268        6262        6348
        4533        4515        4600
        5077        5076        5165
        6514        6601        6602
        4554        4470        4557
       10924       11011       10925
        9389        9475        9480
        7677        7676        7767
        4566        4589        4650
        9561        9654        9562
        5747        5746        5831
        4381        4470        4468
       10747       10836       10837
       11690       11722       11729
        4468        4470        4554
        6515        6429        6514
        4426        4425        4511
        8857        8850        8941
         691         702         744
        8927        8930        8839
        4368        4366        4454
       11488       11550       11495
        2525        2616        2617
        2885        2976        2886
        8395        8483        8484
       11007       10918       10939
        8759        8850        8766
        4388        4364        4452
        5560        5558        5643
        9089        9180        9090
       11456       11522       11458
        5305        5375        5393
        9106        9109        9017
         345         379         382
        3305        3392        3395
        9394        9485        9484
        8633        8632        8723
         268         303         269
        6344        6429        6430
        8542        8632        8543
        6345        6259        6344
        9376        9375        9469
        8573        8483        8572
        2268        2267        2360
        2488        2581        2487
        9520        9429        9518
         798         852         853
       11492       11554       11553
        3821        3908        3822
         797         809         852
       11702       11736       11708
         638         635         685
        2826        2916        2915
        3315        3223        3313
        3768        3855        3766
        9828        9919        9918
       11750       11779       11751
       11033       11121       11036
       11265       11343       11342
       10173       10264       10178
        2491        2579        2585
         455         495         496
        8211        8121        8205
        1944        2025        2031
        6751        6840        6750
         371         408         369
       11444       11445       11511
         587         635         590
        5643        5558        5642
         799         853         854
        5018        5017        5104
        4452        4364        4365
         800         799         854
       10487       10488       10576
       10312       10311       10401
         266         265         300
        3838        3833        3920
        7720        7802        7712
        7787        7698        7697
       10603       10692       10694
       11775       11774       11746
         685         738         688
        8069        8077        8159
        6330        6327        6413
        8043        7954        8037
        4814        4810        4727
        6710        6797        6798
        5328        5326        5414
         902         961         903
        6191        6190        6277
         962         961        1022
         741         738         791
        1856        1940        1855
        7922        8011        7924
        9575        9485        9576
         593         602         641
        1086        1085        1151
        6174        6259        6260
        1855        1940        1931
         748         747         800
         808         806         861
        6530        6528        6617
        5471        5558        5474
        3380        3468        3469
         476         477         517
        5692        5693        5607
        3871        3872        3960
       10836       10925       10837
       11278       11356       11354
        2949        3039        3041
         510         476         517
        9467        9375        9373
       11120       11121       11033
        7173        7262        7174
       10059       10060       10148
         663         713         662
        3581        3670        3582
        1835        1915        1919
        3854        3942        3941
       10329       10239       10330
        8362        8452        8453
         799         798         853
        2055        2142        2144
        7152        7151        7241
        6072        6159        6069
       11262       11261       11340
        7207        7118        7205
         695         747         748
        7726        7636        7725
        3782        3872        3871
        9567        9568        9660
       10149       10239       10238
       10005       10094       10095
          98          99          80
        8681        8680        8771
       10304       10306       10394
        7048        6958        7049
        1185        1252        1253
        1050        1114        1113
        9576        9485        9487
        5022        4938        4937
        2968        3061        3062
        3590        3680        3679
        1022        1085        1023
         798         797         852
        2031        2025        2114
        3235        3325        3232
        6443        6528        6530
       10916       10828       10917
       11440       11445       11369
        8397        8307        8308
        2617        2616        2709
        2572        2581        2665
        4009        4096        4010
        4600        4515        4516
        7324        7237        7326
       10647       10648       10737
        3020        3021        2928
         614         652         663
        3745        3658        3662
        7920        7831        7921
         155         179         181
       11136       11049       11137
       11496       11558       11556
        1387        1461        1386
        1832        1915        1831
       10482       10567       10571
         706         760         759
        4300        4364        4388
         300         265         299
        6602        6601        6688
        3679        3680        3768
       10400       10487       10490
        2585        2579        2672
       10574       10579       10665
       10925       11012       10926
        5076        5074        5163
        3232        3325        3324
        9053        9054        9144
        4008        4007        4094
        4447        4515        4533
       10306       10395       10396
       11196       11277       11197
        3324        3325        3415
        5185        5098        5096
         594         593         641
        7329        7419        7415
        9469        9375        9467
        5372        5458        5459
        8717        8807        8808
        1309        1379        1380
       11559       11606       11563
          84          82          68
        2893        2984        2895
        3414        3504        3500
       11558       11604       11605
        4590        4672        4589
        3469        3468        3557
        3415        3504        3414
        2487        2581        2572
         697         700         750
        2212        2301        2209
        2060        2061        1973
        3379        3468        3380
       10662       10747       10752
        7893        7805        7804
       10894       10892       10981
        1994        1908        1991
        2905        2995        2904
       11651       11690       11691
        3591        3680        3590
       11728       11759       11758
         645         694         695
        4190        4192        4108
       10265       10177       10268
        8324        8235        8234
        8219        8131        8221
         216         243         244
       11329       11330       11252
         251         250         283
        9144        9054        9145
        6430        6429        6515
        5552        5637        5553
         554         553         599
        3012        3104        3014
        4207        4293        4294
        5504        5502        5415
        2331        2425        2332
       10395       10400       10485
        8125        8215        8126
        4933        5017        5018
       11382       11458       11457
          28          19          20
         155         153         179
        6260        6259        6345
        9000        9001        9093
       11571       11615       11618
        3261        3351        3353
        8947        9036        9037
        6959        6958        7048
        9181        9271        9272
        8750        8840        8749
        9037        9036        9127
        2018        1940        2027
        8946        9036        8947
       10311       10394       10401
        8540        8541        8451
       11609       11655       11654
       11036       11121       11124
        8123        8213        8124
       11777       11799       11779
        1912        1998        1913
        3500        3504        3591
        1825        1909        1826
        7606        7521        7516
        5922        6006        6004
        6102        6103        6018
        7263        7352        7353
         246         278         277
        1261        1331        1262
        2103        2104        2193
       10927       10928       11014
       11743       11716       11712
       10142       10143       10054
       10937       11014       11025
        5346        5258        5345
        5229        5315        5230
        5935        5934        6019
        9117        9207        9208
       11185       11266       11186
         156         181         182
        8012        7923        7942
        8997        9088        9089
        1886        1972        1887
        9433        9525        9436
        1844        1762        1845
       11631       11671       11675
       11558       11605       11603
        4227        4143        4224
        1194        1262        1195
        5599        5682        5597
        1104        1172        1120
        5234        5320        5318
        2059        1972        1971
       10754       10845       10759
       10148       10060       10149
        8484        8483        8573
        1843        1760        1842
        3750        3833        3838
       11715       11746       11745
        8808        8807        8899
         592         639         640
       10094       10093       10183
       10273       10182       10272
       11108       11186       11193
        5393        5375        5462
        8013        8011        8101
       10063       10071       10152
        1938        2025        1944
       10747       10837       10752
         475         468         509
        5459        5458        5545
        1402        1401        1476
       10143       10232       10233
         148         139         163
        8409        8410        8320
        8217        8307        8223
       10312       10401       10402
        4057        4056        3970
        2636        2637        2545
        5883        5797        5882
       11021       11109       11107
        8638        8547        8548
        9611        9520        9609
        3978        3979        4065
        5040        5041        4957
       11731       11762       11735
       11021       11108       11109
        7968        8053        7964
        7554        7555        7645
        3671        3670        3758
        6768        6855        6766
        4097        4096        4180
        3182        3271        3181
       10580       10670       10581
        1030        1032        1093
        8660        8749        8659
        1764        1760        1843
        2904        2995        2908
        9716        9808        9807
        2575        2576        2482
        8120        8121        8210
       11099       11012       11011
        2233        2326        2235
       10734       10733       10824
        4110        4193        4109
        9198        9286        9289
        8023        8026        7937
        1727        1810        1809
        2524        2616        2525
        4752        4670        4668
        4109        4193        4194
       10575       10573       10486
        9286        9285        9377
        1893        1810        1894
       10449       10358       10443
        9736        9737        9829
         645         644         694
        5230        5315        5316
       10324       10413       10414
       11599       11645       11644
       11605       11651       11649
         368         331         367
        5316        5315        5403
        3313        3221        3312
        9195        9286        9198
        8891        8982        8897
        2328        2326        2420
        2422        2514        2515
        1330        1401        1402
        3624        3711        3712
        4010        4096        4097
       10847       10936       10934
       10492       10580       10581
       11280       11358       11282
        6868        6958        6959
       11788       11790       11810
        5103        5097        5186
         468         508         509
        7486        7397        7487
        3557        3468        3556
       11419       11361       11437
         274         272         306
       10824       10733       10736
       10053       10054        9964
       11582       11519       11580
        1681        1760        1764
       11356       11432       11430
        6721        6807        6719
        9398        9399        9307
       11712       11716       11676
        5407        5320        5406
        9473        9384        9380
        1676        1760        1681
        8588        8589        8499
        2359        2266        2358
        6972        6994        7063
        6040        6039        5955
        2483        2576        2577
         547         548         593
        9289        9286        9378
        5653        5739        5740
        4577        4491        4576
        5944        5943        6028
        4458        4545        4460
       11625       11624       11668
        2130        2211        2220
        1416        1417        1345
        6897        6807        6809
       11432       11499       11497
         510         517         553
        9490        9399        9489
       10092       10182       10093
        1463        1462        1388
        7045        7135        7044
        1826        1909        1910
        5673        5759        5761
         156         155         181
       11782       11760       11753
        6583        6582        6670
       11455       11519       11521
        2615        2616        2524
        1714        1797        1715
        7865        7954        7953
        1475        1401        1400
        9480        9475        9566
        9962        9963        9873
        8895        8803        8806
        1112        1179        1111
        9326        9417        9418
        1492        1417        1491
        1161        1094        1158
        4932        5017        4933
       10670       10754       10759
        5807        5892        5891
        1919        1915        2001
        8555        8558        8468
        5857        5858        5773
        9190        9193        9102
       10476       10387       10386
        7417        7418        7328
        9948        9858        9859
        2121        2211        2130
        2636        2729        2637
        9527        9525        9617
        3116        3021        3115
        4140        4056        4141
        5850        5934        5935
         247         279         278
        3888        3974        3891
         435         427         468
         861         918         863
        8945        8944        8854
        9378        9286        9377
       11752       11781       11753
         382         418         421
        8561        8557        8647
        7512        7511        7601
       10302       10388       10392
        8764        8855        8765
        7301        7299        7388
        7642        7732        7643
        1477        1402        1476
        8424        8512        8423
        9760        9850        9759
        7789        7699        7788
         379         418         382
       10491       10573       10580
       11669       11670       11626
        2220        2211        2303
       11576       11624       11577
        4743        4791        4831
       11014       11102       11025
        1908        1824        1905
       11108       11193       11109
         235         265         266
         640         639         689
        3179        3088        3177
        2319        2320        2227
        6494        6582        6495
        2670        2577        2669
       11722       11753       11729
          14          22          13
        6766        6855        6771
        7566        7655        7567
        6017        6018        5933
        9617        9525        9616
        8467        8557        8471
       11817       11816       11796
       10969       10970       10881
       10869       10868       10779
          84          69          85
       11023       11111       11024
        4589        4672        4650
       11781       11803       11782
       11651       11691       11689
        5376        5463        5462
        6798        6797        6886
        5371        5458        5372
        2638        2637        2730
        6164        6159        6245
        8167        8077        8166
       10578       10568       10569
       11819       11816       11835
        7912        8001        7913
        1239        1172        1238
         387         389         426
        7953        7954        8042
         960        1021         961
       11337       11390       11311
        5224        5258        5310
        8872        8963        8876
        2483        2577        2484
        2150        2151        2062
        1320        1249        1251
       11806       11807       11825
        5405        5320        5407
        9818        9903        9908
       11023       10935       10937
        5522        5521        5608
        1159        1092        1093
       10694       10692       10781
       11724       11725       11755
        9655        9746        9747
       10939       10851       10940
        4194        4193        4280
        2546        2637        2638
        5433        5521        5522
        6927        7018        6926
         246         219         247
        7395        7397        7486
        8223        8307        8313
        2429        2428        2521
       11645       11685       11684
         254         245         277
       11052       11140       11099
        2016        2014        2102
       10813       10900       10810
        8591        8680        8681
        4299        4387        4375
        2301        2395        2394
        2335        2428        2429
       11685       11724       11723
        1332        1331        1403
         275         306         309
        3855        3942        3854
        5798        5797        5710
        7673        7654        7584
        2766        2767        2858
       10738       10828       10737
       11626       11670       11627
        4463        4387        4476
         454         495         455
       11034       10949       11037
       11191       11192       11272
       11724       11755       11754
       11275       11274       11352
        1184        1252        1185
       11292       11288       11367
        7734        7825        7824
       10936       11023       11024
        1742        1824        1825
         552         597         598
         125         117         139
        5125        5214        5213
        1308        1379        1309
        1967        1965        2053
       10517       10430       10520
          24          25          16
       11645       11646       11685
        7870        7802        7891
        1760        1759        1842
        7063        6994        7085
        6615        6614        6702
       11759       11788       11787
        9430        9520        9521
        4411        4408        4495
        9208        9207        9299
        3053        3146        3145
       10181       10180       10271
       11287       11286       11364
       11874       11871       11875
       11803       11822       11804
         734         733         786
        1022        1084        1085
        5318        5320        5405
        2858        2767        2859
       10845       10847       10934
        8856        8855        8946
        6701        6697        6613
        8671        8673        8583
        4792        4709        4708
       10737       10828       10827
        8210        8121        8211
        3103        3146        3053
       11755       11784       11783
       11521       11519       11582
       10092       10093       10003
        6442        6528        6443
         104          97         117
          77          62          61
        7644        7735        7734
        8867        8868        8777
        2141        2143        2054
       11690       11729       11691
         250         284         283
        4079        3992        3993
        8042        7954        8043
        8313        8307        8397
        2309        2308        2216
       10664       10666       10754
         410         409         449
          33          34          24
        2508        2601        2510
       11784       11806       11805
       10213       10215       10304
        5859        5943        5944
         324         352         316
         316         352         350
        6483        6571        6482
        8002        8001        8091
        5310        5258        5346
       10732       10743       10823
        3007        2916        3008
        1848        1933        1849
        4263        4178        4261
        7342        7427        7338
        4153        4152        4237
       11009       11004       11093
         421         418         458
         591         639         592
        2209        2301        2300
        2983        2984        2893
        3893        3979        3978
         598         597         645
         924         984         983
        5761        5759        5844
        4054        4055        4139
        3075        3076        2984
        9120        9030        9029
         269         303         304
        3226        3140        3230
        8220        8130        8135
        8693        8783        8692
         435         397         427
        7554        7645        7644
        3259        3351        3261
       10644       10733       10734
       11210       11208       11289
        9654        9746        9655
        9150        9059        9146
       10322       10232       10231
       11000       10999       11088
        8543        8632        8633
        3908        3992        3994
        5097        5098        5186
        1888        1887        1973
        1833        1916        1832
        2578        2577        2670
        1910        1909        1995
        1917        2003        2002
       10946       10949       11034
       11691       11730       11728
       11211       11288       11292
        4515        4430        4516
        6727        6815        6816
        7521        7522        7433
         209         208         236
        5016        5097        5103
        5065        5064        5153
        8471        8557        8561
        2908        2995        2999
        3353        3351        3439
          77          75          92
       11806       11825       11824
          92          94         112
        6670        6582        6667
       11745       11744       11714
       11224       11140       11139
       11577       11624       11625
       10524       10527       10437
        4722        4808        4809
        1886        1887        1803
       11053       10970       11058
       11825       11844       11843
        7027        7118        7119
         103         124         122
       11207       11288       11211
       11788       11810       11809
        6238        6324        6240
        8701        8700        8791
        8422        8421        8332
        2895        2984        2986
        5343        5344        5256
       11713       11744       11743
       10710       10801       10711
        6075        6159        6164
        8489        8494        8579
       11573       11512       11574
        1849        1933        1934
         318         317         353
       11460       11388       11389
        3351        3349        3437
         350         352         387
        9090        9180        9181
        1435        1363        1436
       11004       11003       10915
        9661        9568        9657
        1676        1759        1760
       11023       11025       11111
        5669        5755        5756
        9111        9020        9112
        2672        2579        2580
        6588        6589        6501
        9181        9180        9271
       10969       11057       10970
        3623        3711        3624
        3905        3907        3820
        8578        8488        8490
        4572        4484        4485
        5849        5934        5850
          59          60          75
        5168        5258        5224
       10465       10466       10556
         201         229         228
        2545        2637        2546
        4008        4094        4095
        7308        7397        7395
        8031        8121        8120
        8217        8218        8307
        4788        4787        4703
        9171        9172        9081
        6004        6006        6089
        9964       10054        9965
       11751       11780       11752
         694         747         695
        7516        7427        7431
        7419        7418        7507
        1200        1201        1135
        1803        1887        1804
        6081        5995        6061
       11196       11198       11277
        2905        2996        2995
        6104        6190        6191
        2673        2767        2766
        5740        5739        5825
        6352        6267        6266
        1165        1232        1166
        1293        1363        1364
       11198       11279       11277
       11277       11355       11278
         254         277         288
       10189       10280       10188
         144         147         168
       11268       11346       11279
        6477        6472        6390
       11358       11360       11282
        1674        1758        1753
        8679        8589        8678
        7567        7655        7656
        8184        8185        8275
        2427        2333        2426
        6003        6087        6088
        4843        4821        4756
        6435        6349        6353
       11434       11360       11358
        8159        8077        8167
       10565       10566       10477
       11790       11812       11810
        1364        1363        1435
        7013        7014        7106
        6563        6653        6564
        6771        6855        6860
         680         733         681
       11781       11780       11802
       11515       11514       11576
         236         208         235
       11452       11519       11455
        8441        8529        8530
        1262        1331        1332
        1831        1915        1835
       11272       11192       11273
        4894        4808        4893
       10368       10459       10369
        5377        5289        5325
       11278       11355       11356
        2271        2363        2270
        6089        6006        6091
       10125       10215       10213
         971        1030         970
        2568        2566        2474
         798         746         745
        3712        3711        3799
        7613        7523        7612
        6903        6994        6972
       11672       11629       11673
       10860       10949       10946
        2484        2577        2578
        4808        4810        4893
        5387        5388        5475
        8401        8400        8489
        1060        1123        1125
        8664        8665        8575
       11356       11431       11432
       10340       10430       10427
        1929        2014        2016
        4231        4228        4314
        9954        9955        9865
        8723        8814        8724
        8815        8814        8906
        8860        8770        8769
       11198       11268       11279
          98          81         100
       11617       11569       11570
       10427       10430       10517
        2641        2549        2550
        4771        4858        4772
         244         243         275
       10706       10614       10615
       10221       10191       10131
       10306       10215       10305
        4195        4279        4193
        4670        4587        4668
        5376        5461        5463
        2628        2720        2721
       10304       10215       10306
        4460        4545        4547
       10004       10094       10005
        2920        3012        2922
        9646        9737        9645
        6495        6582        6583
        6527        6614        6615
       10668       10750       10757
        2334        2428        2335
       10479       10489       10399
         770         772         719
        7026        7118        7027
        6264        6349        6350
        6072        6071        6160
        8763        8762        8672
        2753        2748        2659
        7119        7118        7207
        6088        6087        6174
        2102        2014        2103
        6019        6103        6104
       10528       10616       10618
        8669        8584        8674
        9521        9520        9611
       11580       11629       11628
        8311        8399        8309
        4809        4808        4894
        7338        7249        7252
        6069        6159        6075
         139         162         163
       11011       11012       10925
         246         247         278
        6247        6161        6246
        8056        8057        7968
        1526        1450        1451
        7211        7299        7301
        7923        7834        7853
        4375        4387        4463
        7656        7655        7745
         733         732         785
       10847       10935       10936
        5608        5693        5694
        2999        2995        3087
        1934        1933        2020
        2577        2576        2669
       10488       10489       10577
        1331        1402        1403
        3699        3698        3788
        5327        5413        5326
         288         311         323
         574         529         573
        9861        9951        9862
       10965       10970       11053
        1930        2015        1928
        1836        1758        1762
       11107       11192       11191
        8226        8316        8227
        1753        1758        1836
        6614        6696        6702
       10939       10940       11027
        9436        9525        9527
        7329        7418        7419
        1506        1585        1584
        8765        8855        8856
        4139        4055        4140
        1857        1941        1856
       11623       11619       11575
        3889        3974        3888
         369         408         372
        1031        1092        1094
        2015        2104        2103
        1665        1585        1666
        3762        3674        3763
        5432        5521        5433
        9746        9748        9837
       11257       11334       11335
        2067        2156        2069
          55          56          71
        2663        2740        2646
       10399       10489       10488
         681         733         734
         800         747         799
        4491        4490        4405
        9337        9429        9338
        3931        3844        3930
        6784        6696        6698
       10359       10358       10449
       10577       10489       10578
        3620        3708        3622
        8040        7951        7956
        9795        9885        9796
       10023       10020       10109
       10778       10780       10691
        3891        3974        3977
        3361        3362        3449
        3145        3146        3235
         245         246         277
       11575       11572       11513
       10368       10369       10278
        3272        3362        3271
       11709       11739       11740
        5109        5023        5022
         940        1000        1001
        5872        5870        5787
        2637        2729        2730
       10948       10859       10945
          61          59          75
        8926        8841        8835
        2086        2087        1999
       11445       11512       11511
        2627        2720        2628
        2995        2996        3087
        8874        8783        8784
        8216        8218        8128
        1973        2061        1974
       11419       11437       11486
        9706        9796        9797
        1043        1105        1042
        4476        4563        4549
       10769       10859       10858
         372         408         411
        6313        6401        6400
        1825        1824        1908
       11333       11334       11256
        2300        2301        2394
        6529        6616        6528
        7500        7506        7417
        1104        1171        1172
        6072        6161        6159
         407         409         370
        1295        1363        1293
        4631        4563        4648
        5427        5430        5343
         307         342         306
         358         359         396
       10998       10999       10910
       11714       11744       11713
        9692        9782        9783
        2616        2708        2709
         182         208         209
        5100        5169        5080
        3532        3622        3623
          95          92         112
        8941        9031        8948
        8690        8781        8694
       11290       11209       11287
       11139       11140       11052
       11507       11512       11445
        9796        9885        9886
       10752       10753       10663
        2615        2708        2616
         247         248         279
        4885        4970        4886
       10179       10178       10269
        8785        8781        8872
        2831        2740        2757
         189         215         216
         809         756         808
        9338        9429        9430
        3783        3872        3782
        1172        1171        1238
        8851        8852        8761
        3365        3453        3366
        3992        3907        3993
        9270        9179        9269
        9651        9744        9652
          68          54          69
        3452        3453        3365
       11115       11028       11116
        1894        1980        1979
       10769       10858       10768
         215         243         216
        7863        7952        7950
        9069        9067        9156
       10618       10616       10708
          21          22          31
        8876        8963        8967
        8812        8722        8721
        8166        8076        8165
         722         669         721
       11447       11514       11448
        8039        7952        8041
        4777        4864        4778
         797         756         809
          96         115         116
         744         756         797
        8525        8615        8526
       11701       11700       11662
       11752       11780       11781
        8227        8316        8317
         806         755         753
        3811        3723        3724
        6002        6087        6003
        3658        3569        3573
           7           8          14
        8490        8401        8489
        9165        9164        9255
       11495       11557       11496
        7091        7090        7179
         602         651         641
        2410        2409        2504
        7162        7249        7160
        1832        1916        1915
       10285       10281       10372
        9112        9200        9203
        8169        8082        8079
        7810        7898        7899
        6982        6979        7069
        3833        3745        3749
        6599        6686        6666
        1997        1998        1912
       11829       11830       11847
        5011        5098        5097
        6413        6327        6411
        3977        4064        4063
        4648        4733        4713
        1834        1917        1833
        6848        6850        6761
       10484       10491       10401
          95         112         115
          97         116         117
         246         218         219
       10372       10281       10312
        4772        4858        4859
         304         303         339
        4489        4488        4402
        9812        9720        9811
        5550        5463        5548
        4492        4488        4575
        2765        2857        2767
        8738        8829        8828
       11628       11629       11672
        4723        4810        4808
        9089        9088        9179
        2394        2395        2489
        4990        4989        5076
        5756        5755        5840
        7712        7802        7781
        3667        3668        3579
         283         317         318
          97          96         116
         354         319         356
        7390        7477        7479
        5462        5463        5549
        1904        1903        1820
        9019        9020        9111
        4723        4808        4722
        1809        1810        1893
        4880        4820        4906
       10340       10369       10430
        8919        8829        8920
        3271        3362        3361
        5414        5413        5501
        6705        6616        6704
        3379        3289        3378
        5326        5413        5414
         702         756         744
        8209        8299        8298
        4397        4395        4307
        1166        1232        1233
        7328        7418        7329
        1379        1450        1453
        8358        8357        8448
        7118        7116        7205
        1062        1061        1126
        3608        3697        3607
       10484       10573       10491
         867         925         924
        9797        9796        9886
          59          46          60
       11595       11533       11594
        7479        7477        7568
        6563        6652        6653
        1376        1450        1379
        9395        9486        9396
        6327        6241        6325
       10551       10564       10641
       10881       10970       10965
        3556        3467        3554
        8824        8840        8915
        9839        9748        9833
       10851       10938       10940
        2721        2720        2811
          53          40          54
        6590        6675        6588
       10402       10491       10492
        9772        9683        9682
         396         359         397
        2356        2357        2264
       11728       11730       11759
        1094        1092        1158
        5607        5693        5608
       11076       10988       10987
        1252        1250        1321
        5023        4938        5022
        8157        8243        8247
        9828        9829        9919
          39          29          40
        1147        1146        1212
        1505        1431        1506
        8616        8615        8705
        7435        7523        7524
       11796       11774       11797
        1080        1146        1081
        6674        6677        6590
        5553        5637        5638
        2158        2249        2160
       11779       11780       11751
         400         439         438
        8526        8615        8616
       11760       11730       11729
        1770        1771        1853
        6360        6274        6359
        1321        1250        1319
        8317        8316        8406
       11524       11523       11458
        3198        3197        3288
         732         728         781
       10195       10281       10285
        7745        7743        7833
        7988        8077        8069
        1417        1346        1345
       11511       11512       11573
        3241        3151        3242
        8494        8584        8579
        6666        6686        6755
       11049       11135       11137
       11410       11334       11333
        2762        2668        2760
         759         760         813
         174         202         201
        3588        3497        3585
       11729       11730       11691
       10174       10177       10265
        9060        9059        9150
         371         410         408
          96          95         115
        3002        2911        3001
       10659       10660       10569
       10936       10935       11023
        5713        5628        5627
        7524        7523        7613
         591         545         588
        8236        8326        8237
        9684        9683        9773
       11553       11600       11599
        4135        4220        4134
       10244       10154       10243
        8177        8086        8176
        6528        6616        6617
       11510       11514       11447
        5027        5114        5028
        5187        5273        5186
        9187        9186        9095
       11838       11821       11820
        3163        3251        3164
        1359        1431        1430
        8205        8115        8117
       11448       11514       11515
       11356       11355       11431
        9981       10071       10063
         387         352         389
        8579        8584        8669
         275         243         274
        9430        9429        9520
         756         755         808
       11663       11667       11702
        7417        7506        7418
        5115        5114        5203
       11479       11411       11478
        1453        1450        1526
        9102        9193        9192
        6588        6675        6589
       10691       10780       10692
        2134        2046        2133
        8475        8389        8386
        4516        4430        4514
          80          65          81
         277         311         288
        3906        3992        3908
        9922        9952       10012
        9705        9796        9706
        8396        8306        8395
        4587        4585        4668
       10144       10143       10233
        8645        8648        8558
         645         597         644
       10733       10643       10646
        3845        3844        3931
        6159        6161        6245
        7434        7523        7435
        2152        2151        2242
          54          63          69
        4286        4285        4199
        1741        1824        1742
        3793        3706        3794
         323         359         358
        8988        8982        9074
        3164        3251        3252
        1403        1402        1477
        4561        4475        4474
        9129        9122        9213
        1977        1892        1891
       10492       10491       10580
        5585        5668        5669
        2420        2514        2422
        9383        9476        9387
        5779        5774        5859
        9991        9902        9901
        9653        9650        9560
        3224        3317        3316
        6323        6314        6237
        6654        6651        6565
        9179        9088        9178
         345         342         379
        9479        9476        9567
        1322        1251        1254
       10770       10858       10860
       10751       10753       10842
        6018        6103        6019
        5807        5891        5806
        2728        2729        2636
         181         208         182
          69          79          85
        3286        3197        3195
       10995       10996       10907
        2062        2151        2063
        2909        2906        2997
        8962        8873        8871
       11550       11557       11495
        5186        5273        5192
       10131       10101       10042
        5844        5759        5845
          28          20          29
        4757        4673        4755
        7769        7857        7858
        2799        2798        2888
        4694        4693        4777
        3663        3745        3750
        5497        5496        5579
        2235        2326        2328
          86          87         106
        6609        6697        6610
        2767        2857        2859
        2978        2887        2977
         854         911         855
        6506        6510        6424
        9965       10054       10055
        2707        2708        2615
        8510        8600        8514
         680         732         733
         494         537         495
        1240        1173        1174
        4139        4058        4054
        6598        6510        6594
        8604        8600        8690
        1842        1759        1841
        9377        9285        9287
         411         408         448
        8878        8969        8879
        1184        1250        1252
        6246        6160        6243
       10571       10658       10662
          85          79          97
        7968        8057        8053
       11208       11209       11289
        6967        6877        6876
        6886        6976        6977
       10278       10369       10340
       11109       11192       11107
        7715        7765        7674
       10369       10459       10460
       10567       10658       10571
        5792        5877        5791
        1915        1916        2001
        1999        2087        2000
          28          37          27
        4943        4858        4942
        7344        7432        7433
        9006        9008        8918
        4525        4610        4526
        2490        2493        2584
        9405        9465        9372
        2088        2087        2176
        3407        3316        3406
       10662       10658       10747
        6334        6338        6252
       11496       11557       11558
       10004       10093       10094
          20          26          29
        3257        3170        3258
        3259        3349        3351
        2984        3076        2986
        8179        8178        8268
        3169        3170        3257
       10969       10912       11001
        2986        3076        3078
        2013        2101        2019
        6617        6616        6705
         877         911         935
        3623        3622        3710
         309         342         345
        3750        3745        3833
        6755        6686        6774
         278         311         277
        3022        3117        3025
        9487        9486        9577
        8000        7911        7999
       10590       10587       10501
        2396        2485        2491
       10268       10358       10359
        5086        5085        4998
         702         755         756
        9556        9465        9496
        3290        3289        3379
        5681        5596        5680
       11558       11557       11604
        3756        3668        3755
        7969        8053        8058
        2396        2302        2390
        1918        2003        1917
        1251        1249        1183
        7200        7110        7111
        8595        8596        8506
        3620        3622        3531
        7849        7847        7760
        4547        4545        4630
        5345        5344        5431
         855         911         877
       10855       10944       10856
        9423        9513        9422
        8246        8245        8335
       10663       10753       10751
       11604       11650       11605
         402         440         439
        6922        7014        7013
        7111        7018        7019
        7674        7765        7675
         484         526         527
         208         207         235
        6548        6547        6635
        2911        2910        3001
         190         191         217
        8307        8218        8308
        1103        1171        1104
         324         360         352
        5584        5668        5585
        6350        6349        6435
        3120        3117        3207
        5263        5352        5351
        5360        5446        5362
       10401       10491       10402
        6925        6928        7016
        7025        7117        7116
       11651       11650       11690
        3994        3992        4079
        8306        8305        8395
        5952        5881        5883
        5726        5728        5644
       10918       10829       10850
        6190        6276        6277
        7939        8027        7938
        9451        9452        9359
         747         746         799
         891         835         834
       11102       11113       11025
       11288       11210       11291
        5638        5637        5723
        9130        9098        9039
        6027        6024        6109
        6504        6589        6592
         152         154         129
         694         746         747
         979         980         921
        4766        4852        4853
        7298        7387        7383
        2210        2296        2302
         284         317         283
        2311        2224        2316
        9543        9452        9542
        2797        2798        2706
         478         520         519
       11124       11208       11123
       11111       11113       11196
       11805       11792       11783
        2579        2485        2486
        1508        1507        1433
        5598        5596        5681
        2730        2729        2820
         641         651         691
       11731       11732       11762
         450         410         449
        6674        6762        6677
        2859        2857        2947
       10867       10777       10864
       11279       11355       11277
          51          37          39
        2305        2398        2304
        5773        5774        5687
       11774       11773       11745
        8309        8399        8316
        2907        2906        2816
        7026        7116        7118
        6424        6338        6420
        1078        1076        1015
        4756        4673        4757
        6158        6241        6244
       10644       10643       10733
       10880       10912       10969
        8948        9031        9038
        5702        5790        5701
          92          76          94
       11458       11523       11457
        9342        9250        9343
        7964        8053        7969
        7690        7780        7747
        8839        8930        8929
        4934        4852        4849
        3622        3708        3710
        1158        1092        1159
       10093       10182       10183
       10614       10525       10615
         108         130         109
        7388        7477        7390
        7080        7081        6990
          19          12          20
       11512       11569       11574
        8321        8411        8322
         677         728         675
        2017        2104        2015
        2001        1916        2002
        3015        3108        3016
        7854        7943        7855
        9646        9552        9554
       11087       10999       10998
        7950        7952        8039
       11027       11028       11115
       11554       11600       11553
        8145        8146        8056
        2709        2708        2800
        2489        2395        2490
        2197        2206        2289
        4678        4762        4681
       11462       11527       11528
       10781       10780       10870
        4680        4762        4678
        4061        4064        3977
       10692       10780       10781
        1584        1585        1665
       10020       10021       10109
       10970       11057       11058
        6160        6071        6157
        8058        8053        8143
       10003       10093       10004
        7444        7445        7356
        1107        1108        1176
         306         342         309
        9629        9721        9634
        4687        4605        4604
        1259        1329        1330
        7418        7506        7507
        9726        9721        9813
       10107       10106       10196
       10774       10777       10688
       10591       10587       10678
        9518        9427        9517
        4549        4563        4631
        3497        3495        3585
       10648       10672       10738
        5694        5693        5780
        2096        2009        2008
        1657        1656        1576
        4942        5026        5027
         995         969        1029
        3257        3349        3259
        8052        7965        7963
        2922        3012        3014
        8749        8840        8824
       11599       11600       11645
         691         651         702
       10647       10557       10648
        3452        3539        3542
        8412        8411        8500
        2325        2327        2234
       10075        9985        9984
        2412        2319        2411
        5514        5515        5427
        5864        5779        5859
        9249        9250        9160
          81          66          82
       10535       10445       10534
        6669        6581        6668
       11025       11113       11111
        2482        2576        2483
       10353       10354       10263
        2818        2819        2728
         479         520         478
        8897        8982        8988
       10825       10830       10739
        2739        2830        2741
        5589        5588        5673
        8298        8299        8388
        2197        2289        2288
        7856        7857        7768
       11605       11650       11651
        8472        8383        8384
        6810        6900        6811
        2994        2996        2905
        9213        9305        9220
        3454        3544        3455
        8115        8027        8117
        8056        8146        8057
       10035        9946        9945
        6901        6900        6991
         122         124         144
        8079        7992        7990
        7564        7565        7653
        6271        6270        6356
        9878        9882        9792
        6981        7070        6980
       10860       10858       10947
          63          79          69
       10535       10536       10446
        7024        7116        7026
       10527       10614       10617
        2150        2241        2151
        9443        9444        9351
        2476        2554        2461
       10109       10021       10110
        4886        4970        4971
       11480       11412       11479
        4861        4776        4774
        8602        8512        8513
        4778        4864        4865
       11688       11687       11648
        6501        6589        6504
        8082        8172        8170
        2491        2485        2579
        3678        3674        3762
        1476        1401        1475
       10554       10643       10644
         921         968         909
        7368        7278        7366
       11457       11523       11461
        5279        5273        5361
        2832        2830        2920
       11645       11600       11646
        6294        6293        6378
        4279        4282        4367
        1939        2026        2025
        6245        6161        6247
        1804        1887        1888
        3663        3658        3745
       10458       10459       10368
        2302        2296        2390
        3109        3198        3110
        3001        2910        3000
        7366        7278        7276
        4714        4798        4715
        7955        7867        7866
       11514       11572       11576
         534         532         491
        9656        9748        9746
        5840        5755        5839
        8200        8111        8110
        4366        4279        4367
        8726        8818        8817
        2839        2748        2840
        8724        8814        8815
        3407        3497        3411
        8118        8028        8029
       11009       11003       11004
        6723        6722        6810
        6734        6654        6646
        7917        7826        7827
        5345        5257        5344
        8234        8235        8145
        8828        8829        8919
        4650        4672        4734
        2333        2332        2426
         451         492         452
        2316        2409        2410
          95          78          77
        6482        6571        6570
        7160        7070        7071
        2646        2554        2570
        1603        1525        1524
        9535        9444        9534
        4938        4853        4937
        3305        3395        3306
        3394        3392        3304
         352         360         389
        8709        8622        8713
        3267        3358        3357
       10867       10955       10866
        4713        4733        4797
        4727        4810        4723
        3501        3497        3588
        2736        2737        2827
       10997       10996       11085
        7804        7805        7715
        5129        5128        5217
        2798        2887        2888
        5692        5779        5693
       11256       11334       11257
        9884        9892        9973
        7997        8087        7998
        3902        3987        3901
        2932        2929        3022
        9834        9742        9743
        7254        7253        7343
        9404        9397        9488
       11533       11532       11594
        2215        2308        2307
        8342        8252        8341
         707         760         706
       10910       10911       10821
       10182       10181       10272
         371         409         410
        9856        9946        9944
        1824        1821        1905
        2943        3034        2942
       11196       11113       11198
        7003        6912        7002
        1013        1017         956
       10223       10133       10222
       11207       11210       11288
        2128        2129        2219
         983         984        1045
       10065       10153       10154
        7365        7364        7453
        9427        9426        9517
         956        1017         957
       11668       11663       11702
        8647        8648        8737
          75          76          92
        2303        2302        2396
        8694        8781        8785
        3484        3395        3480
        3905        3991        3907
        7164        7253        7165
        7612        7522        7611
       11058       11057       11145
        4717        4801        4719
        5343        5430        5344
        7106        7014        7107
       10132       10133       10044
        8970        9059        9060
         181         207         208
        9086        9177        9087
        8344        8254        8343
          60          76          75
        2747        2838        2749
       10688       10776       10687
        7605        7517        7515
        3531        3622        3532
        8696        8787        8697
        6702        6696        6784
         111         110         132
        2297        2296        2205
        6592        6589        6676
       10500       10499       10410
       10526       10616       10528
        3396        3395        3484
        5745        5830        5746
        7199        7110        7200
        5549        5463        5550
       10142       10232       10143
        1044        1108        1107
       11264       11263       11182
         783         730         731
       11746       11774       11745
        5096        5098        5011
         677         730         728
       10855       10856       10766
        1932        2019        1933
         607         654         606
        3742        3829        3830
        7507        7506        7596
        3051        3061        2967
        8788        8787        8878
        4797        4820        4880
         946        1006        1007
       10960       10873       10871
        6055        6143        6057
         217         218         245
        7017        7110        7109
         761         814         760
        1619        1618        1627
        3168        3255        3256
        4650        4734        4652
        7586        7675        7587
       10323       10324       10233
        8031        8115        8121
        8231        8142        8141
        2100        2189        2101
        8084        7994        8083
        8163        8164        8074
        9558        9557        9651
        2269        2362        2273
        2366        2362        2456
         245         218         246
        1401        1329        1400
        8498        8410        8409
        8502        8592        8507
        8597        8592        8682
        6885        6976        6886
       11507       11569       11512
        3452        3542        3453
        9922       10012        9926
         486         529         487
         573         529         528
        1971        1972        1886
        9981        9892        9979
       10482       10478       10567
        3588        3674        3678
        8316        8399        8406
        7275        7186        7185
         867         868         925
       11776       11795       11798
        9748        9744        9833
        3107        3194        3196
       11273       11194       11275
        5344        5257        5256
        3906        3907        3992
       10498       10411       10501
       11355       11357       11431
        3148        3239        3238
        8128        8218        8217
        2886        2976        2977
        4309        4221        4222
        1361        1360        1291
        7734        7735        7825
         799         746         798
        4195        4282        4279
        4652        4734        4736
        5746        5830        5831
        1629        1630        1549
        4088        4089        4002
       10110       10021       10107
       10768       10858       10770
        4449        4362        4361
       11796       11773       11774
        3757        3669        3756
        8838        8928        8837
        7462        7537        7447
        2669        2668        2762
        1081        1146        1147
         704         654         655
        3515        3514        3424
        2419        2511        2513
        7107        7196        7106
        9651        9742        9744
        9038        9122        9129
        3520        3430        3519
        8121        8115        8205
        8500        8590        8501
         916         975         917
        7080        7170        7081
        7067        7156        7157
         438         439         479
        1538        1618        1539
       10325       10324       10414
       10526       10527       10616
         146         140         164
        9516        9514        9425
        4733        4820        4797
        7515        7517        7428
       10460       10459       10549
        9488        9579        9495
        1691        1608        1611
        1319        1249        1320
        8780        8691        8689
        2575        2668        2576
        7645        7735        7644
        4193        4279        4280
        7019        7018        6927
        3108        3106        3195
        6589        6675        6676
        1430        1431        1505
        5684        5682        5599
        6244        6241        6327
        2376        2471        2378
        6083        6082        6169
        8216        8306        8218
        9031        9122        9038
         408         410         448
       11772       11795       11776
        1182        1250        1184
        4365        4278        4363
        9928       10018        9931
         961        1021        1022
          65          66          81
        5028        5114        5115
       11279       11357       11355
       10910       10909       10998
        5668        5755        5669
        7611        7521        7606
        8816        8884        8793
        3431        3430        3343
       10140       10138       10228
        6562        6652        6563
        8975        8884        8908
        6760        6762        6674
       10054       10143       10055
        8758        8756        8847
        5124        5128        5040
        9387        9476        9479
        4520        4605        4521
       11788       11761       11790
       11510       11572       11514
       10173       10178       10088
        8345        8434        8435
       11461       11527       11462
        5603        5688        5677
        3574        3658        3663
        1502        1501        1580
        9586        9579        9673
       11575       11619       11572
        7708        7798        7796
        1092        1030        1093
        6639        6640        6552
       10556       10557       10647
         494         536         537
        9500        9501        9410
       10183       10182       10273
        1979        1980        2067
        6104        6103        6190
         957        1017        1018
         947         946        1007
         447         488         449
       11302       11222       11303
        8327        8417        8413
        8454        8522        8433
        7863        7951        7952
        4063        4064        4147
        1741        1821        1824
        7434        7522        7523
        1774        1690        1691
       10219       10307       10310
       10779       10868       10778
        6126        6039        6040
        8612        8522        8544
        3820        3907        3906
        2885        2886        2796
        9541        9536        9629
         402         395         433
        1211        1278        1280
        2090        2179        2178
        8995        8905        8904
          97          79          96
        5344        5430        5431
       11523       11527       11461
        4391        4383        4303
        9865        9955        9866
         808         755         806
       10388       10478       10392
       11334       11411       11335
       10100       10190       10099
        1502        1427        1501
        8053        8057        8143
         540         541         498
       11221       11222       11302
        1210        1208        1144
         969         968        1029
        5300        5388        5387
       10575       10666       10664
        3580        3669        3581
       10858       10859       10947
        9139        9140        9049
       11114       11026       11110
        1388        1462        1387
         106         102         123
        6353        6438        6439
        8475        8478        8389
       11125       11210       11207
         503         545         546
        8966        8965        8875
        5273        5274        5361
       10940       11028       11027
        3748        3835        3836
        7441        7352        7440
        8028        7940        8029
        9214        9124        9123
         905         963         904
        3387        3297        3296
        5588        5590        5672
        6698        6785        6786
        7082        7079        7169
        7587        7675        7676
        4611        4693        4694
        7052        7053        6962
        9805        9806        9714
        9973        9892        9981
       10191       10101       10131
        3449        3539        3452
        4450        4362        4449
        5091        5005        5004
       11205       11286       11206
        9086        9087        8995
       10556       10466       10557
        9837        9748        9839
         771         718         769
        5911        5912        5827
        5800        5714        5737
        1496        1575        1574
        8237        8326        8327
       10233       10324       10234
       11633       11588       11585
        1089        1154        1087
         295         261         260
        9371        9369        9276
        4275        4276        4190
        7146        7056        7060
        3205        3206        3116
        2941        2921        2850
        1933        2019        2020
        5245        5244        5155
        1233        1232        1302
        2126        2037        2038
        6779        6692        6691
        6061        5995        5976
         721         774         722
        6571        6659        6570
        2568        2475        2569
       11084       10996       10995
         910         969         911
        9074        9164        9165
        1695        1775        1691
        9352        9445        9357
       10404       10314       10403
       11345       11344       11420
        7676        7675        7766
        2331        2332        2239
       10907       10906       10995
        6189        6276        6190
         223         229         202
        2020        2019        2108
        7523        7522        7612
        8005        8095        8004
        2399        2493        2398
        7937        7940        7851
        5229        5314        5315
       10313       10314       10223
        8970        8969        9059
        4265        4264        4351
         562         609         608
        1974        2061        2062
        8558        8648        8647
        2645        2553        2641
        6570        6659        6658
        7521        7432        7516
         527         526         571
        8879        8969        8970
       10055       10143       10144
        3199        3289        3290
       10757       10758       10669
        8294        8204        8291
        8315        8400        8310
        9422        9426        9334
        2398        2493        2490
        9943        9942       10032
         448         410         450
        9453        9544        9454
        5192        5273        5279
        7653        7743        7655
        3615        3616        3525
        1740        1739        1657
       10437       10527       10526
        2555        2647        2556
        7108        7015        7016
       11745       11773       11744
        1793        1876        1877
        8203        8293        8206
       10617       10614       10706
        1250        1249        1319
        3710        3708        3796
        4280        4279        4366
        5218        5129        5217
        4526        4610        4611
        2041        2129        2040
        3157        3065        3156
        3527        3616        3618
        8682        8773        8687
        2210        2302        2211
         144         124         147
        4859        4858        4943
       10972       10974       10885
        8607        8606        8696
         312         347         311
        9793        9883        9795
        1536        1534        1458
         139         138         162
        5427        5515        5430
       11570       11569       11507
        3729        3723        3811
         179         207         181
       11012       11100       11013
        4043        4045        3958
        2378        2471        2473
        6562        6651        6652
        5597        5600        5513
        6266        6267        6181
        2518        2517        2609
        6983        7074        6984
        7744        7654        7673
         116         138         117
         925         984         924
        1122        1189        1190
       11869       11871       11874
        4402        4401        4314
        2648        2647        2739
        7075        7074        7164
        9344        9341        9433
        6739        6651        6654
        5686        5601        5685
        9248        9341        9251
       11481       11413       11480
        5707        5711        5795
       11804       11789       11782
       10065       10154       10066
        7381        7382        7471
       11693       11692       11731
       10871       10873       10783
        6106        6193        6107
        6741        6653        6740
       11555       11601       11554
        8406        8399        8488
        2000        2087        2088
        5187        5274        5273
        2069        2156        2158
        7488        7492        7402
         573         621         574
        2348        2441        2442
        5374        5461        5376
        3395        3392        3480
        6426        6512        6511
        3323        3319        3230
        7538        7627        7539
       11730       11761       11759
        8869        8864        8955
        8591        8590        8680
        5247        5252        5334
        8308        8306        8396
        1031        1030        1092
         331         330         367
        1121        1189        1122
        4190        4276        4192
       10755       10666       10665
        5295        5383        5298
       10820       10909       10910
        5113        5026        5062
        1256        1189        1188
        9349        9355        9262
         449         488         490
        7855        7943        7944
        5202        5113        5150
        7405        7357        7446
        7178        7267        7226
       10917       10829       10918
       10859       10856       10945
        8915        8840        8931
        4843        4907        4821
        8116        8026        8113
        7974        7887        7976
        4322        4409        4321
        6425        6340        6426
        3167        3255        3168
         106          87         102
        5693        5779        5780
        8514        8600        8604
       10953       10956       10867
         381         380         344
        2655        2654        2747
       11854       11840       11839
        8025        8115        8031
        2962        3055        2961
       10331       10332       10241
        4611        4610        4693
       11554       11601       11600
        5386        5383        5471
        4849        4762        4764
        9477        9384        9473
        9262        9172        9171
        1278        1346        1348
        2510        2601        2602
          76          93          94
       10435       10525       10524
        7547        7457        7546
        4303        4383        4295
        7066        7156        7067
        2707        2799        2708
        9759        9850        9768
         202         229         201
        8427        8516        8428
        7939        8028        8027
        5431        5430        5519
        3708        3709        3796
        3430        3342        3343
        2207        2206        2117
        5882        5797        5798
       11513       11572       11510
        4495        4409        4496
        7433        7432        7521
         191         218         217
        6218        6131        6219
       10032        9942       10029
        6254        6340        6339
         970        1030        1031
        1472        1397        1471
        4942        4857        4941
         679         732         680
        7246        7334        7335
        7975        7887        7886
        2206        2116        2117
        9795        9883        9885
        9264        9259        9352
        7731        7732        7642
         978        1032         971
       10829       10760       10850
         117         138         139
        7279        7277        7367
       11125       11208       11210
        4766        4853        4768
        5025        5023        5110
        8958        8868        8867
        7654        7565        7584
        1531        1608        1528
       10582       10583       10494
        8653        8742        8652
        1024         963         965
       11346       11357       11279
        2474        2566        2472
        9172        9169        9081
        8599        8511        8509
        8562        8565        8475
        6364        6279        6278
       10392       10478       10482
        9161        9158        9248
       10017       10106       10018
         595         550         549
        3491        3490        3580
        5627        5628        5543
        1330        1329        1401
        5514        5601        5515
       10543       10632       10633
       10907       10908       10818
        5315        5314        5402
        8931        8932        9021
        2576        2668        2669
        6433        6519        6437
        5110        5023        5109
        7700        7699        7789
        7116        7117        7205
         205         233         206
        2174        2175        2086
       10196       10198       10286
        2178        2179        2269
        5510        5422        5423
         624         578         576
         357         327         321
        1565        1488        1486
       10163       10253       10254
       11091       11092       11004
        6606        6519        6518
         330         366         367
        1738        1821        1741
        7930        7927        8016
        5511        5596        5598
         311         347         323
        5460        5547        5461
        6081        5996        5995
       10947       10859       10948
       10281       10191       10221
        4586        4587        4669
        5080        4995        4993
       11485       11418       11419
        8025        8027        8115
       11123       11208       11125
        3078        3170        3169
        6676        6675        6763
        8395        8305        8394
       10994       10993       11082
         508         550         551
        3972        4058        4059
        5402        5314        5401
        5692        5774        5779
        8216        8305        8306
        6253        6168        6254
        3621        3709        3708
       10018       10106       10107
        4576        4491        4492
        4054        4058        3971
        6112        6027        6109
       10865       10776       10866
        5883        5969        5952
         533         578         534
        3621        3708        3620
        6184        6186        6098
        4500        4499        4584
        4198        4285        4282
        6374        6460        6461
       11841       11840       11855
        4876        4791        4790
        3409        3319        3410
        7294        7383        7293
        6100        6187        6188
         575         530         574
        4413        4499        4500
        8847        8937        8849
        5425        5422        5510
        4251        4167        4166
        2708        2799        2800
       11600       11601       11646
        4141        4056        4057
        7675        7765        7766
        5601        5600        5685
       10046       10045       10134
         730         678         731
        6653        6652        6740
        8268        8357        8358
          26          35          36
        7159        7163        7072
        8978        9068        8979
        8218        8306        8308
       11047       11135       11049
          63          78          79
        1126        1061        1125
        8161        8072        8071
        9220        9305        9313
        1182        1249        1250
       10878       10967       10961
        1039        1095        1032
        6761        6849        6760
        5353        5352        5264
       10384       10474       10461
        2133        2046        2045
        3025        3117        3120
        5963        5877        5878
        8926        9016        8932
        5300        5216        5302
       10091       10181       10092
        7374        7375        7464
       10756       10846       10847
        3167        3168        3076
        2063        2151        2152
        7655        7743        7745
        9349        9442        9355
       10926       11013       10932
        6565        6651        6562
        2800        2799        2889
        5322        5321        5408
        1656        1575        1576
       11028       11026       11114
       10723       10632       10631
        5964        5963        5878
       10633       10632       10724
        7431        7427        7342
        2211        2302        2303
        6980        6890        6891
       11760       11761       11730
        6996        6995        7086
        4814        4896        4810
        5548        5547        5632
        1045        1108        1044
        2048        1961        1960
        7197        7196        7107
        3757        3844        3845
        4324        4411        4412
        7225        7314        7224
        8680        8590        8679
        9793        9882        9883
         721         669         668
       11759       11761       11788
         656         707         706
        6809        6807        6721
       11031       10944       10943
       10195       10191       10281
        1280        1278        1348
        7664        7660        7750
        6082        6122        6169
        2584        2493        2587
        5943        6027        6028
        3115        3021        3020
        7187        7277        7188
        3796        3709        3797
        7343        7432        7344
        9638        9730        9639
       10323       10413       10324
        3446        3445        3358
        5906        5904        5821
        5701        5790        5789
        1491        1417        1416
        2160        2249        2251
          79          78          96
         619         669         620
       10687       10776       10775
         370         409         371
        8795        8794        8885
        3963        3877        3965
         847         850         795
         439         401         402
        4669        4587        4670
       11479       11412       11411
        1614        1534        1536
        6802        6892        6803
        2114        2204        2120
        2087        2175        2176
          46          44          58
       11550       11549       11596
        8143        8057        8147
        8955        9045        8960
        6991        7079        7082
        2019        2101        2108
       10486       10573       10484
        3555        3643        3645
       11590       11529       11533
        5501        5588        5589
        1329        1260        1258
        2686        2687        2592
       11590       11533       11595
        8057        8146        8147
       11377       11453       11452
        6893        6892        6983
        3199        3198        3289
       11193       11194       11109
        4410        4409        4322
         323         347         359
         911         969         935
        6613        6697        6609
        9141        9136        9227
        6611        6523        6607
       11783       11792       11763
        8255        8345        8256
       11859       11858       11844
        6590        6677        6675
        9211        9121        9120
       10856       10944       10945
        9346        9438        9440
       11847       11862       11860
        2793        2881        2883
        3320        3316        3407
       10656       10566       10565
        4412        4411        4498
       10699       10787       10788
       10178       10264       10269
        1210        1279        1277
        1739        1656        1657
         935         969         995
        3789        3877        3875
        1418        1346        1417
       11133       11135       11047
        7555        7556        7646
        5955        5870        5872
        1572        1495        1493
        6462        6375        6376
        2463        2462        2555
        5027        5026        5113
       10822       10912       10880
        3224        3316        3227
        7630        7719        7631
        7205        7117        7206
         746         693         745
        9316        9224        9223
        9487        9577        9578
       10379       10467       10377
       10828       10829       10917
        2660        2752        2754
        4830        4829        4741
        1496        1574        1494
        4717        4634        4633
        3993        3991        4078
        3574        3569        3658
        6811        6900        6901
        4893        4896        4978
        3907        3991        3993
         644         693         694
        8315        8405        8400
       11460       11459       11383
        3484        3569        3574
         272         270         241
       11289       11209       11290
        7653        7565        7654
        6227        6151        6237
        1853        1776        1770
        8918        9008        9007
        4921        5005        5006
        8926        8932        8841
        5975        5890        5974
        8346        8345        8435
        8338        8337        8427
        1050         988         990
         469         428         436
        2240        2241        2150
        3110        3198        3199
       10524       10525       10614
         679         728         732
        7937        8026        7940
        9011        9012        8922
        5773        5858        5774
        7245        7334        7246
       11623       11663       11619
        2706        2798        2707
        8849        8758        8847
       10343       10252       10251
       10161       10252       10162
        5780        5779        5864
        6108        6110        6025
       11261       11179       11260
        3246        3158        3159
        7952        7951        8040
        7424        7512        7513
        8524        8614        8525
        7584        7494        7493
         618         570         617
        1171        1168        1235
        9743        9650        9653
        9532        9441        9530
        5141        5228        5229
         586         634         587
       11482       11414       11481
       10700       10701       10609
        5915        5914        5998
         987         928         929
        3707        3709        3621
        9415        9414        9505
        6977        6976        7067
        9652        9744        9656
        1348        1346        1418
        3078        3168        3170
        5616        5528        5530
        8322        8411        8412
        9313        9397        9404
        9489        9399        9398
        9329        9420        9421
       11480       11413       11412
         419         380         381
        3991        3928        4014
        4282        4285        4370
        7684        7773        7774
       10872       10878       10961
        5080        5082        4995
        7938        8027        8025
        3411        3497        3501
        8157        8247        8158
       10561       10649       10652
        6605        6692        6606
       10817       10906       10907
       10670       10664       10754
       11137       11222       11221
        3038        3131        3039
        6938        6850        6848
        7718        7719        7630
       10225       10224       10315
        7143        7053        7142
       11807       11786       11808
       10231       10232       10142
        2461        2368        2367
        2964        2872        2873
        5069        5158        5157
        6923        7014        6922
       10446       10536       10451
       11249       11243       11321
        5502        5590        5588
        1220        1154        1155
        8113        8023        8024
        6635        6722        6723
        9792        9882        9793
        5824        5907        5909
        6740        6652        6738
        7472        7387        7476
       10134       10224       10135
        7768        7857        7769
        9305        9397        9313
         721         773         774
       11647       11686       11646
        3476        3564        3565
        8567        8478        8568
        2174        2265        2175
        9656        9744        9748
       10904       10905       10815
        1376        1306        1377
        5913        5829        5867
       11077       11076       11163
        2644        2552        2640
        7433        7522        7434
        5104        5129        5193
       10501       10499       10588
        9077        9168        9082
        8394        8304        8393
       11572       11619       11576
        8918        9007        8917
        1781        1864        1780
        2351        2350        2258
        3150        3151        3241
        5502        5588        5501
        1320        1251        1322
       11044       11131       11043
        2741        2830        2832
       11733       11732       11695
        4810        4896        4893
         728         730         781
          94         114         112
        5994        6079        6078
       11686       11687       11725
        7200        7201        7291
        7423        7511        7512
         265         234         264
        9303        9212        9211
       11844       11827       11845
        4681        4765        4682
       11519       11518       11580
        7978        8066        8067
        8088        8178        8179
        6241        6155        6154
        6276        6275        6361
       10092       10181       10182
       11410       11411       11334
        4794        4709        4792
       10105       10191       10195
        4635        4634        4717
        7709        7799        7710
        7717        7628        7716
         627         579         580
        7103        7098        7011
        8678        8589        8588
        8291        8201        8290
        9262        9355        9263
        7602        7512        7601
        9966        9967        9877
         211         214         187
       11798       11800       11778
        1093        1095        1160
        2358        2451        2452
         577         579         625
        6905        6815        6904
       10562       10475       10472
        8147        8146        8236
        7448        7536        7538
        7889        7978        7890
        8413        8417        8502
        9634        9721        9726
        2414        2321        2413
        7891        7810        7899
        1160        1095        1162
        2170        2261        2260
        6299        6215        6303
        2887        2886        2977
        6358        6271        6356
        1943        1858        1861
         694         693         746
        6970        6971        6880
        6289        6272        6202
       11264       11341       11338
        6025        6026        5941
        6049        5963        5964
        4060        4143        4144
        7076        7077        6986
        4986        4982        4900
        7423        7512        7424
        6656        6657        6745
        6461        6547        6548
        1792        1876        1793
        5430        5515        5519
        7903        7902        7813
       11209       11206       11287
        6658        6657        6569
        6362        6276        6361
        1445        1444        1520
        1863        1864        1949
       10738       10829       10828
         818         874         873
         675         728         679
        4198        4282        4195
        2027        2028        2116
        2460        2494        2399
       11467       11532       11533
        4741        4742        4830
         524         569         525
        5854        5856        5939
        5685        5769        5772
        7465        7556        7464
        5534        5533        5447
        5942        6027        5943
       11478       11411       11410
        5536        5533        5618
       10208       10298       10211
       11417       11418       11485
        4321        4408        4320
       10379       10469       10467
        5819        5903        5818
        2219        2224        2311
        8838        8929        8928
        5867        5829        5782
        2888        2887        2978
          13          22          21
        5787        5699        5783
        9811        9720        9719
        5041        5129        5104
         574         621         622
        7201        7292        7291
        8072        8162        8122
        2273        2362        2366
        9028        8939        8940
        9682        9589        9588
        1471        1550        1472
        2280        2372        2373
        3670        3669        3757
        5612        5699        5698
        6894        6895        6805
         611         610         564
        5777        5778        5862
        5229        5228        5314
       10090       10180       10091
        4039        4040        3953
        8841        8932        8931
       11656       11612       11613
       10091       10180       10181
        5068        5069        5157
       10580       10664       10670
        9108        9016        9018
       11576       11619       11624
        2707        2798        2799
        8155        8245        8246
        1006        1068        1069
        7474        7565        7564
        5878        5912        5964
         546         545         591
        3955        3876        3867
        6986        6895        6985
         492         493         452
       10822       10911       10912
        5870        5954        5871
        3609        3698        3608
        7809        7810        7720
        1183        1249        1182
        5770        5771        5684
        5687        5774        5692
        2279        2372        2280
        8311        8401        8399
        6599        6600        6686
        8697        8787        8788
         813         869         868
        4143        4142        4224
        5830        5914        5831
        4130        4045        4043
        9394        9396        9485
        1259        1191        1192
        7165        7253        7254
        3482        3570        3572
        4127        4040        4126
        8726        8727        8818
        1607        1599        1528
        7998        8087        8088
       11099       11100       11012
        1469        1547        1540
         132         131         155
        5962        5963        6048
        8619        8622        8709
        3288        3197        3286
        2460        2553        2494
       11766       11764       11793
       11453       11518       11452
        2841        2929        2932
        2860        2950        2861
        8860        8861        8770
        6152        6096        6183
        8304        8303        8393
        4660        4661        4577
       11032       10944       11031
       11121       11206       11124
        9580        9581        9490
       10652       10740       10651
       11012       11013       10926
        8215        8305        8216
         616         569         568
        3696        3606        3607
       11481       11414       11413
        3901        3815        3902
       10090       10179       10180
       10935       10846       10848
         723         670         722
        2038        1950        1951
        3306        3395        3396
        9918       10009       10008
        8263        8262        8173
        1467        1544        1468
        8088        8087        8178
        8655        8742        8745
        4746        4661        4745
        3196        3194        3285
       11042       10955       11043
         445         444         485
        9878        9968        9882
        6628        6629        6541
        2108        2101        2190
       10334       10332       10422
        7456        7457        7547
        2455        2459        2365
        6991        6988        7079
        9421        9419        9329
       10766       10856       10769
        9495        9579        9586
        4940        5023        5025
        3382        3292        3293
       10008       10009       10099
        7747        7780        7837
        3755        3668        3667
        9359        9267        9266
        6739        6742        6829
         819         874         818
        6717        6629        6716
        2635        2543        2634
       11423       11347       11348
        7167        7077        7166
        2332        2425        2426
          96          78          95
        8024        8111        8114
       10821       10911       10822
        9651        9557        9650
       11615       11639       11660
        4571        4484        4572
        7055        7061        6970
        4756        4821        4734
        3864        3865        3776
       11816       11795       11796
       10866       10955       10954
       11724       11686       11725
        8176        8086        8085
        2277        2276        2369
        8117        8028        8118
        4370        4373        4459
        8951        8861        8860
        9497        9407        9406
        2347        2441        2348
        6361        6275        6360
        6366        6367        6281
        5684        5771        5769
         379         343         380
        1821        1822        1905
        5625        5711        5707
        4681        4598        4678
        6277        6276        6362
        3363        3451        3450
        8784        8783        8693
        9516        9605        9514
        2364        2363        2271
        4997        5085        5084
        6281        6195        6194
       11188       11269       11268
         754         757         807
       11530       11529       11590
        1151        1150        1216
       10154       10153       10243
        8311        8400        8401
        5042        5043        4959
        8173        8082        8169
        6365        6451        6452
       11180       11179       11261
        6652        6651        6738
       10315       10405       10316
        6207        6293        6294
        9574        9668        9577
        1513        1514        1438
        4575        4488        4489
        8432        8431        8520
        7709        7710        7620
        5672        5590        5675
        7096        7186        7103
        6454        6367        6453
        5041        5128        5129
         553         600         599
        6293        6377        6378
        9579        9581        9673
          58          44          43
          91         110         111
        1210        1277        1208
        6687        6600        6685
        4256        4257        4172
        4502        4587        4586
        3613        3522        3523
        9588        9498        9497
        1007        1006        1069
       11405       11402       11328
        8507        8592        8597
       11564       11612       11611
       11134       11219       11218
        7446        7534        7535
        8568        8655        8658
       11452       11518       11519
         910         968         969
        3316        3317        3406
        9560        9468        9556
        3461        3459        3372
          82          66          68
        1770        1692        1687
        6189        6275        6276
       10564       10475       10562
        8204        8293        8203
         781         730         783
         291         327         326
        1539        1618        1619
       10738       10760       10829
        8680        8770        8771
        7996        7995        8085
       10113       10190       10100
        9337        9427        9429
        1924        2009        2010
        7763        7847        7852
        2757        2740        2663
       10940       11026       11028
        5519        5515        5602
        3111        3113        3019
        2796        2886        2797
       11623       11667       11663
        7737        7736        7646
        9773        9683        9772
        2749        2838        2841
        9971        9968       10059
        8770        8861        8771
        4909        4995        4994
        8685        8596        8595
        3945        4030        3943
        3904        3898        3984
        7936        7847        7849
        1448        1449        1375
        8995        8996        8905
        2591        2497        2498
        9176        9177        9086
        6686        6600        6687
        5530        5440        5441
        3117        3206        3207
         295         330         331
       11646       11686       11685
       10496       10495       10584
        9744        9742        9833
       10575       10664       10573
        3085        3083        3175
        2496        2590        2495
         465         466         425
        4275        4362        4276
        6359        6274        6273
       11761       11789       11790
        4199        4285        4198
        3202        3113        3200
        8737        8648        8738
        3585        3495        3586
        1095        1102        1162
        2399        2494        2493
        4818        4904        4819
        2841        2838        2929
         552         551         597
        7252        7249        7162
        9604        9605        9698
        7766        7765        7854
        4321        4236        4322
        4232        4318        4236
       10089       10179       10090
       10066       10154       10155
        9862        9952        9922
        3156        3063        3064
         508         551         509
         697         649         700
        2943        2853        2927
        3698        3787        3788
        9714        9622        9621
        9585        9674        9580
        4599        4598        4681
        8393        8303        8392
       11669       11709       11670
        1688        1771        1770
        7801        7711        7800
        8636        8727        8635
       11528       11549       11487
        8501        8590        8591
        2242        2241        2334
        2539        2542        2449
        7837        7869        7926
          91          93          76
        6677        6762        6765
        6939        6940        7029
        9255        9347        9348
         187         161         184
        5988        5904        5989
        8584        8673        8674
       10408       10411       10498
        6735        6824        6823
        4277        4278        4364
        3741        3829        3742
        8027        8028        8117
         921         980         968
       10059        9968        9970
        6970        7061        6971
        6646        6654        6565
        6036        5997        5951
        7610        7699        7700
        5705        5621        5706
        5620        5621        5536
        2200        2292        2201
         829         774         828
        4734        4821        4736
        4940        4938        5023
       11219       11296       11300
        1216        1150        1215
        7816        7905        7906
        3970        3884        3967
        6044        6131        6043
         902         960         961
        8622        8712        8713
         291         292         321
        1541        1620        1542
        6675        6677        6763
        4429        4341        4342
       10943       10944       10855
        3363        3450        3362
         802         754         807
        2264        2265        2174
        5590        5592        5675
        6763        6677        6765
          49          36          48
        7979        7978        8067
        6780        6693        6694
          63          49          62
        9422        9513        9426
       10899       10988       10904
       10769       10856       10859
        2098        2097        2186
        3953        3865        3952
       11750       11748       11777
        4342        4255        4340
        1223        1219        1288
        7939        7940        8028
        6108        6195        6110
        4235        4236        4321
        4367        4282        4370
        5826        5910        5911
        5995        5996        5911
        3988        3987        3902
        3362        3450        3449
        3645        3643        3730
        4316        4319        4233
        7780        7869        7837
        2840        2748        2753
        5684        5769        5682
        4853        4852        4937
        2364        2457        2363
        4222        4221        4136
        9395        9304        9303
         229         252         258
       11804       11811       11789
        7809        7898        7810
        2390        2296        2297
         722         774         775
        9156        9067        9065
        8392        8302        8342
        3136        3140        3226
        6719        6634        6631
        9260        9169        9172
       11063       11061       11148
        7464        7555        7463
        6223        6222        6134
       10885       10974       10973
        7575        7660        7664
        9212        9121        9211
        5828        5912        5878
       11546       11532       11482
        6128        6125        6210
        6738        6651        6739
       10105       10101       10191
       10101       10012       10042
        3692        3691        3602
         465         425         424
         199         221         194
        2413        2319        2412
        9335        9427        9337
        5675        5592        5677
        5300        5302        5388
        2040        2129        2128
         700         754         750
        9262        9263        9172
        9335        9426        9427
        4192        4278        4277
       11488       11549       11550
        9833        9742        9834
       10783       10873       10784
       10409       10411       10321
       11081       11165       11078
        8920        9007        9010
        7627        7628        7717
        5461        5547        5548
        5816        5817        5731
        6607        6693        6695
        4998        5085        4997
        6439        6438        6524
        6041        6125        6128
        8745        8833        8836
        4788        4786        4873
        4083        4167        4084
        4820        4905        4906
         825         770         771
           1           4           3
        4286        4373        4285
        2120        2204        2210
        7987        7898        7986
         109         130         131
        3039        3132        3041
        9461        9552        9460
       11824       11814       11805
        8094        8095        8186
        1145        1211        1210
        1936        1852        1851
        5131        5043        5130
       10938       11026       10940
         294         330         295
       11654       11692       11652
        3521        3433        3520
        8299        8389        8388
        1305        1236        1306
        2086        2175        2087
        1938        1939        2025
        6913        6824        6914
        9671        9761        9672
       11470       11402       11473
        7224        7296        7206
       10378       10467       10468
         489         492         451
        4502        4585        4587
        2997        2906        2907
        7120        7028        7062
        8638        8637        8547
        3811        3817        3729
       10234       10324       10325
       11088       10999       11087
        7720        7810        7802
        2493        2494        2587
        4993        4995        4909
        6398        6310        6312
        5942        6024        6027
        9016        8928        9018
        8817        8818        8910
        7987        8075        8076
        1106        1173        1105
       10748       10750       10660
        9410        9501        9412
        2644        2737        2736
        5964        5996        6050
        9348        9347        9439
        3076        3168        3078
        8206        8293        8296
        9429        9427        9518
       10573       10664       10580
        7157        7156        7246
         405         366         365
        8294        8293        8204
        5124        5213        5128
        9501        9503        9412
        6786        6785        6874
       11875       11876       11878
        7337        7341        7251
        9542        9452        9451
       10263       10264       10173
       11836       11818       11819
        5170        5082        5171
        4785        4786        4702
        9412        9503        9413
         633         586         585
        6896        6987        6898
        1018        1017        1080
       10615       10613       10705
        2308        2402        2307
        4716        4800        4718
          54          49          63
        6258        6343        6344
        2347        2440        2441
        3741        3740        3828
        8247        8243        8333
        5821        5820        5905
         490         488         531
        2975        2976        2885
        5193        5129        5218
       11306       11344       11266
       10029        9942        9939
       11835       11816       11817
        4855        4938        4940
         526         570         571
        7109        7110        7199
        2027        2116        2107
        1106        1105        1043
        2450        2357        2356
       11030       11031       10943
        6292        6206        6205
        6989        6987        7078
        9849        9758        9848
        3958        3956        4043
        4131        4045        4132
        9580        9674        9581
        6223        6310        6311
        5995        5910        5976
          32          44          33
        5272        5274        5187
        2728        2819        2729
        5361        5274        5362
       11857       11858       11867
        5797        5709        5710
        2746        2761        2666
        7724        7723        7813
        2977        2976        3068
        5998        6082        6083
       11760       11789       11761
        6184        6271        6186
       11604       11597       11643
       11192       11194       11273
        1042        1102        1039
        7633        7723        7634
        4873        4786        4872
        7291        7292        7381
        4115        4029        4116
        1349        1279        1280
        1609        1692        1610
        4500        4585        4502
        5734        5735        5649
        9882        9968        9971
        8340        8341        8251
       11222       11220       11301
        1839        1840        1756
       10209       10128       10119
        5245        5242        5243
        3344        3342        3430
        2560        2651        2652
        9577        9486        9574
        3776        3691        3780
        9650        9557        9560
         496         538         539
        9450        9536        9541
        4614        4696        4612
        2559        2651        2560
        4043        3987        4074
        8615        8614        8704
         710         708         660
       10523       10433       10432
        5515        5601        5602
       10342       10433       10343
        6808        6806        6896
         539         497         496
        6630        6718        6632
        8037        7948        7949
        5622        5707        5624
        6130        6131        6218
        5682        5769        5685
       11808       11786       11787
        6648        6559        6561
        5033        5120        5035
       11167       11243       11249
        1694        1693        1610
        8771        8861        8862
        6594        6510        6506
        9466        9557        9558
        8399        8401        8488
        5004        4919        4918
        6216        6215        6129
        7397        7396        7483
        4852        4765        4849
        3942        4029        4028
       10162       10253       10163
        9921        9920        9830
        3203        3294        3295
        9433        9524        9525
        1255        1326        1256
       11189       11269       11188
        2424        2425        2331
        6627        6714        6715
        5347        5259        5276
         909         968         910
         489         532         492
        2574        2667        2575
        3835        3922        3836
        9343        9250        9249
        2643        2736        2735
        6368        6455        6370
        4178        4094        4176
         231         261         232
       11385       11344       11306
       10831       10744       10740
        8204        8201        8291
        8173        8172        8082
       10400       10310       10397
          65          64          50
        8520        8431        8519
        3747        3835        3748
        6511        6512        6599
       11670       11709       11710
        2990        2992        2901
        5298        5383        5386
        6120        6121        6035
        7533        7445        7444
        6080        6079        5994
        3639        3601        3550
       10059        9970       10060
       10609       10640       10700
        8517        8606        8607
        1301        1372        1302
        5859        5858        5943
        4144        4228        4146
         831         888         832
        2729        2819        2820
        6131        6132        6219
        1369        1442        1371
        2295        2294        2388
       10945       10944       11032
        7632        7722        7633
        6765        6762        6851
        4991        4905        4990
        6544        6542        6630
       11391       11466       11467
        6760        6849        6762
       11526       11587       11568
        9496        9465        9405
        5116        5117        5030
        5733        5735        5819
       10039       10128       10127
        9588        9589        9498
        3210        3302        3211
       11352       11274       11345
        6968        6967        7058
       11851       11842       11857
        3251        3249        3340
        5336        5333        5419
        8687        8773        8778
       11799       11801       11779
        3384        3300        3391
        7774        7773        7862
        5295        5208        5209
        8791        8700        8790
        9076        9167        9077
        1091        1088        1153
        9041        8952        8951
        5644        5728        5642
        8609        8610        8520
        6420        6338        6334
         964        1025         967
        2882        2792        2880
        6233        6148        6145
        6823        6831        6742
        7226        7267        7316
        6984        7074        7075
        1313        1385        1384
       11260       11263       11338
        8386        8389        8299
        5447        5360        5445
        7908        7996        7997
         207         234         235
        3525        3616        3527
        7988        7987        8076
        8583        8673        8584
        7170        7168        7257
       11328       11402       11325
        2101        2189        2190
        2515        2607        2516
        8488        8401        8490
        9450        9445        9536
        1032        1095        1093
        1574        1575        1655
        2035        2036        2125
        3256        3255        3347
        2445        2444        2351
       10444       10354       10353
        4604        4605        4520
        9357        9445        9450
        4254        4341        4272
        3124        3031        3126
        6916        6919        7007
         142         141         119
        7316        7357        7405
         597         551         596
       10088       10178       10089
        8906        8996        8997
        3480        3392        3394
        4527        4530        4445
        8924        8925        9014
       11489       11422       11423
        5390        5302        5389
        6025        6110        6026
         153         130         129
       11242       11243       11161
       11186       11267       11193
        6188        6187        6274
        4359        4341        4429
       10089       10178       10179
        2561        2573        2479
        8310        8400        8311
        3255        3346        3347
        3175        3262        3176
        3863        3947        3859
        3602        3601        3690
        1670        1592        1674
        1358        1289        1359
        5439        5528        5438
        4344        4257        4343
        9853        9942        9943
        6259        6258        6344
       11863       11847       11848
        2495        2590        2589
       11282       11359       11281
        6635        6634        6722
        4889        4804        4805
        6284        6282        6368
        1068        1133        1134
        2556        2647        2648
        1436        1512        1510
       11593       11592       11531
        1607        1690        1689
        9485        9396        9487
       10041       10034       10123
        9413        9323        9322
        5296        5297        5385
        6269        6324        6238
        5157        5158        5247
       10444       10445       10354
        5602        5601        5686
        1069        1068        1134
        9690        9596        9595
        2259        2260        2352
         320         286         285
        4445        4358        4357
        1174        1173        1106
        6461        6460        6547
        6778        6867        6779
        6734        6742        6654
        2296        2204        2205
        4182        4267        4183
       10845       10756       10847
        3032        2939        2940
        8940        8937        9024
        9525        9524        9616
        9454        9544        9545
        7267        7357        7316
       11420       11344       11385
        4250        4336        4251
        5033        4949        4950
        3266        3267        3357
       11188       11103       11104
        6134        6132        6045
        3581        3669        3670
       11411       11412       11335
       10534       10445       10444
         379         380         418
        3160        3161        3069
        9078        9169        9079
         832         888         889
        7851        7940        7939
        9020        9109        9112
       11124       11206       11209
       11624       11663       11668
        3902        3900        3986
        3829        3916        3830
        9394        9304        9396
       10286       10198       10288
        3946        3947        4033
        1287        1286        1356
        9534        9444        9443
         677         678         730
        6339        6340        6425
        5261        5259        5347
        9866        9955        9956
        8778        8864        8869
         441         440         402
         628         678         677
        3223        3221        3313
        4720        4804        4806
        4247        4333        4249
       10775       10776       10865
          51          50          37
        6956        6955        6865
          25          35          26
        7502        7412        7499
        9514        9605        9604
        8007        8006        7917
        1306        1236        1304
        2423        2516        2424
       11561       11560       11607
        2553        2549        2641
       10848       10841       10927
        4123        4044        4131
         143         166         142
        9268        9360        9361
        6288        6374        6292
        8277        8276        8186
       11500       11560       11498
        5774        5858        5859
       10016       10101       10105
        6188        6275        6189
        3254        3255        3167
        7841        7927        7930
        1153        1219        1157
        6870        6781        6868
        4042        4051        3964
        3263        3262        3174
        9251        9341        9344
        8773        8864        8778
          26          17          25
          56          67          71
        3254        3346        3255
        2403        2308        2309
        8793        8703        8702
        3028        3122        3123
         251         252         223
        2190        2189        2280
         135         113         133
        2666        2573        2653
        2962        2870        2871
        7071        7070        6981
        3958        4044        3957
        7409        7412        7322
       11482       11466       11414
        9529        9438        9437
        1820        1903        1819
        1576        1497        1572
        7751        7838        7841
        9944        9951        9861
        4406        4407        4493
        5541        5626        5625
          90          91          74
        4349        4267        4262
        8517        8516        8606
        8891        8890        8981
        5831        5914        5915
         282         281         249
        5504        5592        5590
       11149       11062       11063
        2097        2009        2096
        1772        1690        1774
         488         530         531
        4138        4051        4129
        9345        9438        9346
        8917        9007        8920
       11109       11194       11192
        6872        6963        6876
        2479        2385        2384
        1905        1822        1906
        7862        7951        7863
        5788        5874        5873
        5960        5875        5961
        2852        2942        2854
        1501        1427        1426
       11878       11876       11877
          20          17          26
        1039        1102        1095
          67          83          71
         974         975         916
       10819       10909       10820
        8862        8952        8953
        1356        1286        1355
       10211       10298       10302
        8344        8434        8345
        6208        6122        6207
        7321        7232        7233
       11619       11663       11624
        9544        9637        9545
        2961        3055        3054
        4037        4044        4123
        8428        8516        8517
        4424        4337        4338
        4449        4535        4450
        5514        5600        5601
        1523        1522        1602
        5909        5994        5993
        7271        7182        7181
        3068        3158        3160
        2562        2654        2655
         351         315         349
        3943        4029        3942
        9132        9042        9041
        7471        7382        7472
        8861        8952        8862
       11335       11412       11336
        6694        6781        6782
        6122        6121        6207
        6546        6460        6459
         531         530         575
        7363        7364        7275
       11758       11786       11757
        6725        6733        6813
        9260        9263        9353
        6107        6194        6108
        2473        2471        2565
        1962        2049        2050
        6187        6186        6273
        6167        6168        6253
        3519        3430        3431
        6184        6270        6271
        6938        7028        6940
       11503       11502       11436
        5153        5064        5152
        2024        1937        2023
        7621        7623        7533
        5791        5877        5876
        8029        8026        8116
       11726       11756       11725
        7775        7685        7686
        8085        7995        8084
        4855        4853        4938
       11782       11789       11760
        6471        6385        6386
         112         114         134
        4095        4094        4178
        3402        3490        3491
        9545        9637        9638
        7202        7201        7112
        4868        4782        4781
        5269        5182        5181
        3794        3706        3792
        7283        7268        7193
        1234        1236        1169
        8400        8405        8489
        7841        7838        7927
        3687        3775        3686
       10705       10795       10796
       10305       10310       10395
        7000        7090        7091
        9326        9327        9234
        4707        4743        4706
        6054        5969        5968
        5334        5252        5339
        6224        6221        6135
        7099        7098        7187
        7453        7364        7452
       10269       10264       10355
        8513        8512        8424
        8520        8521        8432
        5911        5910        5995
        9688        9778        9779
         491         532         489
        6438        6523        6524
       11055       10967       10968
        1132        1066        1129
       11043       11131       11130
        4252        4337        4339
        7055        7145        7061
       10864       10777       10774
        4412        4499        4413
        1533        1534        1614
        2175        2265        2266
        4768        4853        4855
        9739        9738        9648
        2587        2494        2588
        5993        6078        6055
        6192        6193        6106
        2924        3016        2925
        2797        2886        2887
        2176        2175        2266
        2322        2321        2414
        2816        2815        2725
       11321       11397       11327
        6036        6122        6082
       11463       11464       11387
        3538        3534        3535
        8083        7994        7993
       11437       11502       11504
        5337        5422        5425
        5651        5737        5713
       10665       10666       10575
        3347        3346        3434
        9275        9369        9368
        9318        9317        9408
        9956       10045       10046
       11652       11608       11654
        2138        2137        2228
        7686        7679        7680
         959         901         900
        5504        5590        5502
        8305        8304        8394
        7335        7334        7424
        7453        7543        7544
        5385        5297        5381
        9346        9347        9253
        1212        1277        1281
        4819        4905        4820
        3774        3775        3863
       10986       11075       10987
        3345        3346        3254
        6429        6343        6428
        5044        5045        4961
         436         428         398
        9955       10045        9956
        5721        5805        5807
        2346        2440        2347
        2570        2554        2476
        7940        8026        8029
        4834        4749        4746
        5356        5357        5269
        4236        4318        4322
        5358        5357        5443
        7672        7758        7763
       11622       11621       11574
        5509        5592        5504
        7538        7628        7627
        9707        9615        9618
         460         498         501
        2676        2675        2769
        3653        3562        3652
        6647        6649        6735
        2993        3083        3085
        7797        7798        7708
        9070        9158        9161
        9497        9498        9407
         496         497         456
        9173        9259        9264
        7711        7710        7800
        7626        7537        7553
        5862        5947        5946
        6475        6554        6467
        2515        2516        2423
       11248       11326       11322
        4858        4857        4942
         539         538         584
       11559       11561       11606
        8995        9087        8996
        9256        9348        9349
        9574        9486        9483
       10656       10745       10657
        2925        3016        3017
        5206        5117        5205
        6463        6377        6461
       10412       10413       10323
       11528       11589       11549
        5513        5600        5514
        2343        2252        2250
        3971        4058        3972
        1501        1500        1579
        4364        4278        4365
       10609       10701       10697
       10819       10908       10909
        6133        6221        6134
        3915        3828        3914
        9463        9369        9371
        3301        3209        3214
        6145        6147        6233
       11149       11064       11062
        7001        6911        6910
        3901        3956        3868
        1596        1595        1516
        2826        2736        2827
       11557       11597       11604
        3543        3542        3632
         551         550         596
        7092        7093        7002
        6817        6907        6865
        8951        8952        8861
        8803        8712        8715
       11812       11830       11810
        3147        3148        3238
       10222       10133       10132
        7519        7518        7608
        5119        5038        5032
        6028        6027        6112
        8215        8304        8305
        9533        9442        9532
        9692        9598        9687
       10562       10654       10564
        8303        8302        8392
        5348        5435        5429
       10885       10883       10972
         535         493         492
       11647       11687       11686
        5796        5709        5797
           2           4           1
       10552       10466       10462
        6192        6279        6193
        2239        2332        2240
        8253        8164        8163
        4138        4052        4051
        4633        4634        4550
        2494        2553        2588
        9304        9212        9303
        4000        4001        3915
        7293        7383        7382
        2457        2458        2550
        6990        6988        6899
        2275        2185        2184
        2562        2566        2654
       10755       10846       10756
        9939        9852        9849
        7430        7518        7519
        6308        6222        6309
        7285        7375        7284
       11848       11832       11850
        3740        3654        3653
        3116        3206        3117
       11389       11388       11310
        3870        3956        3958
        6654        6742        6739
        5977        5892        5975
        5910        5891        5976
          26          36          29
        6356        6270        6357
        7028        6971        7062
       10818       10908       10819
        7235        7145        7147
        1471        1397        1396
       10414       10413       10503
       10210       10300       10209
        9017        9109        9020
        2357        2451        2358
        4207        4208        4293
         617         666         667
        7796        7799        7709
        5579        5496        5492
       11699       11698       11660
         190         165         191
        9015        9104        9107
        3510        3600        3509
        3618        3706        3705
        7202        7292        7201
        8253        8254        8164
        3739        3740        3653
        2582        2674        2581
        6850        6940        6939
        2472        2566        2562
        4450        4535        4536
        8908        8884        8816
        3227        3316        3320
          65          50          51
        2769        2675        2677
        9021        8932        9022
        8457        8366        8458
        3460        3459        3548
       10732       10654       10743
        4748        4749        4836
        6302        6381        6296
        2353        2261        2354
       10375       10465       10464
        8952        9042        8953
        2024        2026        1939
        3832        3746        3744
       11798       11795       11816
        5468        5473        5385
        5710        5707        5795
       11664       11667       11623
        9490        9581        9579
       10412       10502       10413
        3067        3065        3157
       10461       10474       10551
        5349        5435        5348
        3867        3787        3778
        4285        4373        4370
        1134        1133        1198
        8979        9068        9070
        1579        1500        1578
        2543        2542        2634
        5236        5321        5235
        3563        3473        3474
        9070        9068        9158
        1580        1501        1579
        6085        6001        6000
        2936        3029        3024
         528         529         486
        3634        3544        3633
        3015        3106        3108
        4005        4007        3921
       11285       11204       11284
        5217        5213        5299
        6344        6343        6429
        5181        5182        5092
        7393        7307        7304
        2583        2675        2582
        9173        9168        9259
        2240        2333        2241
        1604        1525        1603
         892         835         891
        9776        9778        9688
       10218       10299       10309
         285         252         251
       10204       10203       10114
        3446        3358        3359
         581         536         535
        3597        3600        3687
        2944        2942        3035
        5215        5126        5207
        9578        9577        9671
        6803        6892        6893
        3659        3571        3657
       11550       11597       11557
        2450        2543        2451
        5559        5473        5555
        9230        9140        9139
        4013        4015        3929
        3642        3723        3729
         791         845         846
        3813        3815        3727
        3096        3004        3005
        5993        5994        6078
         731         782         784
        7188        7277        7279
        1188        1189        1121
        9317        9407        9408
        9223        9133        9132
        2334        2333        2427
        3875        3877        3963
         235         234         265
        8565        8655        8568
        2725        2724        2632
        9308        9311        9219
        6836        6837        6747
        2437        2439        2345
        9219        9311        9312
        3179        3266        3269
        6227        6226        6138
        1302        1372        1373
        5562        5563        5646
        9041        9042        8952
        7670        7667        7580
        6292        6377        6293
        9373        9282        9281
        8544        8522        8454
        6902        6904        6814
        7916        8006        8005
        9869        9778        9867
        8548        8547        8457
        5472        5473        5559
        7145        7057        7147
        1497        1495        1572
       10012        9952       10042
        8905        8996        8906
        7977        8066        7978
        8489        8405        8494
        3149        3239        3148
        3298        3389        3299
        1201        1202        1136
        3921        3834        3919
        1780        1864        1863
       11849       11831       11841
        8663        8753        8664
        1816        1899        1900
        1694        1776        1777
        5125        5127        5214
        9082        9168        9173
        8960        9045        9050
          36          35          48
        5408        5321        5323
        9421        9420        9510
       10413       10502       10503
        2592        2590        2496
        2532        2439        2530
        3434        3522        3435
       11828       11846       11845
        4101        4184        4185
        4354        4268        4269
        1426        1355        1354
        6800        6889        6801
        6319        6236        6233
        1451        1525        1527
       10672       10760       10738
        8533        8532        8443
        8343        8254        8253
        9945        9946        9856
        1679        1678        1761
        2125        2037        2126
        9050        9136        9141
        5565        5563        5478
        7485        7574        7575
        3448        3451        3363
        8623        8712        8622
       11808       11826       11807
        8818        8727        8819
        6136        6225        6224
        3814        3815        3901
         544         541         587
        6875        6965        6966
        6820        6821        6732
        7533        7623        7534
        7571        7484        7480
        9509        9420        9418
        4937        4852        4934
        5961        5876        5962
        6644        6645        6556
        8214        8303        8304
        8704        8794        8795
       10125       10214       10215
        2418        2511        2419
        3176        3262        3265
        6524        6523        6611
       11706       11700       11701
        6207        6206        6293
        9257        9170        9261
        2588        2553        2645
        3524        3522        3613
       11778       11800       11799
        8934        8937        8847
        9502        9507        9416
       10564       10654       10641
        5342        5341        5254
         331         297         295
        9466        9468        9557
         968         980        1029
       11436       11435       11360
        2481        2480        2574
        3371        3458        3370
       11085       10996       11084
        2791        2881        2793
        9557        9468        9560
        4951        4949        5033
        5517        5516        5428
        9639        9730        9731
        4293        4208        4295
        5945        6030        6016
        7631        7719        7720
        6031        6030        5945
        7069        6979        6978
        3069        3161        3070
       11509       11442       11506
        9551        9552        9646
          40          49          54
       11780       11801       11802
        8214        8304        8215
         520         563         519
       10051       10138       10140
       11789       11811       11790
        9045        9136        9050
        1859        1776        1853
        3541        3537        3627
        5939        6024        5942
        7865        7776        7859
        8571        8521        8611
        8849        8939        8938
       10844       10932       10933
        3703        3702        3790
        2426        2425        2518
        9350        9257        9261
        7513        7512        7602
         380         343         344
        8708        8714        8624
         571         570         618
        7557        7556        7465
        6099        6187        6100
        5689        5688        5603
        7899        7987        7988
        9334        9426        9335
        4915        4829        4830
        9027        8939        9028
        3420        3463        3510
        4741        4740        4656
        7293        7292        7202
        7445        7534        7446
        1941        1942        2028
        8432        8521        8481
        1923        2009        1924
       11685       11686       11724
        7222        7220        7310
        2228        2321        2229
        5358        5359        5271
        6241        6239        6325
       11119       11204       11120
       11412       11413       11336
       10451       10536       10541
       11050       11117       11029
        8248        8337        8338
        5388        5302        5390
         562         563         609
        1171        1235        1238
       11793       11791       11813
        5164        5251        5162
        6032        6118        6117
        5040        5128        5041
        7991        7902        7903
         664         716         665
         312         348         347
        4523        4437        4441
        5646        5563        5647
        7864        7776        7865
       10099       10009       10100
        9324        9414        9415
        5213        5214        5299
        8981        8890        8889
        2475        2382        2477
        6529        6531        6618
        8256        8345        8346
       11725       11756       11755
        7107        7015        7108
        7721        7722        7632
       10678       10587       10590
       11806       11785       11807
        9523        9614        9526
        7990        7992        7903
        2240        2332        2333
        1029         980        1041
        7327        7323        7413
        3453        3542        3543
        3177        3088        3086
        9808        9806        9896
        8932        9016        9022
       10972       10883       10882
        9526        9434        9435
        1377        1306        1375
        8798        8890        8799
       11151       11064       11149
        8667        8758        8757
        1518        1594        1598
        6938        6940        6850
       10793       10883       10794
        8953        9042        9043
        2210        2204        2296
        7687        7685        7775
        1208        1277        1212
        5946        5947        6032
       10972       11061       10974
        4323        4411        4324
       10752       10843       10753
        7993        7904        7991
        2600        2601        2508
        4441        4439        4440
        6527        6441        6526
        8848        8758        8849
        7601        7511        7532
        1546        1623        1625
       11790       11811       11812
        2815        2724        2725
        5727        5814        5734
        7621        7711        7623
        9203        9293        9202
        4799        4798        4714
        6762        6849        6851
        4351        4264        4350
        1602        1522        1601
       10135       10224       10225
        4615        4695        4699
        4269        4355        4356
        1984        1898        1982
        9382        9385        9475
        9694        9693        9783
        1960        1961        1875
        1269        1202        1201
        9516        9606        9607
         599         600         647
        7986        8075        7987
        5476        5561        5475
        2241        2333        2334
       10568       10480       10569
        2602        2601        2694
        1864        1950        1949
        2869        2870        2962
        2369        2462        2463
       10503       10502       10591
        5406        5319        5322
       11322       11326       11398
        7750        7660        7661
       10584       10674       10675
        5299        5214        5300
        8086        7996        8085
        7086        6995        7084
        9780        9781        9691
        7483        7482        7572
        1472        1550        1551
        5899        5902        5984
        1992        1993        2080
        3338        3247        3246
         162         188         163
       11287       11366       11365
        9517        9513        9604
       10974       11061       11063
        4827        4829        4913
        5132        5045        5131
        1658        1577        1655
        9599        9693        9600
         655         654         607
        9549        9642        9550
        7596        7685        7597
        3128        3201        3217
         660         708         659
        8074        8075        7986
        1494        1574        1498
        7094        7183        7175
       10926       10843       10837
        7905        7904        7993
        8158        8247        8248
        9093        9185        9184
        7532        7443        7451
       10551       10474       10564
       11285       11286       11205
       11327       11397       11403
       11468       11397       11395
        7997        7996        8086
        8248        8247        8337
        2754        2752        2844
        5738        5737        5651
        2569        2475        2477
        6157        6156        6242
       10739       10650       10735
        9329        9419        9328
        5159        5246        5248
       11379       11375       11451
       10403       10314       10313
        7897        7898        7809
        1990        1989        1904
        1384        1459        1458
        6722        6634        6719
        4874        4787        4788
        6496        6441        6527
        9022        9016        9108
        2008        2009        1923
        1235        1168        1169
        2609        2517        2608
        6822        6912        6903
        6998        7087        7088
        3304        3390        3393
        2664        2758        2756
        4736        4821        4823
        6428        6513        6514
        7976        7887        7975
        1547        1545        1624
       11615       11659       11618
        6220        6132        6134
        6149        6151        6062
        2373        2372        2466
        2411        2318        2317
        4805        4801        4803
        6994        7003        7085
        4657        4742        4741
       11662       11661       11617
        9396        9304        9395
       11375       11376       11451
        3406        3317        3408
        4703        4787        4704
        7511        7443        7532
        4482        4570        4569
         873         874         931
        5955        5954        5870
        4258        4345        4259
        7060        7056        6969
         167         166         143
        9316        9317        9224
        1356        1427        1428
        1193        1191        1259
        6124        6118        6038
        7042        7041        6951
        4434        4433        4519
        8525        8614        8615
        8433        8434        8344
        6082        5997        6036
        3921        3922        3835
         625         579         627
        9172        9263        9260
        1458        1534        1457
         507         506         549
        2317        2318        2225
        1622        1693        1704
        1841        1924        1925
        3696        3697        3786
       11606       11610       11563
        7907        7995        7996
        8443        8532        8529
        4771        4857        4858
       11822       11823       11804
        4519        4518        4603
         707         657         658
        4014        3928        3929
        6278        6279        6192
       11843       11842       11824
         622         621         671
         868         926         925
        9332        9419        9424
        6204        6118        6124
        9958        9868        9871
         704         757         754
       11336       11413       11337
        3105        3104        3013
        7716        7628        7626
        6274        6187        6273
        4682        4765        4766
        6293        6206        6292
        4866        4780        4867
         987         989        1049
        2477        2382        2383
        4551        4634        4635
        6737        6649        6648
        3741        3828        3829
        5822        5907        5824
        7072        7163        7161
        4002        4089        4003
        1941        2028        2027
        4710        4709        4794
       10816       10906       10817
        9505        9596        9506
       11633       11635       11588
        8350        8440        8441
         647         649         697
       10884       10795       10794
        4718        4800        4802
        4169        4170        4254
        1329        1328        1400
        6145        6148        6059
         189         188         215
       10550       10640       10609
       10754       10756       10845
        4764        4762        4680
        5566        5561        5562
        7906        7905        7994
        7451        7540        7541
        7422        7511        7423
        4232        4236        4151
        7848        7934        7937
        8388        8389        8477
        9597        9596        9690
       10295       10294       10205
        9065        8976        8975
        9132        9133        9042
        9359        9360        9267
        7943        8032        7944
        9001        9094        9093
        9757        9668        9667
        1424        1499        1425
        6296        6381        6382
         307         343         342
        3475        3564        3476
        4789        4787        4874
        3280        3281        3371
        5624        5709        5708
         844         790         789
        2163        2162        2253
         363         401         362
          19          18          11
        6851        6849        6939
        6512        6600        6599
        6467        6554        6555
        7259        7170        7257
        5800        5737        5823
        9219        9218        9308
        4174        4173        4258
        6099        6186        6187
         453         493         494
       10498       10502       10412
        3367        3454        3455
        5264        5174        5176
         439         440         479
        9128        9218        9219
        9227        9231        9320
         418         380         419
        1906        1823        1907
       10954       10955       11042
        4323        4408        4411
         509         551         552
        2168        2169        2259
         102          83          99
       11432       11498       11499
       11029       11117       11030
        3915        3916        3829
        2462        2368        2461
        5868        5881        5952
        6290        6289        6202
       11151       11066       11064
        6299        6385        6384
        6273        6271        6358
        2419        2421        2327
        7016        6928        7017
         167         192         166
        8213        8303        8214
        1821        1739        1822
        5772        5769        5854
       11193       11267       11274
        6098        6186        6099
       11678       11718       11717
        5037        4955        5039
       11268       11187       11188
        2266        2265        2358
        3134        3132        3221
       10698       10787       10699
       11004       11092       11093
        4961        5045        5046
        2778        2870        2777
        3068        3066        3158
        9261        9170        9260
        3134        3221        3223
        7251        7341        7339
         264         262         296
        2902        2900        2991
        1415        1414        1489
        5812        5728        5726
       10646       10555       10556
        3543        3544        3454
        5612        5611        5525
        5801        5717        5803
         600         649         647
        5974        5890        5889
        3565        3654        3655
        6150        6151        6227
        9699        9789        9790
        9223        9224        9133
       10696       10745       10656
        7890        7978        7979
         718         716         769
       10075       10164       10165
        4864        4949        4865
        6290        6375        6289
       10816       10905       10906
        3212        3303        3305
        8333        8243        8244
        6513        6553        6601
        7298        7383        7294
        3360        3445        3448
        7069        7073        6982
        4320        4408        4323
        3917        3916        4002
        7802        7810        7891
        9267        9360        9268
        9475        9385        9386
        2382        2289        2383
        7493        7582        7583
        7759        7845        7848
        9926       10012       10016
        7578        7492        7488
        3317        3318        3408
        8842        8843        8752
       10656       10657       10566
        1961        1876        1875
         263         297         298
        7285        7286        7376
        2918        3006        3010
       10815       10905       10816
        4446        4531        4532
        6060        6148        6149
       10557       10466       10552
        6518        6519        6433
        7130        7132        7219
        2512        2421        2419
         333         297         331
        5410        5409        5497
          33          45          34
        5878        5877        5792
        7308        7396        7397
        3118        3119        3208
        7422        7443        7511
       11059       11060       10971
        8926        8928        9016
        7954        7948        8037
        2115        2026        2113
        3457        3545        3547
       11147       11060       11059
        3923        3922        4008
        2602        2511        2510
        6470        6385        6471
        3057        3151        3150
        7234        7323        7238
       10915       11003       10914
       10016       10012       10101
       11844       11858       11843
        8755        8843        8845
        2847        2848        2938
        9426        9513        9517
       11694       11692       11654
        7144        7230        7234
       11762       11764       11766
        9530        9441        9439
        7813        7902        7814
       11606       11608       11652
        2383        2289        2298
         155         131         153
         621         670         671
        6429        6428        6514
       11574       11621       11620
        8389        8478        8477
        4338        4422        4425
        7079        7081        7169
        4059        4143        4060
        6547        6460        6546
        5479        5561        5566
        8742        8833        8745
        7079        6988        6990
       10251       10252       10161
        3408        3318        3409
        5352        5440        5439
        5822        5903        5907
       11487       11549       11488
        5642        5728        5729
        5212        5208        5295
        5176        5085        5086
        7354        7443        7422
        3162        3161        3248
         248         280         279
        3041        3132        3134
       11153       11066       11151
        3159        3158        3067
        9042        9133        9043
        8477        8478        8567
        5998        5997        6082
       10612       10613       10523
         576         578         533
         750         754         802
        3197        3108        3195
        8805        8714        8799
        2456        2549        2460
         671         670         723
         851         907         908
       11082       10993       11077
        6730        6818        6819
        3410        3319        3323
         433         395         393
       10753       10843       10844
        7206        7296        7295
        5084        5173        5083
        9374        9468        9466
          94         113         114
       11041       10956       10953
        4095        4179        4096
         658         610         659
       11530       11464       11529
        9951       10034       10041
         665         716         718
       10724       10632       10723
        7907        7996        7908
        7147        7057        7146
        5791        5790        5702
        4823        4907        4909
       11561       11608       11606
        3903        3817        3904
        4496        4409        4410
        5690        5778        5777
        6048        5963        6049
        7633        7543        7632
       11413       11414       11337
        7185        7186        7096
        5060        5058        5145
       11198       11187       11268
       11574       11616       11622
        5066        5154        5155
        8837        8928        8926
        3392        3303        3304
        1611        1608        1531
       10744       10655       10740
        3829        3828        3915
        8887        8977        8978
       10316       10405       10406
        7367        7457        7456
        3481        3570        3482
       11807       11826       11825
        8023        7934        7935
        5128        5213        5217
       11529       11464       11463
        7447        7536        7448
       11048       10962       10960
        6376        6375        6290
          39          37          28
        1778        1775        1695
        8251        8162        8161
          12          17          20
       10557       10642       10648
        6185        6270        6184
         678         676         729
        8652        8565        8562
        6233        6147        6235
        4821        4907        4823
        7394        7481        7392
        2452        2451        2544
        4975        5058        5060
        8977        8976        9065
        7476        7387        7475
       10042        9952       10041
        5737        5714        5713
        2516        2607        2608
        5818        5903        5822
        9043        9133        9134
        9433        9434        9524
          59          45          46
        7906        7995        7907
        7539        7450        7449
         485         444         484
         114         113         135
        5769        5771        5854
         668         669         619
       11596       11589       11636
        8063        8066        7977
        6741        6818        6730
        1875        1876        1792
         400         401         439
        2289        2206        2298
        9758        9761        9671
        6183        6096        6182
         170         169         145
        3453        3454        3366
       10554       10553       10643
        6452        6451        6538
        4266        4352        4353
        1315        1244        1245
       11137       11220       11222
        7315        7314        7225
        3251        3342        3252
       11153       11152       11066
        7630        7540        7629
       11819       11818       11800
       10904       10988       10993
        4994        4995        5081
        5235        5319        5234
        3087        3088        3179
        6529        6618        6616
         596         550         595
        1949        2036        1948
        2861        2950        2951
        9093        9094        9186
        2450        2451        2357
        9896        9985        9986
       11063       11062       10974
        6126        6125        6039
         904         850         847
        5953        5947        5869
       10974       11062       10973
       10961       11050       11029
        5092        5005        5091
       10784       10785       10696
       10755       10756       10666
         965         963         905
        3250        3249        3162
       10559       10649       10561
        3086        3088        2996
        5827        5912        5828
        4654        4739        4738
        7845        7934        7848
         789         737         736
        3543        3454        3453
       10405       10495       10406
        3100        3101        3191
        3991        4014        4078
        6043        6131        6130
        2166        2081        2077
        5545        5628        5630
        3701        3702        3613
        1050        1051        1114
       10163       10164       10074
        2197        2116        2206
        7387        7386        7475
        3607        3514        3515
        2186        2276        2277
       10406       10495       10496
        8212        8302        8213
       11839       11821       11838
          87          83         102
       10547       10548       10458
        1520        1444        1518
        1162        1102        1170
       11863       11862       11847
        3835        3834        3921
        2451        2543        2544
        4116        4117        4201
        6514        6513        6601
        9919       10009        9918
        2116        2028        2117
        5175        5174        5264
        7217        7218        7129
        7038        7039        7130
        3613        3702        3615
        9698        9605        9699
          19          11          12
         926         985         925
        1138        1203        1204
       11163       11076       11162
       11014       11015       11102
         468         466         508
        9074        9073        9164
       11309       11388       11383
        6785        6789        6874
        4431        4517        4432
         397         388         427
        5006        5093        5007
        6691        6692        6605
        9849        9852        9761
        9414        9323        9413
        3747        3834        3835
        6990        7081        7079
        8213        8302        8303
        7533        7534        7445
        7536        7537        7626
         218         192         219
        7535        7534        7624
        7284        7375        7374
       11708       11709       11669
        4314        4228        4229
        4514        4598        4599
       10740       10655       10651
        2632        2724        2631
       10696       10785       10745
        3372        3282        3283
        3572        3660        3661
        9133        9224        9134
        8997        8996        9088
        3013        3104        3012
        5094        5182        5183
        2321        2320        2413
         736         684         683
         705         757         704
        7029        6940        7030
        9018        8929        9019
        2403        2402        2308
        3225        3318        3317
        7852        7847        7936
        2544        2543        2635
        6618        6531        6549
        3728        3816        3813
        5989        5904        5906
        5353        5440        5352
         986         926         927
        7129        7216        7127
        1758        1677        1679
        7131        7133        7042
        2608        2607        2700
        9234        9327        9236
        5445        5359        5358
        2548        2552        2459
        5162        5251        5252
       10489       10568       10578
         164         165         190
       11234       11152       11153
        2298        2206        2207
       10987       10988       10899
        2258        2350        2257
        4151        4236        4235
        1858        1775        1778
       11869       11862       11871
        2548        2459        2455
        4766        4765        4852
          40          36          49
        3225        3317        3224
        7710        7799        7800
        6868        6957        6958
       10673       10583       10582
        2449        2542        2450
        2113        2026        2024
        2460        2549        2553
       10058        9967       10056
        6186        6271        6273
        8743        8742        8653
        8674        8673        8764
         775         774         829
       10255       10164       10163
        7937        7934        8023
       10467       10469       10558
        1857        1942        1941
        8794        8703        8793
        8658        8655        8745
        4178        4179        4095
        6144        6079        6167
       11337       11414       11390
        3049        3140        3136
        9524        9434        9526
        5175        5173        5084
       10145       10058       10056
        3451        3537        3541
        3723        3636        3724
          25          34          35
        2873        2872        2780
        7475        7386        7473
        5381        5297        5293
        9095        9002        9003
       11744       11772       11743
        5663        5667        5584
         223         252         229
       10321       10411       10408
        2352        2260        2353
        2440        2439        2532
        5579        5583        5497
        8443        8440        8352
        2424        2516        2517
        7534        7623        7624
       11451       11376       11377
        5214        5216        5300
        1854        1939        1938
        3564        3562        3653
        1371        1442        1444
        5584        5583        5663
       11813       11791       11792
        7106        7196        7195
        7287        7286        7196
        1903        1823        1819
       11531       11592       11587
       11708       11739       11709
        6695        6693        6780
        4982        5069        5068
        4720        4636        4635
       10552       10642       10557
        4361        4362        4275
        4308        4221        4309
        7609        7699        7610
        7735        7826        7825
         743         758         705
        2117        2028        2029
        5783        5699        5696
        2640        2552        2548
        4995        5082        5081
        7574        7484        7571
        9087        9177        9178
        2417        2415        2508
        9103        9012        9011
        3545        3544        3634
        2107        2116        2197
        5625        5707        5622
       10056        9967        9966
       11215       11219       11134
       11832       11830       11812
        8619        8532        8622
        5790        5875        5789
        3226        3318        3225
        3158        3066        3067
        5072        5074        4987
        7624        7623        7713
        1399        1327        1398
       11075       11079       11162
        1376        1377        1450
        2010        2097        2098
        3049        3047        3140
       11779       11801       11780
        4059        4142        4143
       11648       11687       11647
        2581        2674        2665
        7386        7384        7473
        5807        5805        5890
        2253        2345        2346
       10588       10499       10500
        4986        5069        4982
        7815        7905        7816
        5952        5969        6037
        5234        5319        5320
        9134        9224        9225
        8929        8930        9019
       10377       10467       10378
       11845       11846       11860
       10215       10214       10305
        3448        3445        3534
        8071        8072        7983
       11736       11739       11708
         166         192         191
        1458        1535        1536
        6940        7028        7030
        9672        9761        9762
        3294        3300        3384
        6926        6928        6837
        3123        3122        3212
        5618        5533        5534
        2956        3047        3049
        3964        3876        3955
       11342       11341       11264
        7396        7307        7393
       11234       11155       11152
        7166        7077        7076
       11662       11698       11701
        2028        1942        2029
        6212        6215        6299
        3513        3606        3605
        9986        9985       10075
        3055        3148        3054
        7129        7218        7216
        3570        3571        3659
        2365        2458        2364
        2849        2759        2851
       10666       10756       10754
       11218       11135       11133
       11855       11840       11854
         795         796         743
        6086        6173        6087
        2780        2687        2686
        2050        2049        2138
       11549       11589       11596
        9349        9348        9441
        7042        7133        7132
        1155        1154        1089
        4166        4167        4083
        1861        1858        1778
        2201        2292        2293
        9696        9602        9603
       10203       10190       10113
        2652        2651        2744
        7994        7905        7993
        9010        9007        9099
        2029        1942        1943
       11274       11267       11345
        6220        6222        6308
        5889        5804        5886
       10567       10657       10658
        3340        3249        3250
        7815        7904        7905
        1190        1257        1258
        2668        2667        2760
        7757        7667        7670
        7668        7758        7672
        3700        3698        3609
        9524        9615        9616
        1618        1547        1627
        8928        8929        9018
        6985        6895        6894
        2307        2402        2401
        4201        4117        4202
         967        1025        1028
         789         790         737
         232         233         205
        6966        6965        7056
         145         169         150
       11237       11155       11234
       10962       10874       10873
        2508        2415        2416
        3160        3247        3161
       10784       10874       10785
        2276        2185        2275
        3064        3063        2972
         427         388         425
        1939        1937        2024
         568         569         524
        6898        6987        6989
         342         343         379
        2549        2457        2550
        5081        5082        5170
         720         773         721
        7632        7543        7542
        7473        7384        7385
        8352        8262        8263
         705         758         757
        9944       10034        9951
        7030        7028        7120
        5210        5297        5296
        2420        2421        2514
        9369        9462        9368
       10641       10654       10732
        5072        5161        5074
        8922        8834        8831
        8836        8833        8924
       10458       10548       10459
          90         110          91
        7814        7904        7815
        6921        6919        6831
        6618        6637        6704
        6050        5996        6081
       10649       10650       10739
        1610        1620        1541
        1425        1499        1500
        7620        7710        7621
        1028        1088        1091
        5862        5863        5947
        5035        5120        5123
        9463        9462        9369
        2735        2736        2826
          29          36          40
        9295        9294        9383
         674         626         624
        4394        4483        4393
       11343       11418       11342
        6313        6314        6401
        6281        6194        6280
        2137        2227        2228
        1865        1950        1864
       11414       11466       11390
        9531        9622        9624
        9761        9852        9762
        7623        7711        7713
        5153        5154        5065
        1907        1823        1903
         519         563         562
         609         657         608
          37          50          38
        7713        7711        7801
        6720        6806        6808
        3481        3567        3571
        1460        1461        1538
        6716        6629        6628
        1025        1088        1028
        9526        9615        9524
        3293        3292        3202
       11148       11061       11147
        8834        8925        8924
        3006        3004        3096
        5611        5691        5605
        2346        2439        2440
       10990       11079       11075
        8275        8276        8367
        1281        1277        1347
        7634        7723        7724
        7865        7948        7954
         215         242         243
        9258        9257        9350
        9140        9231        9227
       10987       11075       11076
         720         772         773
        7273        7362        7354
       11810       11830       11829
        9762        9852        9853
        5252        5251        5339
        1655        1577        1574
        6632        6718        6720
       11102       11187       11113
        6282        6195        6281
        9067        8977        9065
        1510        1512        1589
       11622       11661       11666
       10847       10846       10935
       11266       11267       11186
       11777       11748       11749
        9007        9008        9099
        5189        5169        5100
        2136        2137        2048
        5854        5771        5856
        9166        9167        9076
         219         220         247
        6658        6746        6657
        6715        6714        6802
        6720        6718        6806
        1157        1219        1223
       11237       11236       11155
        6549        6531        6462
        6453        6367        6366
       10990       11075       10986
        5383        5470        5471
         718         717         665
        4136        4221        4135
        6747        6746        6658
         743         796         758
          11          18          14
        9019        8930        9020
        9503        9504        9413
        4028        4029        4115
        7315        7404        7403
       11162       11079       11166
       11390       11466       11391
        6657        6746        6745
        9224        9317        9225
        1277        1279        1347
        8978        8977        9067
        3208        3294        3203
        4745        4661        4660
        1589        1592        1670
        6880        6971        6938
       11320       11318       11395
         736         737         684
        6457        6542        6544
       11346       11422       11357
         197         195         170
        1822        1739        1740
         719         772         720
        3709        3795        3797
       10673       10762       10674
        8005        8006        8096
        5825        5910        5826
       11654       11608       11607
         683         634         633
       11168       11165       11081
        4117        4119        4202
        1375        1449        1377
        3618        3704        3706
       11660       11698       11659
       10302       10298       10388
        1169        1236        1235
        1543        1544        1467
        7382        7383        7472
        2416        2415        2322
        5870        5785        5787
        6370        6455        6457
        4405        4490        4404
        4906        4905        4991
       11568       11587       11614
       11205       11204       11285
         656         657         707
        2354        2261        2350
        3200        3113        3111
        4126        4040        4039
        1512        1592        1589
        9178        9177        9268
        4202        4119        4127
        3029        3031        3124
       11168       11247       11165
        9099        9008        9100
       11121       11205       11206
        8529        8440        8443
        7402        7404        7315
        5189        5259        5169
         347         384         359
        6742        6831        6829
        8704        8703        8794
        6457        6455        6542
        6471        6559        6560
        1500        1499        1578
        4903        4904        4818
        4612        4696        4695
       10566       10657       10567
        6197        6282        6284
        2450        2542        2543
        9230        9231        9140
       11473       11402       11405
        4319        4407        4406
        6601        6553        6641
         773         772         827
        6801        6890        6802
        1288        1289        1358
        2632        2540        2541
       11811       11831       11812
        1169        1168        1101
        5649        5735        5733
         307         273         308
       11314       11236       11237
       10389       10300       10390
        3358        3445        3357
          50          64          52
       11250       11247       11168
        3706        3704        3792
        4351        4352        4265
       10395       10310       10400
        9673        9581        9675
        9406        9407        9316
       10209       10300       10299
          71          83          87
        1674        1677        1758
        3400        3310        3399
        7485        7484        7574
        1315        1314        1244
        4032        4030        3945
         828         773         827
       10294       10293       10204
        6704        6637        6725
        3898        3817        3811
        5891        5892        5976
        1677        1595        1596
         307         308         343
        1689        1690        1772
        5706        5621        5620
        3433        3432        3520
        7827        7736        7737
        6971        7061        7062
       11032       11119       11120
         348         315         351
         142         166         165
        4404        4319        4316
        7041        7132        7130
       10789       10792       10702
        4903        4989        4904
        9324        9323        9414
        5805        5804        5889
        8996        9087        9088
       11161       11243       11167
       10583       10674       10584
        6045        6132        6044
       10123       10034       10036
        6876        6963        6967
        7072        7073        7159
        6616        6618        6704
        2540        2448        2541
        4132        4045        4130
        9225        9317        9318
        4806        4804        4889
        2388        2294        2387
        4146        4228        4231
        1238        1235        1305
        5883        5881        5797
        4272        4341        4359
        7492        7582        7493
        9581        9674        9675
        3399        3309        3382
       11594       11532       11546
        3952        3865        3864
        1347        1279        1349
         827         772         825
        8636        8637        8728
        6938        6971        7028
       11848       11830       11832
        7800        7799        7888
        9012        9104        9015
        3859        3947        3946
        8547        8637        8546
        4445        4530        4531
        9088        9087        9178
          48          35          47
        3311        3310        3400
        1209        1211        1145
        5806        5891        5825
        4536        4535        4619
       11569       11616       11574
        6831        6919        6829
        4123        4208        4207
        8122        8162        8212
        2228        2320        2321
        5182        5093        5092
       11499       11561       11559
        6087        6173        6174
        2037        2036        1949
        4340        4255        4253
        9166        9170        9257
        5886        5801        5803
        1544        1623        1546
        3310        3309        3399
       11130       11131       11215
        9302        9304        9394
        3345        3433        3346
        7196        7286        7195
       11078       11079       10990
        9577        9668        9671
        5951        5997        5913
        6556        6645        6637
        3346        3433        3434
         871         928         870
        6472        6559        6471
        1209        1278        1211
       11860       11846       11847
        5127        5126        5215
        6078        6079        6144
        1325        1326        1255
        6745        6746        6835
       10432       10433       10342
        4987        4989        4903
         257         292         291
        7385        7403        7474
        6727        6640        6639
        9277        9185        9186
        4086        4170        4169
        9849        9761        9758
       10558       10469       10554
        3957        4044        4037
        2294        2293        2387
        7257        7168        7167
        7506        7590        7596
       11314       11238       11236
       10693       10762       10673
        9072        9073        8981
        9621        9622        9529
         272         273         307
        7621        7710        7711
         587         541         586
        3295        3385        3386
        7130        7039        7041
        5039        5127        5125
        5715        5717        5801
        9316        9407        9317
        9014        8925        9015
        5130        5043        5042
       11203       11204       11119
       11531       11465       11530
        2517        2516        2608
        6876        6877        6788
        9675        9674        9764
        3967        3884        3880
       11800       11818       11799
        6829        6919        6916
        5422        5335        5336
        2853        2761        2837
        1528        1599        1519
         850         907         851
        8156        8243        8157
        5876        5877        5962
       11316       11238       11314
        3479        3567        3481
        9112        9109        9200
        7542        7543        7453
        5905        5820        5899
        7055        7057        7145
        7361        7362        7273
        2927        2853        2837
        4987        5074        4989
        1514        1594        1518
        3448        3537        3451
        3217        3201        3292
        7062        7061        7151
        3929        4015        4014
        1276        1278        1209
         239         214         211
       10390       10300       10301
        8652        8655        8565
        8251        8252        8162
        6732        6821        6733
        9375        9282        9373
        1574        1577        1498
        1468        1545        1469
       10693       10782       10762
         927         926         869
        9829        9920        9919
        6782        6781        6870
       11720       11719       11750
        1620        1693        1622
         164         141         165
        5447        5446        5360
       10840       10930       10929
        1345        1346        1276
        3207        3206        3298
        9105        9194        9103
         165         166         191
        9984        9985        9895
        2387        2293        2386
         233         262         264
        6997        7087        6998
       11700       11661       11662
         249         281         280
         550         507         549
       10846       10758       10848
        7058        6967        7054
       10794       10795       10704
        8799        8714        8708
        7308        7307        7396
         658         708         709
       10548       10638       10549
        9079        9170        9166
       11003       10919       10914
       11695       11732       11694
        9210        9212        9302
        6789        6878        6874
        6042        6123        6129
        9361        9360        9453
        1486        1488        1413
        7086        7087        6996
        2541        2448        2537
        8302        8252        8342
       10549       10638       10639
        2205        2203        2295
        9396        9486        9487
        6813        6733        6822
       11611       11612       11656
        2837        2761        2746
        6135        6221        6133
        9081        9169        9078
         585         586         540
        9192        9196        9105
        5734        5814        5820
        4233        4318        4232
       11216       11296       11215
        1540        1547        1618
        5619        5626        5541
        1276        1346        1278
        9210        9121        9212
       10669       10758       10755
        5472        5470        5384
        2854        2942        2944
        2448        2444        2537
        9302        9212        9304
        1593        1514        1513
        3192        3102        3187
       11717       11718       11748
        5276        5259        5189
        3754        3753        3666
        1923        1840        1839
        5408        5409        5322
        4322        4318        4406
        7002        7093        7003
        4084        4168        4086
        7007        7098        7099
        3161        3247        3248
       11316       11239       11238
        7017        6928        6926
        5248        5246        5333
       11437       11435       11502
        6866        6867        6778
        4872        4786        4785
        9880        9968        9878
        6024        6026        6109
       10873       10874       10784
        4074        3987        3988
       10702       10782       10693
       11680       11719       11720
        5983        6068        6067
        9969        9970        9880
        4086        4168        4170
        9970        9968        9880
        8076        8075        8165
       10921       10919       11003
         111          93          91
        6911        6912        6822
        6311        6310        6398
        9408        9498        9499
         683         684         634
         729         676         727
        8004        8095        8094
       10050       10138       10051
        5804        5801        5886
        1020         960         959
        9516        9607        9605
        9119        9121        9210
        5947        5863        5869
         184         161         158
         457         498         460
        6914        6824        6825
        3780        3691        3692
        2480        2385        2479
       11755       11756       11784
        3547        3636        3635
        3299        3302        3210
        6036        6121        6122
        1489        1414        1488
        5901        5817        5816
        4484        4483        4394
        6169        6122        6208
        3017        3016        3109
        6303        6215        6216
        9353        9263        9356
       11317       11239       11316
         133         113         111
        7056        6965        6969
        5786        5785        5870
         771         770         718
        5172        5173        5263
        3686        3775        3774
        9407        9498        9408
       11804       11823       11811
       10119       10128       10039
       11117       11118       11030
        2733        2737        2644
        8713        8712        8803
        5615        5529        5616
        7080        7168        7170
        4051        4052        3965
        3208        3119        3209
        4032        4119        4117
        4339        4337        4424
        7718        7629        7717
        2537        2444        2445
        7151        7145        7235
        7574        7660        7575
        1687        1692        1609
        7899        7898        7987
        9830        9738        9739
        6205        6206        6120
        3302        3390        3304
        6035        6121        6036
        1384        1385        1459
        2513        2511        2602
         985        1046         984
       10675       10674       10763
           8          11          14
        1192        1260        1259
        5941        6026        6024
        9877        9876        9787
       10674       10762       10763
       11387       11464       11389
       11502       11435       11436
        5039        4955        5038
        2386        2292        2385
       11562       11560       11500
        6355        6324        6269
        2871        2782        2872
        6560        6649        6647
        5690        5691        5778
        8981        9073        8982
        1951        1950        1865
       11813       11814       11834
        4254        4170        4255
        3707        3795        3709
        7061        7145        7151
       10796       10795       10884
       11030       11118       11031
        2991        3083        2993
       11347       11269       11270
        5155        5154        5242
        5094        5093        5182
        1438        1442        1369
          24          34          25
        4655        4740        4739
        3700        3787        3698
        1020        1021         960
         869         926         868
        1450        1377        1451
        7295        7296        7384
        4334        4336        4250
        3868        3956        3870
        2498        2402        2403
        4493        4407        4494
        9498        9589        9499
        1325        1397        1326
        3475        3562        3564
        5533        5446        5447
        8715        8714        8805
        1399        1328        1327
         986         985         926
        5797        5881        5796
        9192        9283        9196
        6219        6132        6220
         457         497         498
        4033        4119        4032
        9263        9355        9356
        8728        8637        8638
         667         666         719
        9437        9438        9345
       11270       11269       11189
        5787        5785        5699
        9193        9284        9283
        5543        5628        5545
        1840        1924        1841
       10973       11062       10975
       10459       10548       10549
       10697       10701       10786
        2733        2824        2737
        5960        5874        5875
       11811       11823       11831
        5497        5409        5496
        5817        5902        5899
       11834       11842       11851
        5471        5470        5557
        6999        7090        7000
        4170        4168        4253
       11317       11241       11239
        4665        4749        4748
        9356        9355        9448
        7042        7132        7041
        2880        2792        2790
        5384        5470        5383
        9920       10010        9919
        2823        2824        2733
        6002        6086        6087
       10830       10741       10739
        1083        1021        1020
         815         814         761
        3130        3131        3038
        7607        7517        7605
        8430        8431        8341
        2369        2368        2462
         163         188         189
        2253        2162        2252
        3130        3219        3131
         226         221         199
        9499        9589        9590
        9107        9104        9195
        1375        1306        1304
        5205        5117        5116
       11319       11241       11317
        6037        6123        6042
        9355        9442        9448
         925         985         984
        5419        5333        5331
       10993       10988       11077
        9871        9868        9781
       11749       11747       11776
        3818        3841        3905
        4343        4257        4256
        8430        8341        8340
        3690        3601        3639
        1133        1131        1198
        2883        2971        2974
        5976        5892        5977
        6410        6441        6496
        5890        5805        5889
        1083        1084        1021
        1673        1675        1593
         456         497         457
        8635        8727        8726
        3163        3249        3251
       11677       11635       11633
        9186        9185        9093
        9441        9348        9439
        4317        4401        4405
       11756       11785       11784
        1215        1150        1149
        7041        7039        6951
        5031        4948        4946
       11607       11608       11561
        5825        5891        5910
        2170        2081        2166
        1256        1257        1189
       11845       11827       11828
        9460        9552        9551
        7234        7230        7232
        1149        1150        1084
        5478        5476        5390
        4867        4780        4782
       10216       10307       10219
        2851        2768        2770
        9448        9442        9533
       11588       11589       11528
       10011        9920        9921
        4253        4168        4252
         900         901         844
         165         141         142
       11062       11064       10975
        8519        8431        8430
        1519        1597        1517
        9716        9806        9808
        4393        4483        4482
        1527        1525        1604
        6137        6225        6136
        7429        7518        7430
         260         261         231
        2653        2573        2561
        3019        3034        2943
        5961        5875        5876
        4336        4422        4338
        1543        1621        1623
        7182        7183        7094
       11182       11263       11181
        6373        6460        6374
       11784       11785       11806
        3218        3219        3130
         343         308         344
       10841       10750       10838
       11677       11679       11635
        5429        5435        5518
        2385        2292        2291
       10525       10613       10615
        7142        7053        7052
        8435        8434        8523
        6378        6377        6463
        6373        6374        6288
        2938        3029        2936
        1047         985         986
        9193        9283        9192
         870         928         927
        6459        6460        6373
        3509        3600        3597
        1899        1898        1984
       10927       10841       10838
        2632        2631        2540
       11431       11498       11432
       11319       11318       11241
        4271        4358        4333
        5795        5711        5712
        8699        8700        8610
        7464        7556        7555
        1536        1615        1616
        5557        5470        5472
        2114        2026        2115
        7315        7403        7314
        1149        1084        1083
        4078        4014        4101
        4271        4333        4247
         587         634         635
        1756        1757        1673
        5160        5161        5072
         501         541         544
        3178        3267        3177
        3054        3148        3147
        9737        9738        9830
        6960        6963        6872
        3305        3303        3392
       10763       10762       10852
       10309       10299       10389
        2674        2759        2665
         548         504         505
        5719        5805        5721
        3986        3900        3903
        3514        3606        3513
       10463       10469       10379
         241         270         239
        8743        8833        8742
        7085        7003        7094
        9002        8911        8912
        8699        8610        8609
        6867        6957        6868
        5120        5208        5123
        6966        7057        7055
         784         782         837
        5243        5242        5153
       10762       10782       10852
         313         348         312
        1627        1547        1624
        3727        3815        3814
        6802        6890        6892
        1769        1771        1688
       11395       11318       11319
        2780        2782        2687
       10216       10217       10307
       11242       11318       11320
         635         684         685
        4357        4358        4271
         846         845         902
        7233        7232        7143
        9255        9348        9256
        6137        6226        6225
        4334        4335        4422
        3929        3928        3842
        8790        8700        8699
        7553        7537        7462
        1769        1852        1771
        5731        5814        5727
         684         737         685
        2323        2415        2417
       11787       11786       11758
        8162        8252        8212
        2077        1989        1990
        4950        5031        5034
         140         141         164
        9105        9196        9194
       10975       11064       10977
       10838       10750       10748
        5435        5524        5518
        2023        1937        1936
        4030        4117        4116
        6138        6226        6137
        4918        4919        4834
        4865        4949        4951
        8367        8276        8277
         191         192         218
        8753        8843        8755
       11592       11639       11614
        7757        7758        7668
        9312        9311        9402
        5160        5249        5161
        3635        3723        3642
         281         315         313
        1542        1621        1543
        7272        7182        7271
       11831       11823       11841
         871         870         815
        5518        5524        5605
        1524        1449        1448
         685         737         738
        6729        6728        6816
        1519        1599        1597
        1285        1217        1216
        6129        6123        6142
        6631        6634        6546
         326         327         363
         770         717         718
        2938        2848        2939
         584         538         583
        1777        1776        1859
        3520        3432        3430
        9095        9094        9002
        2386        2480        2481
        3269        3266        3357
        7825        7826        7916
       10852       10782       10872
         247         220         248
        7499        7412        7409
       11076       11075       11162
         738         790         791
        6866        6955        6957
        1812        1731        1729
        5263        5173        5175
        1851        1852        1769
        4185        4184        4270
         634         684         635
        1129        1066        1064
        4129        4051        4042
        1598        1594        1676
         782         835         837
        3195        3106        3107
         538         537         583
        1982        1898        1896
        5667        5754        5668
        9322        9323        9230
        9024        8937        8934
        5297        5211        5293
        8481        8521        8571
        1341        1272        1271
        8938        8939        9027
       11563       11610       11565
       11348       11347       11270
        7680        7679        7591
        9103        9194        9104
        2589        2590        2684
        1396        1397        1325
       10127       10217       10216
        1646        1567        1565
        2539        2631        2542
        8185        8276        8275
        1386        1314        1315
        6814        6815        6727
        5152        5064        5063
        4353        4352        4439
       11717       11679       11677
        9164        9254        9255
         837         835         892
        4571        4483        4484
        7633        7722        7723
        2250        2252        2161
        9383        9294        9291
        6147        6146        6234
        2770        2768        2676
       11618       11659       11662
        7452        7364        7363
        1815        1899        1816
        4422        4335        4423
       11064       11066       10977
        6962        7051        6960
        6963        7051        7054
        4184        4268        4270
        4698        4696        4614
        5248        5249        5160
        3481        3571        3570
        2575        2667        2668
        7717        7629        7627
         583         537         582
         737         790         738
        4270        4268        4354
        3435        3522        3524
        5085        5174        5084
        2940        2939        2849
         780         729         727
        6906        6907        6817
        1444        1442        1518
       11179       11092       11178
       11820       11818       11836
        8096        8006        8007
        7544        7543        7633
        9320        9231        9324
        1413        1342        1341
        4087        4001        4000
       10743       10655       10744
        6874        6965        6875
        7591        7501        7502
         214         242         215
        2550        2458        2551
        3374        3463        3420
        2080        2169        2168
        1675        1594        1593
        3652        3562        3563
       11718       11747       11749
        6960        7051        6963
        7376        7286        7287
        4262        4267        4182
        5968        5969        5883
         628         676         678
       11867       11858       11859
       11102       11015       11103
        3391        3300        3301
        1676        1594        1675
        4249        4335        4334
        6906        6997        6907
       10842       10930       10840
        7760        7758        7757
        5789        5874        5788
        2161        2073        2072
        3345        3432        3433
        8757        8758        8848
        7775        7776        7864
        3842        3841        3754
        4954        4869        4868
       10743       10653       10655
       10977       11066       11065
        1676        1675        1759
        9595        9689        9690
        5750        5667        5663
         321         286         320
        3217        3309        3218
        4425        4422        4423
        7238        7323        7327
           6           4           2
        5718        5804        5719
        4532        4531        4615
        9461        9462        9553
        7054        7051        7141
        4050        4052        4137
        4781        4782        4698
        5443        5357        5356
        3218        3309        3310
        2384        2385        2291
         930         988         929
        3126        3031        3032
        5717        5716        5802
        7500        7501        7590
        5803        5717        5802
        1729        1648        1646
        9104        9194        9195
        2363        2457        2456
       11203       11118       11202
        4790        4791        4707
       11792       11814       11813
        3374        3458        3463
       11104       11103       11016
        3729        3816        3728
        6969        6878        6968
        2186        2185        2276
        7597        7685        7687
         386         388         351
        5032        5038        4954
        1047        1046         985
          35          34          47
        4699        4695        4779
          47          45          59
        2319        2318        2411
        6996        6997        6906
         362         401         400
        3370        3458        3374
        5210        5211        5297
        2226        2227        2136
        5337        5335        5422
        8702        8703        8613
        4350        4264        4263
       11066       11152       11065
        4137        4052        4138
        3813        3816        3900
        3548        3459        3461
       10011       10010        9920
        3187        3102        3096
        7002        6911        7001
        4432        4517        4518
       11431       11433       11498
        7447        7537        7536
        2072        1985        1984
        8546        8637        8636
        1896        1814        1812
         887         888         831
         279         280         313
        9195        9194        9285
       10651       10655       10563
        2350        2261        2257
        6109        6026        6111
         887         946         888
        9512        9511        9421
        5034        5031        5118
        4405        4401        4488
        4224        4142        4139
        2975        3066        2976
        2048        2137        2049
       10391       10390       10301
         314         315         281
        9553        9462        9463
        2162        2073        2161
        5715        5801        5718
        5985        5986        5901
         537         536         582
        5362        5446        5449
        6788        6877        6789
         424         425         386
        1907        1993        1992
       11357       11433       11431
        2515        2606        2607
        1342        1272        1341
        1854        1937        1939
        5293        5211        5206
        7195        7286        7285
        4356        4355        4443
        8067        8066        8156
        7590        7501        7591
        5389        5302        5301
        5647        5563        5565
        3214        3209        3124
        2291        2292        2200
        6194        6195        6108
        5719        5804        5805
         727         676         674
        2510        2511        2418
        7361        7273        7272
        6117        6118        6204
         929         928         871
        1414        1342        1413
        3386        3385        3475
        5302        5216        5301
          34          45          47
        1925        1924        2010
        9687        9598        9593
       11065       11152       11068
        6067        6070        5985
       10673       10674       10583
       10657       10745       10746
        8752        8753        8663
        9598        9507        9593
        1675        1757        1759
        7314        7403        7385
        7449        7450        7361
         807         757         810
       10479       10568       10489
       10559       10650       10649
        3914        3828        3827
       11877       11876       11872
        3238        3239        3332
        5802        5716        5800
        9600        9693        9694
        1517        1597        1596
        1759        1757        1841
       10301       10300       10210
        4488        4401        4402
       10307       10217       10308
        5984        5902        5987
        4355        4437        4443
        7630        7629        7718
        2114        2115        2204
        1731        1648        1729
        5697        5611        5612
        7668        7667        7757
        4443        4437        4523
        7181        7093        7092
       10397       10307       10308
        2777        2870        2869
         990         988         930
        2202        2203        2113
        7578        7582        7492
        9196        9283        9287
        6899        6988        6897
         945         946         887
        9368        9462        9461
        8212        8252        8302
         425         466         427
       11360       11435       11361
        2631        2724        2634
         945        1006         946
        3828        3740        3827
       11825       11826       11844
        1516        1595        1515
         239         270         242
        3016        3108        3109
        9593        9507        9502
        9163        9254        9164
        6111        6110        6197
       11614       11639       11615
        4423        4335        4421
        2514        2606        2515
       11652       11692       11693
         314         281         282
        8262        8172        8173
        6888        6889        6800
        9167        9257        9258
        9603        9602        9512
        4346        4433        4434
        9287        9283        9376
        1005        1006         945
         193         220         219
        1673        1757        1675
       10658       10657       10746
         757         758         810
        4259        4345        4346
        9194        9196        9285
         904         907         850
        1005        1068        1006
       10832       10919       10921
        5207        5126        5119
        6235        6147        6234
        7127        7216        7131
       11152       11155       11068
        2025        2026        2114
        9515        9606        9516
        7219        7132        7221
        3112        3201        3128
        2881        2971        2883
        2496        2497        2591
        3627        3537        3538
        7500        7590        7506
        4346        4345        4433
        6066        6068        5983
        8845        8843        8842
        1648        1567        1646
        4955        4869        4954
        5331        5244        5245
        5301        5216        5215
        3474        3473        3384
        2727        2815        2818
         608         657         656
        3605        3606        3696
         549         506         547
        8665        8756        8667
        2634        2724        2727
        6172        6086        6085
        6026        6110        6111
        6888        6979        6889
        9510        9420        9509
        2074        2073        2162
        2665        2758        2664
        9691        9781        9777
        8847        8756        8844
        9283        9284        9376
       10252       10253       10162
        1304        1236        1234
        5206        5211        5122
        6957        6955        7046
        6910        6821        6820
        2074        2162        2163
        2727        2724        2815
       11829       11846       11828
        1354        1355        1285
       11365       11366       11441
        5871        5954        5956
        6154        6155        6066
        8665        8754        8756
        9787        9876        9786
        1900        1985        1986
         582         536         581
        7132        7133        7221
        3109        3108        3197
        7411        7501        7500
        6732        6645        6644
        3283        3282        3192
        2072        2073        1985
        1986        2073        2074
       11281       11359       11343
         349         315         314
        3014        3106        3015
       11366       11442       11441
       10879       10878       10789
        6926        6837        6836
       10879       10967       10878
        7175        7183        7264
        6110        6195        6197
        3778        3787        3700
        6401        6314        6323
       11068       11155       11154
        3741        3654        3740
        3969        4055        4054
        1814        1731        1812
        7322        7410        7321
       10308       10217       10218
        6466        6513        6427
         810         758         811
        3281        3282        3372
        2115        2203        2205
        3191        3281        3280
        4090        4173        4174
        4440        4439        4351
       10165       10164       10255
        7384        7296        7385
        9376        9284        9375
        3393        3390        3479
        4003        4089        4090
        6039        5954        5955
        1898        1814        1896
        5778        5863        5862
       11441       11442       11509
       10755       10758       10846
        3827        3740        3739
        1067        1068        1005
        2204        2115        2205
        1948        2036        2035
        1046        1109        1045
        2768        2759        2674
         508         507         550
        9328        9419        9332
        5246        5244        5331
        4090        4089        4173
        1624        1545        1546
        1985        2073        1986
        1110        1046        1047
        1428        1427        1502
        5323        5321        5236
        4603        4518        4602
         150         169         175
       11666       11700       11706
        1551        1550        1631
        3174        3084        3082
        1355        1286        1285
          43          44          32
        1067        1133        1068
        2810        2719        2718
         109         110          90
        7264        7273        7354
       11155       11236       11154
        5271        5359        5272
        1498        1499        1424
        1400        1328        1399
       10971       11060       10972
        9867        9778        9776
         329         330         294
        4140        4055        4056
       10376       10466       10465
        2184        2185        2096
        5750        5754        5667
       10481       10480       10391
        5492        5496        5408
        9285        9196        9287
        7272        7273        7183
           3           4           8
        2625        2534        2533
        7183        7273        7264
        1305        1306        1376
        2758        2759        2849
        8844        8754        8755
        4176        4094        4092
        2607        2606        2698
         298         297         333
       10376       10465       10375
        4094        4007        4092
        4134        4220        4219
       11871       11876       11875
        9647        9648        9554
       11525       11459       11460
        7310        7220        7306
       11716       11718       11678
        1130        1133        1067
       11364       11286       11285
          14          18          22
         129         130         108
        7221        7133        7222
        9647        9665        9648
         758         796         811
          27          18          19
         452         493         453
         811         796         851
         506         504         547
        6062        6151        6150
        6865        6955        6866
        6978        6979        6888
       10968       10967       10879
       10882       10883       10793
          38          50          52
        7304        7307        7217
        6466        6553        6513
         709         708         710
        2010        2009        2097
        4467        4517        4431
        3919        3834        3832
        1623        1621        1703
       10462       10466       10376
        9506        9596        9597
       11506       11505       11525
         178         154         152
        1625        1623        1703
       10830       10919       10832
        4656        4740        4655
       11138       11117       11050
        3792        3704        3703
        2698        2606        2604
       11660       11639       11640
        3268        3267        3178
        2604        2606        2514
       11120       11205       11121
        6242        6156        6158
        2456        2457        2549
        9571        9665        9647
        8441        8440        8529
        6384        6385        6470
        4953        4955        5037
        7403        7404        7494
        8889        8890        8798
       10914       10919       10830
         480         440         441
        8922        8925        8834
       11202       11117       11138
       11154       11236       11156
        4867        4869        4953
       11138       11050       11055
        3657        3571        3568
        9512        9602        9511
        4779        4780        4866
        4913        4829        4915
        3084        2992        3082
        1189        1257        1190
        8756        8754        8844
        6958        6957        7046
        2530        2439        2437
        9253        9254        9163
        6995        6904        6993
        5084        5174        5175
        6561        6559        6472
        2367        2368        2275
        6322        6236        6319
        5668        5754        5755
        1655        1656        1738
        1815        1814        1898
         296         262         263
        2737        2824        2828
       11284       11204       11203
        9777        9782        9692
        7541        7540        7630
        3571        3567        3568
        6210        6125        6126
        1578        1577        1658
        3830        3916        3917
        7646        7556        7557
       11470       11401       11402
        5663        5583        5579
        1732        1814        1815
        5441        5440        5353
        4552        4553        4467
        7084        6995        6993
        2225        2318        2226
        6641        6728        6729
        1761        1678        1680
        4612        4530        4527
       10972       11060       11061
        3655        3654        3741
        5631        5717        5715
       11113       11187       11198
       11178       11092       11091
        6892        6890        6980
        4635        4636        4552
        4946        4948        4863
        2136        2227        2137
       10837       10843       10752
        3010        3101        3100
        9280        9284        9193
        6172        6173        6086
        1125        1191        1193
       11617       11616       11569
       10655       10653       10563
       11297       11376       11375
        9418        9417        9508
        2125        2036        2037
        3616        3704        3618
        4100        4015        4013
        1457        1534        1533
        6993        6904        6902
        7081        7170        7171
         206         180         178
        4953        4869        4955
        2828        2824        2914
        4739        4740        4827
        1550        1630        1631
        4092        4007        4005
         329         366         330
         178         180         154
        2914        3006        2918
        1110        1109        1046
         659         708         658
        9606        9602        9696
        2827        2737        2828
        7904        7902        7991
        5834        5835        5750
        5626        5711        5625
        7169        7081        7171
       11640       11639       11592
        3268        3358        3267
        1738        1656        1739
        7159        7073        7069
       11236       11238       11156
        8458        8366        8367
        6257        6258        6172
        3024        3119        3118
        9779        9689        9688
       11616       11661       11622
       10254       10253       10344
        2719        2626        2718
        9166        9257        9167
        6427        6513        6428
           8           4           6
       11847       11846       11829
         365         366         329
        4658        4742        4657
        7216        7218        7306
        6001        5918        5917
        5631        5716        5717
        5823        5737        5738
       11242       11320       11243
        3430        3432        3344
        1649        1731        1732
        3744        3746        3659
        9584        9678        9585
        7171        7170        7259
         580         626         628
        7306        7218        7308
        1703        1621        1622
       10280       10293       10371
        3632        3542        3629
       11620       11621       11664
        3265        3262        3263
        9571        9659        9665
        3629        3539        3540
         547         504         548
        2756        2848        2847
        6000        6001        5917
        5917        5918        5834
        1217        1286        1218
        1649        1648        1731
        7596        7590        7679
        4696        4780        4779
        7580        7667        7578
       10933       10932       11020
       11156       11238       11157
        3542        3539        3629
        1732        1731        1814
        3005        3004        2913
        1177        1109        1110
        6257        6343        6258
       10746       10745       10835
         984        1046        1045
        5956        5954        6039
       11640       11592       11593
        9868        9782        9777
       10099       10190       10189
        6903        6912        6994
        8664        8754        8665
        1674        1595        1677
        9435        9434        9342
        3568        3567        3478
        4698        4780        4696
        4803        4801        4718
        5073        5158        5069
        5630        5716        5631
        7161        7163        7251
       10563       10653       10562
         908         907         964
        3904        3817        3898
        6819        6818        6908
        1522        1446        1521
        5718        5801        5804
       11310       11388       11309
       11805       11814       11792
        5073        5069        4986
        2718        2626        2625
        3790        3702        3701
        4056        4055        3969
        3082        2992        2990
        9424        9511        9515
       10100       10010       10011
        3633        3544        3543
        5755        5754        5839
        5475        5561        5479
        4658        4743        4742
        3332        3239        3240
        6309        6222        6223
        1601        1522        1521
       10745       10785       10835
          52          64          67
        9790        9789        9879
        6342        6343        6257
        3786        3697        3699
       11238       11239       11157
        6270        6272        6357
        4706        4743        4658
        9550        9614        9523
        6444        6531        6529
        7480        7484        7394
        5902        5986        5987
        7186        7192        7103
        4973        5057        5058
        9103        9104        9012
       10963       10874       10962
        5156        5246        5159
        5875        5874        5789
        5555        5473        5468
        7392        7481        7393
        2677        2675        2583
        9416        9417        9326
        1568        1648        1649
        6382        6381        6467
       11716       11747       11718
        6231        6143        6144
        5708        5709        5796
        7046        6955        6956
        8886        8976        8977
        5776        5775        5688
        2974        2971        3063
         359         384         397
        5987        5986        6071
        8886        8977        8887
        3455        3545        3457
        2626        2534        2625
        3535        3534        3446
        6115        6030        6116
        4973        5058        4975
        5320        5319        5406
        7193        7268        7179
        5918        5835        5834
        6066        6155        6068
        5901        5986        5902
        9789        9791        9879
        6059        6148        6060
        6428        6343        6342
        1049         989        1050
        3359        3358        3268
        5122        5211        5210
        4032        4117        4030
        3240        3239        3149
        6234        6146        6231
        5869        5863        5784
        5860        5775        5776
        3292        3201        3202
        1631        1630        1712
        2113        2203        2115
        2226        2318        2319
        7078        7168        7080
        9879        9791        9881
        6202        6115        6116
        6427        6428        6342
        5776        5688        5689
         715         716         664
        6552        6553        6466
        1258        1260        1192
       11157       11239       11159
        5603        5516        5517
        5428        5341        5342
        1521        1446        1445
        3248        3247        3338
        4096        4179        4180
       11743       11747       11716
        9872        9868        9958
        5162        5158        5073
       11764       11791       11793
        7572        7482        7485
        6116        6030        6031
        2049        2137        2138
        5796        5881        5868
        9566        9659        9571
        6555        6554        6643
        6146        6143        6231
        3661        3660        3747
         102         120         123
        9688        9689        9595
        7812        7722        7721
        9783        9782        9872
        2950        2954        3042
        5123        5208        5212
        2694        2601        2600
        8529        8532        8619
       10928       11015       11014
        9872        9782        9868
        7413        7410        7411
        2327        2421        2420
        5584        5667        5668
        1114        1051        1053
        1489        1567        1568
       10835       10785       10875
        5156        5244        5246
        1343        1414        1415
       10389       10390       10479
       11403       11397       11468
       11701       11698       11699
         427         466         468
        6325        6239        6240
        3836        3922        3923
        3366        3454        3367
        1137        1202        1203
       11013       11100       11101
        3219        3310        3311
       10472       10475       10385
       11239       11241       11159
        6554        6642        6643
        5254        5251        5164
       11505       11459       11525
        7141        7230        7144
        3252        3342        3344
        9292        9385        9382
        9511        9602        9515
       11298       11376       11297
          80          64          65
        6643        6642        6730
        9616        9615        9707
        8885        8976        8886
        2811        2900        2902
        5046        5045        5132
        5699        5785        5698
        1568        1567        1648
        7339        7341        7428
        4265        4352        4266
        1704        1693        1694
       11159       11241       11240
       10786       10787       10698
        1137        1203        1138
        8170        8172        8260
        5628        5714        5630
        5155        5244        5156
        5272        5359        5360
       11860       11862       11869
       10932       11013       11020
        7583        7582        7668
       11300       11375       11379
       11241       11318       11240
        4404        4407        4319
        5065        5154        5066
         258         292         257
       10735       10650       10645
        9641        9642        9549
        1343        1342        1414
        5698        5785        5786
        4058        4142        4059
        1680        1599        1607
        8982        9073        9074
       11240       11318       11242
        1655        1575        1656
       10963       10962       11048
        9202        9293        9292
       10875       10874       10963
        4972        5057        4973
       10479       10390       10480
        7088        7087        7086
         242         270         274
        4802        4800        4884
       10643       10555       10646
        3035        3034        3112
        2260        2261        2353
        4569        4570        4654
        4800        4798        4884
       10639       10640       10550
        7474        7403        7494
        1136        1202        1137
        5729        5728        5812
        5083        5173        5172
        4550        4634        4551
        4884        4798        4799
       11433       11422       11489
        4704        4787        4789
        6174        6173        6259
       11101       11100       11185
         131         130         153
        6816        6815        6905
       11773       11772       11744
        9690        9689        9779
        4971        5056        4972
        5449        5446        5533
        3042        2954        2956
        5360        5359        5445
       11438       11505       11439
        1597        1599        1680
         927         928         987
        5497        5583        5584
        9292        9293        9385
        6982        7073        7072
       11748       11718       11749
        2951        2950        3042
        9127        9218        9128
        5716        5714        5800
        1235        1236        1305
        3965        4052        4050
        1738        1739        1821
         815         870         814
        1422        1497        1496
       10189       10190       10203
        1273        1342        1343
        3357        3445        3360
       10480       10390       10391
        3208        3300        3294
        5322        5409        5410
        6949        7039        7038
        1273        1272        1342
        5605        5691        5690
       11383       11459       11438
        5985        6070        5986
        4255        4170        4253
        4831        4791        4876
        4552        4636        4553
        3730        3753        3818
       11872       11876       11871
        1420        1495        1422
        7354        7362        7443
        9605        9607        9699
        3344        3432        3345
        1204        1272        1273
       11020       11013       11101
        1327        1257        1256
        3637        3636        3547
        5007        5093        5094
         678         729         731
       10960       10962       10873
        6637        6645        6725
        4602        4553        4637
       10785       10874       10875
        4467        4553        4517
       10648       10642       10672
        4972        5056        5057
       11438       11459       11505
        4637        4636        4720
         274         270         272
        2996        3088        3087
        1103        1168        1171
          94          93         113
        1422        1495        1497
        4139        4142        4058
        1822        1823        1906
        9646        9738        9737
       11773       11795       11772
         586         541         540
        4517        4553        4602
         243         242         274
        1543        1623        1544
        2542        2631        2634
         813         814         869
        2413        2320        2319
        6357        6272        6289
        6071        6070        6157
        6068        6155        6158
        5249        5335        5337
       10654       10653       10743
        4553        4636        4637
       11361       11435       11437
        5986        6070        6071
       11679       11719       11680
       10474       10475       10564
         140         120         118
        1593        1594        1514
       11796       11795       11773
       11215       11296       11219
        4494        4490        4491
        5820        5814        5899
         659         610         611
        5039        5126        5127
        2972        2971        2881
        6134        6222        6220
        7723        7722        7812
        6158        6155        6241
        7278        7192        7276
        9254        9347        9255
        1259        1260        1329
        1459        1535        1458
       11031       11119       11032
       11587       11592       11614
       11792       11791       11763
        6067        6068        6156
        7443        7362        7451
          22          18          27
         232         262         233
        2676        2768        2674
        6967        6963        7054
        3703        3704        3616
         425         388         386
        7494        7404        7493
        6733        6821        6822
       11206       11286       11287
         844         901         845
         170         195         169
       11202       11118       11117
        7814        7902        7904
        3083        3084        3175
        5697        5691        5611
        3101        3102        3192
        2293        2292        2386
        5616        5529        5528
        5630        5714        5716
        2976        3066        3068
         845         901         902
          67          64          80
        6877        6878        6789
        3607        3606        3514
        2169        2081        2170
        3905        3928        3991
       10344       10253       10252
        1045        1109        1108
        1488        1414        1413
        1108        1109        1177
       11499       11560       11561
        1923        1924        1840
        6968        6878        6877
        3299        3390        3302
        5784        5863        5778
        9186        9094        9095
       10385       10475       10474
        5562        5561        5476
        1377        1449        1451
        8818        8911        8910
        2540        2631        2539
         239         242         214
         814         870         869
       11763       11791       11764
        4334        4422        4336
        3218        3310        3219
         869         870         927
        6866        6957        6867
         194         220         193
        6197        6195        6282
        2872        2782        2780
       11357       11422       11433
       10371       10293       10294
        3534        3445        3446
        2080        2081        2169
        9585        9678        9679
        2252        2162        2161
        9679        9678        9767
        5901        5902        5817
        1610        1693        1620
        7003        7093        7094
        3900        3816        3903
       11061       11060       11147
        1993        1989        2077
       11325       11401       11326
        2386        2385        2480
        8260        8172        8262
        5713        5714        5628
        5038        4955        4954
        4014        4015        4101
        7002        6912        6911
        2938        3031        3029
        1125        1123        1191
         313         315         348
       10299       10300       10389
        7276        7192        7186
        4404        4490        4407
        5333        5246        5331
        5248        5335        5249
        3177        3267        3266
       11120       11204       11205
       11717       11719       11679
        7272        7183        7182
        5176        5174        5085
        4407        4490        4494
        3209        3119        3124
        1907        1989        1993
        6185        6272        6270
         719         717         770
        8910        8911        9002
        9919       10010       10009
        3455        3544        3545
         929         988         989
        2914        3004        3006
       10009       10010       10100
        1815        1898        1899
        3475        3385        3473
        7679        7590        7591
         666         717         719
       11243       11320       11321
         628         626         676
        1285        1286        1217
       10553       10555       10643
        7232        7230        7143
         676         626         674
       11402       11401       11325
       10464       10555       10553
        4531        4530        4615
        1596        1597        1678
        4782        4780        4698
         280         281         313
        5242        5154        5153
         113          93         111
         351         388         384
        4695        4696        4779
       10702       10792       10782
        7361        7450        7362
        9253        9347        9254
        7131        7216        7220
        3063        2971        2972
        2939        2848        2849
       11119       11118       11203
        4950        4948        5031
       10562       10653       10654
       11659       11698       11662
        5712        5711        5626
         286         292         258
       10479       10480       10568
        7362        7450        7451
        1130        1131        1133
       11103       11015       11016
        5839        5754        5835
        9786        9876        9791
       10878       10792       10789
        2227        2320        2228
        3473        3385        3384
        7220        7216        7306
        3635        3636        3723
        9781        9868        9777
        2851        2759        2768
        6996        7087        6997
        9515        9602        9606
        6640        6728        6641
         384         388         397
        2665        2759        2758
        3191        3282        3281
       10782       10792       10872
       11826       11827       11844
       11031       11118       11119
         321         292         286
        8752        8843        8753
        3010        3102        3101
        1537        1615        1535
        1535        1615        1536
        1496        1497        1575
        1575        1497        1576
        3818        3753        3841
        4518        4517        4602
        3841        3753        3754
        3747        3660        3746
        3724        3636        3637
        1678        1597        1680
       11666       11661       11700
        4439        4352        4351
        6156        6068        6158
        5496        5409        5408
        7393        7481        7482
        3746        3660        3659
        6259        6173        6258
       10872       10792       10878
        9791        9876        9881
        7482        7481        7485
       11617       11661       11616
        6727        6728        6640
        6258        6173        6172
         989         988        1050
        5835        5754        5750
