 El-array Spa.1 Spa.2 Spa.3 Spa.4 Rho  Dev.  M   Sp   Vp   In   M1   M2   M3   M4   M5  
 Mixed / non conventional 0.00 1.00 2.00 3.00 287.98 0.1 0.00 -12.5 -4507.666 295.048 0.00 0.00 0.00 0.00 0.00
 Mixed / non conventional 0.00 1.00 3.00 4.00 329.07 0.1 0.00 -10.9 -1287.714 295.048 0.00 0.00 0.00 0.00 0.00
 Mixed / non conventional 0.00 1.00 4.00 5.00 449.25 0.1 0.00 43.3 -703.200 295.048 0.00 0.00 0.00 0.00 0.00
 Mixed / non conventional 0.00 1.00 5.00 6.00 554.51 0.1 0.00 -32.6 -433.983 295.048 0.00 0.00 0.00 0.00 0.00
 Mixed / non conventional 0.00 1.00 6.00 7.00 733.57 0.1 0.00 -39.0 -328.069 295.048 0.00 0.00 0.00 0.00 0.00
 Mixed / non conventional 0.00 1.00 7.00 8.00 1322.24 0.1 0.00 87.4 -369.585 295.048 0.00 0.00 0.00 0.00 0.00
 Mixed / non conventional 0.00 1.00 8.00 9.00 1338.38 0.1 0.00 39.4 -249.398 295.048 0.00 0.00 0.00 0.00 0.00
 Mixed / non conventional 0.00 1.00 9.00 10.00 1225.58 0.1 0.00 -17.1 -159.864 295.048 0.00 0.00 0.00 0.00 0.00
 Mixed / non conventional 0.00 1.00 10.00 11.00 682.46 0.1 0.00 9.4 -64.742 295.048 0.00 0.00 0.00 0.00 0.00
 Mixed / non conventional 0.00 1.00 11.00 12.00 961.12 0.1 0.00 -38.2 -68.383 295.048 0.00 0.00 0.00 0.00 0.00
 Mixed / non conventional 0.00 2.00 4.00 6.00 395.58 0.1 0.00 9.2 -3140.076 299.256 0.00 0.00 0.00 0.00 0.00
 Mixed / non conventional 0.00 2.00 6.00 8.00 844.17 0.1 0.00 47.0 -1675.256 299.256 0.00 0.00 0.00 0.00 0.00
 Mixed / non conventional 0.00 2.00 8.00 10.00 1188.66 0.1 0.00 21.5 -943.558 299.256 0.00 0.00 0.00 0.00 0.00
 Mixed / non conventional 0.00 2.00 10.00 12.00 750.75 0.1 0.00 -28.5 -297.971 299.256 0.00 0.00 0.00 0.00 0.00
 Mixed / non conventional 0.00 2.00 12.00 14.00 710.37 0.1 0.00 60.3 -161.112 299.256 0.00 0.00 0.00 0.00 0.00
 Mixed / non conventional 0.00 2.00 14.00 16.00 406.07 0.1 0.00 -0.8 -57.560 299.256 0.00 0.00 0.00 0.00 0.00
 Mixed / non conventional 0.00 2.00 16.00 18.00 220.50 0.1 0.00 3.4 -20.838 299.256 0.00 0.00 0.00 0.00 0.00
 Mixed / non conventional 0.00 2.00 18.00 20.00 204.28 0.2 0.00 -99.1 -13.513 299.256 0.00 0.00 0.00 0.00 0.00
 Mixed / non conventional 0.00 2.00 20.00 22.00 263.57 0.1 0.00 -12.9 -12.680 299.256 0.00 0.00 0.00 0.00 0.00
 Mixed / non conventional 0.00 2.00 22.00 24.00 105.03 0.1 0.00 9.7 -3.790 299.256 0.00 0.00 0.00 0.00 0.00
 Mixed / non conventional 0.00 2.00 5.00 7.00 529.25 0.0 0.00 -73.2 -1927.850 300.393 0.00 0.00 0.00 0.00 0.00
 Mixed / non conventional 0.00 2.00 7.00 9.00 1203.62 0.0 0.00 124.7 -1461.438 300.393 0.00 0.00 0.00 0.00 0.00
 Mixed / non conventional 0.00 2.00 9.00 11.00 928.48 0.0 0.00 -7.6 -512.437 300.393 0.00 0.00 0.00 0.00 0.00
 Mixed / non conventional 0.00 2.00 11.00 13.00 835.96 0.0 0.00 -32.3 -248.432 300.393 0.00 0.00 0.00 0.00 0.00
 Mixed / non conventional 0.00 2.00 13.00 15.00 571.23 0.0 0.00 66.6 -101.856 300.393 0.00 0.00 0.00 0.00 0.00
 Mixed / non conventional 0.00 2.00 15.00 17.00 300.48 0.0 0.00 -34.9 -34.669 300.393 0.00 0.00 0.00 0.00 0.00
 Mixed / non conventional 0.00 2.00 17.00 19.00 203.95 0.0 0.00 -48.8 -16.100 300.393 0.00 0.00 0.00 0.00 0.00
 Mixed / non conventional 0.00 2.00 19.00 21.00 240.59 0.1 0.00 -20.9 -13.566 300.393 0.00 0.00 0.00 0.00 0.00
 Mixed / non conventional 0.00 2.00 21.00 23.00 191.51 0.2 0.00 31.6 -7.981 300.393 0.00 0.00 0.00 0.00 0.00
 Mixed / non conventional 0.00 2.00 23.00 25.00 64.59 0.2 0.00 -35.3 -2.046 300.393 0.00 0.00 0.00 0.00 0.00
 Mixed / non conventional 0.00 3.00 6.00 9.00 738.33 0.1 0.00 84.8 -3692.955 282.841 0.00 0.00 0.00 0.00 0.00
 Mixed / non conventional 0.00 3.00 9.00 12.00 802.42 0.1 0.00 -46.3 -1003.377 282.841 0.00 0.00 0.00 0.00 0.00
 Mixed / non conventional 0.00 3.00 12.00 15.00 573.71 0.1 0.00 72.4 -286.954 282.841 0.00 0.00 0.00 0.00 0.00
 Mixed / non conventional 0.00 3.00 15.00 18.00 249.51 0.1 0.00 -9.8 -62.400 282.841 0.00 0.00 0.00 0.00 0.00
 Mixed / non conventional 0.00 3.00 18.00 21.00 206.97 0.1 0.00 -94.6 -29.578 282.841 0.00 0.00 0.00 0.00 0.00
 Mixed / non conventional 0.00 3.00 21.00 24.00 145.02 0.1 0.00 -6.8 -12.952 282.841 0.00 0.00 0.00 0.00 0.00
 Mixed / non conventional 0.00 3.00 24.00 27.00 44.54 0.3 0.00 -26.2 -2.652 282.841 0.00 0.00 0.00 0.00 0.00
 Mixed / non conventional 0.00 3.00 27.00 30.00 31.93 0.9 0.00 26.5 -1.331 282.841 0.00 0.00 0.00 0.00 0.00
 Mixed / non conventional 0.00 3.00 30.00 33.00 30.71 1.8 0.00 -125.0 -0.931 282.841 0.00 0.00 0.00 0.00 0.00
 Mixed / non conventional 0.00 3.00 33.00 36.00 30.62 1.5 0.00 76.0 -0.696 282.841 0.00 0.00 0.00 0.00 0.00
 Mixed / non conventional 0.00 3.00 7.00 10.00 998.83 0.0 0.00 106.9 -2905.211 284.284 0.00 0.00 0.00 0.00 0.00
 Mixed / non conventional 0.00 3.00 10.00 13.00 654.33 0.0 0.00 -22.7 -585.598 284.284 0.00 0.00 0.00 0.00 0.00
 Mixed / non conventional 0.00 3.00 13.00 16.00 462.60 0.0 0.00 53.3 -181.127 284.284 0.00 0.00 0.00 0.00 0.00
 Mixed / non conventional 0.00 3.00 16.00 19.00 197.06 0.0 0.00 -70.7 -40.609 284.284 0.00 0.00 0.00 0.00 0.00
 Mixed / non conventional 0.00 3.00 19.00 22.00 221.06 0.1 0.00 -37.5 -26.919 284.284 0.00 0.00 0.00 0.00 0.00
 Mixed / non conventional 0.00 3.00 22.00 25.00 83.29 0.1 0.00 13.3 -6.491 284.284 0.00 0.00 0.00 0.00 0.00
 Mixed / non conventional 0.00 3.00 25.00 28.00 38.15 0.7 0.00 31.5 -2.017 284.284 0.00 0.00 0.00 0.00 0.00
 Mixed / non conventional 0.00 3.00 28.00 31.00 30.75 0.2 0.00 -52.8 -1.154 284.284 0.00 0.00 0.00 0.00 0.00
 Mixed / non conventional 0.00 3.00 31.00 34.00 30.41 1.6 0.00 -74.1 -0.839 284.284 0.00 0.00 0.00 0.00 0.00
 Mixed / non conventional 0.00 3.00 34.00 37.00 30.07 1.1 0.00 38.1 -0.628 284.284 0.00 0.00 0.00 0.00 0.00
 Mixed / non conventional 0.00 3.00 8.00 11.00 914.07 0.1 0.00 30.9 -1696.924 285.131 0.00 0.00 0.00 0.00 0.00
 Mixed / non conventional 0.00 3.00 11.00 14.00 702.47 0.0 0.00 21.3 -465.750 285.131 0.00 0.00 0.00 0.00 0.00
 Mixed / non conventional 0.00 3.00 14.00 17.00 325.66 0.0 0.00 -23.0 -101.608 285.131 0.00 0.00 0.00 0.00 0.00
 Mixed / non conventional 0.00 3.00 17.00 20.00 186.77 0.0 0.00 -73.7 -32.050 285.131 0.00 0.00 0.00 0.00 0.00
 Mixed / non conventional 0.00 3.00 20.00 23.00 208.29 0.1 0.00 35.9 -21.757 285.131 0.00 0.00 0.00 0.00 0.00
 Mixed / non conventional 0.00 3.00 23.00 26.00 54.79 0.3 0.00 -21.7 -3.742 285.131 0.00 0.00 0.00 0.00 0.00
 Mixed / non conventional 0.00 3.00 26.00 29.00 33.85 0.7 0.00 13.4 -1.595 285.131 0.00 0.00 0.00 0.00 0.00
 Mixed / non conventional 0.00 3.00 29.00 32.00 29.54 0.9 0.00 -44.4 -1.000 285.131 0.00 0.00 0.00 0.00 0.00
 Mixed / non conventional 0.00 3.00 32.00 35.00 30.91 1.7 0.00 -22.0 -0.777 285.131 0.00 0.00 0.00 0.00 0.00
 Mixed / non conventional 0.00 3.00 35.00 38.00 28.49 1.9 0.00 39.5 -0.547 285.131 0.00 0.00 0.00 0.00 0.00
 Mixed / non conventional 0.00 5.00 10.00 15.00 497.11 0.0 0.00 44.5 -1914.171 362.912 0.00 0.00 0.00 0.00 0.00
 Mixed / non conventional 0.00 5.00 15.00 20.00 202.44 0.0 0.00 -109.1 -194.883 362.912 0.00 0.00 0.00 0.00 0.00
 Mixed / non conventional 0.00 5.00 20.00 25.00 145.08 0.0 0.00 0.3 -55.865 362.912 0.00 0.00 0.00 0.00 0.00
 Mixed / non conventional 0.00 5.00 25.00 30.00 32.26 0.1 0.00 -3.0 -6.211 362.912 0.00 0.00 0.00 0.00 0.00
 Mixed / non conventional 0.00 5.00 30.00 35.00 27.08 0.1 0.00 -36.3 -2.979 362.912 0.00 0.00 0.00 0.00 0.00
 Mixed / non conventional 0.00 5.00 35.00 40.00 25.32 0.9 0.00 80.2 -1.741 362.912 0.00 0.00 0.00 0.00 0.00
 Mixed / non conventional 0.00 5.00 40.00 45.00 27.35 0.9 0.00 -211.3 -1.254 362.912 0.00 0.00 0.00 0.00 0.00
 Mixed / non conventional 0.00 5.00 11.00 16.00 508.57 0.0 0.00 20.9 -1392.055 363.227 0.00 0.00 0.00 0.00 0.00
 Mixed / non conventional 0.00 5.00 16.00 21.00 179.44 0.0 0.00 -92.3 -140.328 363.227 0.00 0.00 0.00 0.00 0.00
 Mixed / non conventional 0.00 5.00 21.00 26.00 102.65 0.0 0.00 9.4 -33.964 363.227 0.00 0.00 0.00 0.00 0.00
 Mixed / non conventional 0.00 5.00 26.00 31.00 29.24 0.2 0.00 -34.9 -4.993 363.227 0.00 0.00 0.00 0.00 0.00
 Mixed / non conventional 0.00 5.00 31.00 36.00 27.55 0.7 0.00 -30.3 -2.745 363.227 0.00 0.00 0.00 0.00 0.00
 Mixed / non conventional 0.00 5.00 36.00 41.00 25.17 0.4 0.00 18.7 -1.590 363.227 0.00 0.00 0.00 0.00 0.00
 Mixed / non conventional 0.00 5.00 41.00 46.00 26.14 2.7 0.00 -134.0 -1.113 363.227 0.00 0.00 0.00 0.00 0.00
 Mixed / non conventional 0.00 5.00 12.00 17.00 416.38 0.1 0.00 36.7 -843.035 363.326 0.00 0.00 0.00 0.00 0.00
 Mixed / non conventional 0.00 5.00 17.00 22.00 180.15 0.0 0.00 -86.7 -116.058 363.326 0.00 0.00 0.00 0.00 0.00
 Mixed / non conventional 0.00 5.00 22.00 27.00 62.82 0.0 0.00 -16.9 -17.988 363.326 0.00 0.00 0.00 0.00 0.00
 Mixed / non conventional 0.00 5.00 27.00 32.00 27.56 0.3 0.00 11.9 -4.191 363.326 0.00 0.00 0.00 0.00 0.00
 Mixed / non conventional 0.00 5.00 32.00 37.00 27.24 0.3 0.00 -39.6 -2.463 363.326 0.00 0.00 0.00 0.00 0.00
 Mixed / non conventional 0.00 5.00 37.00 42.00 25.55 0.5 0.00 -27.6 -1.485 363.326 0.00 0.00 0.00 0.00 0.00
 Mixed / non conventional 0.00 5.00 42.00 47.00 26.35 0.7 0.00 -113.4 -1.043 363.326 0.00 0.00 0.00 0.00 0.00
 Mixed / non conventional 0.00 5.00 13.00 18.00 334.60 0.0 0.00 55.0 -517.243 363.653 0.00 0.00 0.00 0.00 0.00
 Mixed / non conventional 0.00 5.00 18.00 23.00 175.64 0.0 0.00 -64.0 -94.443 363.653 0.00 0.00 0.00 0.00 0.00
 Mixed / non conventional 0.00 5.00 23.00 28.00 43.84 0.0 0.00 -4.3 -10.944 363.653 0.00 0.00 0.00 0.00 0.00
 Mixed / non conventional 0.00 5.00 28.00 33.00 26.74 0.0 0.00 -159.4 -3.641 363.653 0.00 0.00 0.00 0.00 0.00
 Mixed / non conventional 0.00 5.00 33.00 38.00 26.43 0.0 0.00 127.9 -2.178 363.653 0.00 0.00 0.00 0.00 0.00
 Mixed / non conventional 0.00 5.00 38.00 43.00 25.78 0.5 0.00 -114.6 -1.383 363.653 0.00 0.00 0.00 0.00 0.00
 Mixed / non conventional 0.00 5.00 14.00 19.00 248.15 0.0 0.00 -72.2 -300.182 363.913 0.00 0.00 0.00 0.00 0.00
 Mixed / non conventional 0.00 5.00 19.00 24.00 162.86 0.0 0.00 -29.0 -73.875 363.913 0.00 0.00 0.00 0.00 0.00
 Mixed / non conventional 0.00 5.00 24.00 29.00 36.67 0.0 0.00 29.5 -8.031 363.913 0.00 0.00 0.00 0.00 0.00
 Mixed / non conventional 0.00 5.00 29.00 34.00 26.94 0.0 0.00 -122.1 -3.297 363.913 0.00 0.00 0.00 0.00 0.00
 Mixed / non conventional 0.00 5.00 34.00 39.00 25.75 0.7 0.00 156.2 -1.939 363.913 0.00 0.00 0.00 0.00 0.00
 Mixed / non conventional 0.00 5.00 39.00 44.00 25.80 1.1 0.00 -195.7 -1.280 363.913 0.00 0.00 0.00 0.00 0.00
 Mixed / non conventional 0.00 6.00 12.00 18.00 390.40 0.0 0.00 61.0 -1118.153 323.925 0.00 0.00 0.00 0.00 0.00
 Mixed / non conventional 0.00 6.00 18.00 24.00 165.79 0.1 0.00 -102.3 -118.713 323.925 0.00 0.00 0.00 0.00 0.00
 Mixed / non conventional 0.00 6.00 24.00 30.00 36.30 0.1 0.00 -0.1 -10.396 323.925 0.00 0.00 0.00 0.00 0.00
 Mixed / non conventional 0.00 6.00 30.00 36.00 27.50 0.1 0.00 -48.7 -3.939 323.925 0.00 0.00 0.00 0.00 0.00
 Mixed / non conventional 0.00 6.00 36.00 42.00 25.75 0.2 0.00 -33.3 -2.107 323.925 0.00 0.00 0.00 0.00 0.00
 Mixed / non conventional 0.00 6.00 13.00 19.00 318.24 0.0 0.00 -18.9 -684.198 324.396 0.00 0.00 0.00 0.00 0.00
 Mixed / non conventional 0.00 6.00 19.00 25.00 153.01 0.1 0.00 -26.5 -92.113 324.396 0.00 0.00 0.00 0.00 0.00
 Mixed / non conventional 0.00 6.00 25.00 31.00 32.19 0.1 0.00 -21.3 -8.126 324.396 0.00 0.00 0.00 0.00 0.00
 Mixed / non conventional 0.00 6.00 31.00 37.00 27.56 0.1 0.00 -36.0 -3.573 324.396 0.00 0.00 0.00 0.00 0.00
 Mixed / non conventional 0.00 6.00 37.00 43.00 25.97 0.5 0.00 -57.4 -1.958 324.396 0.00 0.00 0.00 0.00 0.00
 Mixed / non conventional 0.00 6.00 14.00 20.00 240.90 0.0 0.00 -98.3 -400.325 324.840 0.00 0.00 0.00 0.00 0.00
 Mixed / non conventional 0.00 6.00 20.00 26.00 136.24 0.1 0.00 12.5 -69.663 324.840 0.00 0.00 0.00 0.00 0.00
 Mixed / non conventional 0.00 6.00 26.00 32.00 29.61 0.2 0.00 -31.7 -6.624 324.840 0.00 0.00 0.00 0.00 0.00
 Mixed / non conventional 0.00 6.00 32.00 38.00 27.59 0.6 0.00 17.1 -3.249 324.840 0.00 0.00 0.00 0.00 0.00
 Mixed / non conventional 0.00 6.00 38.00 44.00 26.88 2.3 0.00 -135.2 -1.870 324.840 0.00 0.00 0.00 0.00 0.00
 Mixed / non conventional 0.00 6.00 15.00 21.00 206.31 0.0 0.00 -105.7 -271.094 325.083 0.00 0.00 0.00 0.00 0.00
 Mixed / non conventional 0.00 6.00 21.00 27.00 97.07 0.0 0.00 -34.9 -42.518 325.083 0.00 0.00 0.00 0.00 0.00
 Mixed / non conventional 0.00 6.00 27.00 33.00 28.11 0.1 0.00 -99.2 -5.596 325.083 0.00 0.00 0.00 0.00 0.00
 Mixed / non conventional 0.00 6.00 33.00 39.00 26.65 0.7 0.00 188.2 -2.857 325.083 0.00 0.00 0.00 0.00 0.00
 Mixed / non conventional 0.00 6.00 39.00 45.00 26.07 0.8 0.00 -232.6 -1.677 325.083 0.00 0.00 0.00 0.00 0.00
 Mixed / non conventional 0.00 6.00 16.00 22.00 182.84 0.0 0.00 -110.0 -193.680 325.390 0.00 0.00 0.00 0.00 0.00
 Mixed / non conventional 0.00 6.00 22.00 28.00 60.43 0.1 0.00 42.7 -22.860 325.390 0.00 0.00 0.00 0.00 0.00
 Mixed / non conventional 0.00 6.00 28.00 34.00 27.64 0.4 0.00 -126.9 -4.921 325.390 0.00 0.00 0.00 0.00 0.00
 Mixed / non conventional 0.00 6.00 34.00 40.00 26.30 1.0 0.00 135.2 -2.575 325.390 0.00 0.00 0.00 0.00 0.00
 Mixed / non conventional 0.00 6.00 40.00 46.00 27.33 2.1 0.00 -207.6 -1.629 325.390 0.00 0.00 0.00 0.00 0.00
 Mixed / non conventional 0.00 6.00 17.00 23.00 174.78 0.0 0.00 -39.9 -151.649 325.667 0.00 0.00 0.00 0.00 0.00
 Mixed / non conventional 0.00 6.00 23.00 29.00 42.82 0.1 0.00 -9.7 -14.093 325.667 0.00 0.00 0.00 0.00 0.00
 Mixed / non conventional 0.00 6.00 29.00 35.00 27.59 0.2 0.00 -66.6 -4.410 325.667 0.00 0.00 0.00 0.00 0.00
 Mixed / non conventional 0.00 6.00 35.00 41.00 25.75 0.5 0.00 5.6 -2.309 325.667 0.00 0.00 0.00 0.00 0.00
 Mixed / non conventional 0.00 6.00 41.00 47.00 27.02 0.7 0.00 -166.0 -1.495 325.667 0.00 0.00 0.00 0.00 0.00
 Mixed / non conventional 1.00 2.00 3.00 4.00 207.32 0.1 0.00 -240.8 -2940.032 267.309 0.00 0.00 0.00 0.00 0.00
 Mixed / non conventional 1.00 2.00 4.00 5.00 328.52 0.1 0.00 179.3 -1164.716 267.309 0.00 0.00 0.00 0.00 0.00
 Mixed / non conventional 1.00 2.00 5.00 6.00 430.20 0.3 0.00 377.4 -610.069 267.309 0.00 0.00 0.00 0.00 0.00
 Mixed / non conventional 1.00 2.00 6.00 7.00 585.76 0.5 0.00 -563.6 -415.338 267.309 0.00 0.00 0.00 0.00 0.00
 Mixed / non conventional 1.00 2.00 7.00 8.00 1108.82 0.1 0.00 72.9 -449.266 267.309 0.00 0.00 0.00 0.00 0.00
 Mixed / non conventional 1.00 2.00 8.00 9.00 1147.24 0.1 0.00 31.3 -290.522 267.309 0.00 0.00 0.00 0.00 0.00
 Mixed / non conventional 1.00 2.00 9.00 10.00 1074.59 0.0 0.00 -19.1 -181.417 267.309 0.00 0.00 0.00 0.00 0.00
 Mixed / non conventional 1.00 2.00 10.00 11.00 601.75 0.0 0.00 10.1 -71.112 267.309 0.00 0.00 0.00 0.00 0.00
 Mixed / non conventional 1.00 2.00 11.00 12.00 867.28 0.0 0.00 -40.0 -74.540 267.309 0.00 0.00 0.00 0.00 0.00
 Mixed / non conventional 1.00 2.00 12.00 13.00 713.72 0.1 0.00 5.8 -46.006 267.309 0.00 0.00 0.00 0.00 0.00
 Mixed / non conventional 1.00 3.00 5.00 7.00 368.73 0.1 0.00 -188.7 -2480.042 253.557 0.00 0.00 0.00 0.00 0.00
 Mixed / non conventional 1.00 3.00 7.00 9.00 926.25 0.1 0.00 113.5 -1557.443 253.557 0.00 0.00 0.00 0.00 0.00
 Mixed / non conventional 1.00 3.00 9.00 11.00 749.25 0.1 0.00 -6.7 -503.929 253.557 0.00 0.00 0.00 0.00 0.00
 Mixed / non conventional 1.00 3.00 11.00 13.00 689.75 0.1 0.00 -33.0 -231.957 253.557 0.00 0.00 0.00 0.00 0.00
 Mixed / non conventional 1.00 3.00 13.00 15.00 483.86 0.0 0.00 64.6 -92.981 253.557 0.00 0.00 0.00 0.00 0.00
 Mixed / non conventional 1.00 3.00 15.00 17.00 259.70 0.0 0.00 -35.3 -31.191 253.557 0.00 0.00 0.00 0.00 0.00
 Mixed / non conventional 1.00 3.00 17.00 19.00 178.12 0.1 0.00 -48.1 -14.262 253.557 0.00 0.00 0.00 0.00 0.00
 Mixed / non conventional 1.00 3.00 19.00 21.00 212.54 0.1 0.00 -21.5 -11.912 253.557 0.00 0.00 0.00 0.00 0.00
 Mixed / non conventional 1.00 3.00 21.00 23.00 171.12 0.1 0.00 30.1 -6.975 253.557 0.00 0.00 0.00 0.00 0.00
 Mixed / non conventional 1.00 3.00 23.00 25.00 57.92 0.2 0.00 -36.1 -1.771 253.557 0.00 0.00 0.00 0.00 0.00
 Mixed / non conventional 1.00 3.00 6.00 8.00 617.09 0.1 0.00 -288.7 -1905.095 254.591 0.00 0.00 0.00 0.00 0.00
 Mixed / non conventional 1.00 3.00 8.00 10.00 938.37 0.1 0.00 18.1 -965.644 254.591 0.00 0.00 0.00 0.00 0.00
 Mixed / non conventional 1.00 3.00 10.00 12.00 607.20 0.1 0.00 -28.2 -284.025 254.591 0.00 0.00 0.00 0.00 0.00
 Mixed / non conventional 1.00 3.00 12.00 14.00 593.96 0.0 0.00 60.0 -149.601 254.591 0.00 0.00 0.00 0.00 0.00
 Mixed / non conventional 1.00 3.00 14.00 16.00 346.95 0.1 0.00 -0.5 -52.432 254.591 0.00 0.00 0.00 0.00 0.00
 Mixed / non conventional 1.00 3.00 16.00 18.00 191.49 0.2 0.00 1.5 -18.725 254.591 0.00 0.00 0.00 0.00 0.00
 Mixed / non conventional 1.00 3.00 18.00 20.00 178.79 0.1 0.00 -98.3 -11.962 254.591 0.00 0.00 0.00 0.00 0.00
 Mixed / non conventional 1.00 3.00 20.00 22.00 233.93 0.1 0.00 -12.5 -11.180 254.591 0.00 0.00 0.00 0.00 0.00
 Mixed / non conventional 1.00 3.00 22.00 24.00 93.07 0.2 0.00 8.9 -3.287 254.591 0.00 0.00 0.00 0.00 0.00
 Mixed / non conventional 1.00 3.00 24.00 26.00 46.90 0.2 0.00 16.5 -1.259 254.591 0.00 0.00 0.00 0.00 0.00
 Mixed / non conventional 1.00 4.00 7.00 10.00 750.40 0.0 0.00 106.4 -4048.769 305.108 0.00 0.00 0.00 0.00 0.00
 Mixed / non conventional 1.00 4.00 10.00 13.00 523.05 0.0 0.00 -20.7 -705.529 305.108 0.00 0.00 0.00 0.00 0.00
 Mixed / non conventional 1.00 4.00 13.00 16.00 387.62 0.1 0.00 53.1 -209.142 305.108 0.00 0.00 0.00 0.00 0.00
 Mixed / non conventional 1.00 4.00 16.00 19.00 169.32 0.0 0.00 -71.0 -45.677 305.108 0.00 0.00 0.00 0.00 0.00
 Mixed / non conventional 1.00 4.00 19.00 22.00 192.90 0.1 0.00 -37.6 -29.737 305.108 0.00 0.00 0.00 0.00 0.00
 Mixed / non conventional 1.00 4.00 22.00 25.00 73.33 0.0 0.00 11.5 -7.065 305.108 0.00 0.00 0.00 0.00 0.00
 Mixed / non conventional 1.00 4.00 25.00 28.00 33.88 0.4 0.00 31.9 -2.176 305.108 0.00 0.00 0.00 0.00 0.00
 Mixed / non conventional 1.00 4.00 28.00 31.00 26.38 0.4 0.00 -52.2 -1.186 305.108 0.00 0.00 0.00 0.00 0.00
 Mixed / non conventional 1.00 4.00 31.00 34.00 27.47 1.8 0.00 -74.1 -0.898 305.108 0.00 0.00 0.00 0.00 0.00
 Mixed / non conventional 1.00 4.00 34.00 37.00 26.51 1.1 0.00 38.1 -0.650 305.108 0.00 0.00 0.00 0.00 0.00
 Mixed / non conventional 1.00 4.00 8.00 11.00 714.06 0.1 0.00 33.3 -2238.626 306.415 0.00 0.00 0.00 0.00 0.00
 Mixed / non conventional 1.00 4.00 11.00 14.00 572.42 0.1 0.00 21.5 -552.173 306.415 0.00 0.00 0.00 0.00 0.00
 Mixed / non conventional 1.00 4.00 14.00 17.00 275.70 0.0 0.00 -23.7 -116.351 306.415 0.00 0.00 0.00 0.00 0.00
 Mixed / non conventional 1.00 4.00 17.00 20.00 161.36 0.1 0.00 -73.3 -35.841 306.415 0.00 0.00 0.00 0.00 0.00
 Mixed / non conventional 1.00 4.00 20.00 23.00 182.40 0.0 0.00 35.2 -23.941 306.415 0.00 0.00 0.00 0.00 0.00
 Mixed / non conventional 1.00 4.00 23.00 26.00 48.41 0.1 0.00 -21.1 -4.066 306.415 0.00 0.00 0.00 0.00 0.00
 Mixed / non conventional 1.00 4.00 26.00 29.00 29.62 0.6 0.00 12.8 -1.688 306.415 0.00 0.00 0.00 0.00 0.00
 Mixed / non conventional 1.00 4.00 29.00 32.00 26.29 0.3 0.00 -43.8 -1.064 306.415 0.00 0.00 0.00 0.00 0.00
 Mixed / non conventional 1.00 4.00 32.00 35.00 27.20 0.8 0.00 -22.0 -0.809 306.415 0.00 0.00 0.00 0.00 0.00
 Mixed / non conventional 1.00 4.00 35.00 38.00 25.49 2.0 0.00 39.2 -0.574 306.415 0.00 0.00 0.00 0.00 0.00
 Mixed / non conventional 1.00 4.00 9.00 12.00 638.06 0.1 0.00 -42.2 -1277.274 307.454 0.00 0.00 0.00 0.00 0.00
 Mixed / non conventional 1.00 4.00 12.00 15.00 474.79 0.1 0.00 71.4 -339.443 307.454 0.00 0.00 0.00 0.00 0.00
 Mixed / non conventional 1.00 4.00 15.00 18.00 213.07 0.0 0.00 -10.4 -71.684 307.454 0.00 0.00 0.00 0.00 0.00
 Mixed / non conventional 1.00 4.00 18.00 21.00 179.82 0.1 0.00 -93.4 -33.274 307.454 0.00 0.00 0.00 0.00 0.00
 Mixed / non conventional 1.00 4.00 21.00 24.00 127.29 0.1 0.00 -7.4 -14.337 307.454 0.00 0.00 0.00 0.00 0.00
 Mixed / non conventional 1.00 4.00 24.00 27.00 39.58 0.2 0.00 -26.1 -2.915 307.454 0.00 0.00 0.00 0.00 0.00
 Mixed / non conventional 1.00 4.00 27.00 30.00 27.36 0.5 0.00 26.4 -1.389 307.454 0.00 0.00 0.00 0.00 0.00
 Mixed / non conventional 1.00 4.00 30.00 33.00 26.43 3.8 0.00 -125.2 -0.965 307.454 0.00 0.00 0.00 0.00 0.00
 Mixed / non conventional 1.00 4.00 33.00 36.00 27.08 0.8 0.00 76.4 -0.734 307.454 0.00 0.00 0.00 0.00 0.00
 Mixed / non conventional 1.00 4.00 36.00 39.00 24.58 3.1 0.00 111.7 -0.509 307.454 0.00 0.00 0.00 0.00 0.00
 Mixed / non conventional 1.00 6.00 11.00 16.00 475.51 0.0 0.00 21.9 -1459.280 289.235 0.00 0.00 0.00 0.00 0.00
 Mixed / non conventional 1.00 6.00 16.00 21.00 175.58 0.0 0.00 -92.6 -134.710 289.235 0.00 0.00 0.00 0.00 0.00
 Mixed / non conventional 1.00 6.00 21.00 26.00 102.78 0.0 0.00 9.0 -31.542 289.235 0.00 0.00 0.00 0.00 0.00
 Mixed / non conventional 1.00 6.00 26.00 31.00 29.10 0.2 0.00 -34.9 -4.465 289.235 0.00 0.00 0.00 0.00 0.00
 Mixed / non conventional 1.00 6.00 31.00 36.00 27.19 0.4 0.00 -30.0 -2.384 289.235 0.00 0.00 0.00 0.00 0.00
 Mixed / non conventional 1.00 6.00 36.00 41.00 24.84 0.8 0.00 18.4 -1.361 289.235 0.00 0.00 0.00 0.00 0.00
 Mixed / non conventional 1.00 6.00 41.00 46.00 26.41 3.5 0.00 -133.5 -0.965 289.235 0.00 0.00 0.00 0.00 0.00
 Mixed / non conventional 1.00 6.00 12.00 17.00 396.16 0.1 0.00 36.4 -865.389 289.879 0.00 0.00 0.00 0.00 0.00
 Mixed / non conventional 1.00 6.00 17.00 22.00 176.95 0.0 0.00 -85.8 -110.442 289.879 0.00 0.00 0.00 0.00 0.00
 Mixed / non conventional 1.00 6.00 22.00 27.00 62.90 0.1 0.00 -17.4 -16.609 289.879 0.00 0.00 0.00 0.00 0.00
 Mixed / non conventional 1.00 6.00 27.00 32.00 27.43 0.1 0.00 11.8 -3.738 289.879 0.00 0.00 0.00 0.00 0.00
 Mixed / non conventional 1.00 6.00 32.00 37.00 27.02 0.5 0.00 -39.4 -2.148 289.879 0.00 0.00 0.00 0.00 0.00
 Mixed / non conventional 1.00 6.00 37.00 42.00 25.14 1.0 0.00 -27.8 -1.267 289.879 0.00 0.00 0.00 0.00 0.00
 Mixed / non conventional 1.00 6.00 42.00 47.00 26.39 0.7 0.00 -113.6 -0.897 289.879 0.00 0.00 0.00 0.00 0.00
 Mixed / non conventional 1.00 6.00 13.00 18.00 321.79 0.0 0.00 53.8 -521.008 290.540 0.00 0.00 0.00 0.00 0.00
 Mixed / non conventional 1.00 6.00 18.00 23.00 173.45 0.1 0.00 -63.5 -89.356 290.540 0.00 0.00 0.00 0.00 0.00
 Mixed / non conventional 1.00 6.00 23.00 28.00 43.83 0.2 0.00 -4.3 -10.036 290.540 0.00 0.00 0.00 0.00 0.00
 Mixed / non conventional 1.00 6.00 28.00 33.00 26.57 1.3 0.00 -158.6 -3.232 290.540 0.00 0.00 0.00 0.00 0.00
 Mixed / non conventional 1.00 6.00 33.00 38.00 25.76 1.7 0.00 128.0 -1.863 290.540 0.00 0.00 0.00 0.00 0.00
 Mixed / non conventional 1.00 6.00 38.00 43.00 25.45 1.4 0.00 -114.2 -1.183 290.540 0.00 0.00 0.00 0.00 0.00
 Mixed / non conventional 1.00 6.00 14.00 19.00 240.88 0.1 0.00 -71.9 -298.023 291.050 0.00 0.00 0.00 0.00 0.00
 Mixed / non conventional 1.00 6.00 19.00 24.00 161.78 0.1 0.00 -29.4 -69.620 291.050 0.00 0.00 0.00 0.00 0.00
 Mixed / non conventional 1.00 6.00 24.00 29.00 36.67 0.1 0.00 29.0 -7.327 291.050 0.00 0.00 0.00 0.00 0.00
 Mixed / non conventional 1.00 6.00 29.00 34.00 26.65 0.4 0.00 -121.4 -2.905 291.050 0.00 0.00 0.00 0.00 0.00
 Mixed / non conventional 1.00 6.00 34.00 39.00 25.78 1.2 0.00 155.3 -1.701 291.050 0.00 0.00 0.00 0.00 0.00
 Mixed / non conventional 1.00 6.00 39.00 44.00 26.25 1.1 0.00 -194.7 -1.127 291.050 0.00 0.00 0.00 0.00 0.00
 Mixed / non conventional 1.00 6.00 15.00 20.00 197.81 0.1 0.00 -108.8 -191.622 291.428 0.00 0.00 0.00 0.00 0.00
 Mixed / non conventional 1.00 6.00 20.00 25.00 144.84 0.2 0.00 -2.1 -52.616 291.428 0.00 0.00 0.00 0.00 0.00
 Mixed / non conventional 1.00 6.00 25.00 30.00 32.22 0.2 0.00 -1.9 -5.650 291.428 0.00 0.00 0.00 0.00 0.00
 Mixed / non conventional 1.00 6.00 30.00 35.00 26.92 0.7 0.00 -36.4 -2.638 291.428 0.00 0.00 0.00 0.00 0.00
 Mixed / non conventional 1.00 6.00 35.00 40.00 25.05 0.6 0.00 78.9 -1.511 291.428 0.00 0.00 0.00 0.00 0.00
 Mixed / non conventional 1.00 6.00 40.00 45.00 25.24 1.5 0.00 -210.9 -1.003 291.428 0.00 0.00 0.00 0.00 0.00
 Mixed / non conventional 1.00 7.00 13.00 19.00 324.01 0.0 0.00 -18.9 -739.244 258.033 0.00 0.00 0.00 0.00 0.00
 Mixed / non conventional 1.00 7.00 19.00 25.00 160.71 0.1 0.00 -28.1 -91.667 258.033 0.00 0.00 0.00 0.00 0.00
 Mixed / non conventional 1.00 7.00 25.00 31.00 33.92 0.1 0.00 -20.1 -7.740 258.033 0.00 0.00 0.00 0.00 0.00
 Mixed / non conventional 1.00 7.00 31.00 37.00 28.80 0.2 0.00 -35.7 -3.285 258.033 0.00 0.00 0.00 0.00 0.00
 Mixed / non conventional 1.00 7.00 37.00 43.00 27.13 0.8 0.00 -57.6 -1.768 258.033 0.00 0.00 0.00 0.00 0.00
 Mixed / non conventional 1.00 7.00 14.00 20.00 247.36 0.1 0.00 -97.6 -424.720 259.068 0.00 0.00 0.00 0.00 0.00
 Mixed / non conventional 1.00 7.00 20.00 26.00 143.84 0.0 0.00 13.3 -69.151 259.068 0.00 0.00 0.00 0.00 0.00
 Mixed / non conventional 1.00 7.00 26.00 32.00 31.06 0.2 0.00 -31.1 -6.261 259.068 0.00 0.00 0.00 0.00 0.00
 Mixed / non conventional 1.00 7.00 32.00 38.00 28.69 0.3 0.00 17.4 -2.970 259.068 0.00 0.00 0.00 0.00 0.00
 Mixed / non conventional 1.00 7.00 38.00 44.00 27.62 1.0 0.00 -134.3 -1.662 259.068 0.00 0.00 0.00 0.00 0.00
 Mixed / non conventional 1.00 7.00 15.00 21.00 212.68 0.0 0.00 -103.8 -282.486 259.635 0.00 0.00 0.00 0.00 0.00
 Mixed / non conventional 1.00 7.00 21.00 27.00 102.71 0.1 0.00 -34.2 -41.976 259.635 0.00 0.00 0.00 0.00 0.00
 Mixed / non conventional 1.00 7.00 27.00 33.00 29.48 0.1 0.00 -98.9 -5.270 259.635 0.00 0.00 0.00 0.00 0.00
 Mixed / non conventional 1.00 7.00 33.00 39.00 27.92 0.9 0.00 188.1 -2.628 259.635 0.00 0.00 0.00 0.00 0.00
 Mixed / non conventional 1.00 7.00 39.00 45.00 28.01 1.2 0.00 -231.0 -1.557 259.635 0.00 0.00 0.00 0.00 0.00
 Mixed / non conventional 1.00 7.00 16.00 22.00 188.88 0.0 0.00 -109.1 -198.469 259.964 0.00 0.00 0.00 0.00 0.00
 Mixed / non conventional 1.00 7.00 22.00 28.00 63.83 0.1 0.00 41.7 -22.358 259.964 0.00 0.00 0.00 0.00 0.00
 Mixed / non conventional 1.00 7.00 28.00 34.00 28.63 0.4 0.00 -125.6 -4.558 259.964 0.00 0.00 0.00 0.00 0.00
 Mixed / non conventional 1.00 7.00 34.00 40.00 27.53 1.0 0.00 134.8 -2.360 259.964 0.00 0.00 0.00 0.00 0.00
 Mixed / non conventional 1.00 7.00 40.00 46.00 27.77 2.3 0.00 -206.0 -1.428 259.964 0.00 0.00 0.00 0.00 0.00
 Mixed / non conventional 1.00 7.00 17.00 23.00 181.40 0.0 0.00 -38.3 -153.825 260.480 0.00 0.00 0.00 0.00 0.00
 Mixed / non conventional 1.00 7.00 23.00 29.00 45.19 0.0 0.00 -8.7 -13.685 260.480 0.00 0.00 0.00 0.00 0.00
 Mixed / non conventional 1.00 7.00 29.00 35.00 28.86 0.2 0.00 -64.9 -4.113 260.480 0.00 0.00 0.00 0.00 0.00
 Mixed / non conventional 1.00 7.00 35.00 41.00 26.92 0.6 0.00 6.6 -2.110 260.480 0.00 0.00 0.00 0.00 0.00
 Mixed / non conventional 1.00 7.00 41.00 47.00 28.53 1.1 0.00 -164.7 -1.361 260.480 0.00 0.00 0.00 0.00 0.00
 Mixed / non conventional 1.00 7.00 18.00 24.00 173.11 0.1 0.00 -100.4 -120.378 261.005 0.00 0.00 0.00 0.00 0.00
 Mixed / non conventional 1.00 7.00 24.00 30.00 38.24 0.1 0.00 -0.2 -10.087 261.005 0.00 0.00 0.00 0.00 0.00
 Mixed / non conventional 1.00 7.00 30.00 36.00 28.75 0.3 0.00 -48.1 -3.683 261.005 0.00 0.00 0.00 0.00 0.00
 Mixed / non conventional 1.00 7.00 36.00 42.00 26.90 0.6 0.00 -33.1 -1.934 261.005 0.00 0.00 0.00 0.00 0.00
 Mixed / non conventional 2.00 3.00 4.00 5.00 198.75 0.1 0.00 -88.4 -2789.428 264.549 0.00 0.00 0.00 0.00 0.00
 Mixed / non conventional 2.00 3.00 5.00 6.00 286.17 0.1 0.00 209.2 -1004.092 264.549 0.00 0.00 0.00 0.00 0.00
 Mixed / non conventional 2.00 3.00 6.00 7.00 405.83 0.4 0.00 375.7 -569.574 264.549 0.00 0.00 0.00 0.00 0.00
 Mixed / non conventional 2.00 3.00 7.00 8.00 794.81 0.6 0.00 -662.4 -557.751 264.549 0.00 0.00 0.00 0.00 0.00
 Mixed / non conventional 2.00 3.00 8.00 9.00 839.96 0.1 0.00 19.8 -336.816 264.549 0.00 0.00 0.00 0.00 0.00
 Mixed / non conventional 2.00 3.00 9.00 10.00 802.35 0.0 0.00 -20.4 -201.086 264.549 0.00 0.00 0.00 0.00 0.00
 Mixed / non conventional 2.00 3.00 10.00 11.00 449.01 0.0 0.00 10.8 -75.020 264.549 0.00 0.00 0.00 0.00 0.00
 Mixed / non conventional 2.00 3.00 11.00 12.00 653.71 0.1 0.00 -40.0 -76.456 264.549 0.00 0.00 0.00 0.00 0.00
 Mixed / non conventional 2.00 3.00 12.00 13.00 546.86 0.0 0.00 6.2 -46.515 264.549 0.00 0.00 0.00 0.00 0.00
 Mixed / non conventional 2.00 3.00 13.00 14.00 500.37 0.1 0.00 52.5 -31.921 264.549 0.00 0.00 0.00 0.00 0.00
 Mixed / non conventional 2.00 4.00 6.00 8.00 416.13 0.1 0.00 -272.4 -3525.411 319.381 0.00 0.00 0.00 0.00 0.00
 Mixed / non conventional 2.00 4.00 8.00 10.00 703.36 0.1 0.00 10.5 -1489.690 319.381 0.00 0.00 0.00 0.00 0.00
 Mixed / non conventional 2.00 4.00 10.00 12.00 463.19 0.1 0.00 -27.7 -392.412 319.381 0.00 0.00 0.00 0.00 0.00
 Mixed / non conventional 2.00 4.00 12.00 14.00 467.49 0.1 0.00 59.9 -198.026 319.381 0.00 0.00 0.00 0.00 0.00
 Mixed / non conventional 2.00 4.00 14.00 16.00 278.92 0.1 0.00 -0.2 -67.514 319.381 0.00 0.00 0.00 0.00 0.00
 Mixed / non conventional 2.00 4.00 16.00 18.00 156.61 0.1 0.00 0.2 -23.693 319.381 0.00 0.00 0.00 0.00 0.00
 Mixed / non conventional 2.00 4.00 18.00 20.00 147.51 0.1 0.00 -97.1 -14.877 319.381 0.00 0.00 0.00 0.00 0.00
 Mixed / non conventional 2.00 4.00 20.00 22.00 194.38 0.1 0.00 -11.6 -13.723 319.381 0.00 0.00 0.00 0.00 0.00
 Mixed / non conventional 2.00 4.00 22.00 24.00 77.65 0.3 0.00 8.4 -3.987 319.381 0.00 0.00 0.00 0.00 0.00
 Mixed / non conventional 2.00 4.00 24.00 26.00 39.26 0.5 0.00 16.6 -1.512 319.381 0.00 0.00 0.00 0.00 0.00
 Mixed / non conventional 2.00 4.00 7.00 9.00 670.07 0.0 0.00 -334.5 -2606.243 320.755 0.00 0.00 0.00 0.00 0.00
 Mixed / non conventional 2.00 4.00 9.00 11.00 574.03 0.1 0.00 -4.5 -744.232 320.755 0.00 0.00 0.00 0.00 0.00
 Mixed / non conventional 2.00 4.00 11.00 13.00 534.06 0.0 0.00 -32.1 -314.733 320.755 0.00 0.00 0.00 0.00 0.00
 Mixed / non conventional 2.00 4.00 13.00 15.00 384.66 0.0 0.00 63.3 -122.064 320.755 0.00 0.00 0.00 0.00 0.00
 Mixed / non conventional 2.00 4.00 15.00 17.00 210.37 0.0 0.00 -34.8 -40.054 320.755 0.00 0.00 0.00 0.00 0.00
 Mixed / non conventional 2.00 4.00 17.00 19.00 146.27 0.1 0.00 -46.9 -18.020 320.755 0.00 0.00 0.00 0.00 0.00
 Mixed / non conventional 2.00 4.00 19.00 21.00 174.72 0.1 0.00 -21.2 -14.728 320.755 0.00 0.00 0.00 0.00 0.00
 Mixed / non conventional 2.00 4.00 21.00 23.00 141.56 0.1 0.00 29.5 -8.523 320.755 0.00 0.00 0.00 0.00 0.00
 Mixed / non conventional 2.00 4.00 23.00 25.00 48.11 0.1 0.00 -36.5 -2.141 320.755 0.00 0.00 0.00 0.00 0.00
 Mixed / non conventional 2.00 4.00 25.00 27.00 33.13 1.0 0.00 -27.2 -1.121 320.755 0.00 0.00 0.00 0.00 0.00
 Mixed / non conventional 2.00 5.00 8.00 11.00 618.62 0.0 0.00 29.4 -3583.116 327.538 0.00 0.00 0.00 0.00 0.00
 Mixed / non conventional 2.00 5.00 11.00 14.00 503.39 0.0 0.00 20.9 -728.927 327.538 0.00 0.00 0.00 0.00 0.00
 Mixed / non conventional 2.00 5.00 14.00 17.00 250.91 0.0 0.00 -24.6 -145.331 327.538 0.00 0.00 0.00 0.00 0.00
 Mixed / non conventional 2.00 5.00 17.00 20.00 148.84 0.1 0.00 -73.1 -43.106 327.538 0.00 0.00 0.00 0.00 0.00
 Mixed / non conventional 2.00 5.00 20.00 23.00 169.47 0.0 0.00 34.2 -28.045 327.538 0.00 0.00 0.00 0.00 0.00
 Mixed / non conventional 2.00 5.00 23.00 26.00 45.06 0.1 0.00 -20.6 -4.661 327.538 0.00 0.00 0.00 0.00 0.00
 Mixed / non conventional 2.00 5.00 26.00 29.00 27.78 0.3 0.00 12.2 -1.916 327.538 0.00 0.00 0.00 0.00 0.00
 Mixed / non conventional 2.00 5.00 29.00 32.00 24.80 1.8 0.00 -43.2 -1.197 327.538 0.00 0.00 0.00 0.00 0.00
 Mixed / non conventional 2.00 5.00 32.00 35.00 25.68 2.3 0.00 -22.1 -0.901 327.538 0.00 0.00 0.00 0.00 0.00
 Mixed / non conventional 2.00 5.00 35.00 38.00 24.09 1.7 0.00 38.9 -0.634 327.538 0.00 0.00 0.00 0.00 0.00
 Mixed / non conventional 2.00 5.00 9.00 12.00 559.29 0.0 0.00 -41.3 -1879.054 328.373 0.00 0.00 0.00 0.00 0.00
 Mixed / non conventional 2.00 5.00 12.00 15.00 423.70 0.1 0.00 69.8 -437.998 328.373 0.00 0.00 0.00 0.00 0.00
 Mixed / non conventional 2.00 5.00 15.00 18.00 195.48 0.1 0.00 -10.9 -88.411 328.373 0.00 0.00 0.00 0.00 0.00
 Mixed / non conventional 2.00 5.00 18.00 21.00 165.87 0.1 0.00 -92.4 -39.484 328.373 0.00 0.00 0.00 0.00 0.00
 Mixed / non conventional 2.00 5.00 21.00 24.00 118.30 0.0 0.00 -7.9 -16.640 328.373 0.00 0.00 0.00 0.00 0.00
 Mixed / non conventional 2.00 5.00 24.00 27.00 36.87 0.2 0.00 -26.0 -3.319 328.373 0.00 0.00 0.00 0.00 0.00
 Mixed / non conventional 2.00 5.00 27.00 30.00 25.38 0.4 0.00 26.1 -1.550 328.373 0.00 0.00 0.00 0.00 0.00
 Mixed / non conventional 2.00 5.00 30.00 33.00 23.35 4.1 0.00 -125.3 -1.012 328.373 0.00 0.00 0.00 0.00 0.00
 Mixed / non conventional 2.00 5.00 33.00 36.00 24.68 0.5 0.00 76.5 -0.787 328.373 0.00 0.00 0.00 0.00 0.00
 Mixed / non conventional 2.00 5.00 36.00 39.00 22.60 2.0 0.00 110.5 -0.545 328.373 0.00 0.00 0.00 0.00 0.00
 Mixed / non conventional 2.00 5.00 10.00 13.00 454.09 0.1 0.00 -19.6 -972.695 328.996 0.00 0.00 0.00 0.00 0.00
 Mixed / non conventional 2.00 5.00 13.00 16.00 349.34 0.1 0.00 52.2 -267.254 328.996 0.00 0.00 0.00 0.00 0.00
 Mixed / non conventional 2.00 5.00 16.00 19.00 155.92 0.1 0.00 -71.4 -56.131 328.996 0.00 0.00 0.00 0.00 0.00
 Mixed / non conventional 2.00 5.00 19.00 22.00 178.42 0.1 0.00 -37.7 -35.329 328.996 0.00 0.00 0.00 0.00 0.00
 Mixed / non conventional 2.00 5.00 22.00 25.00 68.23 0.1 0.00 9.2 -8.223 328.996 0.00 0.00 0.00 0.00 0.00
 Mixed / non conventional 2.00 5.00 25.00 28.00 31.78 0.3 0.00 32.3 -2.505 328.996 0.00 0.00 0.00 0.00 0.00
 Mixed / non conventional 2.00 5.00 28.00 31.00 24.13 0.3 0.00 -51.2 -1.312 328.996 0.00 0.00 0.00 0.00 0.00
 Mixed / non conventional 2.00 5.00 31.00 34.00 24.54 0.9 0.00 -74.0 -0.959 328.996 0.00 0.00 0.00 0.00 0.00
 Mixed / non conventional 2.00 5.00 34.00 37.00 24.05 1.1 0.00 38.2 -0.698 328.996 0.00 0.00 0.00 0.00 0.00
 Mixed / non conventional 2.00 5.00 37.00 40.00 22.18 3.7 0.00 95.5 -0.491 328.996 0.00 0.00 0.00 0.00 0.00
 Mixed / non conventional 2.00 7.00 12.00 17.00 400.95 0.0 0.00 35.2 -1135.487 266.906 0.00 0.00 0.00 0.00 0.00
 Mixed / non conventional 2.00 7.00 17.00 22.00 185.19 0.0 0.00 -85.2 -131.115 266.906 0.00 0.00 0.00 0.00 0.00
 Mixed / non conventional 2.00 7.00 22.00 27.00 67.08 0.1 0.00 -18.0 -18.996 266.906 0.00 0.00 0.00 0.00 0.00
 Mixed / non conventional 2.00 7.00 27.00 32.00 29.08 0.2 0.00 11.6 -4.118 266.906 0.00 0.00 0.00 0.00 0.00
 Mixed / non conventional 2.00 7.00 32.00 37.00 28.40 0.7 0.00 -39.3 -2.298 266.906 0.00 0.00 0.00 0.00 0.00
 Mixed / non conventional 2.00 7.00 37.00 42.00 26.41 1.3 0.00 -28.1 -1.336 266.906 0.00 0.00 0.00 0.00 0.00
 Mixed / non conventional 2.00 7.00 42.00 47.00 27.44 0.7 0.00 -113.8 -0.925 266.906 0.00 0.00 0.00 0.00 0.00
 Mixed / non conventional 2.00 7.00 13.00 18.00 329.98 0.0 0.00 51.9 -666.986 268.229 0.00 0.00 0.00 0.00 0.00
 Mixed / non conventional 2.00 7.00 18.00 23.00 182.64 0.0 0.00 -63.7 -105.480 268.229 0.00 0.00 0.00 0.00 0.00
 Mixed / non conventional 2.00 7.00 23.00 28.00 46.75 0.0 0.00 -4.6 -11.422 268.229 0.00 0.00 0.00 0.00 0.00
 Mixed / non conventional 2.00 7.00 28.00 33.00 28.04 0.5 0.00 -158.1 -3.535 268.229 0.00 0.00 0.00 0.00 0.00
 Mixed / non conventional 2.00 7.00 33.00 38.00 27.01 0.8 0.00 127.7 -1.987 268.229 0.00 0.00 0.00 0.00 0.00
 Mixed / non conventional 2.00 7.00 38.00 43.00 27.20 0.7 0.00 -114.3 -1.269 268.229 0.00 0.00 0.00 0.00 0.00
 Mixed / non conventional 2.00 7.00 14.00 19.00 249.32 0.0 0.00 -72.1 -371.698 267.529 0.00 0.00 0.00 0.00 0.00
 Mixed / non conventional 2.00 7.00 19.00 24.00 171.26 0.1 0.00 -30.1 -81.240 267.529 0.00 0.00 0.00 0.00 0.00
 Mixed / non conventional 2.00 7.00 24.00 29.00 39.09 0.2 0.00 28.3 -8.241 267.529 0.00 0.00 0.00 0.00 0.00
 Mixed / non conventional 2.00 7.00 29.00 34.00 28.11 0.7 0.00 -120.8 -3.148 267.529 0.00 0.00 0.00 0.00 0.00
 Mixed / non conventional 2.00 7.00 34.00 39.00 27.11 0.8 0.00 154.2 -1.806 267.529 0.00 0.00 0.00 0.00 0.00
 Mixed / non conventional 2.00 7.00 39.00 44.00 26.78 1.9 0.00 -193.9 -1.147 267.529 0.00 0.00 0.00 0.00 0.00
 Mixed / non conventional 2.00 7.00 15.00 20.00 205.83 0.1 0.00 -108.3 -234.483 267.990 0.00 0.00 0.00 0.00 0.00
 Mixed / non conventional 2.00 7.00 20.00 25.00 154.12 0.1 0.00 -3.5 -61.068 267.990 0.00 0.00 0.00 0.00 0.00
 Mixed / non conventional 2.00 7.00 25.00 30.00 34.31 0.1 0.00 -0.9 -6.312 267.990 0.00 0.00 0.00 0.00 0.00
 Mixed / non conventional 2.00 7.00 30.00 35.00 28.54 0.5 0.00 -36.5 -2.864 267.990 0.00 0.00 0.00 0.00 0.00
 Mixed / non conventional 2.00 7.00 35.00 40.00 26.55 0.9 0.00 78.0 -1.612 267.990 0.00 0.00 0.00 0.00 0.00
 Mixed / non conventional 2.00 7.00 40.00 45.00 27.66 3.4 0.00 -210.4 -1.094 267.990 0.00 0.00 0.00 0.00 0.00
 Mixed / non conventional 2.00 7.00 16.00 21.00 183.12 0.0 0.00 -93.4 -163.191 268.097 0.00 0.00 0.00 0.00 0.00
 Mixed / non conventional 2.00 7.00 21.00 26.00 109.71 0.0 0.00 7.8 -36.664 268.097 0.00 0.00 0.00 0.00 0.00
 Mixed / non conventional 2.00 7.00 26.00 31.00 30.89 0.1 0.00 -35.2 -4.984 268.097 0.00 0.00 0.00 0.00 0.00
 Mixed / non conventional 2.00 7.00 31.00 36.00 28.61 0.4 0.00 -30.2 -2.579 268.097 0.00 0.00 0.00 0.00 0.00
 Mixed / non conventional 2.00 7.00 36.00 41.00 26.25 0.6 0.00 17.6 -1.457 268.097 0.00 0.00 0.00 0.00 0.00
 Mixed / non conventional 2.00 7.00 41.00 46.00 28.74 1.3 0.00 -133.5 -1.051 268.097 0.00 0.00 0.00 0.00 0.00
 Mixed / non conventional 2.00 8.00 14.00 20.00 304.24 0.0 0.00 -98.8 -673.131 250.229 0.00 0.00 0.00 0.00 0.00
 Mixed / non conventional 2.00 8.00 20.00 26.00 178.26 0.1 0.00 12.7 -98.599 250.229 0.00 0.00 0.00 0.00 0.00
 Mixed / non conventional 2.00 8.00 26.00 32.00 37.95 0.2 0.00 -31.3 -8.397 250.229 0.00 0.00 0.00 0.00 0.00
 Mixed / non conventional 2.00 8.00 32.00 38.00 34.07 0.2 0.00 17.0 -3.769 250.229 0.00 0.00 0.00 0.00 0.00
 Mixed / non conventional 2.00 8.00 38.00 44.00 32.42 1.3 0.00 -134.4 -2.049 250.229 0.00 0.00 0.00 0.00 0.00
 Mixed / non conventional 2.00 8.00 15.00 21.00 261.81 0.1 0.00 -103.4 -436.504 251.562 0.00 0.00 0.00 0.00 0.00
 Mixed / non conventional 2.00 8.00 21.00 27.00 127.29 0.1 0.00 -34.5 -59.421 251.562 0.00 0.00 0.00 0.00 0.00
 Mixed / non conventional 2.00 8.00 27.00 33.00 35.91 0.1 0.00 -99.3 -7.029 251.562 0.00 0.00 0.00 0.00 0.00
 Mixed / non conventional 2.00 8.00 33.00 39.00 33.79 0.3 0.00 187.1 -3.397 251.562 0.00 0.00 0.00 0.00 0.00
 Mixed / non conventional 2.00 8.00 39.00 45.00 32.37 0.7 0.00 -230.3 -1.892 251.562 0.00 0.00 0.00 0.00 0.00
 Mixed / non conventional 2.00 8.00 16.00 22.00 231.53 0.1 0.00 -109.3 -298.806 252.281 0.00 0.00 0.00 0.00 0.00
 Mixed / non conventional 2.00 8.00 22.00 28.00 78.88 0.1 0.00 40.3 -31.323 252.281 0.00 0.00 0.00 0.00 0.00
 Mixed / non conventional 2.00 8.00 28.00 34.00 34.81 0.4 0.00 -124.8 -6.048 252.281 0.00 0.00 0.00 0.00 0.00
 Mixed / non conventional 2.00 8.00 34.00 40.00 32.92 0.7 0.00 133.9 -3.010 252.281 0.00 0.00 0.00 0.00 0.00
 Mixed / non conventional 2.00 8.00 40.00 46.00 32.54 1.1 0.00 -205.3 -1.758 252.281 0.00 0.00 0.00 0.00 0.00
 Mixed / non conventional 2.00 8.00 17.00 23.00 222.27 0.3 0.00 -39.7 -227.520 253.243 0.00 0.00 0.00 0.00 0.00
 Mixed / non conventional 2.00 8.00 23.00 29.00 55.60 0.3 0.00 -9.0 -18.970 253.243 0.00 0.00 0.00 0.00 0.00
 Mixed / non conventional 2.00 8.00 29.00 35.00 34.75 0.3 0.00 -64.8 -5.390 253.243 0.00 0.00 0.00 0.00 0.00
 Mixed / non conventional 2.00 8.00 35.00 41.00 32.03 0.1 0.00 6.0 -2.675 253.243 0.00 0.00 0.00 0.00 0.00
 Mixed / non conventional 2.00 8.00 41.00 47.00 33.27 0.8 0.00 -165.1 -1.667 253.243 0.00 0.00 0.00 0.00 0.00
 Mixed / non conventional 2.00 8.00 18.00 24.00 212.79 0.1 0.00 -100.2 -175.395 253.190 0.00 0.00 0.00 0.00 0.00
 Mixed / non conventional 2.00 8.00 24.00 30.00 47.01 0.1 0.00 -0.5 -13.839 253.190 0.00 0.00 0.00 0.00 0.00
 Mixed / non conventional 2.00 8.00 30.00 36.00 34.69 0.1 0.00 -48.2 -4.806 253.190 0.00 0.00 0.00 0.00 0.00
 Mixed / non conventional 2.00 8.00 36.00 42.00 32.04 0.3 0.00 -33.6 -2.441 253.190 0.00 0.00 0.00 0.00 0.00
 Mixed / non conventional 2.00 8.00 19.00 25.00 198.33 0.0 0.00 -29.9 -133.931 253.464 0.00 0.00 0.00 0.00 0.00
 Mixed / non conventional 2.00 8.00 25.00 31.00 41.56 0.1 0.00 -18.7 -10.646 253.464 0.00 0.00 0.00 0.00 0.00
 Mixed / non conventional 2.00 8.00 31.00 37.00 34.72 0.2 0.00 -35.3 -4.319 253.464 0.00 0.00 0.00 0.00 0.00
 Mixed / non conventional 2.00 8.00 37.00 43.00 32.40 0.4 0.00 -57.9 -2.261 253.464 0.00 0.00 0.00 0.00 0.00
 Mixed / non conventional 3.00 4.00 5.00 6.00 175.67 0.1 0.00 4.4 -2831.444 303.820 0.00 0.00 0.00 0.00 0.00
 Mixed / non conventional 3.00 4.00 6.00 7.00 280.10 0.1 0.00 27.6 -1128.673 303.820 0.00 0.00 0.00 0.00 0.00
 Mixed / non conventional 3.00 4.00 7.00 8.00 577.87 0.4 0.00 510.7 -931.426 303.820 0.00 0.00 0.00 0.00 0.00
 Mixed / non conventional 3.00 4.00 8.00 9.00 636.64 0.6 0.00 -680.2 -513.075 303.820 0.00 0.00 0.00 0.00 0.00
 Mixed / non conventional 3.00 4.00 9.00 10.00 624.70 0.1 0.00 -34.8 -287.684 303.820 0.00 0.00 0.00 0.00 0.00
 Mixed / non conventional 3.00 4.00 10.00 11.00 351.11 0.1 0.00 9.5 -101.059 303.820 0.00 0.00 0.00 0.00 0.00
 Mixed / non conventional 3.00 4.00 11.00 12.00 513.00 0.1 0.00 -40.9 -98.437 303.820 0.00 0.00 0.00 0.00 0.00
 Mixed / non conventional 3.00 4.00 12.00 13.00 438.28 0.1 0.00 5.9 -58.869 303.820 0.00 0.00 0.00 0.00 0.00
 Mixed / non conventional 3.00 4.00 13.00 14.00 405.89 0.1 0.00 51.6 -39.650 303.820 0.00 0.00 0.00 0.00 0.00
 Mixed / non conventional 3.00 4.00 14.00 15.00 277.72 0.1 0.00 9.0 -20.347 303.820 0.00 0.00 0.00 0.00 0.00
 Mixed / non conventional 3.00 5.00 7.00 9.00 577.86 0.1 0.00 -164.3 -4751.030 309.952 0.00 0.00 0.00 0.00 0.00
 Mixed / non conventional 3.00 5.00 9.00 11.00 537.12 0.1 0.00 -13.0 -1104.019 309.952 0.00 0.00 0.00 0.00 0.00
 Mixed / non conventional 3.00 5.00 11.00 13.00 496.96 0.1 0.00 -33.0 -408.592 309.952 0.00 0.00 0.00 0.00 0.00
 Mixed / non conventional 3.00 5.00 13.00 15.00 367.65 0.1 0.00 61.4 -151.137 309.952 0.00 0.00 0.00 0.00 0.00
 Mixed / non conventional 3.00 5.00 15.00 17.00 205.16 0.0 0.00 -34.6 -48.194 309.952 0.00 0.00 0.00 0.00 0.00
 Mixed / non conventional 3.00 5.00 17.00 19.00 144.09 0.1 0.00 -46.4 -21.155 309.952 0.00 0.00 0.00 0.00 0.00
 Mixed / non conventional 3.00 5.00 19.00 21.00 172.19 0.1 0.00 -21.5 -16.854 309.952 0.00 0.00 0.00 0.00 0.00
 Mixed / non conventional 3.00 5.00 21.00 23.00 140.08 0.2 0.00 28.5 -9.598 309.952 0.00 0.00 0.00 0.00 0.00
 Mixed / non conventional 3.00 5.00 23.00 25.00 48.04 0.3 0.00 -37.0 -2.394 309.952 0.00 0.00 0.00 0.00 0.00
 Mixed / non conventional 3.00 5.00 25.00 27.00 32.84 0.8 0.00 -26.0 -1.227 309.952 0.00 0.00 0.00 0.00 0.00
 Mixed / non conventional 3.00 5.00 8.00 10.00 637.96 0.0 0.00 -387.7 -2399.323 310.151 0.00 0.00 0.00 0.00 0.00
 Mixed / non conventional 3.00 5.00 10.00 12.00 425.83 0.0 0.00 -28.1 -533.839 310.151 0.00 0.00 0.00 0.00 0.00
 Mixed / non conventional 3.00 5.00 12.00 14.00 441.55 0.0 0.00 59.1 -251.610 310.151 0.00 0.00 0.00 0.00 0.00
 Mixed / non conventional 3.00 5.00 14.00 16.00 269.29 0.0 0.00 -0.3 -82.626 310.151 0.00 0.00 0.00 0.00 0.00
 Mixed / non conventional 3.00 5.00 16.00 18.00 153.93 0.0 0.00 -1.4 -28.339 310.151 0.00 0.00 0.00 0.00 0.00
 Mixed / non conventional 3.00 5.00 18.00 20.00 145.20 0.1 0.00 -96.2 -17.297 310.151 0.00 0.00 0.00 0.00 0.00
 Mixed / non conventional 3.00 5.00 20.00 22.00 191.27 0.0 0.00 -11.1 -15.590 310.151 0.00 0.00 0.00 0.00 0.00
 Mixed / non conventional 3.00 5.00 22.00 24.00 76.79 0.2 0.00 7.7 -4.471 310.151 0.00 0.00 0.00 0.00 0.00
 Mixed / non conventional 3.00 5.00 24.00 26.00 38.38 0.6 0.00 16.3 -1.652 310.151 0.00 0.00 0.00 0.00 0.00
 Mixed / non conventional 3.00 5.00 26.00 28.00 28.29 1.3 0.00 15.6 -0.925 310.151 0.00 0.00 0.00 0.00 0.00
 Mixed / non conventional 3.00 6.00 9.00 12.00 537.13 0.0 0.00 -45.3 -2711.999 285.517 0.00 0.00 0.00 0.00 0.00
 Mixed / non conventional 3.00 6.00 12.00 15.00 421.22 0.0 0.00 68.1 -531.688 285.517 0.00 0.00 0.00 0.00 0.00
 Mixed / non conventional 3.00 6.00 15.00 18.00 201.44 0.0 0.00 -11.3 -101.708 285.517 0.00 0.00 0.00 0.00 0.00
 Mixed / non conventional 3.00 6.00 18.00 21.00 173.13 0.1 0.00 -91.4 -43.707 285.517 0.00 0.00 0.00 0.00 0.00
 Mixed / non conventional 3.00 6.00 21.00 24.00 125.41 0.0 0.00 -8.2 -18.092 285.517 0.00 0.00 0.00 0.00 0.00
 Mixed / non conventional 3.00 6.00 24.00 27.00 39.35 0.3 0.00 -25.9 -3.548 285.517 0.00 0.00 0.00 0.00 0.00
 Mixed / non conventional 3.00 6.00 27.00 30.00 27.16 0.7 0.00 25.8 -1.633 285.517 0.00 0.00 0.00 0.00 0.00
 Mixed / non conventional 3.00 6.00 30.00 33.00 26.33 1.3 0.00 -125.3 -1.108 285.517 0.00 0.00 0.00 0.00 0.00
 Mixed / non conventional 3.00 6.00 33.00 36.00 26.29 0.6 0.00 76.8 -0.804 285.517 0.00 0.00 0.00 0.00 0.00
 Mixed / non conventional 3.00 6.00 36.00 39.00 24.10 1.9 0.00 109.3 -0.553 285.517 0.00 0.00 0.00 0.00 0.00
 Mixed / non conventional 3.00 6.00 10.00 13.00 431.81 0.1 0.00 -19.9 -1263.686 286.031 0.00 0.00 0.00 0.00 0.00
 Mixed / non conventional 3.00 6.00 13.00 16.00 352.09 0.1 0.00 51.4 -317.040 286.031 0.00 0.00 0.00 0.00 0.00
 Mixed / non conventional 3.00 6.00 16.00 19.00 161.57 0.0 0.00 -71.6 -63.649 286.031 0.00 0.00 0.00 0.00 0.00
 Mixed / non conventional 3.00 6.00 19.00 22.00 187.23 0.0 0.00 -37.7 -38.821 286.031 0.00 0.00 0.00 0.00 0.00
 Mixed / non conventional 3.00 6.00 22.00 25.00 72.50 0.0 0.00 7.3 -8.883 286.031 0.00 0.00 0.00 0.00 0.00
 Mixed / non conventional 3.00 6.00 25.00 28.00 33.81 0.2 0.00 32.6 -2.651 286.031 0.00 0.00 0.00 0.00 0.00
 Mixed / non conventional 3.00 6.00 28.00 31.00 25.40 0.7 0.00 -50.5 -1.351 286.031 0.00 0.00 0.00 0.00 0.00
 Mixed / non conventional 3.00 6.00 31.00 34.00 26.48 1.2 0.00 -74.0 -1.000 286.031 0.00 0.00 0.00 0.00 0.00
 Mixed / non conventional 3.00 6.00 34.00 37.00 25.76 0.8 0.00 38.3 -0.715 286.031 0.00 0.00 0.00 0.00 0.00
 Mixed / non conventional 3.00 6.00 37.00 40.00 23.38 1.0 0.00 94.3 -0.491 286.031 0.00 0.00 0.00 0.00 0.00
 Mixed / non conventional 3.00 6.00 11.00 14.00 490.13 0.1 0.00 20.3 -914.727 286.643 0.00 0.00 0.00 0.00 0.00
 Mixed / non conventional 3.00 6.00 14.00 17.00 255.92 0.1 0.00 -25.9 -170.579 286.643 0.00 0.00 0.00 0.00 0.00
 Mixed / non conventional 3.00 6.00 17.00 20.00 154.92 0.1 0.00 -72.9 -48.593 286.643 0.00 0.00 0.00 0.00 0.00
 Mixed / non conventional 3.00 6.00 20.00 23.00 178.79 0.0 0.00 33.1 -30.845 286.643 0.00 0.00 0.00 0.00 0.00
 Mixed / non conventional 3.00 6.00 23.00 26.00 47.87 0.1 0.00 -20.0 -5.027 286.643 0.00 0.00 0.00 0.00 0.00
 Mixed / non conventional 3.00 6.00 26.00 29.00 29.55 0.3 0.00 11.5 -2.029 286.643 0.00 0.00 0.00 0.00 0.00
 Mixed / non conventional 3.00 6.00 29.00 32.00 25.35 0.8 0.00 -42.5 -1.200 286.643 0.00 0.00 0.00 0.00 0.00
 Mixed / non conventional 3.00 6.00 32.00 35.00 26.72 1.2 0.00 -22.1 -0.909 286.643 0.00 0.00 0.00 0.00 0.00
 Mixed / non conventional 3.00 6.00 35.00 38.00 24.33 0.8 0.00 38.6 -0.615 286.643 0.00 0.00 0.00 0.00 0.00
 Mixed / non conventional 3.00 6.00 38.00 41.00 23.07 1.1 0.00 -33.3 -0.445 286.643 0.00 0.00 0.00 0.00 0.00
 Mixed / non conventional 3.00 8.00 13.00 18.00 416.49 0.1 0.00 49.9 -1068.111 241.706 0.00 0.00 0.00 0.00 0.00
 Mixed / non conventional 3.00 8.00 18.00 23.00 233.55 0.1 0.00 -63.4 -149.738 241.706 0.00 0.00 0.00 0.00 0.00
 Mixed / non conventional 3.00 8.00 23.00 28.00 60.32 0.1 0.00 -4.6 -15.469 241.706 0.00 0.00 0.00 0.00 0.00
 Mixed / non conventional 3.00 8.00 28.00 33.00 35.92 0.4 0.00 -157.3 -4.606 241.706 0.00 0.00 0.00 0.00 0.00
 Mixed / non conventional 3.00 8.00 33.00 38.00 34.94 1.0 0.00 127.6 -2.560 241.706 0.00 0.00 0.00 0.00 0.00
 Mixed / non conventional 3.00 8.00 38.00 43.00 33.58 0.8 0.00 -114.0 -1.538 241.706 0.00 0.00 0.00 0.00 0.00
 Mixed / non conventional 3.00 8.00 14.00 19.00 317.42 0.1 0.00 -72.2 -579.567 242.291 0.00 0.00 0.00 0.00 0.00
 Mixed / non conventional 3.00 8.00 19.00 24.00 220.00 0.1 0.00 -30.8 -114.770 242.291 0.00 0.00 0.00 0.00 0.00
 Mixed / non conventional 3.00 8.00 24.00 29.00 50.33 0.1 0.00 27.6 -11.108 242.291 0.00 0.00 0.00 0.00 0.00
 Mixed / non conventional 3.00 8.00 29.00 34.00 35.69 0.8 0.00 -120.3 -4.066 242.291 0.00 0.00 0.00 0.00 0.00
 Mixed / non conventional 3.00 8.00 34.00 39.00 34.22 1.8 0.00 153.0 -2.274 242.291 0.00 0.00 0.00 0.00 0.00
 Mixed / non conventional 3.00 8.00 39.00 44.00 33.67 1.6 0.00 -193.1 -1.419 242.291 0.00 0.00 0.00 0.00 0.00
 Mixed / non conventional 3.00 8.00 15.00 20.00 263.36 0.1 0.00 -107.7 -356.315 242.785 0.00 0.00 0.00 0.00 0.00
 Mixed / non conventional 3.00 8.00 20.00 25.00 198.95 0.0 0.00 -4.8 -85.647 242.785 0.00 0.00 0.00 0.00 0.00
 Mixed / non conventional 3.00 8.00 25.00 30.00 44.12 0.1 0.00 0.1 -8.441 242.785 0.00 0.00 0.00 0.00 0.00
 Mixed / non conventional 3.00 8.00 30.00 35.00 36.03 0.4 0.00 -36.5 -3.662 242.785 0.00 0.00 0.00 0.00 0.00
 Mixed / non conventional 3.00 8.00 35.00 40.00 33.07 0.4 0.00 77.2 -1.999 242.785 0.00 0.00 0.00 0.00 0.00
 Mixed / non conventional 3.00 8.00 40.00 45.00 34.19 1.0 0.00 -209.8 -1.328 242.785 0.00 0.00 0.00 0.00 0.00
 Mixed / non conventional 3.00 8.00 16.00 21.00 233.90 0.1 0.00 -93.7 -241.709 243.095 0.00 0.00 0.00 0.00 0.00
 Mixed / non conventional 3.00 8.00 21.00 26.00 141.62 0.1 0.00 7.5 -50.904 243.095 0.00 0.00 0.00 0.00 0.00
 Mixed / non conventional 3.00 8.00 26.00 31.00 39.71 0.1 0.00 -35.1 -6.627 243.095 0.00 0.00 0.00 0.00 0.00
 Mixed / non conventional 3.00 8.00 31.00 36.00 36.23 0.1 0.00 -30.0 -3.298 243.095 0.00 0.00 0.00 0.00 0.00
 Mixed / non conventional 3.00 8.00 36.00 41.00 32.79 0.3 0.00 17.3 -1.806 243.095 0.00 0.00 0.00 0.00 0.00
 Mixed / non conventional 3.00 8.00 41.00 46.00 34.49 1.5 0.00 -133.3 -1.237 243.095 0.00 0.00 0.00 0.00 0.00
 Mixed / non conventional 3.00 8.00 17.00 22.00 236.51 0.1 0.00 -84.1 -191.393 243.453 0.00 0.00 0.00 0.00 0.00
 Mixed / non conventional 3.00 8.00 22.00 27.00 86.56 0.1 0.00 -18.9 -26.269 243.453 0.00 0.00 0.00 0.00 0.00
 Mixed / non conventional 3.00 8.00 27.00 32.00 37.16 0.1 0.00 11.2 -5.444 243.453 0.00 0.00 0.00 0.00 0.00
 Mixed / non conventional 3.00 8.00 32.00 37.00 35.89 0.2 0.00 -39.0 -2.938 243.453 0.00 0.00 0.00 0.00 0.00
 Mixed / non conventional 3.00 8.00 37.00 42.00 32.76 0.8 0.00 -28.5 -1.651 243.453 0.00 0.00 0.00 0.00 0.00
 Mixed / non conventional 3.00 8.00 42.00 47.00 34.15 1.4 0.00 -114.0 -1.134 243.453 0.00 0.00 0.00 0.00 0.00
 Mixed / non conventional 3.00 9.00 15.00 21.00 307.72 0.1 0.00 -102.7 -535.633 196.862 0.00 0.00 0.00 0.00 0.00
 Mixed / non conventional 3.00 9.00 21.00 27.00 153.59 0.1 0.00 -34.8 -66.835 196.862 0.00 0.00 0.00 0.00 0.00
 Mixed / non conventional 3.00 9.00 27.00 33.00 43.07 0.1 0.00 -99.7 -7.497 196.862 0.00 0.00 0.00 0.00 0.00
 Mixed / non conventional 3.00 9.00 33.00 39.00 39.63 0.4 0.00 186.0 -3.449 196.862 0.00 0.00 0.00 0.00 0.00
 Mixed / non conventional 3.00 9.00 39.00 45.00 38.33 1.9 0.00 -229.7 -1.906 196.862 0.00 0.00 0.00 0.00 0.00
 Mixed / non conventional 3.00 9.00 16.00 22.00 272.98 0.1 0.00 -109.4 -356.912 197.274 0.00 0.00 0.00 0.00 0.00
 Mixed / non conventional 3.00 9.00 22.00 28.00 95.42 0.1 0.00 38.6 -34.931 197.274 0.00 0.00 0.00 0.00 0.00
 Mixed / non conventional 3.00 9.00 28.00 34.00 41.70 0.5 0.00 -124.2 -6.402 197.274 0.00 0.00 0.00 0.00 0.00
 Mixed / non conventional 3.00 9.00 34.00 40.00 39.09 0.4 0.00 132.7 -3.082 197.274 0.00 0.00 0.00 0.00 0.00
 Mixed / non conventional 3.00 9.00 40.00 46.00 38.77 0.8 0.00 -204.7 -1.777 197.274 0.00 0.00 0.00 0.00 0.00
 Mixed / non conventional 3.00 9.00 17.00 23.00 263.82 0.1 0.00 -40.4 -266.960 197.807 0.00 0.00 0.00 0.00 0.00
 Mixed / non conventional 3.00 9.00 23.00 29.00 67.33 0.2 0.00 -9.1 -20.963 197.807 0.00 0.00 0.00 0.00 0.00
 Mixed / non conventional 3.00 9.00 29.00 35.00 41.72 0.3 0.00 -64.6 -5.684 197.807 0.00 0.00 0.00 0.00 0.00
 Mixed / non conventional 3.00 9.00 35.00 41.00 38.24 0.8 0.00 5.5 -2.741 197.807 0.00 0.00 0.00 0.00 0.00
 Mixed / non conventional 3.00 9.00 41.00 47.00 39.69 1.8 0.00 -165.4 -1.682 197.807 0.00 0.00 0.00 0.00 0.00
 Mixed / non conventional 3.00 9.00 18.00 24.00 253.34 0.0 0.00 -99.7 -202.875 198.115 0.00 0.00 0.00 0.00 0.00
 Mixed / non conventional 3.00 9.00 24.00 30.00 56.82 0.2 0.00 -0.9 -15.166 198.115 0.00 0.00 0.00 0.00 0.00
 Mixed / non conventional 3.00 9.00 30.00 36.00 41.33 0.1 0.00 -48.3 -5.014 198.115 0.00 0.00 0.00 0.00 0.00
 Mixed / non conventional 3.00 9.00 36.00 42.00 37.92 0.5 0.00 -34.0 -2.477 198.115 0.00 0.00 0.00 0.00 0.00
 Mixed / non conventional 3.00 9.00 19.00 25.00 237.64 0.0 0.00 -32.1 -153.475 198.385 0.00 0.00 0.00 0.00 0.00
 Mixed / non conventional 3.00 9.00 25.00 31.00 50.16 0.1 0.00 -17.9 -11.570 198.385 0.00 0.00 0.00 0.00 0.00
 Mixed / non conventional 3.00 9.00 31.00 37.00 41.35 0.2 0.00 -35.5 -4.488 198.385 0.00 0.00 0.00 0.00 0.00
 Mixed / non conventional 3.00 9.00 37.00 43.00 37.96 0.3 0.00 -58.7 -2.266 198.385 0.00 0.00 0.00 0.00 0.00
 Mixed / non conventional 3.00 9.00 20.00 26.00 214.80 0.0 0.00 12.0 -113.678 198.638 0.00 0.00 0.00 0.00 0.00
 Mixed / non conventional 3.00 9.00 26.00 32.00 45.72 0.1 0.00 -31.8 -9.177 198.638 0.00 0.00 0.00 0.00 0.00
 Mixed / non conventional 3.00 9.00 32.00 38.00 40.73 0.1 0.00 16.1 -3.972 198.638 0.00 0.00 0.00 0.00 0.00
 Mixed / non conventional 3.00 9.00 38.00 44.00 38.00 0.7 0.00 -134.5 -2.078 198.638 0.00 0.00 0.00 0.00 0.00
 Mixed / non conventional 4.00 5.00 6.00 7.00 238.78 0.0 0.00 -108.3 -5167.304 407.916 0.00 0.00 0.00 0.00 0.00
 Mixed / non conventional 4.00 5.00 7.00 8.00 542.77 0.0 0.00 211.5 -2936.455 407.916 0.00 0.00 0.00 0.00 0.00
 Mixed / non conventional 4.00 5.00 8.00 9.00 636.90 0.1 0.00 28.2 -1378.292 407.916 0.00 0.00 0.00 0.00 0.00
 Mixed / non conventional 4.00 5.00 9.00 10.00 650.10 0.1 0.00 -375.4 -703.432 407.916 0.00 0.00 0.00 0.00 0.00
 Mixed / non conventional 4.00 5.00 10.00 11.00 368.80 0.0 0.00 8.0 -228.029 407.916 0.00 0.00 0.00 0.00 0.00
 Mixed / non conventional 4.00 5.00 11.00 12.00 534.57 0.0 0.00 -40.8 -206.577 407.916 0.00 0.00 0.00 0.00 0.00
 Mixed / non conventional 4.00 5.00 12.00 13.00 466.13 0.0 0.00 6.2 -120.088 407.916 0.00 0.00 0.00 0.00 0.00
 Mixed / non conventional 4.00 5.00 13.00 14.00 436.85 0.1 0.00 51.2 -78.780 407.916 0.00 0.00 0.00 0.00 0.00
 Mixed / non conventional 4.00 5.00 14.00 15.00 303.95 0.1 0.00 7.9 -39.864 407.916 0.00 0.00 0.00 0.00 0.00
 Mixed / non conventional 4.00 5.00 15.00 16.00 249.80 0.0 0.00 -9.1 -24.572 407.916 0.00 0.00 0.00 0.00 0.00
 Mixed / non conventional 4.00 6.00 8.00 10.00 609.09 0.0 0.00 -333.4 -5716.273 353.802 0.00 0.00 0.00 0.00 0.00
 Mixed / non conventional 4.00 6.00 10.00 12.00 424.80 0.0 0.00 -31.8 -996.667 353.802 0.00 0.00 0.00 0.00 0.00
 Mixed / non conventional 4.00 6.00 12.00 14.00 464.17 0.1 0.00 57.6 -435.619 353.802 0.00 0.00 0.00 0.00 0.00
 Mixed / non conventional 4.00 6.00 14.00 16.00 292.83 0.0 0.00 -0.7 -137.408 353.802 0.00 0.00 0.00 0.00 0.00
 Mixed / non conventional 4.00 6.00 16.00 18.00 170.77 0.1 0.00 -2.8 -45.792 353.802 0.00 0.00 0.00 0.00 0.00
 Mixed / non conventional 4.00 6.00 18.00 20.00 163.08 0.1 0.00 -95.3 -27.330 353.802 0.00 0.00 0.00 0.00 0.00
 Mixed / non conventional 4.00 6.00 20.00 22.00 217.47 0.1 0.00 -10.7 -24.297 353.802 0.00 0.00 0.00 0.00 0.00
 Mixed / non conventional 4.00 6.00 22.00 24.00 88.59 0.0 0.00 7.1 -6.928 353.802 0.00 0.00 0.00 0.00 0.00
 Mixed / non conventional 4.00 6.00 24.00 26.00 44.32 0.8 0.00 16.2 -2.521 353.802 0.00 0.00 0.00 0.00 0.00
 Mixed / non conventional 4.00 6.00 26.00 28.00 33.16 0.9 0.00 14.9 -1.415 353.802 0.00 0.00 0.00 0.00 0.00
 Mixed / non conventional 4.00 6.00 9.00 11.00 542.89 0.0 0.00 -278.3 -2334.332 354.590 0.00 0.00 0.00 0.00 0.00
 Mixed / non conventional 4.00 6.00 11.00 13.00 510.23 0.0 0.00 -34.0 -731.298 354.590 0.00 0.00 0.00 0.00 0.00
 Mixed / non conventional 4.00 6.00 13.00 15.00 392.86 0.0 0.00 59.3 -255.943 354.590 0.00 0.00 0.00 0.00 0.00
 Mixed / non conventional 4.00 6.00 15.00 17.00 225.83 0.0 0.00 -34.4 -79.222 354.590 0.00 0.00 0.00 0.00 0.00
 Mixed / non conventional 4.00 6.00 17.00 19.00 160.96 0.0 0.00 -45.8 -33.879 354.590 0.00 0.00 0.00 0.00 0.00
 Mixed / non conventional 4.00 6.00 19.00 21.00 194.60 0.1 0.00 -21.8 -26.503 354.590 0.00 0.00 0.00 0.00 0.00
 Mixed / non conventional 4.00 6.00 21.00 23.00 159.95 0.0 0.00 27.5 -14.905 354.590 0.00 0.00 0.00 0.00 0.00
 Mixed / non conventional 4.00 6.00 23.00 25.00 54.98 0.3 0.00 -37.5 -3.660 354.590 0.00 0.00 0.00 0.00 0.00
 Mixed / non conventional 4.00 6.00 25.00 27.00 38.32 0.4 0.00 -24.6 -1.885 354.590 0.00 0.00 0.00 0.00 0.00
 Mixed / non conventional 4.00 6.00 27.00 29.00 29.55 0.7 0.00 53.1 -1.105 354.590 0.00 0.00 0.00 0.00 0.00
 Mixed / non conventional 4.00 7.00 10.00 13.00 434.81 0.0 0.00 -23.6 -2349.071 305.503 0.00 0.00 0.00 0.00 0.00
 Mixed / non conventional 4.00 7.00 13.00 16.00 385.58 0.0 0.00 50.1 -520.776 305.503 0.00 0.00 0.00 0.00 0.00
 Mixed / non conventional 4.00 7.00 16.00 19.00 183.68 0.0 0.00 -71.8 -99.232 305.503 0.00 0.00 0.00 0.00 0.00
 Mixed / non conventional 4.00 7.00 19.00 22.00 216.48 0.0 0.00 -37.7 -58.477 305.503 0.00 0.00 0.00 0.00 0.00
 Mixed / non conventional 4.00 7.00 22.00 25.00 85.43 0.0 0.00 5.6 -13.186 305.503 0.00 0.00 0.00 0.00 0.00
 Mixed / non conventional 4.00 7.00 25.00 28.00 39.79 0.1 0.00 32.9 -3.839 305.503 0.00 0.00 0.00 0.00 0.00
 Mixed / non conventional 4.00 7.00 28.00 31.00 30.06 0.3 0.00 -49.8 -1.933 305.503 0.00 0.00 0.00 0.00 0.00
 Mixed / non conventional 4.00 7.00 31.00 34.00 31.15 0.5 0.00 -74.0 -1.402 305.503 0.00 0.00 0.00 0.00 0.00
 Mixed / non conventional 4.00 7.00 34.00 37.00 30.39 0.4 0.00 38.4 -0.995 305.503 0.00 0.00 0.00 0.00 0.00
 Mixed / non conventional 4.00 7.00 37.00 40.00 27.83 1.6 0.00 93.2 -0.684 305.503 0.00 0.00 0.00 0.00 0.00
 Mixed / non conventional 4.00 7.00 11.00 14.00 511.72 0.0 0.00 17.6 -1602.937 306.161 0.00 0.00 0.00 0.00 0.00
 Mixed / non conventional 4.00 7.00 14.00 17.00 285.58 0.0 0.00 -27.0 -275.251 306.161 0.00 0.00 0.00 0.00 0.00
 Mixed / non conventional 4.00 7.00 17.00 20.00 177.41 0.0 0.00 -72.8 -74.808 306.161 0.00 0.00 0.00 0.00 0.00
 Mixed / non conventional 4.00 7.00 20.00 23.00 208.81 0.0 0.00 32.1 -46.342 306.161 0.00 0.00 0.00 0.00 0.00
 Mixed / non conventional 4.00 7.00 23.00 26.00 56.46 0.2 0.00 -19.5 -7.404 306.161 0.00 0.00 0.00 0.00 0.00
 Mixed / non conventional 4.00 7.00 26.00 29.00 34.81 0.3 0.00 11.0 -2.921 306.161 0.00 0.00 0.00 0.00 0.00
 Mixed / non conventional 4.00 7.00 29.00 32.00 29.87 0.2 0.00 -42.0 -1.701 306.161 0.00 0.00 0.00 0.00 0.00
 Mixed / non conventional 4.00 7.00 32.00 35.00 31.31 0.4 0.00 -22.2 -1.265 306.161 0.00 0.00 0.00 0.00 0.00
 Mixed / non conventional 4.00 7.00 35.00 38.00 29.15 0.4 0.00 38.3 -0.866 306.161 0.00 0.00 0.00 0.00 0.00
 Mixed / non conventional 4.00 7.00 38.00 41.00 28.48 1.0 0.00 -33.3 -0.641 306.161 0.00 0.00 0.00 0.00 0.00
 Mixed / non conventional 4.00 7.00 12.00 15.00 453.30 0.0 0.00 65.8 -904.919 306.608 0.00 0.00 0.00 0.00 0.00
 Mixed / non conventional 4.00 7.00 15.00 18.00 227.55 0.0 0.00 -12.2 -162.234 306.608 0.00 0.00 0.00 0.00 0.00
 Mixed / non conventional 4.00 7.00 18.00 21.00 199.27 0.0 0.00 -90.6 -66.857 306.608 0.00 0.00 0.00 0.00 0.00
 Mixed / non conventional 4.00 7.00 21.00 24.00 147.39 0.0 0.00 -8.8 -27.198 306.608 0.00 0.00 0.00 0.00 0.00
 Mixed / non conventional 4.00 7.00 24.00 27.00 46.27 0.3 0.00 -25.8 -5.198 306.608 0.00 0.00 0.00 0.00 0.00
 Mixed / non conventional 4.00 7.00 27.00 30.00 32.09 0.4 0.00 25.5 -2.357 306.608 0.00 0.00 0.00 0.00 0.00
 Mixed / non conventional 4.00 7.00 30.00 33.00 29.00 0.8 0.00 -125.1 -1.469 306.608 0.00 0.00 0.00 0.00 0.00
 Mixed / non conventional 4.00 7.00 33.00 36.00 31.05 1.3 0.00 76.9 -1.130 306.608 0.00 0.00 0.00 0.00 0.00
 Mixed / non conventional 4.00 7.00 36.00 39.00 27.86 1.2 0.00 107.9 -0.753 306.608 0.00 0.00 0.00 0.00 0.00
 Mixed / non conventional 4.00 7.00 39.00 42.00 29.15 4.7 0.00 -142.5 -0.602 306.608 0.00 0.00 0.00 0.00 0.00
 Mixed / non conventional 4.00 9.00 14.00 19.00 374.75 0.1 0.00 -72.2 -957.962 240.920 0.00 0.00 0.00 0.00 0.00
 Mixed / non conventional 4.00 9.00 19.00 24.00 268.27 0.0 0.00 -30.9 -171.442 240.920 0.00 0.00 0.00 0.00 0.00
 Mixed / non conventional 4.00 9.00 24.00 29.00 62.29 0.2 0.00 27.1 -15.922 240.920 0.00 0.00 0.00 0.00 0.00
 Mixed / non conventional 4.00 9.00 29.00 34.00 44.30 0.6 0.00 -119.6 -5.662 240.920 0.00 0.00 0.00 0.00 0.00
 Mixed / non conventional 4.00 9.00 34.00 39.00 41.66 1.0 0.00 152.1 -3.043 240.920 0.00 0.00 0.00 0.00 0.00
 Mixed / non conventional 4.00 9.00 39.00 44.00 41.34 1.5 0.00 -192.0 -1.887 240.920 0.00 0.00 0.00 0.00 0.00
 Mixed / non conventional 4.00 9.00 15.00 20.00 314.70 0.1 0.00 -106.7 -572.937 241.594 0.00 0.00 0.00 0.00 0.00
 Mixed / non conventional 4.00 9.00 20.00 25.00 244.51 0.1 0.00 -5.6 -127.186 241.594 0.00 0.00 0.00 0.00 0.00
 Mixed / non conventional 4.00 9.00 25.00 30.00 54.67 0.4 0.00 1.4 -12.032 241.594 0.00 0.00 0.00 0.00 0.00
 Mixed / non conventional 4.00 9.00 30.00 35.00 44.32 0.2 0.00 -36.1 -5.034 241.594 0.00 0.00 0.00 0.00 0.00
 Mixed / non conventional 4.00 9.00 35.00 40.00 40.49 0.4 0.00 76.8 -2.683 241.594 0.00 0.00 0.00 0.00 0.00
 Mixed / non conventional 4.00 9.00 40.00 45.00 41.96 2.0 0.00 -208.7 -1.763 241.594 0.00 0.00 0.00 0.00 0.00
 Mixed / non conventional 4.00 9.00 16.00 21.00 280.11 0.0 0.00 -93.5 -377.954 242.131 0.00 0.00 0.00 0.00 0.00
 Mixed / non conventional 4.00 9.00 21.00 26.00 174.52 0.0 0.00 7.4 -74.926 242.131 0.00 0.00 0.00 0.00 0.00
 Mixed / non conventional 4.00 9.00 26.00 31.00 49.11 0.1 0.00 -34.9 -9.372 242.131 0.00 0.00 0.00 0.00 0.00
 Mixed / non conventional 4.00 9.00 31.00 36.00 44.42 0.3 0.00 -29.8 -4.503 242.131 0.00 0.00 0.00 0.00 0.00
 Mixed / non conventional 4.00 9.00 36.00 41.00 39.81 0.4 0.00 17.1 -2.400 242.131 0.00 0.00 0.00 0.00 0.00
 Mixed / non conventional 4.00 9.00 41.00 46.00 41.80 1.4 0.00 -132.9 -1.620 242.131 0.00 0.00 0.00 0.00 0.00
 Mixed / non conventional 4.00 9.00 17.00 22.00 284.24 0.0 0.00 -83.0 -293.216 242.675 0.00 0.00 0.00 0.00 0.00
 Mixed / non conventional 4.00 9.00 22.00 27.00 106.86 0.0 0.00 -19.2 -38.342 242.675 0.00 0.00 0.00 0.00 0.00
 Mixed / non conventional 4.00 9.00 27.00 32.00 45.87 0.1 0.00 11.1 -7.641 242.675 0.00 0.00 0.00 0.00 0.00
 Mixed / non conventional 4.00 9.00 32.00 37.00 43.93 0.1 0.00 -38.6 -3.992 242.675 0.00 0.00 0.00 0.00 0.00
 Mixed / non conventional 4.00 9.00 37.00 42.00 39.83 0.2 0.00 -28.7 -2.191 242.675 0.00 0.00 0.00 0.00 0.00
 Mixed / non conventional 4.00 9.00 42.00 47.00 41.03 0.6 0.00 -113.9 -1.469 242.675 0.00 0.00 0.00 0.00 0.00
 Mixed / non conventional 4.00 9.00 18.00 23.00 282.24 0.0 0.00 -63.0 -227.783 242.796 0.00 0.00 0.00 0.00 0.00
 Mixed / non conventional 4.00 9.00 23.00 28.00 74.54 0.0 0.00 -5.0 -22.559 242.796 0.00 0.00 0.00 0.00 0.00
 Mixed / non conventional 4.00 9.00 28.00 33.00 44.24 0.2 0.00 -156.6 -6.464 242.796 0.00 0.00 0.00 0.00 0.00
 Mixed / non conventional 4.00 9.00 33.00 38.00 42.83 0.5 0.00 127.3 -3.497 242.796 0.00 0.00 0.00 0.00 0.00
 Mixed / non conventional 4.00 9.00 38.00 43.00 40.78 0.3 0.00 -113.8 -2.049 242.796 0.00 0.00 0.00 0.00 0.00
 Mixed / non conventional 4.00 10.00 16.00 22.00 307.50 0.0 0.00 -109.3 -796.883 293.090 0.00 0.00 0.00 0.00 0.00
 Mixed / non conventional 4.00 10.00 22.00 28.00 110.91 0.0 0.00 37.4 -71.856 293.090 0.00 0.00 0.00 0.00 0.00
 Mixed / non conventional 4.00 10.00 28.00 34.00 48.41 0.2 0.00 -123.4 -12.546 293.090 0.00 0.00 0.00 0.00 0.00
 Mixed / non conventional 4.00 10.00 34.00 40.00 44.76 0.2 0.00 132.0 -5.800 293.090 0.00 0.00 0.00 0.00 0.00
 Mixed / non conventional 4.00 10.00 40.00 46.00 44.58 0.7 0.00 -203.9 -3.301 293.090 0.00 0.00 0.00 0.00 0.00
 Mixed / non conventional 4.00 10.00 17.00 23.00 299.12 0.0 0.00 -40.6 -582.937 294.053 0.00 0.00 0.00 0.00 0.00
 Mixed / non conventional 4.00 10.00 23.00 29.00 78.31 0.0 0.00 -8.8 -42.735 294.053 0.00 0.00 0.00 0.00 0.00
 Mixed / non conventional 4.00 10.00 29.00 35.00 48.14 0.1 0.00 -63.8 -11.016 294.053 0.00 0.00 0.00 0.00 0.00
 Mixed / non conventional 4.00 10.00 35.00 41.00 43.63 0.4 0.00 5.6 -5.126 294.053 0.00 0.00 0.00 0.00 0.00
 Mixed / non conventional 4.00 10.00 41.00 47.00 44.12 1.0 0.00 -164.9 -3.014 294.053 0.00 0.00 0.00 0.00 0.00
 Mixed / non conventional 4.00 10.00 18.00 24.00 288.89 0.1 0.00 -98.9 -435.005 294.345 0.00 0.00 0.00 0.00 0.00
 Mixed / non conventional 4.00 10.00 24.00 30.00 66.24 0.1 0.00 -0.9 -30.689 294.345 0.00 0.00 0.00 0.00 0.00
 Mixed / non conventional 4.00 10.00 30.00 36.00 47.94 0.1 0.00 -47.9 -9.717 294.345 0.00 0.00 0.00 0.00 0.00
 Mixed / non conventional 4.00 10.00 36.00 42.00 43.57 0.2 0.00 -34.0 -4.648 294.345 0.00 0.00 0.00 0.00 0.00
 Mixed / non conventional 4.00 10.00 19.00 25.00 272.93 0.0 0.00 -33.2 -325.244 294.821 0.00 0.00 0.00 0.00 0.00
 Mixed / non conventional 4.00 10.00 25.00 31.00 58.45 0.1 0.00 -16.8 -23.218 294.821 0.00 0.00 0.00 0.00 0.00
 Mixed / non conventional 4.00 10.00 31.00 37.00 47.74 0.2 0.00 -35.1 -8.619 294.821 0.00 0.00 0.00 0.00 0.00
 Mixed / non conventional 4.00 10.00 37.00 43.00 43.82 0.3 0.00 -58.7 -4.260 294.821 0.00 0.00 0.00 0.00 0.00
 Mixed / non conventional 4.00 10.00 20.00 26.00 248.64 0.1 0.00 12.4 -238.845 295.075 0.00 0.00 0.00 0.00 0.00
 Mixed / non conventional 4.00 10.00 26.00 32.00 53.19 0.1 0.00 -31.3 -18.248 295.075 0.00 0.00 0.00 0.00 0.00
 Mixed / non conventional 4.00 10.00 32.00 38.00 46.97 0.2 0.00 16.5 -7.583 295.075 0.00 0.00 0.00 0.00 0.00
 Mixed / non conventional 4.00 10.00 38.00 44.00 44.07 0.9 0.00 -133.8 -3.913 295.075 0.00 0.00 0.00 0.00 0.00
 Mixed / non conventional 4.00 10.00 21.00 27.00 178.15 0.1 0.00 -34.4 -140.218 295.417 0.00 0.00 0.00 0.00 0.00
 Mixed / non conventional 4.00 10.00 27.00 33.00 50.09 0.1 0.00 -99.9 -14.955 295.417 0.00 0.00 0.00 0.00 0.00
 Mixed / non conventional 4.00 10.00 33.00 39.00 45.86 0.3 0.00 184.9 -6.650 295.417 0.00 0.00 0.00 0.00 0.00
 Mixed / non conventional 4.00 10.00 39.00 45.00 44.23 0.7 0.00 -228.2 -3.598 295.417 0.00 0.00 0.00 0.00 0.00
 Mixed / non conventional 5.00 6.00 7.00 8.00 457.82 0.0 0.00 80.5 -5106.739 210.255 0.00 0.00 0.00 0.00 0.00
 Mixed / non conventional 5.00 6.00 8.00 9.00 580.95 0.0 0.00 46.8 -1620.027 210.255 0.00 0.00 0.00 0.00 0.00
 Mixed / non conventional 5.00 6.00 9.00 10.00 632.63 0.5 0.00 504.4 -705.660 210.255 0.00 0.00 0.00 0.00 0.00
 Mixed / non conventional 5.00 6.00 10.00 11.00 357.92 2.0 0.00 -744.9 -199.621 210.255 0.00 0.00 0.00 0.00 0.00
 Mixed / non conventional 5.00 6.00 11.00 12.00 531.53 0.0 0.00 -47.0 -299.656 371.934 0.00 0.00 0.00 0.00 0.00
 Mixed / non conventional 5.00 6.00 12.00 13.00 480.93 0.0 0.00 3.5 -169.458 371.934 0.00 0.00 0.00 0.00 0.00
 Mixed / non conventional 5.00 6.00 13.00 14.00 455.83 0.1 0.00 49.9 -107.075 371.934 0.00 0.00 0.00 0.00 0.00
 Mixed / non conventional 5.00 6.00 14.00 15.00 324.51 0.0 0.00 6.8 -53.359 371.934 0.00 0.00 0.00 0.00 0.00
 Mixed / non conventional 5.00 6.00 15.00 16.00 270.92 0.0 0.00 -8.0 -32.399 371.934 0.00 0.00 0.00 0.00 0.00
 Mixed / non conventional 5.00 6.00 16.00 17.00 185.80 0.1 0.00 -26.2 -16.664 371.934 0.00 0.00 0.00 0.00 0.00
 Mixed / non conventional 5.00 7.00 9.00 11.00 546.98 0.0 0.00 -231.7 -4584.785 315.993 0.00 0.00 0.00 0.00 0.00
 Mixed / non conventional 5.00 7.00 11.00 13.00 525.49 0.0 0.00 -40.4 -1101.162 315.993 0.00 0.00 0.00 0.00 0.00
 Mixed / non conventional 5.00 7.00 13.00 15.00 426.52 0.0 0.00 56.8 -357.509 315.993 0.00 0.00 0.00 0.00 0.00
 Mixed / non conventional 5.00 7.00 15.00 17.00 254.36 0.0 0.00 -34.4 -106.600 315.993 0.00 0.00 0.00 0.00 0.00
 Mixed / non conventional 5.00 7.00 17.00 19.00 184.69 0.0 0.00 -45.2 -44.230 315.993 0.00 0.00 0.00 0.00 0.00
 Mixed / non conventional 5.00 7.00 19.00 21.00 226.42 0.0 0.00 -21.8 -33.889 315.993 0.00 0.00 0.00 0.00 0.00
 Mixed / non conventional 5.00 7.00 21.00 23.00 189.21 0.1 0.00 26.8 -18.881 315.993 0.00 0.00 0.00 0.00 0.00
 Mixed / non conventional 5.00 7.00 23.00 25.00 65.62 0.2 0.00 -37.8 -4.583 315.993 0.00 0.00 0.00 0.00 0.00
 Mixed / non conventional 5.00 7.00 25.00 27.00 45.59 0.4 0.00 -23.3 -2.316 315.993 0.00 0.00 0.00 0.00 0.00
 Mixed / non conventional 5.00 7.00 27.00 29.00 35.38 1.1 0.00 52.4 -1.348 315.993 0.00 0.00 0.00 0.00 0.00
 Mixed / non conventional 5.00 7.00 10.00 12.00 420.21 0.0 0.00 -406.4 -1614.168 316.784 0.00 0.00 0.00 0.00 0.00
 Mixed / non conventional 5.00 7.00 12.00 14.00 493.30 0.0 0.00 55.3 -631.650 316.784 0.00 0.00 0.00 0.00 0.00
 Mixed / non conventional 5.00 7.00 14.00 16.00 324.36 0.1 0.00 -1.2 -188.787 316.784 0.00 0.00 0.00 0.00 0.00
 Mixed / non conventional 5.00 7.00 16.00 18.00 193.95 0.0 0.00 -4.2 -60.783 316.784 0.00 0.00 0.00 0.00 0.00
 Mixed / non conventional 5.00 7.00 18.00 20.00 188.47 0.1 0.00 -94.2 -35.440 316.784 0.00 0.00 0.00 0.00 0.00
 Mixed / non conventional 5.00 7.00 20.00 22.00 255.43 0.0 0.00 -10.0 -31.078 316.784 0.00 0.00 0.00 0.00 0.00
 Mixed / non conventional 5.00 7.00 22.00 24.00 104.48 0.1 0.00 6.7 -8.698 316.784 0.00 0.00 0.00 0.00 0.00
 Mixed / non conventional 5.00 7.00 24.00 26.00 53.19 0.5 0.00 16.3 -3.163 316.784 0.00 0.00 0.00 0.00 0.00
 Mixed / non conventional 5.00 7.00 26.00 28.00 39.58 0.6 0.00 14.2 -1.740 316.784 0.00 0.00 0.00 0.00 0.00
 Mixed / non conventional 5.00 7.00 28.00 30.00 32.44 0.5 0.00 -31.2 -1.083 316.784 0.00 0.00 0.00 0.00 0.00
 Mixed / non conventional 5.00 8.00 11.00 14.00 634.65 0.0 0.00 10.8 -3295.049 293.597 0.00 0.00 0.00 0.00 0.00
 Mixed / non conventional 5.00 8.00 14.00 17.00 381.36 0.0 0.00 -28.2 -494.994 293.597 0.00 0.00 0.00 0.00 0.00
 Mixed / non conventional 5.00 8.00 17.00 20.00 242.35 0.0 0.00 -72.3 -125.826 293.597 0.00 0.00 0.00 0.00 0.00
 Mixed / non conventional 5.00 8.00 20.00 23.00 287.83 0.1 0.00 31.8 -74.719 293.597 0.00 0.00 0.00 0.00 0.00
 Mixed / non conventional 5.00 8.00 23.00 26.00 78.32 0.1 0.00 -18.8 -11.618 293.597 0.00 0.00 0.00 0.00 0.00
 Mixed / non conventional 5.00 8.00 26.00 29.00 48.81 0.2 0.00 10.7 -4.526 293.597 0.00 0.00 0.00 0.00 0.00
 Mixed / non conventional 5.00 8.00 29.00 32.00 41.41 0.2 0.00 -41.3 -2.560 293.597 0.00 0.00 0.00 0.00 0.00
 Mixed / non conventional 5.00 8.00 32.00 35.00 43.47 0.4 0.00 -22.0 -1.881 293.597 0.00 0.00 0.00 0.00 0.00
 Mixed / non conventional 5.00 8.00 35.00 38.00 39.81 0.4 0.00 38.3 -1.253 293.597 0.00 0.00 0.00 0.00 0.00
 Mixed / non conventional 5.00 8.00 38.00 41.00 38.53 1.1 0.00 -33.1 -0.909 293.597 0.00 0.00 0.00 0.00 0.00
 Mixed / non conventional 5.00 8.00 12.00 15.00 582.64 0.0 0.00 62.1 -1759.581 295.172 0.00 0.00 0.00 0.00 0.00
 Mixed / non conventional 5.00 8.00 15.00 18.00 308.18 0.0 0.00 -12.6 -286.373 295.172 0.00 0.00 0.00 0.00 0.00
 Mixed / non conventional 5.00 8.00 18.00 21.00 271.88 0.0 0.00 -89.2 -110.531 295.172 0.00 0.00 0.00 0.00 0.00
 Mixed / non conventional 5.00 8.00 21.00 24.00 203.65 0.0 0.00 -8.6 -43.575 295.172 0.00 0.00 0.00 0.00 0.00
 Mixed / non conventional 5.00 8.00 24.00 27.00 64.46 0.1 0.00 -25.5 -8.150 295.172 0.00 0.00 0.00 0.00 0.00
 Mixed / non conventional 5.00 8.00 27.00 30.00 44.63 0.6 0.00 25.4 -3.611 295.172 0.00 0.00 0.00 0.00 0.00
 Mixed / non conventional 5.00 8.00 30.00 33.00 41.93 0.9 0.00 -124.8 -2.302 295.172 0.00 0.00 0.00 0.00 0.00
 Mixed / non conventional 5.00 8.00 33.00 36.00 42.63 0.2 0.00 77.3 -1.661 295.172 0.00 0.00 0.00 0.00 0.00
 Mixed / non conventional 5.00 8.00 36.00 39.00 38.39 0.9 0.00 107.0 -1.100 295.172 0.00 0.00 0.00 0.00 0.00
 Mixed / non conventional 5.00 8.00 39.00 42.00 39.64 2.7 0.00 -141.3 -0.860 295.172 0.00 0.00 0.00 0.00 0.00
 Mixed / non conventional 5.00 8.00 13.00 16.00 505.59 0.0 0.00 49.3 -972.193 295.335 0.00 0.00 0.00 0.00 0.00
 Mixed / non conventional 5.00 8.00 16.00 19.00 250.27 0.0 0.00 -71.8 -171.874 295.335 0.00 0.00 0.00 0.00 0.00
 Mixed / non conventional 5.00 8.00 19.00 22.00 296.73 0.1 0.00 -37.0 -95.897 295.335 0.00 0.00 0.00 0.00 0.00
 Mixed / non conventional 5.00 8.00 22.00 25.00 118.33 0.0 0.00 3.9 -21.033 295.335 0.00 0.00 0.00 0.00 0.00
 Mixed / non conventional 5.00 8.00 25.00 28.00 55.43 0.1 0.00 33.4 -5.998 295.335 0.00 0.00 0.00 0.00 0.00
 Mixed / non conventional 5.00 8.00 28.00 31.00 41.95 0.1 0.00 -48.7 -2.967 295.335 0.00 0.00 0.00 0.00 0.00
 Mixed / non conventional 5.00 8.00 31.00 34.00 42.43 0.6 0.00 -73.5 -2.070 295.335 0.00 0.00 0.00 0.00 0.00
 Mixed / non conventional 5.00 8.00 34.00 37.00 41.84 0.4 0.00 39.1 -1.467 295.335 0.00 0.00 0.00 0.00 0.00
 Mixed / non conventional 5.00 8.00 37.00 40.00 37.49 0.6 0.00 92.2 -0.977 295.335 0.00 0.00 0.00 0.00 0.00
 Mixed / non conventional 5.00 8.00 40.00 43.00 39.78 2.8 0.00 -151.3 -0.791 295.335 0.00 0.00 0.00 0.00 0.00
 Mixed / non conventional 5.00 10.00 15.00 20.00 352.65 0.0 0.00 -106.1 -1111.946 297.177 0.00 0.00 0.00 0.00 0.00
 Mixed / non conventional 5.00 10.00 20.00 25.00 281.98 0.0 0.00 -6.5 -222.284 297.177 0.00 0.00 0.00 0.00 0.00
 Mixed / non conventional 5.00 10.00 25.00 30.00 63.71 0.0 0.00 2.4 -20.089 297.177 0.00 0.00 0.00 0.00 0.00
 Mixed / non conventional 5.00 10.00 30.00 35.00 51.38 0.0 0.00 -36.0 -8.100 297.177 0.00 0.00 0.00 0.00 0.00
 Mixed / non conventional 5.00 10.00 35.00 40.00 46.81 0.0 0.00 76.1 -4.217 297.177 0.00 0.00 0.00 0.00 0.00
 Mixed / non conventional 5.00 10.00 40.00 45.00 47.94 0.7 0.00 -207.9 -2.699 297.177 0.00 0.00 0.00 0.00 0.00
 Mixed / non conventional 5.00 10.00 16.00 21.00 314.77 0.0 0.00 -93.5 -714.269 301.120 0.00 0.00 0.00 0.00 0.00
 Mixed / non conventional 5.00 10.00 21.00 26.00 201.91 0.0 0.00 7.3 -130.903 301.120 0.00 0.00 0.00 0.00 0.00
 Mixed / non conventional 5.00 10.00 26.00 31.00 57.29 0.0 0.00 -34.7 -15.715 301.120 0.00 0.00 0.00 0.00 0.00
 Mixed / non conventional 5.00 10.00 31.00 36.00 51.41 0.1 0.00 -29.4 -7.278 301.120 0.00 0.00 0.00 0.00 0.00
 Mixed / non conventional 5.00 10.00 36.00 41.00 46.00 0.2 0.00 17.0 -3.799 301.120 0.00 0.00 0.00 0.00 0.00
 Mixed / non conventional 5.00 10.00 41.00 46.00 48.44 0.6 0.00 -132.5 -2.537 301.120 0.00 0.00 0.00 0.00 0.00
 Mixed / non conventional 5.00 10.00 17.00 22.00 321.14 0.0 0.00 -82.0 -534.026 298.408 0.00 0.00 0.00 0.00 0.00
 Mixed / non conventional 5.00 10.00 22.00 27.00 124.09 0.0 0.00 -19.4 -65.655 298.408 0.00 0.00 0.00 0.00 0.00
 Mixed / non conventional 5.00 10.00 27.00 32.00 53.53 0.1 0.00 11.0 -12.589 298.408 0.00 0.00 0.00 0.00 0.00
 Mixed / non conventional 5.00 10.00 32.00 37.00 50.91 0.1 0.00 -38.2 -6.360 298.408 0.00 0.00 0.00 0.00 0.00
 Mixed / non conventional 5.00 10.00 37.00 42.00 46.28 0.2 0.00 -28.8 -3.438 298.408 0.00 0.00 0.00 0.00 0.00
 Mixed / non conventional 5.00 10.00 42.00 47.00 47.52 0.3 0.00 -113.8 -2.269 298.408 0.00 0.00 0.00 0.00 0.00
 Mixed / non conventional 5.00 10.00 18.00 23.00 320.14 0.0 0.00 -62.6 -410.471 301.622 0.00 0.00 0.00 0.00 0.00
 Mixed / non conventional 5.00 10.00 23.00 28.00 86.61 0.1 0.00 -5.0 -38.626 301.622 0.00 0.00 0.00 0.00 0.00
 Mixed / non conventional 5.00 10.00 28.00 33.00 51.50 0.1 0.00 -155.7 -10.664 301.622 0.00 0.00 0.00 0.00 0.00
 Mixed / non conventional 5.00 10.00 33.00 38.00 49.65 0.6 0.00 127.3 -5.607 301.622 0.00 0.00 0.00 0.00 0.00
 Mixed / non conventional 5.00 10.00 38.00 43.00 47.51 0.9 0.00 -113.5 -3.248 301.622 0.00 0.00 0.00 0.00 0.00
 Mixed / non conventional 5.00 10.00 19.00 24.00 306.93 0.0 0.00 -31.1 -304.372 298.330 0.00 0.00 0.00 0.00 0.00
 Mixed / non conventional 5.00 10.00 24.00 29.00 72.63 0.0 0.00 26.2 -27.009 298.330 0.00 0.00 0.00 0.00 0.00
 Mixed / non conventional 5.00 10.00 29.00 34.00 51.25 0.1 0.00 -118.8 -9.201 298.330 0.00 0.00 0.00 0.00 0.00
 Mixed / non conventional 5.00 10.00 34.00 39.00 48.65 0.6 0.00 150.9 -4.880 298.330 0.00 0.00 0.00 0.00 0.00
 Mixed / non conventional 5.00 10.00 39.00 44.00 47.59 0.4 0.00 -190.8 -2.938 298.330 0.00 0.00 0.00 0.00 0.00
 Mixed / non conventional 5.00 11.00 17.00 23.00 291.36 0.0 0.00 -44.2 -906.008 351.689 0.00 0.00 0.00 0.00 0.00
 Mixed / non conventional 5.00 11.00 23.00 29.00 80.22 0.0 0.00 -9.1 -62.367 351.689 0.00 0.00 0.00 0.00 0.00
 Mixed / non conventional 5.00 11.00 29.00 35.00 49.78 0.0 0.00 -63.4 -15.480 351.689 0.00 0.00 0.00 0.00 0.00
 Mixed / non conventional 5.00 11.00 35.00 41.00 45.22 0.2 0.00 5.4 -7.031 351.689 0.00 0.00 0.00 0.00 0.00
 Mixed / non conventional 5.00 11.00 41.00 47.00 46.13 0.0 0.00 -164.8 -4.099 351.689 0.00 0.00 0.00 0.00 0.00
 Mixed / non conventional 5.00 11.00 18.00 24.00 285.11 0.0 0.00 -99.8 -665.649 352.273 0.00 0.00 0.00 0.00 0.00
 Mixed / non conventional 5.00 11.00 24.00 30.00 68.05 0.0 0.00 -1.0 -44.483 352.273 0.00 0.00 0.00 0.00 0.00
 Mixed / non conventional 5.00 11.00 30.00 36.00 49.54 0.0 0.00 -47.6 -13.581 352.273 0.00 0.00 0.00 0.00 0.00
 Mixed / non conventional 5.00 11.00 36.00 42.00 45.09 0.0 0.00 -34.1 -6.348 352.273 0.00 0.00 0.00 0.00 0.00
 Mixed / non conventional 5.00 11.00 19.00 25.00 272.74 0.1 0.00 -35.8 -492.456 352.953 0.00 0.00 0.00 0.00 0.00
 Mixed / non conventional 5.00 11.00 25.00 31.00 60.20 0.1 0.00 -15.8 -33.446 352.953 0.00 0.00 0.00 0.00 0.00
 Mixed / non conventional 5.00 11.00 31.00 37.00 49.38 0.1 0.00 -34.8 -12.002 352.953 0.00 0.00 0.00 0.00 0.00
 Mixed / non conventional 5.00 11.00 37.00 43.00 45.33 0.1 0.00 -59.0 -5.799 352.953 0.00 0.00 0.00 0.00 0.00
 Mixed / non conventional 5.00 11.00 20.00 26.00 251.17 0.0 0.00 11.2 -359.170 353.775 0.00 0.00 0.00 0.00 0.00
 Mixed / non conventional 5.00 11.00 26.00 32.00 54.85 0.1 0.00 -31.5 -26.145 353.775 0.00 0.00 0.00 0.00 0.00
 Mixed / non conventional 5.00 11.00 32.00 38.00 48.66 0.1 0.00 16.1 -10.544 353.775 0.00 0.00 0.00 0.00 0.00
 Mixed / non conventional 5.00 11.00 38.00 44.00 45.58 0.4 0.00 -133.8 -5.318 353.775 0.00 0.00 0.00 0.00 0.00
 Mixed / non conventional 5.00 11.00 21.00 27.00 181.20 0.0 0.00 -35.4 -208.972 354.253 0.00 0.00 0.00 0.00 0.00
 Mixed / non conventional 5.00 11.00 27.00 33.00 51.72 0.0 0.00 -100.4 -21.304 354.253 0.00 0.00 0.00 0.00 0.00
 Mixed / non conventional 5.00 11.00 33.00 39.00 47.72 0.2 0.00 183.5 -9.249 354.253 0.00 0.00 0.00 0.00 0.00
 Mixed / non conventional 5.00 11.00 39.00 45.00 46.16 0.6 0.00 -227.8 -4.921 354.253 0.00 0.00 0.00 0.00 0.00
 Mixed / non conventional 5.00 11.00 22.00 28.00 113.14 0.0 0.00 35.5 -106.791 354.261 0.00 0.00 0.00 0.00 0.00
 Mixed / non conventional 5.00 11.00 28.00 34.00 50.00 0.1 0.00 -122.5 -17.902 354.261 0.00 0.00 0.00 0.00 0.00
 Mixed / non conventional 5.00 11.00 34.00 40.00 46.60 0.2 0.00 130.5 -8.103 354.261 0.00 0.00 0.00 0.00 0.00
 Mixed / non conventional 5.00 11.00 40.00 46.00 46.72 0.0 0.00 -202.9 -4.558 354.261 0.00 0.00 0.00 0.00 0.00
 Mixed / non conventional 6.00 7.00 8.00 9.00 485.49 0.0 0.00 -14.2 -7518.970 291.930 0.00 0.00 0.00 0.00 0.00
 Mixed / non conventional 6.00 7.00 9.00 10.00 626.59 0.0 0.00 100.8 -2426.079 291.930 0.00 0.00 0.00 0.00 0.00
 Mixed / non conventional 6.00 7.00 10.00 11.00 359.02 0.0 0.00 -66.3 -556.035 291.930 0.00 0.00 0.00 0.00 0.00
 Mixed / non conventional 6.00 7.00 11.00 12.00 544.33 0.1 0.00 -241.8 -421.513 291.930 0.00 0.00 0.00 0.00 0.00
 Mixed / non conventional 6.00 7.00 12.00 13.00 514.84 0.0 0.00 -2.7 -227.816 291.930 0.00 0.00 0.00 0.00 0.00
 Mixed / non conventional 6.00 7.00 13.00 14.00 497.31 0.0 0.00 47.8 -137.537 291.930 0.00 0.00 0.00 0.00 0.00
 Mixed / non conventional 6.00 7.00 14.00 15.00 362.71 0.0 0.00 4.9 -66.875 291.930 0.00 0.00 0.00 0.00 0.00
 Mixed / non conventional 6.00 7.00 15.00 16.00 309.40 0.0 0.00 -7.9 -39.932 291.930 0.00 0.00 0.00 0.00 0.00
 Mixed / non conventional 6.00 7.00 16.00 17.00 215.24 0.0 0.00 -27.3 -20.203 291.930 0.00 0.00 0.00 0.00 0.00
 Mixed / non conventional 6.00 7.00 17.00 18.00 195.70 0.0 0.00 21.3 -13.777 291.930 0.00 0.00 0.00 0.00 0.00
 Mixed / non conventional 6.00 8.00 10.00 12.00 516.07 0.1 0.00 -299.4 -3737.659 273.037 0.00 0.00 0.00 0.00 0.00
 Mixed / non conventional 6.00 8.00 12.00 14.00 652.10 0.1 0.00 49.5 -1180.717 273.037 0.00 0.00 0.00 0.00 0.00
 Mixed / non conventional 6.00 8.00 14.00 16.00 449.07 0.1 0.00 -2.3 -325.242 273.037 0.00 0.00 0.00 0.00 0.00
 Mixed / non conventional 6.00 8.00 16.00 18.00 277.40 0.1 0.00 -5.4 -100.454 273.037 0.00 0.00 0.00 0.00 0.00
 Mixed / non conventional 6.00 8.00 18.00 20.00 269.24 0.1 0.00 -93.5 -55.714 273.037 0.00 0.00 0.00 0.00 0.00
 Mixed / non conventional 6.00 8.00 20.00 22.00 367.62 0.1 0.00 -9.8 -47.545 273.037 0.00 0.00 0.00 0.00 0.00
 Mixed / non conventional 6.00 8.00 22.00 24.00 151.03 0.0 0.00 6.2 -13.022 273.037 0.00 0.00 0.00 0.00 0.00
 Mixed / non conventional 6.00 8.00 24.00 26.00 77.55 0.2 0.00 16.2 -4.680 273.037 0.00 0.00 0.00 0.00 0.00
 Mixed / non conventional 6.00 8.00 26.00 28.00 57.69 0.1 0.00 13.6 -2.532 273.037 0.00 0.00 0.00 0.00 0.00
 Mixed / non conventional 6.00 8.00 28.00 30.00 48.09 0.5 0.00 -30.6 -1.583 273.037 0.00 0.00 0.00 0.00 0.00
 Mixed / non conventional 6.00 8.00 11.00 13.00 667.42 0.1 0.00 -195.5 -2214.629 273.642 0.00 0.00 0.00 0.00 0.00
 Mixed / non conventional 6.00 8.00 13.00 15.00 577.71 0.0 0.00 54.8 -638.987 273.642 0.00 0.00 0.00 0.00 0.00
 Mixed / non conventional 6.00 8.00 15.00 17.00 358.57 0.0 0.00 -34.3 -180.272 273.642 0.00 0.00 0.00 0.00 0.00
 Mixed / non conventional 6.00 8.00 17.00 19.00 264.77 0.0 0.00 -44.5 -71.678 273.642 0.00 0.00 0.00 0.00 0.00
 Mixed / non conventional 6.00 8.00 19.00 21.00 324.86 0.1 0.00 -21.9 -52.766 273.642 0.00 0.00 0.00 0.00 0.00
 Mixed / non conventional 6.00 8.00 21.00 23.00 272.77 0.1 0.00 26.0 -28.669 273.642 0.00 0.00 0.00 0.00 0.00
 Mixed / non conventional 6.00 8.00 23.00 25.00 94.33 0.1 0.00 -38.1 -6.784 273.642 0.00 0.00 0.00 0.00 0.00
 Mixed / non conventional 6.00 8.00 25.00 27.00 66.39 0.3 0.00 -22.0 -3.410 273.642 0.00 0.00 0.00 0.00 0.00
 Mixed / non conventional 6.00 8.00 27.00 29.00 51.42 0.8 0.00 51.7 -1.952 273.642 0.00 0.00 0.00 0.00 0.00
 Mixed / non conventional 6.00 8.00 29.00 31.00 46.77 0.6 0.00 -44.9 -1.350 273.642 0.00 0.00 0.00 0.00 0.00
 Mixed / non conventional 6.00 9.00 12.00 15.00 643.28 0.1 0.00 59.8 -2591.046 227.770 0.00 0.00 0.00 0.00 0.00
 Mixed / non conventional 6.00 9.00 15.00 18.00 368.31 0.1 0.00 -12.8 -370.870 227.770 0.00 0.00 0.00 0.00 0.00
 Mixed / non conventional 6.00 9.00 18.00 21.00 330.67 0.1 0.00 -88.1 -133.189 227.770 0.00 0.00 0.00 0.00 0.00
 Mixed / non conventional 6.00 9.00 21.00 24.00 252.19 0.1 0.00 -8.7 -50.789 227.770 0.00 0.00 0.00 0.00 0.00
 Mixed / non conventional 6.00 9.00 24.00 27.00 80.73 0.1 0.00 -25.3 -9.290 227.770 0.00 0.00 0.00 0.00 0.00
 Mixed / non conventional 6.00 9.00 27.00 30.00 56.00 0.2 0.00 25.2 -4.028 227.770 0.00 0.00 0.00 0.00 0.00
 Mixed / non conventional 6.00 9.00 30.00 33.00 51.70 0.3 0.00 -124.6 -2.479 227.770 0.00 0.00 0.00 0.00 0.00
 Mixed / non conventional 6.00 9.00 33.00 36.00 53.33 0.5 0.00 77.5 -1.790 227.770 0.00 0.00 0.00 0.00 0.00
 Mixed / non conventional 6.00 9.00 36.00 39.00 48.06 1.0 0.00 106.0 -1.173 227.770 0.00 0.00 0.00 0.00 0.00
 Mixed / non conventional 6.00 9.00 39.00 42.00 47.47 3.1 0.00 -140.4 -0.869 227.770 0.00 0.00 0.00 0.00 0.00
 Mixed / non conventional 6.00 9.00 13.00 16.00 575.75 0.1 0.00 50.0 -1346.505 228.580 0.00 0.00 0.00 0.00 0.00
 Mixed / non conventional 6.00 9.00 16.00 19.00 301.89 0.1 0.00 -71.3 -217.242 228.580 0.00 0.00 0.00 0.00 0.00
 Mixed / non conventional 6.00 9.00 19.00 22.00 363.00 0.1 0.00 -36.1 -114.282 228.580 0.00 0.00 0.00 0.00 0.00
 Mixed / non conventional 6.00 9.00 22.00 25.00 147.14 0.0 0.00 2.8 -24.381 228.580 0.00 0.00 0.00 0.00 0.00
 Mixed / non conventional 6.00 9.00 25.00 28.00 69.69 0.2 0.00 33.9 -6.824 228.580 0.00 0.00 0.00 0.00 0.00
 Mixed / non conventional 6.00 9.00 28.00 31.00 52.43 0.5 0.00 -47.8 -3.285 228.580 0.00 0.00 0.00 0.00 0.00
 Mixed / non conventional 6.00 9.00 31.00 34.00 52.87 0.9 0.00 -73.1 -2.248 228.580 0.00 0.00 0.00 0.00 0.00
 Mixed / non conventional 6.00 9.00 34.00 37.00 51.79 1.3 0.00 39.5 -1.563 228.580 0.00 0.00 0.00 0.00 0.00
 Mixed / non conventional 6.00 9.00 37.00 40.00 46.64 2.3 0.00 91.6 -1.035 228.580 0.00 0.00 0.00 0.00 0.00
 Mixed / non conventional 6.00 9.00 40.00 43.00 49.20 3.7 0.00 -150.3 -0.826 228.580 0.00 0.00 0.00 0.00 0.00
 Mixed / non conventional 6.00 9.00 14.00 17.00 446.44 0.0 0.00 -27.6 -665.744 229.035 0.00 0.00 0.00 0.00 0.00
 Mixed / non conventional 6.00 9.00 17.00 20.00 294.25 0.0 0.00 -71.5 -156.713 229.035 0.00 0.00 0.00 0.00 0.00
 Mixed / non conventional 6.00 9.00 20.00 23.00 354.88 0.0 0.00 31.6 -88.942 229.035 0.00 0.00 0.00 0.00 0.00
 Mixed / non conventional 6.00 9.00 23.00 26.00 97.74 0.1 0.00 -18.0 -13.473 229.035 0.00 0.00 0.00 0.00 0.00
 Mixed / non conventional 6.00 9.00 26.00 29.00 61.14 0.3 0.00 10.4 -5.130 229.035 0.00 0.00 0.00 0.00 0.00
 Mixed / non conventional 6.00 9.00 29.00 32.00 51.97 0.3 0.00 -40.5 -2.851 229.035 0.00 0.00 0.00 0.00 0.00
 Mixed / non conventional 6.00 9.00 32.00 35.00 53.45 0.0 0.00 -21.6 -2.022 229.035 0.00 0.00 0.00 0.00 0.00
 Mixed / non conventional 6.00 9.00 35.00 38.00 48.99 0.4 0.00 38.5 -1.332 229.035 0.00 0.00 0.00 0.00 0.00
 Mixed / non conventional 6.00 9.00 38.00 41.00 47.37 0.5 0.00 -32.8 -0.957 229.035 0.00 0.00 0.00 0.00 0.00
 Mixed / non conventional 6.00 9.00 41.00 44.00 51.97 0.6 0.00 -100.5 -0.801 229.035 0.00 0.00 0.00 0.00 0.00
 Mixed / non conventional 6.00 11.00 16.00 21.00 299.04 0.0 0.00 -94.9 -1013.504 319.423 0.00 0.00 0.00 0.00 0.00
 Mixed / non conventional 6.00 11.00 21.00 26.00 202.65 0.0 0.00 6.8 -171.703 319.423 0.00 0.00 0.00 0.00 0.00
 Mixed / non conventional 6.00 11.00 26.00 31.00 58.53 0.1 0.00 -34.7 -19.836 319.423 0.00 0.00 0.00 0.00 0.00
 Mixed / non conventional 6.00 11.00 31.00 36.00 52.71 0.1 0.00 -29.3 -8.932 319.423 0.00 0.00 0.00 0.00 0.00
 Mixed / non conventional 6.00 11.00 36.00 41.00 47.15 0.2 0.00 16.6 -4.565 319.423 0.00 0.00 0.00 0.00 0.00
 Mixed / non conventional 6.00 11.00 41.00 46.00 49.65 1.6 0.00 -132.5 -3.005 319.423 0.00 0.00 0.00 0.00 0.00
 Mixed / non conventional 6.00 11.00 17.00 22.00 308.39 0.0 0.00 -82.5 -743.656 319.995 0.00 0.00 0.00 0.00 0.00
 Mixed / non conventional 6.00 11.00 22.00 27.00 125.08 0.0 0.00 -20.2 -86.173 319.995 0.00 0.00 0.00 0.00 0.00
 Mixed / non conventional 6.00 11.00 27.00 32.00 54.68 0.1 0.00 10.5 -15.940 319.995 0.00 0.00 0.00 0.00 0.00
 Mixed / non conventional 6.00 11.00 32.00 37.00 52.10 0.1 0.00 -38.2 -7.838 319.995 0.00 0.00 0.00 0.00 0.00
 Mixed / non conventional 6.00 11.00 37.00 42.00 47.49 0.2 0.00 -29.3 -4.168 319.995 0.00 0.00 0.00 0.00 0.00
 Mixed / non conventional 6.00 11.00 42.00 47.00 48.72 0.1 0.00 -114.2 -2.711 319.995 0.00 0.00 0.00 0.00 0.00
 Mixed / non conventional 6.00 11.00 18.00 23.00 311.41 0.0 0.00 -63.1 -555.968 320.376 0.00 0.00 0.00 0.00 0.00
 Mixed / non conventional 6.00 11.00 23.00 28.00 87.70 0.0 0.00 -5.2 -49.818 320.376 0.00 0.00 0.00 0.00 0.00
 Mixed / non conventional 6.00 11.00 28.00 33.00 52.70 0.1 0.00 -155.1 -13.306 320.376 0.00 0.00 0.00 0.00 0.00
 Mixed / non conventional 6.00 11.00 33.00 38.00 50.97 0.2 0.00 126.9 -6.837 320.376 0.00 0.00 0.00 0.00 0.00
 Mixed / non conventional 6.00 11.00 38.00 43.00 48.43 0.3 0.00 -113.4 -3.863 320.376 0.00 0.00 0.00 0.00 0.00
 Mixed / non conventional 6.00 11.00 19.00 24.00 301.97 0.0 0.00 -31.5 -412.675 321.482 0.00 0.00 0.00 0.00 0.00
 Mixed / non conventional 6.00 11.00 24.00 29.00 73.72 0.0 0.00 25.8 -35.044 321.482 0.00 0.00 0.00 0.00 0.00
 Mixed / non conventional 6.00 11.00 29.00 34.00 52.33 0.0 0.00 -118.1 -11.548 321.482 0.00 0.00 0.00 0.00 0.00
 Mixed / non conventional 6.00 11.00 34.00 39.00 49.71 0.3 0.00 150.0 -5.984 321.482 0.00 0.00 0.00 0.00 0.00
 Mixed / non conventional 6.00 11.00 39.00 44.00 48.68 0.3 0.00 -189.8 -3.547 321.482 0.00 0.00 0.00 0.00 0.00
 Mixed / non conventional 6.00 11.00 20.00 25.00 280.91 0.0 0.00 -8.1 -299.724 320.987 0.00 0.00 0.00 0.00 0.00
 Mixed / non conventional 6.00 11.00 25.00 30.00 64.92 0.0 0.00 3.1 -25.976 320.987 0.00 0.00 0.00 0.00 0.00
 Mixed / non conventional 6.00 11.00 30.00 35.00 52.53 0.0 0.00 -36.2 -10.146 320.987 0.00 0.00 0.00 0.00 0.00
 Mixed / non conventional 6.00 11.00 35.00 40.00 48.05 0.1 0.00 75.1 -5.187 320.987 0.00 0.00 0.00 0.00 0.00
 Mixed / non conventional 6.00 11.00 40.00 45.00 49.33 0.4 0.00 -207.2 -3.277 320.987 0.00 0.00 0.00 0.00 0.00
 Mixed / non conventional 6.00 12.00 18.00 24.00 315.94 0.0 0.00 -97.9 -709.499 253.979 0.00 0.00 0.00 0.00 0.00
 Mixed / non conventional 6.00 12.00 24.00 30.00 77.23 0.1 0.00 -0.9 -43.361 253.979 0.00 0.00 0.00 0.00 0.00
 Mixed / non conventional 6.00 12.00 30.00 36.00 55.78 0.0 0.00 -47.3 -12.525 253.979 0.00 0.00 0.00 0.00 0.00
 Mixed / non conventional 6.00 12.00 36.00 42.00 50.43 0.1 0.00 -34.1 -5.662 253.979 0.00 0.00 0.00 0.00 0.00
 Mixed / non conventional 6.00 12.00 19.00 25.00 304.64 0.1 0.00 -35.7 -518.697 256.906 0.00 0.00 0.00 0.00 0.00
 Mixed / non conventional 6.00 12.00 25.00 31.00 68.35 0.1 0.00 -14.6 -32.587 256.906 0.00 0.00 0.00 0.00 0.00
 Mixed / non conventional 6.00 12.00 31.00 37.00 55.50 0.0 0.00 -34.2 -11.096 256.906 0.00 0.00 0.00 0.00 0.00
 Mixed / non conventional 6.00 12.00 37.00 43.00 50.79 0.2 0.00 -59.0 -5.214 256.906 0.00 0.00 0.00 0.00 0.00
 Mixed / non conventional 6.00 12.00 20.00 26.00 283.39 0.0 0.00 12.1 -372.957 257.261 0.00 0.00 0.00 0.00 0.00
 Mixed / non conventional 6.00 12.00 26.00 32.00 62.25 0.0 0.00 -31.1 -25.207 257.261 0.00 0.00 0.00 0.00 0.00
 Mixed / non conventional 6.00 12.00 32.00 38.00 54.69 0.1 0.00 16.3 -9.690 257.261 0.00 0.00 0.00 0.00 0.00
 Mixed / non conventional 6.00 12.00 38.00 44.00 51.19 0.3 0.00 -133.2 -4.773 257.261 0.00 0.00 0.00 0.00 0.00
 Mixed / non conventional 6.00 12.00 21.00 27.00 205.09 0.0 0.00 -34.5 -213.551 257.613 0.00 0.00 0.00 0.00 0.00
 Mixed / non conventional 6.00 12.00 27.00 33.00 58.47 0.0 0.00 -100.2 -20.294 257.613 0.00 0.00 0.00 0.00 0.00
 Mixed / non conventional 6.00 12.00 33.00 39.00 53.42 0.2 0.00 183.1 -8.428 257.613 0.00 0.00 0.00 0.00 0.00
 Mixed / non conventional 6.00 12.00 39.00 45.00 51.07 0.5 0.00 -226.5 -4.338 257.613 0.00 0.00 0.00 0.00 0.00
 Mixed / non conventional 6.00 12.00 22.00 28.00 128.21 0.1 0.00 34.9 -107.217 256.881 0.00 0.00 0.00 0.00 0.00
 Mixed / non conventional 6.00 12.00 28.00 34.00 56.47 0.1 0.00 -121.4 -16.865 256.881 0.00 0.00 0.00 0.00 0.00
 Mixed / non conventional 6.00 12.00 34.00 40.00 52.08 0.2 0.00 130.1 -7.319 256.881 0.00 0.00 0.00 0.00 0.00
 Mixed / non conventional 6.00 12.00 40.00 46.00 51.67 0.4 0.00 -201.8 -3.994 256.881 0.00 0.00 0.00 0.00 0.00
 Mixed / non conventional 6.00 12.00 23.00 29.00 90.93 0.0 0.00 -8.5 -62.558 258.222 0.00 0.00 0.00 0.00 0.00
 Mixed / non conventional 6.00 12.00 29.00 35.00 56.13 0.1 0.00 -62.7 -14.648 258.222 0.00 0.00 0.00 0.00 0.00
 Mixed / non conventional 6.00 12.00 35.00 41.00 50.70 0.1 0.00 5.5 -6.426 258.222 0.00 0.00 0.00 0.00 0.00
 Mixed / non conventional 6.00 12.00 41.00 47.00 52.07 1.0 0.00 -164.3 -3.703 258.222 0.00 0.00 0.00 0.00 0.00
 Mixed / non conventional 7.00 8.00 9.00 10.00 765.55 0.1 0.00 -73.6 -10190.555 250.914 0.00 0.00 0.00 0.00 0.00
 Mixed / non conventional 7.00 8.00 10.00 11.00 485.59 0.1 0.00 -5.6 -1615.963 250.914 0.00 0.00 0.00 0.00 0.00
 Mixed / non conventional 7.00 8.00 11.00 12.00 737.44 0.2 0.00 456.1 -981.634 250.914 0.00 0.00 0.00 0.00 0.00
 Mixed / non conventional 7.00 8.00 12.00 13.00 740.34 0.6 0.00 -674.3 -492.751 250.914 0.00 0.00 0.00 0.00 0.00
 Mixed / non conventional 7.00 8.00 13.00 14.00 734.67 0.1 0.00 42.4 -279.415 250.914 0.00 0.00 0.00 0.00 0.00
 Mixed / non conventional 7.00 8.00 14.00 15.00 552.47 0.0 0.00 2.3 -131.324 250.914 0.00 0.00 0.00 0.00 0.00
 Mixed / non conventional 7.00 8.00 15.00 16.00 479.88 0.1 0.00 -7.8 -76.047 250.914 0.00 0.00 0.00 0.00 0.00
 Mixed / non conventional 7.00 8.00 16.00 17.00 341.21 0.0 0.00 -28.0 -37.850 250.914 0.00 0.00 0.00 0.00 0.00
 Mixed / non conventional 7.00 8.00 17.00 18.00 316.48 0.1 0.00 20.6 -25.532 250.914 0.00 0.00 0.00 0.00 0.00
 Mixed / non conventional 7.00 8.00 18.00 19.00 317.54 0.1 0.00 -65.6 -19.213 250.914 0.00 0.00 0.00 0.00 0.00
 Mixed / non conventional 7.00 9.00 11.00 13.00 679.30 0.0 0.00 -211.0 -3662.718 203.271 0.00 0.00 0.00 0.00 0.00
 Mixed / non conventional 7.00 9.00 13.00 15.00 647.57 0.0 0.00 49.9 -872.908 203.271 0.00 0.00 0.00 0.00 0.00
 Mixed / non conventional 7.00 9.00 15.00 17.00 425.71 0.0 0.00 -34.8 -229.543 203.271 0.00 0.00 0.00 0.00 0.00
 Mixed / non conventional 7.00 9.00 17.00 19.00 321.96 0.0 0.00 -44.3 -86.800 203.271 0.00 0.00 0.00 0.00 0.00
 Mixed / non conventional 7.00 9.00 19.00 21.00 398.09 0.0 0.00 -22.2 -61.329 203.271 0.00 0.00 0.00 0.00 0.00
 Mixed / non conventional 7.00 9.00 21.00 23.00 337.52 0.0 0.00 25.1 -32.498 203.271 0.00 0.00 0.00 0.00 0.00
 Mixed / non conventional 7.00 9.00 23.00 25.00 118.03 0.1 0.00 -38.5 -7.576 203.271 0.00 0.00 0.00 0.00 0.00
 Mixed / non conventional 7.00 9.00 25.00 27.00 83.32 0.3 0.00 -20.9 -3.744 203.271 0.00 0.00 0.00 0.00 0.00
 Mixed / non conventional 7.00 9.00 27.00 29.00 65.09 0.6 0.00 50.9 -2.127 203.271 0.00 0.00 0.00 0.00 0.00
 Mixed / non conventional 7.00 9.00 29.00 31.00 59.35 0.5 0.00 -44.4 -1.454 203.271 0.00 0.00 0.00 0.00 0.00
 Mixed / non conventional 7.00 9.00 12.00 14.00 705.20 0.1 0.00 -349.5 -1741.538 203.657 0.00 0.00 0.00 0.00 0.00
 Mixed / non conventional 7.00 9.00 14.00 16.00 520.36 0.1 0.00 -3.1 -428.351 203.657 0.00 0.00 0.00 0.00 0.00
 Mixed / non conventional 7.00 9.00 16.00 18.00 335.11 0.0 0.00 -6.7 -125.389 203.657 0.00 0.00 0.00 0.00 0.00
 Mixed / non conventional 7.00 9.00 18.00 20.00 328.20 0.1 0.00 -92.5 -66.126 203.657 0.00 0.00 0.00 0.00 0.00
 Mixed / non conventional 7.00 9.00 20.00 22.00 453.54 0.1 0.00 -9.3 -54.827 203.657 0.00 0.00 0.00 0.00 0.00
 Mixed / non conventional 7.00 9.00 22.00 24.00 188.44 0.1 0.00 5.6 -14.740 203.657 0.00 0.00 0.00 0.00 0.00
 Mixed / non conventional 7.00 9.00 24.00 26.00 96.48 0.0 0.00 16.2 -5.164 203.657 0.00 0.00 0.00 0.00 0.00
 Mixed / non conventional 7.00 9.00 26.00 28.00 73.07 0.4 0.00 13.1 -2.793 203.657 0.00 0.00 0.00 0.00 0.00
 Mixed / non conventional 7.00 9.00 28.00 30.00 60.53 0.8 0.00 -30.0 -1.710 203.657 0.00 0.00 0.00 0.00 0.00
 Mixed / non conventional 7.00 9.00 30.00 32.00 58.70 1.0 0.00 -14.3 -1.261 203.657 0.00 0.00 0.00 0.00 0.00
 Mixed / non conventional 7.00 10.00 13.00 16.00 597.02 0.1 0.00 47.6 -2659.675 251.918 0.00 0.00 0.00 0.00 0.00
 Mixed / non conventional 7.00 10.00 16.00 19.00 335.24 0.1 0.00 -71.8 -373.370 251.918 0.00 0.00 0.00 0.00 0.00
 Mixed / non conventional 7.00 10.00 19.00 22.00 407.73 0.1 0.00 -36.9 -181.638 251.918 0.00 0.00 0.00 0.00 0.00
 Mixed / non conventional 7.00 10.00 22.00 25.00 168.08 0.1 0.00 0.9 -37.439 251.918 0.00 0.00 0.00 0.00 0.00
 Mixed / non conventional 7.00 10.00 25.00 28.00 80.55 0.1 0.00 33.8 -10.252 251.918 0.00 0.00 0.00 0.00 0.00
 Mixed / non conventional 7.00 10.00 28.00 31.00 60.53 0.0 0.00 -47.6 -4.815 251.918 0.00 0.00 0.00 0.00 0.00
 Mixed / non conventional 7.00 10.00 31.00 34.00 60.94 0.2 0.00 -73.5 -3.232 251.918 0.00 0.00 0.00 0.00 0.00
 Mixed / non conventional 7.00 10.00 34.00 37.00 58.97 0.3 0.00 39.1 -2.189 251.918 0.00 0.00 0.00 0.00 0.00
 Mixed / non conventional 7.00 10.00 37.00 40.00 53.64 0.5 0.00 90.1 -1.448 251.918 0.00 0.00 0.00 0.00 0.00
 Mixed / non conventional 7.00 10.00 40.00 43.00 54.47 6.0 0.00 -150.2 -1.103 251.918 0.00 0.00 0.00 0.00 0.00
 Mixed / non conventional 7.00 10.00 14.00 17.00 479.52 0.0 0.00 -29.1 -1236.521 252.037 0.00 0.00 0.00 0.00 0.00
 Mixed / non conventional 7.00 10.00 17.00 20.00 328.35 0.0 0.00 -71.7 -260.528 252.037 0.00 0.00 0.00 0.00 0.00
 Mixed / non conventional 7.00 10.00 20.00 23.00 401.72 0.0 0.00 30.1 -139.449 252.037 0.00 0.00 0.00 0.00 0.00
 Mixed / non conventional 7.00 10.00 23.00 26.00 111.99 0.1 0.00 -17.9 -20.461 252.037 0.00 0.00 0.00 0.00 0.00
 Mixed / non conventional 7.00 10.00 26.00 29.00 70.69 0.0 0.00 9.6 -7.631 252.037 0.00 0.00 0.00 0.00 0.00
 Mixed / non conventional 7.00 10.00 29.00 32.00 59.79 0.1 0.00 -40.4 -4.131 252.037 0.00 0.00 0.00 0.00 0.00
 Mixed / non conventional 7.00 10.00 32.00 35.00 61.27 0.2 0.00 -22.0 -2.873 252.037 0.00 0.00 0.00 0.00 0.00
 Mixed / non conventional 7.00 10.00 35.00 38.00 56.19 0.2 0.00 37.9 -1.870 252.037 0.00 0.00 0.00 0.00 0.00
 Mixed / non conventional 7.00 10.00 38.00 41.00 53.67 0.5 0.00 -33.1 -1.313 252.037 0.00 0.00 0.00 0.00 0.00
 Mixed / non conventional 7.00 10.00 41.00 44.00 58.21 1.5 0.00 -100.8 -1.078 252.037 0.00 0.00 0.00 0.00 0.00
 Mixed / non conventional 7.00 10.00 15.00 18.00 404.72 0.0 0.00 -12.9 -664.280 252.092 0.00 0.00 0.00 0.00 0.00
 Mixed / non conventional 7.00 10.00 18.00 21.00 368.79 0.0 0.00 -87.4 -216.185 252.092 0.00 0.00 0.00 0.00 0.00
 Mixed / non conventional 7.00 10.00 21.00 24.00 286.49 0.1 0.00 -9.3 -79.028 252.092 0.00 0.00 0.00 0.00 0.00
 Mixed / non conventional 7.00 10.00 24.00 27.00 92.84 0.0 0.00 -25.3 -14.085 252.092 0.00 0.00 0.00 0.00 0.00
 Mixed / non conventional 7.00 10.00 27.00 30.00 64.52 0.2 0.00 24.7 -5.958 252.092 0.00 0.00 0.00 0.00 0.00
 Mixed / non conventional 7.00 10.00 30.00 33.00 60.13 0.7 0.00 -124.7 -3.631 252.092 0.00 0.00 0.00 0.00 0.00
 Mixed / non conventional 7.00 10.00 33.00 36.00 60.74 0.3 0.00 77.6 -2.529 252.092 0.00 0.00 0.00 0.00 0.00
 Mixed / non conventional 7.00 10.00 36.00 39.00 54.71 0.4 0.00 104.7 -1.638 252.092 0.00 0.00 0.00 0.00 0.00
 Mixed / non conventional 7.00 10.00 39.00 42.00 55.83 2.8 0.00 -139.6 -1.241 252.092 0.00 0.00 0.00 0.00 0.00
 Mixed / non conventional 7.00 10.00 42.00 45.00 57.52 2.1 0.00 -87.5 -0.976 252.092 0.00 0.00 0.00 0.00 0.00
 Mixed / non conventional 7.00 12.00 17.00 22.00 336.59 0.0 0.00 -81.1 -825.816 231.237 0.00 0.00 0.00 0.00 0.00
 Mixed / non conventional 7.00 12.00 22.00 27.00 140.67 0.0 0.00 -20.6 -86.281 231.237 0.00 0.00 0.00 0.00 0.00
 Mixed / non conventional 7.00 12.00 27.00 32.00 61.54 0.0 0.00 10.2 -15.100 231.237 0.00 0.00 0.00 0.00 0.00
 Mixed / non conventional 7.00 12.00 32.00 37.00 58.19 0.1 0.00 -38.2 -7.139 231.237 0.00 0.00 0.00 0.00 0.00
 Mixed / non conventional 7.00 12.00 37.00 42.00 52.81 0.2 0.00 -29.7 -3.702 231.237 0.00 0.00 0.00 0.00 0.00
 Mixed / non conventional 7.00 12.00 42.00 47.00 53.63 0.3 0.00 -114.5 -2.350 231.237 0.00 0.00 0.00 0.00 0.00
 Mixed / non conventional 7.00 12.00 18.00 23.00 341.47 0.0 0.00 -62.8 -595.758 231.518 0.00 0.00 0.00 0.00 0.00
 Mixed / non conventional 7.00 12.00 23.00 28.00 98.74 0.0 0.00 -5.6 -49.220 231.518 0.00 0.00 0.00 0.00 0.00
 Mixed / non conventional 7.00 12.00 28.00 33.00 59.01 0.1 0.00 -154.8 -12.446 231.518 0.00 0.00 0.00 0.00 0.00
 Mixed / non conventional 7.00 12.00 33.00 38.00 56.67 0.2 0.00 126.3 -6.168 231.518 0.00 0.00 0.00 0.00 0.00
 Mixed / non conventional 7.00 12.00 38.00 43.00 53.47 0.2 0.00 -113.6 -3.395 231.518 0.00 0.00 0.00 0.00 0.00
 Mixed / non conventional 7.00 12.00 19.00 24.00 334.07 0.1 0.00 -31.8 -431.566 231.821 0.00 0.00 0.00 0.00 0.00
 Mixed / non conventional 7.00 12.00 24.00 29.00 83.19 0.1 0.00 25.1 -34.193 231.821 0.00 0.00 0.00 0.00 0.00
 Mixed / non conventional 7.00 12.00 29.00 34.00 58.76 0.2 0.00 -117.8 -10.735 231.821 0.00 0.00 0.00 0.00 0.00
 Mixed / non conventional 7.00 12.00 34.00 39.00 55.18 0.5 0.00 148.8 -5.356 231.821 0.00 0.00 0.00 0.00 0.00
 Mixed / non conventional 7.00 12.00 39.00 44.00 54.39 1.0 0.00 -189.3 -3.139 231.821 0.00 0.00 0.00 0.00 0.00
 Mixed / non conventional 7.00 12.00 20.00 25.00 313.86 0.0 0.00 -9.0 -309.590 232.044 0.00 0.00 0.00 0.00 0.00
 Mixed / non conventional 7.00 12.00 25.00 30.00 73.25 0.1 0.00 3.9 -25.131 232.044 0.00 0.00 0.00 0.00 0.00
 Mixed / non conventional 7.00 12.00 30.00 35.00 58.74 0.1 0.00 -36.2 -9.357 232.044 0.00 0.00 0.00 0.00 0.00
 Mixed / non conventional 7.00 12.00 35.00 40.00 53.22 0.2 0.00 74.3 -4.624 232.044 0.00 0.00 0.00 0.00 0.00
 Mixed / non conventional 7.00 12.00 40.00 45.00 54.05 0.8 0.00 -206.8 -2.842 232.044 0.00 0.00 0.00 0.00 0.00
 Mixed / non conventional 7.00 12.00 21.00 26.00 227.20 0.0 0.00 6.6 -175.509 232.398 0.00 0.00 0.00 0.00 0.00
 Mixed / non conventional 7.00 12.00 26.00 31.00 65.94 0.1 0.00 -34.9 -19.103 232.398 0.00 0.00 0.00 0.00 0.00
 Mixed / non conventional 7.00 12.00 31.00 36.00 58.81 0.2 0.00 -29.3 -8.225 232.398 0.00 0.00 0.00 0.00 0.00
 Mixed / non conventional 7.00 12.00 36.00 41.00 52.25 0.2 0.00 16.1 -4.083 232.398 0.00 0.00 0.00 0.00 0.00
 Mixed / non conventional 7.00 12.00 41.00 46.00 55.23 0.9 0.00 -132.5 -2.656 232.398 0.00 0.00 0.00 0.00 0.00
 Mixed / non conventional 7.00 13.00 19.00 25.00 312.33 0.0 0.00 -38.3 -826.648 299.336 0.00 0.00 0.00 0.00 0.00
 Mixed / non conventional 7.00 13.00 25.00 31.00 72.45 0.0 0.00 -14.1 -47.942 299.336 0.00 0.00 0.00 0.00 0.00
 Mixed / non conventional 7.00 13.00 31.00 37.00 58.88 0.1 0.00 -34.5 -15.583 299.336 0.00 0.00 0.00 0.00 0.00
 Mixed / non conventional 7.00 13.00 37.00 43.00 53.71 0.1 0.00 -59.8 -7.108 299.336 0.00 0.00 0.00 0.00 0.00
 Mixed / non conventional 7.00 13.00 20.00 26.00 294.52 0.0 0.00 10.6 -586.778 300.611 0.00 0.00 0.00 0.00 0.00
 Mixed / non conventional 7.00 13.00 26.00 32.00 65.97 0.0 0.00 -31.5 -36.802 300.611 0.00 0.00 0.00 0.00 0.00
 Mixed / non conventional 7.00 13.00 32.00 38.00 58.00 0.0 0.00 15.5 -13.568 300.611 0.00 0.00 0.00 0.00 0.00
 Mixed / non conventional 7.00 13.00 38.00 44.00 54.01 0.6 0.00 -133.6 -6.488 300.611 0.00 0.00 0.00 0.00 0.00
 Mixed / non conventional 7.00 13.00 21.00 27.00 214.88 0.0 0.00 -35.6 -330.987 301.097 0.00 0.00 0.00 0.00 0.00
 Mixed / non conventional 7.00 13.00 27.00 33.00 62.06 0.0 0.00 -100.9 -29.413 301.097 0.00 0.00 0.00 0.00 0.00
 Mixed / non conventional 7.00 13.00 33.00 39.00 56.72 0.1 0.00 181.5 -11.760 301.097 0.00 0.00 0.00 0.00 0.00
 Mixed / non conventional 7.00 13.00 39.00 45.00 54.11 0.4 0.00 -226.4 -5.905 301.097 0.00 0.00 0.00 0.00 0.00
 Mixed / non conventional 7.00 13.00 22.00 28.00 135.03 0.0 0.00 33.0 -163.213 299.032 0.00 0.00 0.00 0.00 0.00
 Mixed / non conventional 7.00 13.00 28.00 34.00 59.93 0.0 0.00 -121.2 -24.145 299.032 0.00 0.00 0.00 0.00 0.00
 Mixed / non conventional 7.00 13.00 34.00 40.00 55.36 0.2 0.00 128.7 -10.138 299.032 0.00 0.00 0.00 0.00 0.00
 Mixed / non conventional 7.00 13.00 40.00 46.00 54.84 0.3 0.00 -201.8 -5.408 299.032 0.00 0.00 0.00 0.00 0.00
 Mixed / non conventional 7.00 13.00 23.00 29.00 96.05 0.0 0.00 -9.0 -94.138 301.067 0.00 0.00 0.00 0.00 0.00
 Mixed / non conventional 7.00 13.00 29.00 35.00 59.45 0.0 0.00 -62.9 -20.809 301.067 0.00 0.00 0.00 0.00 0.00
 Mixed / non conventional 7.00 13.00 35.00 41.00 53.81 0.0 0.00 4.7 -8.864 301.067 0.00 0.00 0.00 0.00 0.00
 Mixed / non conventional 7.00 13.00 41.00 47.00 54.74 0.5 0.00 -165.0 -4.959 301.067 0.00 0.00 0.00 0.00 0.00
 Mixed / non conventional 7.00 13.00 24.00 30.00 81.81 0.0 0.00 -1.2 -65.326 299.724 0.00 0.00 0.00 0.00 0.00
 Mixed / non conventional 7.00 13.00 30.00 36.00 59.05 0.1 0.00 -47.4 -17.885 299.724 0.00 0.00 0.00 0.00 0.00
 Mixed / non conventional 7.00 13.00 36.00 42.00 53.53 0.1 0.00 -34.7 -7.875 299.724 0.00 0.00 0.00 0.00 0.00
 Mixed / non conventional 8.00 9.00 10.00 11.00 449.20 0.0 0.00 -32.7 -4669.222 195.933 0.00 0.00 0.00 0.00 0.00
 Mixed / non conventional 8.00 9.00 11.00 12.00 642.01 0.0 0.00 154.6 -1668.345 195.933 0.00 0.00 0.00 0.00 0.00
 Mixed / non conventional 8.00 9.00 12.00 13.00 684.53 0.1 0.00 121.4 -711.541 195.933 0.00 0.00 0.00 0.00 0.00
 Mixed / non conventional 8.00 9.00 13.00 14.00 693.79 0.4 0.00 -401.2 -360.581 195.933 0.00 0.00 0.00 0.00 0.00
 Mixed / non conventional 8.00 9.00 14.00 15.00 540.56 0.1 0.00 -2.0 -160.539 195.933 0.00 0.00 0.00 0.00 0.00
 Mixed / non conventional 8.00 9.00 15.00 16.00 481.75 0.0 0.00 -8.4 -89.422 195.933 0.00 0.00 0.00 0.00 0.00
 Mixed / non conventional 8.00 9.00 16.00 17.00 347.08 0.0 0.00 -28.8 -42.949 195.933 0.00 0.00 0.00 0.00 0.00
 Mixed / non conventional 8.00 9.00 17.00 18.00 326.24 0.1 0.00 19.9 -28.259 195.933 0.00 0.00 0.00 0.00 0.00
 Mixed / non conventional 8.00 9.00 18.00 19.00 327.68 0.1 0.00 -64.6 -20.643 195.933 0.00 0.00 0.00 0.00 0.00
 Mixed / non conventional 8.00 9.00 19.00 20.00 340.61 0.1 0.00 -27.9 -16.093 195.933 0.00 0.00 0.00 0.00 0.00
 Mixed / non conventional 8.00 10.00 12.00 14.00 648.93 0.1 0.00 -259.3 -4116.950 239.173 0.00 0.00 0.00 0.00 0.00
 Mixed / non conventional 8.00 10.00 14.00 16.00 509.69 0.1 0.00 -5.3 -808.402 239.173 0.00 0.00 0.00 0.00 0.00
 Mixed / non conventional 8.00 10.00 16.00 18.00 340.43 0.1 0.00 -7.8 -215.981 239.173 0.00 0.00 0.00 0.00 0.00
 Mixed / non conventional 8.00 10.00 18.00 20.00 333.66 0.1 0.00 -91.6 -105.842 239.173 0.00 0.00 0.00 0.00 0.00
 Mixed / non conventional 8.00 10.00 20.00 22.00 464.60 0.1 0.00 -8.8 -84.216 239.173 0.00 0.00 0.00 0.00 0.00
 Mixed / non conventional 8.00 10.00 22.00 24.00 194.42 0.1 0.00 5.2 -22.026 239.173 0.00 0.00 0.00 0.00 0.00
 Mixed / non conventional 8.00 10.00 24.00 26.00 100.36 0.3 0.00 16.2 -7.580 239.173 0.00 0.00 0.00 0.00 0.00
 Mixed / non conventional 8.00 10.00 26.00 28.00 76.20 0.2 0.00 12.6 -4.029 239.173 0.00 0.00 0.00 0.00 0.00
 Mixed / non conventional 8.00 10.00 28.00 30.00 62.76 0.6 0.00 -29.4 -2.413 239.173 0.00 0.00 0.00 0.00 0.00
 Mixed / non conventional 8.00 10.00 30.00 32.00 60.80 0.1 0.00 -14.2 -1.753 239.173 0.00 0.00 0.00 0.00 0.00
 Mixed / non conventional 8.00 10.00 13.00 15.00 613.59 0.1 0.00 -247.5 -1781.630 239.452 0.00 0.00 0.00 0.00 0.00
 Mixed / non conventional 8.00 10.00 15.00 17.00 427.59 0.1 0.00 -34.5 -413.853 239.452 0.00 0.00 0.00 0.00 0.00
 Mixed / non conventional 8.00 10.00 17.00 19.00 328.28 0.0 0.00 -43.6 -144.425 239.452 0.00 0.00 0.00 0.00 0.00
 Mixed / non conventional 8.00 10.00 19.00 21.00 406.12 0.0 0.00 -22.0 -96.207 239.452 0.00 0.00 0.00 0.00 0.00
 Mixed / non conventional 8.00 10.00 21.00 23.00 346.87 0.1 0.00 24.6 -49.303 239.452 0.00 0.00 0.00 0.00 0.00
 Mixed / non conventional 8.00 10.00 23.00 25.00 122.47 0.0 0.00 -38.8 -11.264 239.452 0.00 0.00 0.00 0.00 0.00
 Mixed / non conventional 8.00 10.00 25.00 27.00 86.56 0.0 0.00 -19.5 -5.447 239.452 0.00 0.00 0.00 0.00 0.00
 Mixed / non conventional 8.00 10.00 27.00 29.00 67.88 0.3 0.00 50.4 -3.051 239.452 0.00 0.00 0.00 0.00 0.00
 Mixed / non conventional 8.00 10.00 29.00 31.00 60.81 0.4 0.00 -43.8 -2.020 239.452 0.00 0.00 0.00 0.00 0.00
 Mixed / non conventional 8.00 10.00 31.00 33.00 61.64 0.8 0.00 -106.9 -1.556 239.452 0.00 0.00 0.00 0.00 0.00
 Mixed / non conventional 8.00 11.00 14.00 17.00 393.99 0.0 0.00 -31.3 -1874.538 269.050 0.00 0.00 0.00 0.00 0.00
 Mixed / non conventional 8.00 11.00 17.00 20.00 285.41 0.0 0.00 -71.3 -339.488 269.050 0.00 0.00 0.00 0.00 0.00
 Mixed / non conventional 8.00 11.00 20.00 23.00 357.42 0.0 0.00 29.9 -170.054 269.050 0.00 0.00 0.00 0.00 0.00
 Mixed / non conventional 8.00 11.00 23.00 26.00 101.53 0.0 0.00 -17.3 -24.154 269.050 0.00 0.00 0.00 0.00 0.00
 Mixed / non conventional 8.00 11.00 26.00 29.00 64.57 0.1 0.00 9.4 -8.778 269.050 0.00 0.00 0.00 0.00 0.00
 Mixed / non conventional 8.00 11.00 29.00 32.00 54.34 0.2 0.00 -39.7 -4.616 269.050 0.00 0.00 0.00 0.00 0.00
 Mixed / non conventional 8.00 11.00 32.00 35.00 55.66 0.2 0.00 -21.8 -3.153 269.050 0.00 0.00 0.00 0.00 0.00
 Mixed / non conventional 8.00 11.00 35.00 38.00 51.32 0.3 0.00 37.9 -2.035 269.050 0.00 0.00 0.00 0.00 0.00
 Mixed / non conventional 8.00 11.00 38.00 41.00 48.90 0.4 0.00 -32.8 -1.410 269.050 0.00 0.00 0.00 0.00 0.00
 Mixed / non conventional 8.00 11.00 41.00 44.00 53.14 0.7 0.00 -100.4 -1.149 269.050 0.00 0.00 0.00 0.00 0.00
 Mixed / non conventional 8.00 11.00 15.00 18.00 344.15 0.1 0.00 -13.2 -949.299 269.604 0.00 0.00 0.00 0.00 0.00
 Mixed / non conventional 8.00 11.00 18.00 21.00 321.99 0.0 0.00 -85.8 -273.284 269.604 0.00 0.00 0.00 0.00 0.00
 Mixed / non conventional 8.00 11.00 21.00 24.00 256.95 0.1 0.00 -8.8 -95.413 269.604 0.00 0.00 0.00 0.00 0.00
 Mixed / non conventional 8.00 11.00 24.00 27.00 84.40 0.0 0.00 -24.8 -16.496 269.604 0.00 0.00 0.00 0.00 0.00
 Mixed / non conventional 8.00 11.00 27.00 30.00 58.81 0.2 0.00 24.8 -6.792 269.604 0.00 0.00 0.00 0.00 0.00
 Mixed / non conventional 8.00 11.00 30.00 33.00 54.75 0.4 0.00 -124.1 -4.047 269.604 0.00 0.00 0.00 0.00 0.00
 Mixed / non conventional 8.00 11.00 33.00 36.00 54.62 0.4 0.00 78.1 -2.739 269.604 0.00 0.00 0.00 0.00 0.00
 Mixed / non conventional 8.00 11.00 36.00 39.00 49.80 0.5 0.00 104.1 -1.773 269.604 0.00 0.00 0.00 0.00 0.00
 Mixed / non conventional 8.00 11.00 39.00 42.00 51.08 1.6 0.00 -138.3 -1.337 269.604 0.00 0.00 0.00 0.00 0.00
 Mixed / non conventional 8.00 11.00 42.00 45.00 51.37 1.0 0.00 -87.1 -1.017 269.604 0.00 0.00 0.00 0.00 0.00
 Mixed / non conventional 8.00 11.00 16.00 19.00 288.96 0.0 0.00 -71.2 -508.031 270.026 0.00 0.00 0.00 0.00 0.00
 Mixed / non conventional 8.00 11.00 19.00 22.00 358.49 0.1 0.00 -35.9 -225.096 270.026 0.00 0.00 0.00 0.00 0.00
 Mixed / non conventional 8.00 11.00 22.00 25.00 151.61 0.1 0.00 -0.4 -44.799 270.026 0.00 0.00 0.00 0.00 0.00
 Mixed / non conventional 8.00 11.00 25.00 28.00 73.34 0.0 0.00 34.4 -11.919 270.026 0.00 0.00 0.00 0.00 0.00
 Mixed / non conventional 8.00 11.00 28.00 31.00 55.17 0.1 0.00 -46.5 -5.458 270.026 0.00 0.00 0.00 0.00 0.00
 Mixed / non conventional 8.00 11.00 31.00 34.00 55.25 0.1 0.00 -72.9 -3.573 270.026 0.00 0.00 0.00 0.00 0.00
 Mixed / non conventional 8.00 11.00 34.00 37.00 52.93 0.3 0.00 39.9 -2.361 270.026 0.00 0.00 0.00 0.00 0.00
 Mixed / non conventional 8.00 11.00 37.00 40.00 48.79 1.0 0.00 89.6 -1.564 270.026 0.00 0.00 0.00 0.00 0.00
 Mixed / non conventional 8.00 11.00 40.00 43.00 51.72 2.3 0.00 -149.0 -1.232 270.026 0.00 0.00 0.00 0.00 0.00
 Mixed / non conventional 8.00 11.00 43.00 46.00 49.85 0.5 0.00 -51.8 -0.906 270.026 0.00 0.00 0.00 0.00 0.00
 Mixed / non conventional 8.00 13.00 18.00 23.00 332.50 0.1 0.00 -61.8 -1001.635 283.919 0.00 0.00 0.00 0.00 0.00
 Mixed / non conventional 8.00 13.00 23.00 28.00 100.20 0.0 0.00 -5.3 -75.465 283.919 0.00 0.00 0.00 0.00 0.00
 Mixed / non conventional 8.00 13.00 28.00 33.00 60.17 0.1 0.00 -153.6 -18.126 283.919 0.00 0.00 0.00 0.00 0.00
 Mixed / non conventional 8.00 13.00 33.00 38.00 57.35 0.3 0.00 126.6 -8.638 283.919 0.00 0.00 0.00 0.00 0.00
 Mixed / non conventional 8.00 13.00 38.00 43.00 53.99 0.2 0.00 -112.9 -4.647 283.919 0.00 0.00 0.00 0.00 0.00
 Mixed / non conventional 8.00 13.00 19.00 24.00 329.47 0.0 0.00 -31.1 -706.125 284.410 0.00 0.00 0.00 0.00 0.00
 Mixed / non conventional 8.00 13.00 24.00 29.00 84.62 0.0 0.00 24.9 -51.816 284.410 0.00 0.00 0.00 0.00 0.00
 Mixed / non conventional 8.00 13.00 29.00 34.00 59.60 0.0 0.00 -116.8 -15.442 284.410 0.00 0.00 0.00 0.00 0.00
 Mixed / non conventional 8.00 13.00 34.00 39.00 55.74 0.1 0.00 148.2 -7.453 284.410 0.00 0.00 0.00 0.00 0.00
 Mixed / non conventional 8.00 13.00 39.00 44.00 53.89 0.4 0.00 -188.0 -4.204 284.410 0.00 0.00 0.00 0.00 0.00
 Mixed / non conventional 8.00 13.00 20.00 25.00 313.99 0.0 0.00 -10.0 -498.185 284.715 0.00 0.00 0.00 0.00 0.00
 Mixed / non conventional 8.00 13.00 25.00 30.00 74.65 0.0 0.00 4.7 -37.685 284.715 0.00 0.00 0.00 0.00 0.00
 Mixed / non conventional 8.00 13.00 30.00 35.00 59.62 0.1 0.00 -36.1 -13.378 284.715 0.00 0.00 0.00 0.00 0.00
 Mixed / non conventional 8.00 13.00 35.00 40.00 53.93 0.1 0.00 73.7 -6.429 284.715 0.00 0.00 0.00 0.00 0.00
 Mixed / non conventional 8.00 13.00 40.00 45.00 55.00 1.1 0.00 -206.0 -3.898 284.715 0.00 0.00 0.00 0.00 0.00
 Mixed / non conventional 8.00 13.00 21.00 26.00 229.05 0.1 0.00 6.5 -277.683 285.187 0.00 0.00 0.00 0.00 0.00
 Mixed / non conventional 8.00 13.00 26.00 31.00 67.15 0.0 0.00 -34.7 -28.314 285.187 0.00 0.00 0.00 0.00 0.00
 Mixed / non conventional 8.00 13.00 31.00 36.00 59.71 0.1 0.00 -29.0 -11.690 285.187 0.00 0.00 0.00 0.00 0.00
 Mixed / non conventional 8.00 13.00 36.00 41.00 53.01 0.2 0.00 16.0 -5.661 285.187 0.00 0.00 0.00 0.00 0.00
 Mixed / non conventional 8.00 13.00 41.00 46.00 55.43 0.1 0.00 -132.2 -3.583 285.187 0.00 0.00 0.00 0.00 0.00
 Mixed / non conventional 8.00 13.00 22.00 27.00 142.37 0.1 0.00 -20.6 -135.358 286.023 0.00 0.00 0.00 0.00 0.00
 Mixed / non conventional 8.00 13.00 27.00 32.00 62.57 0.1 0.00 10.0 -22.307 286.023 0.00 0.00 0.00 0.00 0.00
 Mixed / non conventional 8.00 13.00 32.00 37.00 58.91 0.0 0.00 -37.5 -10.140 286.023 0.00 0.00 0.00 0.00 0.00
 Mixed / non conventional 8.00 13.00 37.00 42.00 53.18 0.1 0.00 -29.6 -5.115 286.023 0.00 0.00 0.00 0.00 0.00
 Mixed / non conventional 8.00 13.00 42.00 47.00 53.89 0.1 0.00 -114.1 -3.190 286.023 0.00 0.00 0.00 0.00 0.00
 Mixed / non conventional 8.00 14.00 20.00 26.00 300.22 0.1 0.00 11.3 -723.142 272.416 0.00 0.00 0.00 0.00 0.00
 Mixed / non conventional 8.00 14.00 26.00 32.00 68.36 0.1 0.00 -31.1 -41.165 272.416 0.00 0.00 0.00 0.00 0.00
 Mixed / non conventional 8.00 14.00 32.00 38.00 59.80 0.0 0.00 15.7 -14.403 272.416 0.00 0.00 0.00 0.00 0.00
 Mixed / non conventional 8.00 14.00 38.00 44.00 55.38 0.2 0.00 -133.0 -6.670 272.416 0.00 0.00 0.00 0.00 0.00
 Mixed / non conventional 8.00 14.00 21.00 27.00 220.29 0.0 0.00 -35.1 -399.857 273.879 0.00 0.00 0.00 0.00 0.00
 Mixed / non conventional 8.00 14.00 27.00 33.00 64.23 0.1 0.00 -100.8 -32.645 273.879 0.00 0.00 0.00 0.00 0.00
 Mixed / non conventional 8.00 14.00 33.00 39.00 58.46 0.2 0.00 180.8 -12.460 273.879 0.00 0.00 0.00 0.00 0.00
 Mixed / non conventional 8.00 14.00 39.00 45.00 55.39 0.4 0.00 -225.4 -6.063 273.879 0.00 0.00 0.00 0.00 0.00
 Mixed / non conventional 8.00 14.00 22.00 28.00 139.10 0.1 0.00 32.1 -194.699 273.618 0.00 0.00 0.00 0.00 0.00
 Mixed / non conventional 8.00 14.00 28.00 34.00 61.84 0.1 0.00 -120.5 -26.633 273.618 0.00 0.00 0.00 0.00 0.00
 Mixed / non conventional 8.00 14.00 34.00 40.00 56.90 0.1 0.00 127.8 -10.721 273.618 0.00 0.00 0.00 0.00 0.00
 Mixed / non conventional 8.00 14.00 40.00 46.00 56.22 0.3 0.00 -201.2 -5.576 273.618 0.00 0.00 0.00 0.00 0.00
 Mixed / non conventional 8.00 14.00 23.00 29.00 99.13 0.0 0.00 -9.0 -109.815 274.078 0.00 0.00 0.00 0.00 0.00
 Mixed / non conventional 8.00 14.00 29.00 35.00 61.37 0.0 0.00 -62.5 -22.663 274.078 0.00 0.00 0.00 0.00 0.00
 Mixed / non conventional 8.00 14.00 35.00 41.00 55.31 0.1 0.00 4.4 -9.284 274.078 0.00 0.00 0.00 0.00 0.00
 Mixed / non conventional 8.00 14.00 41.00 47.00 55.82 0.5 0.00 -165.0 -5.045 274.078 0.00 0.00 0.00 0.00 0.00
 Mixed / non conventional 8.00 14.00 24.00 30.00 84.57 0.1 0.00 -1.5 -75.604 274.614 0.00 0.00 0.00 0.00 0.00
 Mixed / non conventional 8.00 14.00 30.00 36.00 60.86 0.1 0.00 -47.6 -19.432 274.614 0.00 0.00 0.00 0.00 0.00
 Mixed / non conventional 8.00 14.00 36.00 42.00 54.91 0.1 0.00 -35.2 -8.250 274.614 0.00 0.00 0.00 0.00 0.00
 Mixed / non conventional 8.00 14.00 25.00 31.00 75.20 0.1 0.00 -12.8 -55.084 274.929 0.00 0.00 0.00 0.00 0.00
 Mixed / non conventional 8.00 14.00 31.00 37.00 60.72 0.2 0.00 -34.4 -16.869 274.929 0.00 0.00 0.00 0.00 0.00
 Mixed / non conventional 8.00 14.00 37.00 43.00 55.43 0.5 0.00 -60.3 -7.481 274.929 0.00 0.00 0.00 0.00 0.00
 Mixed / non conventional 9.00 10.00 11.00 12.00 548.35 0.1 0.00 -41.4 -5829.902 200.402 0.00 0.00 0.00 0.00 0.00
 Mixed / non conventional 9.00 10.00 12.00 13.00 630.99 0.1 0.00 86.6 -1677.110 200.402 0.00 0.00 0.00 0.00 0.00
 Mixed / non conventional 9.00 10.00 13.00 14.00 642.60 0.1 0.00 194.8 -683.190 200.402 0.00 0.00 0.00 0.00 0.00
 Mixed / non conventional 9.00 10.00 14.00 15.00 523.35 0.4 0.00 -445.1 -278.204 200.402 0.00 0.00 0.00 0.00 0.00
 Mixed / non conventional 9.00 10.00 15.00 16.00 477.81 0.0 0.00 -11.3 -145.140 200.402 0.00 0.00 0.00 0.00 0.00
 Mixed / non conventional 9.00 10.00 16.00 17.00 350.79 0.1 0.00 -30.3 -66.599 200.402 0.00 0.00 0.00 0.00 0.00
 Mixed / non conventional 9.00 10.00 17.00 18.00 331.47 0.0 0.00 19.1 -41.954 200.402 0.00 0.00 0.00 0.00 0.00
 Mixed / non conventional 9.00 10.00 18.00 19.00 330.50 0.1 0.00 -63.7 -29.281 200.402 0.00 0.00 0.00 0.00 0.00
 Mixed / non conventional 9.00 10.00 19.00 20.00 344.03 0.0 0.00 -28.2 -22.167 200.402 0.00 0.00 0.00 0.00 0.00
 Mixed / non conventional 9.00 10.00 20.00 21.00 496.36 0.1 0.00 4.9 -23.987 200.402 0.00 0.00 0.00 0.00 0.00
 Mixed / non conventional 9.00 11.00 13.00 15.00 443.46 0.1 0.00 -239.4 -2694.586 229.071 0.00 0.00 0.00 0.00 0.00
 Mixed / non conventional 9.00 11.00 15.00 17.00 344.11 0.1 0.00 -37.8 -522.731 229.071 0.00 0.00 0.00 0.00 0.00
 Mixed / non conventional 9.00 11.00 17.00 19.00 270.46 0.1 0.00 -43.8 -164.337 229.071 0.00 0.00 0.00 0.00 0.00
 Mixed / non conventional 9.00 11.00 19.00 21.00 336.85 0.1 0.00 -22.4 -102.340 229.071 0.00 0.00 0.00 0.00 0.00
 Mixed / non conventional 9.00 11.00 21.00 23.00 292.03 0.0 0.00 23.8 -50.699 229.071 0.00 0.00 0.00 0.00 0.00
 Mixed / non conventional 9.00 11.00 23.00 25.00 104.47 0.0 0.00 -39.2 -11.335 229.071 0.00 0.00 0.00 0.00 0.00
 Mixed / non conventional 9.00 11.00 25.00 27.00 74.26 0.0 0.00 -18.5 -5.372 229.071 0.00 0.00 0.00 0.00 0.00
 Mixed / non conventional 9.00 11.00 27.00 29.00 58.52 0.2 0.00 49.8 -2.963 229.071 0.00 0.00 0.00 0.00 0.00
 Mixed / non conventional 9.00 11.00 29.00 31.00 52.88 0.3 0.00 -43.3 -1.947 229.071 0.00 0.00 0.00 0.00 0.00
 Mixed / non conventional 9.00 11.00 31.00 33.00 52.83 0.8 0.00 -106.8 -1.459 229.071 0.00 0.00 0.00 0.00 0.00
 Mixed / non conventional 9.00 11.00 14.00 16.00 394.65 0.1 0.00 -306.3 -1099.145 229.679 0.00 0.00 0.00 0.00 0.00
 Mixed / non conventional 9.00 11.00 16.00 18.00 278.35 0.1 0.00 -9.7 -258.410 229.679 0.00 0.00 0.00 0.00 0.00
 Mixed / non conventional 9.00 11.00 18.00 20.00 275.96 0.1 0.00 -90.9 -116.453 229.679 0.00 0.00 0.00 0.00 0.00
 Mixed / non conventional 9.00 11.00 20.00 22.00 388.44 0.1 0.00 -8.3 -88.263 229.679 0.00 0.00 0.00 0.00 0.00
 Mixed / non conventional 9.00 11.00 22.00 24.00 164.58 0.1 0.00 4.7 -22.438 229.679 0.00 0.00 0.00 0.00 0.00
 Mixed / non conventional 9.00 11.00 24.00 26.00 86.04 0.1 0.00 16.2 -7.590 229.679 0.00 0.00 0.00 0.00 0.00
 Mixed / non conventional 9.00 11.00 26.00 28.00 65.01 0.3 0.00 12.1 -3.924 229.679 0.00 0.00 0.00 0.00 0.00
 Mixed / non conventional 9.00 11.00 28.00 30.00 53.80 0.6 0.00 -28.7 -2.320 229.679 0.00 0.00 0.00 0.00 0.00
 Mixed / non conventional 9.00 11.00 30.00 32.00 51.98 0.6 0.00 -14.1 -1.656 229.679 0.00 0.00 0.00 0.00 0.00
 Mixed / non conventional 9.00 11.00 32.00 34.00 52.97 1.0 0.00 -77.0 -1.283 229.679 0.00 0.00 0.00 0.00 0.00
 Mixed / non conventional 9.00 12.00 15.00 18.00 368.83 0.0 0.00 -15.4 -1175.387 180.212 0.00 0.00 0.00 0.00 0.00
 Mixed / non conventional 9.00 12.00 18.00 21.00 340.28 0.0 0.00 -85.6 -271.104 180.212 0.00 0.00 0.00 0.00 0.00
 Mixed / non conventional 9.00 12.00 21.00 24.00 275.28 0.1 0.00 -9.4 -87.727 180.212 0.00 0.00 0.00 0.00 0.00
 Mixed / non conventional 9.00 12.00 24.00 27.00 91.13 0.0 0.00 -24.9 -14.521 180.212 0.00 0.00 0.00 0.00 0.00
 Mixed / non conventional 9.00 12.00 27.00 30.00 63.50 0.3 0.00 24.3 -5.782 180.212 0.00 0.00 0.00 0.00 0.00
 Mixed / non conventional 9.00 12.00 30.00 33.00 57.76 1.6 0.00 -124.3 -3.287 180.212 0.00 0.00 0.00 0.00 0.00
 Mixed / non conventional 9.00 12.00 33.00 36.00 58.08 0.7 0.00 78.0 -2.203 180.212 0.00 0.00 0.00 0.00 0.00
 Mixed / non conventional 9.00 12.00 36.00 39.00 53.04 0.8 0.00 102.8 -1.409 180.212 0.00 0.00 0.00 0.00 0.00
 Mixed / non conventional 9.00 12.00 39.00 42.00 52.90 3.5 0.00 -137.6 -1.022 180.212 0.00 0.00 0.00 0.00 0.00
 Mixed / non conventional 9.00 12.00 42.00 45.00 54.87 0.7 0.00 -87.4 -0.795 180.212 0.00 0.00 0.00 0.00 0.00
 Mixed / non conventional 9.00 12.00 16.00 19.00 309.81 0.0 0.00 -72.4 -572.390 180.574 0.00 0.00 0.00 0.00 0.00
 Mixed / non conventional 9.00 12.00 19.00 22.00 378.64 0.0 0.00 -36.7 -215.245 180.574 0.00 0.00 0.00 0.00 0.00
 Mixed / non conventional 9.00 12.00 22.00 25.00 162.89 0.0 0.00 -2.2 -40.511 180.574 0.00 0.00 0.00 0.00 0.00
 Mixed / non conventional 9.00 12.00 25.00 28.00 79.17 0.0 0.00 34.4 -10.363 180.574 0.00 0.00 0.00 0.00 0.00
 Mixed / non conventional 9.00 12.00 28.00 31.00 59.25 0.1 0.00 -46.2 -4.583 180.574 0.00 0.00 0.00 0.00 0.00
 Mixed / non conventional 9.00 12.00 31.00 34.00 59.14 0.2 0.00 -73.1 -2.928 180.574 0.00 0.00 0.00 0.00 0.00
 Mixed / non conventional 9.00 12.00 34.00 37.00 56.37 0.5 0.00 39.6 -1.893 180.574 0.00 0.00 0.00 0.00 0.00
 Mixed / non conventional 9.00 12.00 37.00 40.00 51.55 0.9 0.00 88.3 -1.229 180.574 0.00 0.00 0.00 0.00 0.00
 Mixed / non conventional 9.00 12.00 40.00 43.00 51.48 3.7 0.00 -148.8 -0.902 180.574 0.00 0.00 0.00 0.00 0.00
 Mixed / non conventional 9.00 12.00 43.00 46.00 51.89 1.0 0.00 -52.2 -0.688 180.574 0.00 0.00 0.00 0.00 0.00
 Mixed / non conventional 9.00 12.00 17.00 20.00 304.35 0.0 0.00 -71.0 -357.971 180.649 0.00 0.00 0.00 0.00 0.00
 Mixed / non conventional 9.00 12.00 20.00 23.00 380.85 0.1 0.00 28.6 -159.983 180.649 0.00 0.00 0.00 0.00 0.00
 Mixed / non conventional 9.00 12.00 23.00 26.00 109.38 0.0 0.00 -17.0 -21.622 180.649 0.00 0.00 0.00 0.00 0.00
 Mixed / non conventional 9.00 12.00 26.00 29.00 69.70 0.1 0.00 8.8 -7.578 180.649 0.00 0.00 0.00 0.00 0.00
 Mixed / non conventional 9.00 12.00 29.00 32.00 58.58 0.1 0.00 -39.3 -3.877 180.649 0.00 0.00 0.00 0.00 0.00
 Mixed / non conventional 9.00 12.00 32.00 35.00 59.17 0.5 0.00 -21.9 -2.560 180.649 0.00 0.00 0.00 0.00 0.00
 Mixed / non conventional 9.00 12.00 35.00 38.00 53.59 0.7 0.00 37.8 -1.599 180.649 0.00 0.00 0.00 0.00 0.00
 Mixed / non conventional 9.00 12.00 38.00 41.00 51.88 1.0 0.00 -32.8 -1.113 180.649 0.00 0.00 0.00 0.00 0.00
 Mixed / non conventional 9.00 12.00 41.00 44.00 55.27 0.9 0.00 -100.4 -0.881 180.649 0.00 0.00 0.00 0.00 0.00
 Mixed / non conventional 9.00 12.00 44.00 47.00 51.24 3.5 0.00 -64.3 -0.623 180.649 0.00 0.00 0.00 0.00 0.00
 Mixed / non conventional 9.00 14.00 19.00 24.00 327.97 0.1 0.00 -31.9 -804.517 231.192 0.00 0.00 0.00 0.00 0.00
 Mixed / non conventional 9.00 14.00 24.00 29.00 87.22 0.1 0.00 24.3 -53.486 231.192 0.00 0.00 0.00 0.00 0.00
 Mixed / non conventional 9.00 14.00 29.00 34.00 61.45 0.0 0.00 -116.3 -15.074 231.192 0.00 0.00 0.00 0.00 0.00
 Mixed / non conventional 9.00 14.00 34.00 39.00 57.34 0.5 0.00 147.1 -7.033 231.192 0.00 0.00 0.00 0.00 0.00
 Mixed / non conventional 9.00 14.00 39.00 44.00 55.48 0.8 0.00 -187.3 -3.888 231.192 0.00 0.00 0.00 0.00 0.00
 Mixed / non conventional 9.00 14.00 20.00 25.00 317.55 0.0 0.00 -9.8 -554.624 231.773 0.00 0.00 0.00 0.00 0.00
 Mixed / non conventional 9.00 14.00 25.00 30.00 77.06 0.0 0.00 5.9 -38.453 231.773 0.00 0.00 0.00 0.00 0.00
 Mixed / non conventional 9.00 14.00 30.00 35.00 61.36 0.2 0.00 -35.6 -12.955 231.773 0.00 0.00 0.00 0.00 0.00
 Mixed / non conventional 9.00 14.00 35.00 40.00 55.45 0.3 0.00 73.6 -6.042 231.773 0.00 0.00 0.00 0.00 0.00
 Mixed / non conventional 9.00 14.00 40.00 45.00 56.66 1.2 0.00 -204.8 -3.602 231.773 0.00 0.00 0.00 0.00 0.00
 Mixed / non conventional 9.00 14.00 21.00 26.00 233.22 0.1 0.00 7.0 -301.885 232.284 0.00 0.00 0.00 0.00 0.00
 Mixed / non conventional 9.00 14.00 26.00 31.00 69.38 0.0 0.00 -34.4 -28.574 232.284 0.00 0.00 0.00 0.00 0.00
 Mixed / non conventional 9.00 14.00 31.00 36.00 61.42 0.1 0.00 -28.5 -11.243 232.284 0.00 0.00 0.00 0.00 0.00
 Mixed / non conventional 9.00 14.00 36.00 41.00 54.35 0.2 0.00 16.0 -5.285 232.284 0.00 0.00 0.00 0.00 0.00
 Mixed / non conventional 9.00 14.00 41.00 46.00 56.43 0.9 0.00 -131.6 -3.263 232.284 0.00 0.00 0.00 0.00 0.00
 Mixed / non conventional 9.00 14.00 22.00 27.00 145.93 0.1 0.00 -20.3 -144.370 232.725 0.00 0.00 0.00 0.00 0.00
 Mixed / non conventional 9.00 14.00 27.00 32.00 64.59 0.1 0.00 10.2 -22.224 232.725 0.00 0.00 0.00 0.00 0.00
 Mixed / non conventional 9.00 14.00 32.00 37.00 60.61 0.0 0.00 -36.8 -9.683 232.725 0.00 0.00 0.00 0.00 0.00
 Mixed / non conventional 9.00 14.00 37.00 42.00 54.61 0.3 0.00 -29.4 -4.759 232.725 0.00 0.00 0.00 0.00 0.00
 Mixed / non conventional 9.00 14.00 42.00 47.00 54.90 0.1 0.00 -113.6 -2.896 232.725 0.00 0.00 0.00 0.00 0.00
 Mixed / non conventional 9.00 14.00 23.00 28.00 103.02 0.0 0.00 -5.0 -79.758 232.919 0.00 0.00 0.00 0.00 0.00
 Mixed / non conventional 9.00 14.00 28.00 33.00 61.92 0.1 0.00 -152.6 -17.978 232.919 0.00 0.00 0.00 0.00 0.00
 Mixed / non conventional 9.00 14.00 33.00 38.00 58.97 0.4 0.00 126.4 -8.265 232.919 0.00 0.00 0.00 0.00 0.00
 Mixed / non conventional 9.00 14.00 38.00 43.00 55.46 0.2 0.00 -112.4 -4.344 232.919 0.00 0.00 0.00 0.00 0.00
 Mixed / non conventional 9.00 15.00 21.00 27.00 203.12 0.1 0.00 -33.8 -434.862 242.134 0.00 0.00 0.00 0.00 0.00
 Mixed / non conventional 9.00 15.00 27.00 33.00 61.23 0.1 0.00 -100.4 -32.775 242.134 0.00 0.00 0.00 0.00 0.00
 Mixed / non conventional 9.00 15.00 33.00 39.00 56.10 0.1 0.00 180.4 -12.011 242.134 0.00 0.00 0.00 0.00 0.00
 Mixed / non conventional 9.00 15.00 39.00 45.00 53.38 0.4 0.00 -224.0 -5.714 242.134 0.00 0.00 0.00 0.00 0.00
 Mixed / non conventional 9.00 15.00 22.00 28.00 129.37 0.1 0.00 32.0 -207.771 242.329 0.00 0.00 0.00 0.00 0.00
 Mixed / non conventional 9.00 15.00 28.00 34.00 59.06 0.1 0.00 -119.0 -26.561 242.329 0.00 0.00 0.00 0.00 0.00
 Mixed / non conventional 9.00 15.00 34.00 40.00 54.60 0.1 0.00 127.8 -10.296 242.329 0.00 0.00 0.00 0.00 0.00
 Mixed / non conventional 9.00 15.00 40.00 46.00 53.87 0.2 0.00 -199.7 -5.217 242.329 0.00 0.00 0.00 0.00 0.00
 Mixed / non conventional 9.00 15.00 23.00 29.00 93.01 0.1 0.00 -8.3 -115.448 242.640 0.00 0.00 0.00 0.00 0.00
 Mixed / non conventional 9.00 15.00 29.00 35.00 58.65 0.1 0.00 -61.4 -22.401 242.640 0.00 0.00 0.00 0.00 0.00
 Mixed / non conventional 9.00 15.00 35.00 41.00 53.12 0.1 0.00 5.0 -8.875 242.640 0.00 0.00 0.00 0.00 0.00
 Mixed / non conventional 9.00 15.00 41.00 47.00 53.95 0.4 0.00 -164.1 -4.744 242.640 0.00 0.00 0.00 0.00 0.00
 Mixed / non conventional 9.00 15.00 24.00 30.00 79.96 0.0 0.00 -0.9 -78.480 242.815 0.00 0.00 0.00 0.00 0.00
 Mixed / non conventional 9.00 15.00 30.00 36.00 58.27 0.0 0.00 -46.7 -19.063 242.815 0.00 0.00 0.00 0.00 0.00
 Mixed / non conventional 9.00 15.00 36.00 42.00 52.80 0.1 0.00 -34.7 -7.851 242.815 0.00 0.00 0.00 0.00 0.00
 Mixed / non conventional 9.00 15.00 25.00 31.00 71.41 0.1 0.00 -11.7 -56.557 243.281 0.00 0.00 0.00 0.00 0.00
 Mixed / non conventional 9.00 15.00 31.00 37.00 58.02 0.0 0.00 -33.7 -16.411 243.281 0.00 0.00 0.00 0.00 0.00
 Mixed / non conventional 9.00 15.00 37.00 43.00 53.00 0.0 0.00 -60.2 -7.055 243.281 0.00 0.00 0.00 0.00 0.00
 Mixed / non conventional 9.00 15.00 26.00 32.00 65.25 0.1 0.00 -30.9 -42.327 243.473 0.00 0.00 0.00 0.00 0.00
 Mixed / non conventional 9.00 15.00 32.00 38.00 57.19 0.0 0.00 15.3 -14.073 243.473 0.00 0.00 0.00 0.00 0.00
 Mixed / non conventional 9.00 15.00 38.00 44.00 52.97 0.3 0.00 -132.8 -6.330 243.473 0.00 0.00 0.00 0.00 0.00
 Mixed / non conventional 10.00 11.00 12.00 13.00 359.60 0.0 0.00 11.0 -5432.330 284.749 0.00 0.00 0.00 0.00 0.00
 Mixed / non conventional 10.00 11.00 13.00 14.00 387.94 0.0 0.00 101.1 -1465.106 284.749 0.00 0.00 0.00 0.00 0.00
 Mixed / non conventional 10.00 11.00 14.00 15.00 342.06 0.2 0.00 125.5 -516.733 284.749 0.00 0.00 0.00 0.00 0.00
 Mixed / non conventional 10.00 11.00 15.00 16.00 323.79 0.4 0.00 -399.8 -244.565 284.749 0.00 0.00 0.00 0.00 0.00
 Mixed / non conventional 10.00 11.00 16.00 17.00 242.16 0.0 0.00 -31.7 -104.521 284.749 0.00 0.00 0.00 0.00 0.00
 Mixed / non conventional 10.00 11.00 17.00 18.00 228.80 0.0 0.00 18.4 -61.720 284.749 0.00 0.00 0.00 0.00 0.00
 Mixed / non conventional 10.00 11.00 18.00 19.00 229.85 0.0 0.00 -62.6 -41.337 284.749 0.00 0.00 0.00 0.00 0.00
 Mixed / non conventional 10.00 11.00 19.00 20.00 239.04 0.1 0.00 -28.2 -30.092 284.749 0.00 0.00 0.00 0.00 0.00
 Mixed / non conventional 10.00 11.00 20.00 21.00 345.97 0.0 0.00 5.0 -31.675 284.749 0.00 0.00 0.00 0.00 0.00
 Mixed / non conventional 10.00 11.00 21.00 22.00 304.70 0.1 0.00 -13.9 -20.922 284.749 0.00 0.00 0.00 0.00 0.00
 Mixed / non conventional 10.00 12.00 14.00 16.00 410.86 0.0 0.00 -267.1 -2467.805 226.439 0.00 0.00 0.00 0.00 0.00
 Mixed / non conventional 10.00 12.00 16.00 18.00 304.28 0.1 0.00 -11.8 -456.915 226.439 0.00 0.00 0.00 0.00 0.00
 Mixed / non conventional 10.00 12.00 18.00 20.00 298.18 0.0 0.00 -90.3 -179.101 226.439 0.00 0.00 0.00 0.00 0.00
 Mixed / non conventional 10.00 12.00 20.00 22.00 418.75 0.1 0.00 -8.1 -125.762 226.439 0.00 0.00 0.00 0.00 0.00
 Mixed / non conventional 10.00 12.00 22.00 24.00 179.63 0.0 0.00 4.3 -30.828 226.439 0.00 0.00 0.00 0.00 0.00
 Mixed / non conventional 10.00 12.00 24.00 26.00 94.32 0.1 0.00 16.1 -10.117 226.439 0.00 0.00 0.00 0.00 0.00
 Mixed / non conventional 10.00 12.00 26.00 28.00 71.28 0.1 0.00 11.7 -5.097 226.439 0.00 0.00 0.00 0.00 0.00
 Mixed / non conventional 10.00 12.00 28.00 30.00 59.33 0.2 0.00 -28.1 -2.970 226.439 0.00 0.00 0.00 0.00 0.00
 Mixed / non conventional 10.00 12.00 30.00 32.00 55.98 0.5 0.00 -14.0 -2.038 226.439 0.00 0.00 0.00 0.00 0.00
 Mixed / non conventional 10.00 12.00 32.00 34.00 57.76 0.5 0.00 -76.8 -1.577 226.439 0.00 0.00 0.00 0.00 0.00
 Mixed / non conventional 10.00 12.00 15.00 17.00 373.26 0.0 0.00 -309.5 -1026.539 226.802 0.00 0.00 0.00 0.00 0.00
 Mixed / non conventional 10.00 12.00 17.00 19.00 294.03 0.0 0.00 -43.1 -269.546 226.802 0.00 0.00 0.00 0.00 0.00
 Mixed / non conventional 10.00 12.00 19.00 21.00 360.94 0.0 0.00 -22.3 -150.404 226.802 0.00 0.00 0.00 0.00 0.00
 Mixed / non conventional 10.00 12.00 21.00 23.00 316.61 0.0 0.00 23.3 -71.039 226.802 0.00 0.00 0.00 0.00 0.00
 Mixed / non conventional 10.00 12.00 23.00 25.00 114.08 0.0 0.00 -39.5 -15.358 226.802 0.00 0.00 0.00 0.00 0.00
 Mixed / non conventional 10.00 12.00 25.00 27.00 81.56 0.0 0.00 -17.3 -7.105 226.802 0.00 0.00 0.00 0.00 0.00
 Mixed / non conventional 10.00 12.00 27.00 29.00 63.64 0.2 0.00 49.3 -3.793 226.802 0.00 0.00 0.00 0.00 0.00
 Mixed / non conventional 10.00 12.00 29.00 31.00 56.76 0.4 0.00 -42.7 -2.417 226.802 0.00 0.00 0.00 0.00 0.00
 Mixed / non conventional 10.00 12.00 31.00 33.00 57.08 0.2 0.00 -106.7 -1.796 226.802 0.00 0.00 0.00 0.00 0.00
 Mixed / non conventional 10.00 12.00 33.00 35.00 57.30 0.4 0.00 88.3 -1.370 226.802 0.00 0.00 0.00 0.00 0.00
 Mixed / non conventional 10.00 13.00 16.00 19.00 291.90 0.0 0.00 -75.1 -1516.546 293.793 0.00 0.00 0.00 0.00 0.00
 Mixed / non conventional 10.00 13.00 19.00 22.00 363.65 0.0 0.00 -36.9 -472.320 293.793 0.00 0.00 0.00 0.00 0.00
 Mixed / non conventional 10.00 13.00 22.00 25.00 161.76 0.0 0.00 -3.3 -84.041 293.793 0.00 0.00 0.00 0.00 0.00
 Mixed / non conventional 10.00 13.00 25.00 28.00 79.65 0.1 0.00 34.7 -20.692 293.793 0.00 0.00 0.00 0.00 0.00
 Mixed / non conventional 10.00 13.00 28.00 31.00 59.70 0.1 0.00 -45.5 -8.862 293.793 0.00 0.00 0.00 0.00 0.00
 Mixed / non conventional 10.00 13.00 31.00 34.00 59.31 0.1 0.00 -72.8 -5.502 293.793 0.00 0.00 0.00 0.00 0.00
 Mixed / non conventional 10.00 13.00 34.00 37.00 56.65 0.2 0.00 39.9 -3.504 293.793 0.00 0.00 0.00 0.00 0.00
 Mixed / non conventional 10.00 13.00 37.00 40.00 51.37 0.3 0.00 87.5 -2.224 293.793 0.00 0.00 0.00 0.00 0.00
 Mixed / non conventional 10.00 13.00 40.00 43.00 55.50 2.3 0.00 -147.9 -1.748 293.793 0.00 0.00 0.00 0.00 0.00
 Mixed / non conventional 10.00 13.00 43.00 46.00 52.03 0.3 0.00 -52.0 -1.229 293.793 0.00 0.00 0.00 0.00 0.00
 Mixed / non conventional 10.00 13.00 17.00 20.00 289.90 0.0 0.00 -72.4 -870.444 293.470 0.00 0.00 0.00 0.00 0.00
 Mixed / non conventional 10.00 13.00 20.00 23.00 371.13 0.0 0.00 27.4 -342.876 293.470 0.00 0.00 0.00 0.00 0.00
 Mixed / non conventional 10.00 13.00 23.00 26.00 109.23 0.0 0.00 -16.7 -44.150 293.470 0.00 0.00 0.00 0.00 0.00
 Mixed / non conventional 10.00 13.00 26.00 29.00 70.14 0.0 0.00 8.4 -14.921 293.470 0.00 0.00 0.00 0.00 0.00
 Mixed / non conventional 10.00 13.00 29.00 32.00 58.63 0.1 0.00 -38.9 -7.371 293.470 0.00 0.00 0.00 0.00 0.00
 Mixed / non conventional 10.00 13.00 32.00 35.00 59.59 0.1 0.00 -21.8 -4.795 293.470 0.00 0.00 0.00 0.00 0.00
 Mixed / non conventional 10.00 13.00 35.00 38.00 53.73 0.2 0.00 37.6 -2.933 293.470 0.00 0.00 0.00 0.00 0.00
 Mixed / non conventional 10.00 13.00 38.00 41.00 51.79 0.4 0.00 -32.7 -2.006 293.470 0.00 0.00 0.00 0.00 0.00
 Mixed / non conventional 10.00 13.00 41.00 44.00 55.02 0.6 0.00 -100.3 -1.567 293.470 0.00 0.00 0.00 0.00 0.00
 Mixed / non conventional 10.00 13.00 44.00 47.00 51.25 0.6 0.00 -64.2 -1.105 293.470 0.00 0.00 0.00 0.00 0.00
 Mixed / non conventional 10.00 13.00 18.00 21.00 324.58 0.0 0.00 -85.4 -622.425 294.523 0.00 0.00 0.00 0.00 0.00
 Mixed / non conventional 10.00 13.00 21.00 24.00 270.98 0.0 0.00 -10.0 -185.586 294.523 0.00 0.00 0.00 0.00 0.00
 Mixed / non conventional 10.00 13.00 24.00 27.00 91.32 0.0 0.00 -24.8 -29.430 294.523 0.00 0.00 0.00 0.00 0.00
 Mixed / non conventional 10.00 13.00 27.00 30.00 63.83 0.1 0.00 24.1 -11.314 294.523 0.00 0.00 0.00 0.00 0.00
 Mixed / non conventional 10.00 13.00 30.00 33.00 58.13 0.3 0.00 -124.1 -6.272 294.523 0.00 0.00 0.00 0.00 0.00
 Mixed / non conventional 10.00 13.00 33.00 36.00 58.54 0.2 0.00 78.2 -4.130 294.523 0.00 0.00 0.00 0.00 0.00
 Mixed / non conventional 10.00 13.00 36.00 39.00 52.54 0.5 0.00 101.9 -2.556 294.523 0.00 0.00 0.00 0.00 0.00
 Mixed / non conventional 10.00 13.00 39.00 42.00 52.17 1.1 0.00 -136.5 -1.824 294.523 0.00 0.00 0.00 0.00 0.00
 Mixed / non conventional 10.00 13.00 42.00 45.00 54.28 0.5 0.00 -87.5 -1.410 294.523 0.00 0.00 0.00 0.00 0.00
 Mixed / non conventional 10.00 15.00 20.00 25.00 284.05 0.0 0.00 -10.8 -885.100 293.676 0.00 0.00 0.00 0.00 0.00
 Mixed / non conventional 10.00 15.00 25.00 30.00 72.35 0.0 0.00 6.4 -56.358 293.676 0.00 0.00 0.00 0.00 0.00
 Mixed / non conventional 10.00 15.00 30.00 35.00 58.22 0.0 0.00 -35.9 -18.141 293.676 0.00 0.00 0.00 0.00 0.00
 Mixed / non conventional 10.00 15.00 35.00 40.00 52.83 0.1 0.00 72.5 -8.231 293.676 0.00 0.00 0.00 0.00 0.00
 Mixed / non conventional 10.00 15.00 40.00 45.00 53.52 0.4 0.00 -204.6 -4.765 293.676 0.00 0.00 0.00 0.00 0.00
 Mixed / non conventional 10.00 15.00 21.00 26.00 211.72 0.0 0.00 6.5 -468.226 293.474 0.00 0.00 0.00 0.00 0.00
 Mixed / non conventional 10.00 15.00 26.00 31.00 65.45 0.0 0.00 -34.6 -41.357 293.474 0.00 0.00 0.00 0.00 0.00
 Mixed / non conventional 10.00 15.00 31.00 36.00 58.40 0.0 0.00 -28.6 -15.613 293.474 0.00 0.00 0.00 0.00 0.00
 Mixed / non conventional 10.00 15.00 36.00 41.00 51.79 0.0 0.00 15.4 -7.146 293.474 0.00 0.00 0.00 0.00 0.00
 Mixed / non conventional 10.00 15.00 41.00 46.00 53.77 0.0 0.00 -131.9 -4.328 293.474 0.00 0.00 0.00 0.00 0.00
 Mixed / non conventional 10.00 15.00 22.00 27.00 133.68 0.1 0.00 -20.9 -218.606 293.451 0.00 0.00 0.00 0.00 0.00
 Mixed / non conventional 10.00 15.00 27.00 32.00 61.07 0.1 0.00 9.7 -31.778 293.451 0.00 0.00 0.00 0.00 0.00
 Mixed / non conventional 10.00 15.00 32.00 37.00 57.63 0.1 0.00 -36.9 -13.327 293.451 0.00 0.00 0.00 0.00 0.00
 Mixed / non conventional 10.00 15.00 37.00 42.00 52.06 0.2 0.00 -29.9 -6.395 293.451 0.00 0.00 0.00 0.00 0.00
 Mixed / non conventional 10.00 15.00 42.00 47.00 52.68 0.3 0.00 -114.0 -3.848 293.451 0.00 0.00 0.00 0.00 0.00
 Mixed / non conventional 10.00 15.00 23.00 28.00 95.30 0.1 0.00 -5.4 -119.077 293.946 0.00 0.00 0.00 0.00 0.00
 Mixed / non conventional 10.00 15.00 28.00 33.00 58.64 0.0 0.00 -152.2 -25.487 293.946 0.00 0.00 0.00 0.00 0.00
 Mixed / non conventional 10.00 15.00 33.00 38.00 56.16 0.2 0.00 125.8 -11.333 293.946 0.00 0.00 0.00 0.00 0.00
 Mixed / non conventional 10.00 15.00 38.00 43.00 52.92 0.1 0.00 -112.6 -5.825 293.946 0.00 0.00 0.00 0.00 0.00
 Mixed / non conventional 10.00 15.00 24.00 29.00 81.42 0.0 0.00 23.9 -79.570 294.010 0.00 0.00 0.00 0.00 0.00
 Mixed / non conventional 10.00 15.00 29.00 34.00 58.16 0.1 0.00 -115.7 -21.315 294.010 0.00 0.00 0.00 0.00 0.00
 Mixed / non conventional 10.00 15.00 34.00 39.00 54.76 0.2 0.00 145.8 -9.689 294.010 0.00 0.00 0.00 0.00 0.00
 Mixed / non conventional 10.00 15.00 39.00 44.00 53.35 0.0 0.00 -186.1 -5.275 294.010 0.00 0.00 0.00 0.00 0.00
 Mixed / non conventional 10.00 16.00 22.00 28.00 115.19 0.1 0.00 30.7 -309.206 303.578 0.00 0.00 0.00 0.00 0.00
 Mixed / non conventional 10.00 16.00 28.00 34.00 54.62 0.1 0.00 -118.5 -36.654 303.578 0.00 0.00 0.00 0.00 0.00
 Mixed / non conventional 10.00 16.00 34.00 40.00 51.17 0.1 0.00 126.9 -13.736 303.578 0.00 0.00 0.00 0.00 0.00
 Mixed / non conventional 10.00 16.00 40.00 46.00 50.51 0.2 0.00 -199.2 -6.780 303.578 0.00 0.00 0.00 0.00 0.00
 Mixed / non conventional 10.00 16.00 23.00 29.00 83.71 0.0 0.00 -8.3 -168.100 302.991 0.00 0.00 0.00 0.00 0.00
 Mixed / non conventional 10.00 16.00 29.00 35.00 54.37 0.0 0.00 -60.9 -30.570 302.991 0.00 0.00 0.00 0.00 0.00
 Mixed / non conventional 10.00 16.00 35.00 41.00 49.70 0.0 0.00 5.0 -11.719 302.991 0.00 0.00 0.00 0.00 0.00
 Mixed / non conventional 10.00 16.00 41.00 47.00 50.59 0.2 0.00 -163.8 -6.125 302.991 0.00 0.00 0.00 0.00 0.00
 Mixed / non conventional 10.00 16.00 24.00 30.00 72.61 0.0 0.00 -0.9 -112.566 303.063 0.00 0.00 0.00 0.00 0.00
 Mixed / non conventional 10.00 16.00 30.00 36.00 54.12 0.1 0.00 -46.2 -25.819 303.063 0.00 0.00 0.00 0.00 0.00
 Mixed / non conventional 10.00 16.00 36.00 42.00 49.38 0.1 0.00 -34.6 -10.307 303.063 0.00 0.00 0.00 0.00 0.00
 Mixed / non conventional 10.00 16.00 25.00 31.00 65.28 0.0 0.00 -10.5 -80.025 303.304 0.00 0.00 0.00 0.00 0.00
 Mixed / non conventional 10.00 16.00 31.00 37.00 54.05 0.1 0.00 -33.1 -22.087 303.304 0.00 0.00 0.00 0.00 0.00
 Mixed / non conventional 10.00 16.00 37.00 43.00 49.72 0.1 0.00 -60.0 -9.236 303.304 0.00 0.00 0.00 0.00 0.00
 Mixed / non conventional 10.00 16.00 26.00 32.00 59.91 0.0 0.00 -30.6 -59.188 303.495 0.00 0.00 0.00 0.00 0.00
 Mixed / non conventional 10.00 16.00 32.00 38.00 53.32 0.1 0.00 15.4 -18.815 303.495 0.00 0.00 0.00 0.00 0.00
 Mixed / non conventional 10.00 16.00 38.00 44.00 49.83 0.2 0.00 -132.3 -8.275 303.495 0.00 0.00 0.00 0.00 0.00
 Mixed / non conventional 10.00 16.00 27.00 33.00 56.63 0.0 0.00 -100.3 -45.810 303.616 0.00 0.00 0.00 0.00 0.00
 Mixed / non conventional 10.00 16.00 33.00 39.00 52.23 0.1 0.00 179.2 -16.025 303.616 0.00 0.00 0.00 0.00 0.00
 Mixed / non conventional 10.00 16.00 39.00 45.00 49.98 0.3 0.00 -223.0 -7.448 303.616 0.00 0.00 0.00 0.00 0.00
 Mixed / non conventional 11.00 12.00 13.00 14.00 420.00 0.1 0.00 3.7 -5772.660 259.078 0.00 0.00 0.00 0.00 0.00
 Mixed / non conventional 11.00 12.00 14.00 15.00 440.81 0.1 0.00 25.0 -1514.666 259.078 0.00 0.00 0.00 0.00 0.00
 Mixed / non conventional 11.00 12.00 15.00 16.00 447.36 0.2 0.00 196.2 -614.880 259.078 0.00 0.00 0.00 0.00 0.00
 Mixed / non conventional 11.00 12.00 16.00 17.00 349.18 0.4 0.00 -460.4 -239.964 259.078 0.00 0.00 0.00 0.00 0.00
 Mixed / non conventional 11.00 12.00 17.00 18.00 334.70 0.1 0.00 15.8 -131.435 259.078 0.00 0.00 0.00 0.00 0.00
 Mixed / non conventional 11.00 12.00 18.00 19.00 336.77 0.0 0.00 -62.4 -82.657 259.078 0.00 0.00 0.00 0.00 0.00
 Mixed / non conventional 11.00 12.00 19.00 20.00 349.35 0.0 0.00 -28.4 -57.162 259.078 0.00 0.00 0.00 0.00 0.00
 Mixed / non conventional 11.00 12.00 20.00 21.00 510.57 0.1 0.00 5.0 -58.480 259.078 0.00 0.00 0.00 0.00 0.00
 Mixed / non conventional 11.00 12.00 21.00 22.00 451.39 0.1 0.00 -13.5 -37.601 259.078 0.00 0.00 0.00 0.00 0.00
 Mixed / non conventional 11.00 12.00 22.00 23.00 259.91 0.1 0.00 35.6 -16.238 259.078 0.00 0.00 0.00 0.00 0.00
 Mixed / non conventional 11.00 13.00 15.00 17.00 350.15 0.1 0.00 -261.5 -3171.798 341.497 0.00 0.00 0.00 0.00 0.00
 Mixed / non conventional 11.00 13.00 17.00 19.00 301.09 0.1 0.00 -45.3 -681.858 341.497 0.00 0.00 0.00 0.00 0.00
 Mixed / non conventional 11.00 13.00 19.00 21.00 377.20 0.0 0.00 -23.2 -341.689 341.497 0.00 0.00 0.00 0.00 0.00
 Mixed / non conventional 11.00 13.00 21.00 23.00 340.65 0.0 0.00 22.5 -154.289 341.497 0.00 0.00 0.00 0.00 0.00
 Mixed / non conventional 11.00 13.00 23.00 25.00 125.85 0.0 0.00 -39.8 -32.571 341.497 0.00 0.00 0.00 0.00 0.00
 Mixed / non conventional 11.00 13.00 25.00 27.00 91.20 0.1 0.00 -16.4 -14.753 341.497 0.00 0.00 0.00 0.00 0.00
 Mixed / non conventional 11.00 13.00 27.00 29.00 71.63 0.2 0.00 48.8 -7.725 341.497 0.00 0.00 0.00 0.00 0.00
 Mixed / non conventional 11.00 13.00 29.00 31.00 64.61 0.0 0.00 -42.2 -4.878 341.497 0.00 0.00 0.00 0.00 0.00
 Mixed / non conventional 11.00 13.00 31.00 33.00 65.32 0.1 0.00 -106.5 -3.586 341.497 0.00 0.00 0.00 0.00 0.00
 Mixed / non conventional 11.00 13.00 33.00 35.00 65.48 0.5 0.00 88.2 -2.696 341.497 0.00 0.00 0.00 0.00 0.00
 Mixed / non conventional 11.00 13.00 16.00 18.00 303.51 0.1 0.00 -326.0 -1260.139 342.389 0.00 0.00 0.00 0.00 0.00
 Mixed / non conventional 11.00 13.00 18.00 20.00 309.52 0.0 0.00 -90.0 -428.358 342.389 0.00 0.00 0.00 0.00 0.00
 Mixed / non conventional 11.00 13.00 20.00 22.00 444.25 0.1 0.00 -7.9 -279.461 342.389 0.00 0.00 0.00 0.00 0.00
 Mixed / non conventional 11.00 13.00 22.00 24.00 195.90 0.1 0.00 3.8 -66.356 342.389 0.00 0.00 0.00 0.00 0.00
 Mixed / non conventional 11.00 13.00 24.00 26.00 104.68 0.1 0.00 16.0 -21.275 342.389 0.00 0.00 0.00 0.00 0.00
 Mixed / non conventional 11.00 13.00 26.00 28.00 80.27 0.2 0.00 11.2 -10.556 342.389 0.00 0.00 0.00 0.00 0.00
 Mixed / non conventional 11.00 13.00 28.00 30.00 66.44 0.2 0.00 -27.4 -5.978 342.389 0.00 0.00 0.00 0.00 0.00
 Mixed / non conventional 11.00 13.00 30.00 32.00 64.02 0.3 0.00 -13.8 -4.114 342.389 0.00 0.00 0.00 0.00 0.00
 Mixed / non conventional 11.00 13.00 32.00 34.00 65.59 0.4 0.00 -76.6 -3.116 342.389 0.00 0.00 0.00 0.00 0.00
 Mixed / non conventional 11.00 13.00 34.00 36.00 64.68 0.5 0.00 44.3 -2.335 342.389 0.00 0.00 0.00 0.00 0.00
 Mixed / non conventional 11.00 14.00 17.00 20.00 292.75 0.0 0.00 -72.7 -1676.461 323.833 0.00 0.00 0.00 0.00 0.00
 Mixed / non conventional 11.00 14.00 20.00 23.00 389.82 0.0 0.00 27.1 -558.084 323.833 0.00 0.00 0.00 0.00 0.00
 Mixed / non conventional 11.00 14.00 23.00 26.00 118.62 0.0 0.00 -16.2 -67.931 323.833 0.00 0.00 0.00 0.00 0.00
 Mixed / non conventional 11.00 14.00 26.00 29.00 77.49 0.1 0.00 8.1 -22.187 323.833 0.00 0.00 0.00 0.00 0.00
 Mixed / non conventional 11.00 14.00 29.00 32.00 65.18 0.1 0.00 -38.4 -10.664 323.833 0.00 0.00 0.00 0.00 0.00
 Mixed / non conventional 11.00 14.00 32.00 35.00 66.32 0.1 0.00 -21.8 -6.782 323.833 0.00 0.00 0.00 0.00 0.00
 Mixed / non conventional 11.00 14.00 35.00 38.00 60.26 0.3 0.00 37.5 -4.108 323.833 0.00 0.00 0.00 0.00 0.00
 Mixed / non conventional 11.00 14.00 38.00 41.00 58.13 0.4 0.00 -32.6 -2.774 323.833 0.00 0.00 0.00 0.00 0.00
 Mixed / non conventional 11.00 14.00 41.00 44.00 61.83 0.4 0.00 -100.1 -2.146 323.833 0.00 0.00 0.00 0.00 0.00
 Mixed / non conventional 11.00 14.00 44.00 47.00 57.40 0.4 0.00 -64.1 -1.494 323.833 0.00 0.00 0.00 0.00 0.00
 Mixed / non conventional 11.00 14.00 18.00 21.00 329.92 0.1 0.00 -84.8 -1097.426 325.110 0.00 0.00 0.00 0.00 0.00
 Mixed / non conventional 11.00 14.00 21.00 24.00 288.14 0.1 0.00 -10.1 -294.904 325.110 0.00 0.00 0.00 0.00 0.00
 Mixed / non conventional 11.00 14.00 24.00 27.00 99.85 0.0 0.00 -24.7 -44.711 325.110 0.00 0.00 0.00 0.00 0.00
 Mixed / non conventional 11.00 14.00 27.00 30.00 70.75 0.0 0.00 23.8 -16.674 325.110 0.00 0.00 0.00 0.00 0.00
 Mixed / non conventional 11.00 14.00 30.00 33.00 65.00 0.1 0.00 -124.0 -9.052 325.110 0.00 0.00 0.00 0.00 0.00
 Mixed / non conventional 11.00 14.00 33.00 36.00 65.29 0.0 0.00 78.2 -5.819 325.110 0.00 0.00 0.00 0.00 0.00
 Mixed / non conventional 11.00 14.00 36.00 39.00 58.41 0.2 0.00 100.9 -3.533 325.110 0.00 0.00 0.00 0.00 0.00
 Mixed / non conventional 11.00 14.00 39.00 42.00 58.75 1.1 0.00 -135.7 -2.521 325.110 0.00 0.00 0.00 0.00 0.00
 Mixed / non conventional 11.00 14.00 42.00 45.00 60.14 0.6 0.00 -87.5 -1.898 325.110 0.00 0.00 0.00 0.00 0.00
 Mixed / non conventional 11.00 14.00 19.00 22.00 374.15 0.0 0.00 -35.6 -793.981 325.930 0.00 0.00 0.00 0.00 0.00
 Mixed / non conventional 11.00 14.00 22.00 25.00 174.41 0.0 0.00 -4.8 -132.182 325.930 0.00 0.00 0.00 0.00 0.00
 Mixed / non conventional 11.00 14.00 25.00 28.00 87.61 0.0 0.00 34.8 -31.246 325.930 0.00 0.00 0.00 0.00 0.00
 Mixed / non conventional 11.00 14.00 28.00 31.00 66.26 0.1 0.00 -45.0 -12.997 325.930 0.00 0.00 0.00 0.00 0.00
 Mixed / non conventional 11.00 14.00 31.00 34.00 65.98 0.1 0.00 -72.7 -7.878 325.930 0.00 0.00 0.00 0.00 0.00
 Mixed / non conventional 11.00 14.00 34.00 37.00 63.35 0.2 0.00 40.0 -4.946 325.930 0.00 0.00 0.00 0.00 0.00
 Mixed / non conventional 11.00 14.00 37.00 40.00 57.70 0.3 0.00 86.7 -3.107 325.930 0.00 0.00 0.00 0.00 0.00
 Mixed / non conventional 11.00 14.00 40.00 43.00 59.23 0.1 0.00 -147.1 -2.292 325.930 0.00 0.00 0.00 0.00 0.00
 Mixed / non conventional 11.00 14.00 43.00 46.00 58.39 0.1 0.00 -52.1 -1.679 325.930 0.00 0.00 0.00 0.00 0.00
 Mixed / non conventional 11.00 16.00 21.00 26.00 187.74 0.1 0.00 7.3 -716.083 359.478 0.00 0.00 0.00 0.00 0.00
 Mixed / non conventional 11.00 16.00 26.00 31.00 61.58 0.0 0.00 -34.5 -58.721 359.478 0.00 0.00 0.00 0.00 0.00
 Mixed / non conventional 11.00 16.00 31.00 36.00 55.95 0.1 0.00 -28.5 -21.342 359.478 0.00 0.00 0.00 0.00 0.00
 Mixed / non conventional 11.00 16.00 36.00 41.00 50.28 0.1 0.00 15.1 -9.588 359.478 0.00 0.00 0.00 0.00 0.00
 Mixed / non conventional 11.00 16.00 41.00 46.00 52.51 0.7 0.00 -131.8 -5.723 359.478 0.00 0.00 0.00 0.00 0.00
 Mixed / non conventional 11.00 16.00 22.00 27.00 120.65 0.0 0.00 -20.4 -326.827 359.459 0.00 0.00 0.00 0.00 0.00
 Mixed / non conventional 11.00 16.00 27.00 32.00 57.78 0.0 0.00 9.6 -44.719 359.459 0.00 0.00 0.00 0.00 0.00
 Mixed / non conventional 11.00 16.00 32.00 37.00 55.42 0.0 0.00 -36.6 -18.145 359.459 0.00 0.00 0.00 0.00 0.00
 Mixed / non conventional 11.00 16.00 37.00 42.00 50.54 0.0 0.00 -30.1 -8.542 359.459 0.00 0.00 0.00 0.00 0.00
 Mixed / non conventional 11.00 16.00 42.00 47.00 51.42 0.1 0.00 -113.9 -5.070 359.459 0.00 0.00 0.00 0.00 0.00
 Mixed / non conventional 11.00 16.00 23.00 28.00 87.26 0.0 0.00 -5.1 -174.951 359.795 0.00 0.00 0.00 0.00 0.00
 Mixed / non conventional 11.00 16.00 28.00 33.00 55.75 0.0 0.00 -151.5 -35.565 359.795 0.00 0.00 0.00 0.00 0.00
 Mixed / non conventional 11.00 16.00 33.00 38.00 54.22 0.1 0.00 125.6 -15.374 359.795 0.00 0.00 0.00 0.00 0.00
 Mixed / non conventional 11.00 16.00 38.00 43.00 51.47 0.1 0.00 -112.3 -7.753 359.795 0.00 0.00 0.00 0.00 0.00
 Mixed / non conventional 11.00 16.00 24.00 29.00 75.36 0.0 0.00 23.7 -115.356 360.105 0.00 0.00 0.00 0.00 0.00
 Mixed / non conventional 11.00 16.00 29.00 34.00 55.39 0.1 0.00 -114.9 -29.494 360.105 0.00 0.00 0.00 0.00 0.00
 Mixed / non conventional 11.00 16.00 34.00 39.00 52.78 0.1 0.00 145.0 -13.048 360.105 0.00 0.00 0.00 0.00 0.00
 Mixed / non conventional 11.00 16.00 39.00 44.00 51.55 0.3 0.00 -185.2 -6.952 360.105 0.00 0.00 0.00 0.00 0.00
 Mixed / non conventional 11.00 16.00 25.00 30.00 67.66 0.0 0.00 7.6 -80.971 360.016 0.00 0.00 0.00 0.00 0.00
 Mixed / non conventional 11.00 16.00 30.00 35.00 55.59 0.0 0.00 -35.9 -24.946 360.016 0.00 0.00 0.00 0.00 0.00
 Mixed / non conventional 11.00 16.00 35.00 40.00 51.16 0.1 0.00 71.8 -11.084 360.016 0.00 0.00 0.00 0.00 0.00
 Mixed / non conventional 11.00 16.00 40.00 45.00 52.17 0.4 0.00 -203.7 -6.316 360.016 0.00 0.00 0.00 0.00 0.00
 Mixed / non conventional 11.00 17.00 23.00 29.00 73.05 0.0 0.00 -7.7 -243.340 376.753 0.00 0.00 0.00 0.00 0.00
 Mixed / non conventional 11.00 17.00 29.00 35.00 49.79 0.0 0.00 -60.4 -41.466 376.753 0.00 0.00 0.00 0.00 0.00
 Mixed / non conventional 11.00 17.00 35.00 41.00 46.42 0.1 0.00 4.9 -15.463 376.753 0.00 0.00 0.00 0.00 0.00
 Mixed / non conventional 11.00 17.00 41.00 47.00 47.70 0.4 0.00 -163.6 -7.945 376.753 0.00 0.00 0.00 0.00 0.00
 Mixed / non conventional 11.00 17.00 24.00 30.00 64.19 0.1 0.00 -0.5 -160.525 377.326 0.00 0.00 0.00 0.00 0.00
 Mixed / non conventional 11.00 17.00 30.00 36.00 49.76 0.0 0.00 -45.8 -34.840 377.326 0.00 0.00 0.00 0.00 0.00
 Mixed / non conventional 11.00 17.00 36.00 42.00 46.16 0.1 0.00 -34.5 -13.554 377.326 0.00 0.00 0.00 0.00 0.00
 Mixed / non conventional 11.00 17.00 25.00 31.00 58.34 0.0 0.00 -9.8 -112.743 377.750 0.00 0.00 0.00 0.00 0.00
 Mixed / non conventional 11.00 17.00 31.00 37.00 49.90 0.1 0.00 -32.9 -29.670 377.750 0.00 0.00 0.00 0.00 0.00
 Mixed / non conventional 11.00 17.00 37.00 43.00 46.50 0.1 0.00 -60.4 -12.096 377.750 0.00 0.00 0.00 0.00 0.00
 Mixed / non conventional 11.00 17.00 26.00 32.00 53.98 0.0 0.00 -30.4 -82.413 377.729 0.00 0.00 0.00 0.00 0.00
 Mixed / non conventional 11.00 17.00 32.00 38.00 49.44 0.0 0.00 15.4 -25.161 377.729 0.00 0.00 0.00 0.00 0.00
 Mixed / non conventional 11.00 17.00 38.00 44.00 46.98 0.1 0.00 -132.1 -10.869 377.729 0.00 0.00 0.00 0.00 0.00
 Mixed / non conventional 11.00 17.00 27.00 33.00 51.31 0.0 0.00 -100.3 -63.104 377.756 0.00 0.00 0.00 0.00 0.00
 Mixed / non conventional 11.00 17.00 33.00 39.00 48.50 0.2 0.00 178.4 -21.300 377.756 0.00 0.00 0.00 0.00 0.00
 Mixed / non conventional 11.00 17.00 39.00 45.00 46.77 0.1 0.00 -222.2 -9.668 377.756 0.00 0.00 0.00 0.00 0.00
 Mixed / non conventional 11.00 17.00 28.00 34.00 49.83 0.0 0.00 -117.4 -50.228 378.315 0.00 0.00 0.00 0.00 0.00
 Mixed / non conventional 11.00 17.00 34.00 40.00 47.51 0.1 0.00 125.9 -18.165 378.315 0.00 0.00 0.00 0.00 0.00
 Mixed / non conventional 11.00 17.00 40.00 46.00 47.42 0.5 0.00 -198.2 -8.805 378.315 0.00 0.00 0.00 0.00 0.00
 Mixed / non conventional 12.00 13.00 14.00 15.00 282.27 0.1 0.00 19.2 -4109.387 274.419 0.00 0.00 0.00 0.00 0.00
 Mixed / non conventional 12.00 13.00 15.00 16.00 337.87 0.1 0.00 125.9 -1229.727 274.419 0.00 0.00 0.00 0.00 0.00
 Mixed / non conventional 12.00 13.00 16.00 17.00 284.28 0.2 0.00 59.2 -413.862 274.419 0.00 0.00 0.00 0.00 0.00
 Mixed / non conventional 12.00 13.00 17.00 18.00 279.06 0.5 0.00 -379.8 -203.133 274.419 0.00 0.00 0.00 0.00 0.00
 Mixed / non conventional 12.00 13.00 18.00 19.00 284.60 0.1 0.00 -62.9 -118.380 274.419 0.00 0.00 0.00 0.00 0.00
 Mixed / non conventional 12.00 13.00 19.00 20.00 295.90 0.1 0.00 -29.0 -76.926 274.419 0.00 0.00 0.00 0.00 0.00
 Mixed / non conventional 12.00 13.00 20.00 21.00 433.97 0.0 0.00 4.8 -75.214 274.419 0.00 0.00 0.00 0.00 0.00
 Mixed / non conventional 12.00 13.00 21.00 22.00 388.35 0.1 0.00 -13.3 -47.114 274.419 0.00 0.00 0.00 0.00 0.00
 Mixed / non conventional 12.00 13.00 22.00 23.00 226.26 0.0 0.00 34.7 -19.964 274.419 0.00 0.00 0.00 0.00 0.00
 Mixed / non conventional 12.00 13.00 23.00 24.00 130.41 0.1 0.00 -31.7 -8.630 274.419 0.00 0.00 0.00 0.00 0.00
 Mixed / non conventional 12.00 14.00 16.00 18.00 272.54 0.1 0.00 -311.7 -1878.276 259.812 0.00 0.00 0.00 0.00 0.00
 Mixed / non conventional 12.00 14.00 18.00 20.00 289.22 0.1 0.00 -90.0 -498.303 259.812 0.00 0.00 0.00 0.00 0.00
 Mixed / non conventional 12.00 14.00 20.00 22.00 419.74 0.1 0.00 -7.5 -289.273 259.812 0.00 0.00 0.00 0.00 0.00
 Mixed / non conventional 12.00 14.00 22.00 24.00 190.19 0.0 0.00 3.6 -65.536 259.812 0.00 0.00 0.00 0.00 0.00
 Mixed / non conventional 12.00 14.00 24.00 26.00 102.95 0.1 0.00 16.0 -20.272 259.812 0.00 0.00 0.00 0.00 0.00
 Mixed / non conventional 12.00 14.00 26.00 28.00 79.61 0.1 0.00 10.8 -9.797 259.812 0.00 0.00 0.00 0.00 0.00
 Mixed / non conventional 12.00 14.00 28.00 30.00 66.02 0.1 0.00 -26.8 -5.417 259.812 0.00 0.00 0.00 0.00 0.00
 Mixed / non conventional 12.00 14.00 30.00 32.00 64.19 0.2 0.00 -13.7 -3.687 259.812 0.00 0.00 0.00 0.00 0.00
 Mixed / non conventional 12.00 14.00 32.00 34.00 65.57 0.2 0.00 -76.3 -2.739 259.812 0.00 0.00 0.00 0.00 0.00
 Mixed / non conventional 12.00 14.00 34.00 36.00 63.94 0.4 0.00 44.5 -2.003 259.812 0.00 0.00 0.00 0.00 0.00
 Mixed / non conventional 12.00 14.00 17.00 19.00 280.20 0.0 0.00 -329.8 -884.854 260.424 0.00 0.00 0.00 0.00 0.00
 Mixed / non conventional 12.00 14.00 19.00 21.00 352.57 0.0 0.00 -22.8 -371.131 260.424 0.00 0.00 0.00 0.00 0.00
 Mixed / non conventional 12.00 14.00 21.00 23.00 324.98 0.1 0.00 22.2 -155.493 260.424 0.00 0.00 0.00 0.00 0.00
 Mixed / non conventional 12.00 14.00 23.00 25.00 122.99 0.0 0.00 -40.1 -31.686 260.424 0.00 0.00 0.00 0.00 0.00
 Mixed / non conventional 12.00 14.00 25.00 27.00 90.07 0.0 0.00 -15.3 -13.924 260.424 0.00 0.00 0.00 0.00 0.00
 Mixed / non conventional 12.00 14.00 27.00 29.00 71.37 0.2 0.00 48.2 -7.139 260.424 0.00 0.00 0.00 0.00 0.00
 Mixed / non conventional 12.00 14.00 29.00 31.00 63.91 0.2 0.00 -41.5 -4.374 260.424 0.00 0.00 0.00 0.00 0.00
 Mixed / non conventional 12.00 14.00 31.00 33.00 65.08 0.3 0.00 -106.2 -3.181 260.424 0.00 0.00 0.00 0.00 0.00
 Mixed / non conventional 12.00 14.00 33.00 35.00 65.46 0.3 0.00 88.2 -2.365 260.424 0.00 0.00 0.00 0.00 0.00
 Mixed / non conventional 12.00 14.00 35.00 37.00 60.38 0.5 0.00 -14.4 -1.658 260.424 0.00 0.00 0.00 0.00 0.00
 Mixed / non conventional 12.00 15.00 18.00 21.00 259.11 0.0 0.00 -81.5 -1237.030 269.967 0.00 0.00 0.00 0.00 0.00
 Mixed / non conventional 12.00 15.00 21.00 24.00 242.84 0.0 0.00 -9.2 -289.836 269.967 0.00 0.00 0.00 0.00 0.00
 Mixed / non conventional 12.00 15.00 24.00 27.00 87.38 0.0 0.00 -24.2 -41.715 269.967 0.00 0.00 0.00 0.00 0.00
 Mixed / non conventional 12.00 15.00 27.00 30.00 63.05 0.1 0.00 23.9 -15.050 269.967 0.00 0.00 0.00 0.00 0.00
 Mixed / non conventional 12.00 15.00 30.00 33.00 58.07 0.3 0.00 -123.6 -7.920 269.967 0.00 0.00 0.00 0.00 0.00
 Mixed / non conventional 12.00 15.00 33.00 36.00 58.87 0.2 0.00 78.6 -5.019 269.967 0.00 0.00 0.00 0.00 0.00
 Mixed / non conventional 12.00 15.00 36.00 39.00 52.95 0.4 0.00 100.2 -3.010 269.967 0.00 0.00 0.00 0.00 0.00
 Mixed / non conventional 12.00 15.00 39.00 42.00 52.70 1.0 0.00 -134.7 -2.096 269.967 0.00 0.00 0.00 0.00 0.00
 Mixed / non conventional 12.00 15.00 42.00 45.00 54.61 0.4 0.00 -87.3 -1.580 269.967 0.00 0.00 0.00 0.00 0.00
 Mixed / non conventional 12.00 15.00 19.00 22.00 301.59 0.0 0.00 -34.4 -834.116 270.322 0.00 0.00 0.00 0.00 0.00
 Mixed / non conventional 12.00 15.00 22.00 25.00 148.78 0.0 0.00 -5.7 -126.612 270.322 0.00 0.00 0.00 0.00 0.00
 Mixed / non conventional 12.00 15.00 25.00 28.00 77.33 0.0 0.00 35.2 -28.789 270.322 0.00 0.00 0.00 0.00 0.00
 Mixed / non conventional 12.00 15.00 28.00 31.00 59.17 0.1 0.00 -44.3 -11.595 270.322 0.00 0.00 0.00 0.00 0.00
 Mixed / non conventional 12.00 15.00 31.00 34.00 59.25 0.1 0.00 -72.4 -6.860 270.322 0.00 0.00 0.00 0.00 0.00
 Mixed / non conventional 12.00 15.00 34.00 37.00 57.14 0.2 0.00 40.2 -4.235 270.322 0.00 0.00 0.00 0.00 0.00
 Mixed / non conventional 12.00 15.00 37.00 40.00 51.91 0.4 0.00 86.0 -2.610 270.322 0.00 0.00 0.00 0.00 0.00
 Mixed / non conventional 12.00 15.00 40.00 43.00 54.60 1.3 0.00 -146.4 -1.948 270.322 0.00 0.00 0.00 0.00 0.00
 Mixed / non conventional 12.00 15.00 43.00 46.00 52.64 0.5 0.00 -51.9 -1.381 270.322 0.00 0.00 0.00 0.00 0.00
 Mixed / non conventional 12.00 15.00 20.00 23.00 323.27 0.1 0.00 28.1 -569.104 270.384 0.00 0.00 0.00 0.00 0.00
 Mixed / non conventional 12.00 15.00 23.00 26.00 102.63 0.1 0.00 -15.8 -64.529 270.384 0.00 0.00 0.00 0.00 0.00
 Mixed / non conventional 12.00 15.00 26.00 29.00 68.82 0.1 0.00 7.7 -20.362 270.384 0.00 0.00 0.00 0.00 0.00
 Mixed / non conventional 12.00 15.00 29.00 32.00 58.34 0.1 0.00 -37.8 -9.493 270.384 0.00 0.00 0.00 0.00 0.00
 Mixed / non conventional 12.00 15.00 32.00 35.00 59.59 0.1 0.00 -21.6 -5.903 270.384 0.00 0.00 0.00 0.00 0.00
 Mixed / non conventional 12.00 15.00 35.00 38.00 54.29 0.2 0.00 37.6 -3.516 270.384 0.00 0.00 0.00 0.00 0.00
 Mixed / non conventional 12.00 15.00 38.00 41.00 52.39 0.4 0.00 -32.2 -2.340 270.384 0.00 0.00 0.00 0.00 0.00
 Mixed / non conventional 12.00 15.00 41.00 44.00 56.45 0.6 0.00 -99.6 -1.812 270.384 0.00 0.00 0.00 0.00 0.00
 Mixed / non conventional 12.00 15.00 44.00 47.00 52.39 0.7 0.00 -63.9 -1.249 270.384 0.00 0.00 0.00 0.00 0.00
 Mixed / non conventional 12.00 17.00 22.00 27.00 97.61 0.0 0.00 -20.8 -300.710 290.338 0.00 0.00 0.00 0.00 0.00
 Mixed / non conventional 12.00 17.00 27.00 32.00 49.06 0.0 0.00 9.5 -37.785 290.338 0.00 0.00 0.00 0.00 0.00
 Mixed / non conventional 12.00 17.00 32.00 37.00 47.87 0.1 0.00 -36.2 -14.747 290.338 0.00 0.00 0.00 0.00 0.00
 Mixed / non conventional 12.00 17.00 37.00 42.00 44.11 0.2 0.00 -30.2 -6.794 290.338 0.00 0.00 0.00 0.00 0.00
 Mixed / non conventional 12.00 17.00 42.00 47.00 45.01 0.1 0.00 -113.8 -3.961 290.338 0.00 0.00 0.00 0.00 0.00
 Mixed / non conventional 12.00 17.00 23.00 28.00 71.71 0.0 0.00 -5.2 -157.033 290.600 0.00 0.00 0.00 0.00 0.00
 Mixed / non conventional 12.00 17.00 28.00 33.00 47.48 0.0 0.00 -150.8 -29.709 290.600 0.00 0.00 0.00 0.00 0.00
 Mixed / non conventional 12.00 17.00 33.00 38.00 47.00 0.1 0.00 125.4 -12.441 290.600 0.00 0.00 0.00 0.00 0.00
 Mixed / non conventional 12.00 17.00 38.00 43.00 44.92 0.1 0.00 -112.1 -6.138 290.600 0.00 0.00 0.00 0.00 0.00
 Mixed / non conventional 12.00 17.00 24.00 29.00 62.71 0.0 0.00 23.3 -101.590 290.707 0.00 0.00 0.00 0.00 0.00
 Mixed / non conventional 12.00 17.00 29.00 34.00 47.42 0.1 0.00 -114.4 -24.441 290.707 0.00 0.00 0.00 0.00 0.00
 Mixed / non conventional 12.00 17.00 34.00 39.00 46.01 0.2 0.00 144.1 -10.539 290.707 0.00 0.00 0.00 0.00 0.00
 Mixed / non conventional 12.00 17.00 39.00 44.00 45.22 0.1 0.00 -184.3 -5.504 290.707 0.00 0.00 0.00 0.00 0.00
 Mixed / non conventional 12.00 17.00 25.00 30.00 56.86 0.1 0.00 8.1 -70.339 291.028 0.00 0.00 0.00 0.00 0.00
 Mixed / non conventional 12.00 17.00 30.00 35.00 47.65 0.1 0.00 -36.0 -20.502 291.028 0.00 0.00 0.00 0.00 0.00
 Mixed / non conventional 12.00 17.00 35.00 40.00 44.42 0.2 0.00 71.1 -8.875 291.028 0.00 0.00 0.00 0.00 0.00
 Mixed / non conventional 12.00 17.00 40.00 45.00 45.25 0.5 0.00 -203.1 -4.931 291.028 0.00 0.00 0.00 0.00 0.00
 Mixed / non conventional 12.00 17.00 26.00 31.00 52.16 0.0 0.00 -34.3 -50.491 291.235 0.00 0.00 0.00 0.00 0.00
 Mixed / non conventional 12.00 17.00 31.00 36.00 48.06 0.0 0.00 -28.4 -17.446 291.235 0.00 0.00 0.00 0.00 0.00
 Mixed / non conventional 12.00 17.00 36.00 41.00 43.72 0.1 0.00 14.6 -7.662 291.235 0.00 0.00 0.00 0.00 0.00
 Mixed / non conventional 12.00 17.00 41.00 46.00 46.25 0.5 0.00 -131.7 -4.529 291.235 0.00 0.00 0.00 0.00 0.00
 Mixed / non conventional 12.00 18.00 24.00 30.00 56.03 0.1 0.00 -1.0 -145.618 293.926 0.00 0.00 0.00 0.00 0.00
 Mixed / non conventional 12.00 18.00 30.00 36.00 44.54 0.0 0.00 -45.9 -28.942 293.926 0.00 0.00 0.00 0.00 0.00
 Mixed / non conventional 12.00 18.00 36.00 42.00 41.93 0.1 0.00 -35.0 -10.898 293.926 0.00 0.00 0.00 0.00 0.00
 Mixed / non conventional 12.00 18.00 25.00 31.00 51.38 0.0 0.00 -9.1 -100.234 294.344 0.00 0.00 0.00 0.00 0.00
 Mixed / non conventional 12.00 18.00 31.00 37.00 44.78 0.1 0.00 -32.8 -24.460 294.344 0.00 0.00 0.00 0.00 0.00
 Mixed / non conventional 12.00 18.00 37.00 43.00 42.22 0.2 0.00 -60.7 -9.671 294.344 0.00 0.00 0.00 0.00 0.00
 Mixed / non conventional 12.00 18.00 26.00 32.00 47.81 0.0 0.00 -30.4 -72.047 294.577 0.00 0.00 0.00 0.00 0.00
 Mixed / non conventional 12.00 18.00 32.00 38.00 44.47 0.0 0.00 15.2 -20.622 294.577 0.00 0.00 0.00 0.00 0.00
 Mixed / non conventional 12.00 18.00 38.00 44.00 42.63 0.1 0.00 -131.9 -8.647 294.577 0.00 0.00 0.00 0.00 0.00
 Mixed / non conventional 12.00 18.00 27.00 33.00 45.66 0.0 0.00 -100.4 -54.376 294.604 0.00 0.00 0.00 0.00 0.00
 Mixed / non conventional 12.00 18.00 33.00 39.00 43.79 0.1 0.00 177.5 -17.381 294.604 0.00 0.00 0.00 0.00 0.00
 Mixed / non conventional 12.00 18.00 39.00 45.00 42.84 0.3 0.00 -221.4 -7.730 294.604 0.00 0.00 0.00 0.00 0.00
 Mixed / non conventional 12.00 18.00 28.00 34.00 44.50 0.0 0.00 -116.8 -42.737 295.014 0.00 0.00 0.00 0.00 0.00
 Mixed / non conventional 12.00 18.00 34.00 40.00 42.89 0.1 0.00 125.0 -14.711 295.014 0.00 0.00 0.00 0.00 0.00
 Mixed / non conventional 12.00 18.00 40.00 46.00 43.24 0.2 0.00 -197.8 -6.980 295.014 0.00 0.00 0.00 0.00 0.00
 Mixed / non conventional 12.00 18.00 29.00 35.00 44.61 0.1 0.00 -59.8 -35.080 295.118 0.00 0.00 0.00 0.00 0.00
 Mixed / non conventional 12.00 18.00 35.00 41.00 41.93 0.1 0.00 4.5 -12.506 295.118 0.00 0.00 0.00 0.00 0.00
 Mixed / non conventional 12.00 18.00 41.00 47.00 43.30 0.2 0.00 -163.5 -6.273 295.118 0.00 0.00 0.00 0.00 0.00
 Mixed / non conventional 13.00 14.00 15.00 16.00 262.74 0.0 0.00 -11.1 -4956.641 355.606 0.00 0.00 0.00 0.00 0.00
 Mixed / non conventional 13.00 14.00 16.00 17.00 264.64 0.1 0.00 44.3 -1248.159 355.606 0.00 0.00 0.00 0.00 0.00
 Mixed / non conventional 13.00 14.00 17.00 18.00 277.64 0.1 0.00 120.4 -523.780 355.606 0.00 0.00 0.00 0.00 0.00
 Mixed / non conventional 13.00 14.00 18.00 19.00 284.62 0.3 0.00 -469.1 -268.477 355.606 0.00 0.00 0.00 0.00 0.00
 Mixed / non conventional 13.00 14.00 19.00 20.00 298.30 0.0 0.00 -29.9 -160.787 355.606 0.00 0.00 0.00 0.00 0.00
 Mixed / non conventional 13.00 14.00 20.00 21.00 442.41 0.0 0.00 4.6 -149.039 355.606 0.00 0.00 0.00 0.00 0.00
 Mixed / non conventional 13.00 14.00 21.00 22.00 393.57 0.0 0.00 -12.9 -88.392 355.606 0.00 0.00 0.00 0.00 0.00
 Mixed / non conventional 13.00 14.00 22.00 23.00 236.35 0.0 0.00 33.9 -37.157 355.606 0.00 0.00 0.00 0.00 0.00
 Mixed / non conventional 13.00 14.00 23.00 24.00 136.97 0.0 0.00 -31.2 -15.661 355.606 0.00 0.00 0.00 0.00 0.00
 Mixed / non conventional 13.00 14.00 24.00 25.00 111.72 0.1 0.00 -9.6 -9.580 355.606 0.00 0.00 0.00 0.00 0.00
 Mixed / non conventional 13.00 15.00 17.00 19.00 209.52 0.1 0.00 -332.4 -2070.127 372.472 0.00 0.00 0.00 0.00 0.00
 Mixed / non conventional 13.00 15.00 19.00 21.00 279.60 0.0 0.00 -21.6 -690.614 372.472 0.00 0.00 0.00 0.00 0.00
 Mixed / non conventional 13.00 15.00 21.00 23.00 268.41 0.0 0.00 22.2 -265.193 372.472 0.00 0.00 0.00 0.00 0.00
 Mixed / non conventional 13.00 15.00 23.00 25.00 104.85 0.0 0.00 -40.3 -51.796 372.472 0.00 0.00 0.00 0.00 0.00
 Mixed / non conventional 13.00 15.00 25.00 27.00 78.67 0.0 0.00 -14.4 -22.207 372.472 0.00 0.00 0.00 0.00 0.00
 Mixed / non conventional 13.00 15.00 27.00 29.00 63.06 0.2 0.00 47.6 -11.125 372.472 0.00 0.00 0.00 0.00 0.00
 Mixed / non conventional 13.00 15.00 29.00 31.00 56.97 0.2 0.00 -41.2 -6.701 372.472 0.00 0.00 0.00 0.00 0.00
 Mixed / non conventional 13.00 15.00 31.00 33.00 58.19 0.0 0.00 -106.1 -4.791 372.472 0.00 0.00 0.00 0.00 0.00
 Mixed / non conventional 13.00 15.00 33.00 35.00 59.09 0.1 0.00 88.0 -3.538 372.472 0.00 0.00 0.00 0.00 0.00
 Mixed / non conventional 13.00 15.00 35.00 37.00 55.00 0.7 0.00 -14.3 -2.470 372.472 0.00 0.00 0.00 0.00 0.00
 Mixed / non conventional 13.00 15.00 18.00 20.00 224.48 0.0 0.00 -391.9 -1011.957 371.755 0.00 0.00 0.00 0.00 0.00
 Mixed / non conventional 13.00 15.00 20.00 22.00 341.33 0.0 0.00 -5.6 -512.903 371.755 0.00 0.00 0.00 0.00 0.00
 Mixed / non conventional 13.00 15.00 22.00 24.00 159.09 0.1 0.00 3.3 -108.659 371.755 0.00 0.00 0.00 0.00 0.00
 Mixed / non conventional 13.00 15.00 24.00 26.00 88.90 0.1 0.00 16.0 -32.696 371.755 0.00 0.00 0.00 0.00 0.00
 Mixed / non conventional 13.00 15.00 26.00 28.00 70.02 0.0 0.00 10.3 -15.450 371.755 0.00 0.00 0.00 0.00 0.00
 Mixed / non conventional 13.00 15.00 28.00 30.00 58.72 0.1 0.00 -26.3 -8.384 371.755 0.00 0.00 0.00 0.00 0.00
 Mixed / non conventional 13.00 15.00 30.00 32.00 56.70 0.0 0.00 -13.5 -5.539 371.755 0.00 0.00 0.00 0.00 0.00
 Mixed / non conventional 13.00 15.00 32.00 34.00 58.51 0.1 0.00 -76.0 -4.083 371.755 0.00 0.00 0.00 0.00 0.00
 Mixed / non conventional 13.00 15.00 34.00 36.00 57.76 0.2 0.00 44.4 -2.979 371.755 0.00 0.00 0.00 0.00 0.00
 Mixed / non conventional 13.00 15.00 36.00 38.00 52.96 0.4 0.00 46.9 -2.076 371.755 0.00 0.00 0.00 0.00 0.00
 Mixed / non conventional 13.00 16.00 19.00 22.00 228.69 0.0 0.00 -29.2 -1592.849 393.874 0.00 0.00 0.00 0.00 0.00
 Mixed / non conventional 13.00 16.00 22.00 25.00 123.17 0.0 0.00 -6.1 -214.475 393.874 0.00 0.00 0.00 0.00 0.00
 Mixed / non conventional 13.00 16.00 25.00 28.00 66.40 0.0 0.00 35.6 -46.246 393.874 0.00 0.00 0.00 0.00 0.00
 Mixed / non conventional 13.00 16.00 28.00 31.00 51.64 0.2 0.00 -43.6 -17.986 393.874 0.00 0.00 0.00 0.00 0.00
 Mixed / non conventional 13.00 16.00 31.00 34.00 52.09 0.1 0.00 -72.0 -10.367 393.874 0.00 0.00 0.00 0.00 0.00
 Mixed / non conventional 13.00 16.00 34.00 37.00 50.57 0.3 0.00 40.4 -6.289 393.874 0.00 0.00 0.00 0.00 0.00
 Mixed / non conventional 13.00 16.00 37.00 40.00 46.11 0.1 0.00 85.2 -3.824 393.874 0.00 0.00 0.00 0.00 0.00
 Mixed / non conventional 13.00 16.00 40.00 43.00 49.12 0.9 0.00 -145.6 -2.851 393.874 0.00 0.00 0.00 0.00 0.00
 Mixed / non conventional 13.00 16.00 43.00 46.00 47.11 0.9 0.00 -51.7 -1.989 393.874 0.00 0.00 0.00 0.00 0.00
 Mixed / non conventional 13.00 16.00 20.00 23.00 256.33 0.0 0.00 30.8 -1035.128 394.689 0.00 0.00 0.00 0.00 0.00
 Mixed / non conventional 13.00 16.00 23.00 26.00 86.25 0.0 0.00 -15.0 -107.167 394.689 0.00 0.00 0.00 0.00 0.00
 Mixed / non conventional 13.00 16.00 26.00 29.00 59.52 0.0 0.00 7.5 -32.356 394.689 0.00 0.00 0.00 0.00 0.00
 Mixed / non conventional 13.00 16.00 29.00 32.00 51.07 0.1 0.00 -37.4 -14.611 394.689 0.00 0.00 0.00 0.00 0.00
 Mixed / non conventional 13.00 16.00 32.00 35.00 52.64 0.1 0.00 -21.5 -8.899 394.689 0.00 0.00 0.00 0.00 0.00
 Mixed / non conventional 13.00 16.00 35.00 38.00 48.27 0.1 0.00 37.4 -5.222 394.689 0.00 0.00 0.00 0.00 0.00
 Mixed / non conventional 13.00 16.00 38.00 41.00 46.40 0.6 0.00 -32.1 -3.407 394.689 0.00 0.00 0.00 0.00 0.00
 Mixed / non conventional 13.00 16.00 41.00 44.00 49.92 0.3 0.00 -99.5 -2.601 394.689 0.00 0.00 0.00 0.00 0.00
 Mixed / non conventional 13.00 16.00 44.00 47.00 46.34 0.5 0.00 -63.9 -1.776 394.689 0.00 0.00 0.00 0.00 0.00
 Mixed / non conventional 13.00 16.00 21.00 24.00 197.25 0.0 0.00 -7.9 -507.295 395.010 0.00 0.00 0.00 0.00 0.00
 Mixed / non conventional 13.00 16.00 24.00 27.00 74.31 0.0 0.00 -24.2 -68.256 395.010 0.00 0.00 0.00 0.00 0.00
 Mixed / non conventional 13.00 16.00 27.00 30.00 54.86 0.0 0.00 23.4 -23.711 395.010 0.00 0.00 0.00 0.00 0.00
 Mixed / non conventional 13.00 16.00 30.00 33.00 51.19 0.1 0.00 -123.4 -12.169 395.010 0.00 0.00 0.00 0.00 0.00
 Mixed / non conventional 13.00 16.00 33.00 36.00 51.99 0.0 0.00 78.5 -7.523 395.010 0.00 0.00 0.00 0.00 0.00
 Mixed / non conventional 13.00 16.00 36.00 39.00 47.12 0.1 0.00 99.1 -4.458 395.010 0.00 0.00 0.00 0.00 0.00
 Mixed / non conventional 13.00 16.00 39.00 42.00 47.21 0.4 0.00 -133.5 -3.081 395.010 0.00 0.00 0.00 0.00 0.00
 Mixed / non conventional 13.00 16.00 42.00 45.00 48.91 0.4 0.00 -87.4 -2.294 395.010 0.00 0.00 0.00 0.00 0.00
 Mixed / non conventional 13.00 18.00 23.00 28.00 61.56 0.0 0.00 -4.4 -277.479 424.792 0.00 0.00 0.00 0.00 0.00
 Mixed / non conventional 13.00 18.00 28.00 33.00 42.35 0.1 0.00 -150.1 -47.721 424.792 0.00 0.00 0.00 0.00 0.00
 Mixed / non conventional 13.00 18.00 33.00 38.00 42.29 0.0 0.00 125.1 -19.063 424.792 0.00 0.00 0.00 0.00 0.00
 Mixed / non conventional 13.00 18.00 38.00 43.00 40.73 0.1 0.00 -112.0 -9.178 424.792 0.00 0.00 0.00 0.00 0.00
 Mixed / non conventional 13.00 18.00 24.00 29.00 54.55 0.0 0.00 23.5 -174.699 424.971 0.00 0.00 0.00 0.00 0.00
 Mixed / non conventional 13.00 18.00 29.00 34.00 42.37 0.0 0.00 -113.7 -38.769 424.971 0.00 0.00 0.00 0.00 0.00
 Mixed / non conventional 13.00 18.00 34.00 39.00 41.51 0.1 0.00 143.2 -16.067 424.971 0.00 0.00 0.00 0.00 0.00
 Mixed / non conventional 13.00 18.00 39.00 44.00 40.87 0.4 0.00 -183.6 -8.165 424.971 0.00 0.00 0.00 0.00 0.00
 Mixed / non conventional 13.00 18.00 25.00 30.00 49.90 0.1 0.00 9.4 -118.289 425.375 0.00 0.00 0.00 0.00 0.00
 Mixed / non conventional 13.00 18.00 30.00 35.00 42.71 0.1 0.00 -35.6 -32.215 425.375 0.00 0.00 0.00 0.00 0.00
 Mixed / non conventional 13.00 18.00 35.00 40.00 40.23 0.1 0.00 70.6 -13.487 425.375 0.00 0.00 0.00 0.00 0.00
 Mixed / non conventional 13.00 18.00 40.00 45.00 41.58 0.2 0.00 -202.3 -7.405 425.375 0.00 0.00 0.00 0.00 0.00
 Mixed / non conventional 13.00 18.00 26.00 31.00 46.06 0.1 0.00 -33.7 -83.371 425.842 0.00 0.00 0.00 0.00 0.00
 Mixed / non conventional 13.00 18.00 31.00 36.00 43.21 0.1 0.00 -27.9 -27.206 425.842 0.00 0.00 0.00 0.00 0.00
 Mixed / non conventional 13.00 18.00 36.00 41.00 39.61 0.1 0.00 14.6 -11.581 425.842 0.00 0.00 0.00 0.00 0.00
 Mixed / non conventional 13.00 18.00 41.00 46.00 41.62 0.3 0.00 -131.2 -6.636 425.842 0.00 0.00 0.00 0.00 0.00
 Mixed / non conventional 13.00 18.00 27.00 32.00 43.63 0.1 0.00 9.6 -61.830 426.340 0.00 0.00 0.00 0.00 0.00
 Mixed / non conventional 13.00 18.00 32.00 37.00 43.01 0.0 0.00 -36.0 -22.859 426.340 0.00 0.00 0.00 0.00 0.00
 Mixed / non conventional 13.00 18.00 37.00 42.00 39.98 0.0 0.00 -30.4 -10.256 426.340 0.00 0.00 0.00 0.00 0.00
 Mixed / non conventional 13.00 18.00 42.00 47.00 40.89 0.0 0.00 -113.6 -5.863 426.340 0.00 0.00 0.00 0.00 0.00
 Mixed / non conventional 13.00 19.00 25.00 31.00 46.94 0.0 0.00 -7.5 -178.261 429.545 0.00 0.00 0.00 0.00 0.00
 Mixed / non conventional 13.00 19.00 31.00 37.00 41.88 0.0 0.00 -32.1 -39.769 429.545 0.00 0.00 0.00 0.00 0.00
 Mixed / non conventional 13.00 19.00 37.00 43.00 39.67 0.1 0.00 -60.6 -15.065 429.545 0.00 0.00 0.00 0.00 0.00
 Mixed / non conventional 13.00 19.00 26.00 32.00 43.99 0.1 0.00 -29.7 -125.361 430.023 0.00 0.00 0.00 0.00 0.00
 Mixed / non conventional 13.00 19.00 32.00 38.00 41.66 0.0 0.00 15.4 -33.246 430.023 0.00 0.00 0.00 0.00 0.00
 Mixed / non conventional 13.00 19.00 38.00 44.00 40.03 0.1 0.00 -131.4 -13.396 430.023 0.00 0.00 0.00 0.00 0.00
 Mixed / non conventional 13.00 19.00 27.00 33.00 42.14 0.0 0.00 -99.9 -92.769 430.356 0.00 0.00 0.00 0.00 0.00
 Mixed / non conventional 13.00 19.00 33.00 39.00 41.14 0.1 0.00 176.9 -27.865 430.356 0.00 0.00 0.00 0.00 0.00
 Mixed / non conventional 13.00 19.00 39.00 45.00 40.24 0.1 0.00 -220.4 -11.925 430.356 0.00 0.00 0.00 0.00 0.00
 Mixed / non conventional 13.00 19.00 28.00 34.00 41.16 0.0 0.00 -115.5 -71.641 430.563 0.00 0.00 0.00 0.00 0.00
 Mixed / non conventional 13.00 19.00 34.00 40.00 40.32 0.1 0.00 124.6 -23.391 430.563 0.00 0.00 0.00 0.00 0.00
 Mixed / non conventional 13.00 19.00 40.00 46.00 40.57 0.1 0.00 -196.6 -10.698 430.563 0.00 0.00 0.00 0.00 0.00
 Mixed / non conventional 13.00 19.00 29.00 35.00 41.40 0.0 0.00 -58.9 -58.070 430.878 0.00 0.00 0.00 0.00 0.00
 Mixed / non conventional 13.00 19.00 35.00 41.00 39.44 0.0 0.00 4.9 -19.757 430.878 0.00 0.00 0.00 0.00 0.00
 Mixed / non conventional 13.00 19.00 41.00 47.00 40.66 0.1 0.00 -162.8 -9.586 430.878 0.00 0.00 0.00 0.00 0.00
 Mixed / non conventional 13.00 19.00 30.00 36.00 41.58 0.1 0.00 -44.9 -47.759 431.146 0.00 0.00 0.00 0.00 0.00
 Mixed / non conventional 13.00 19.00 36.00 42.00 39.30 0.0 0.00 -34.8 -17.125 431.146 0.00 0.00 0.00 0.00 0.00
 Mixed / non conventional 14.00 15.00 16.00 17.00 146.10 0.1 0.00 4.8 -2760.704 356.182 0.00 0.00 0.00 0.00 0.00
 Mixed / non conventional 14.00 15.00 17.00 18.00 176.58 0.1 0.00 75.8 -834.187 356.182 0.00 0.00 0.00 0.00 0.00
 Mixed / non conventional 14.00 15.00 18.00 19.00 186.37 0.2 0.00 123.5 -352.159 356.182 0.00 0.00 0.00 0.00 0.00
 Mixed / non conventional 14.00 15.00 19.00 20.00 199.17 0.6 0.00 -489.0 -188.174 356.182 0.00 0.00 0.00 0.00 0.00
 Mixed / non conventional 14.00 15.00 20.00 21.00 300.45 0.1 0.00 1.9 -162.207 356.182 0.00 0.00 0.00 0.00 0.00
 Mixed / non conventional 14.00 15.00 21.00 22.00 271.87 0.1 0.00 -13.1 -91.736 356.182 0.00 0.00 0.00 0.00 0.00
 Mixed / non conventional 14.00 15.00 22.00 23.00 160.85 0.1 0.00 33.1 -36.184 356.182 0.00 0.00 0.00 0.00 0.00
 Mixed / non conventional 14.00 15.00 23.00 24.00 96.51 0.1 0.00 -30.6 -15.197 356.182 0.00 0.00 0.00 0.00 0.00
 Mixed / non conventional 14.00 15.00 24.00 25.00 80.26 0.1 0.00 -10.4 -9.191 356.182 0.00 0.00 0.00 0.00 0.00
 Mixed / non conventional 14.00 15.00 25.00 26.00 71.40 0.1 0.00 25.8 -6.133 356.182 0.00 0.00 0.00 0.00 0.00
 Mixed / non conventional 14.00 16.00 18.00 20.00 151.31 0.0 0.00 -353.8 -1492.029 371.736 0.00 0.00 0.00 0.00 0.00
 Mixed / non conventional 14.00 16.00 20.00 22.00 245.65 0.1 0.00 -7.3 -605.570 371.736 0.00 0.00 0.00 0.00 0.00
 Mixed / non conventional 14.00 16.00 22.00 24.00 118.72 0.1 0.00 2.8 -117.061 371.736 0.00 0.00 0.00 0.00 0.00
 Mixed / non conventional 14.00 16.00 24.00 26.00 68.49 0.0 0.00 15.9 -33.767 371.736 0.00 0.00 0.00 0.00 0.00
 Mixed / non conventional 14.00 16.00 26.00 28.00 54.86 0.1 0.00 9.8 -15.455 371.736 0.00 0.00 0.00 0.00 0.00
 Mixed / non conventional 14.00 16.00 28.00 30.00 46.38 0.0 0.00 -25.9 -8.167 371.736 0.00 0.00 0.00 0.00 0.00
 Mixed / non conventional 14.00 16.00 30.00 32.00 44.94 0.1 0.00 -13.5 -5.275 371.736 0.00 0.00 0.00 0.00 0.00
 Mixed / non conventional 14.00 16.00 32.00 34.00 46.82 0.1 0.00 -75.8 -3.847 371.736 0.00 0.00 0.00 0.00 0.00
 Mixed / non conventional 14.00 16.00 34.00 36.00 46.23 0.6 0.00 44.4 -2.763 371.736 0.00 0.00 0.00 0.00 0.00
 Mixed / non conventional 14.00 16.00 36.00 38.00 42.24 0.3 0.00 46.5 -1.893 371.736 0.00 0.00 0.00 0.00 0.00
 Mixed / non conventional 14.00 16.00 19.00 21.00 194.01 0.1 0.00 -355.9 -877.382 372.935 0.00 0.00 0.00 0.00 0.00
 Mixed / non conventional 14.00 16.00 21.00 23.00 196.79 0.1 0.00 21.3 -296.641 372.935 0.00 0.00 0.00 0.00 0.00
 Mixed / non conventional 14.00 16.00 23.00 25.00 79.76 0.1 0.00 -40.7 -54.651 372.935 0.00 0.00 0.00 0.00 0.00
 Mixed / non conventional 14.00 16.00 25.00 27.00 61.13 0.1 0.00 -13.4 -22.556 372.935 0.00 0.00 0.00 0.00 0.00
 Mixed / non conventional 14.00 16.00 27.00 29.00 49.69 0.0 0.00 47.0 -10.999 372.935 0.00 0.00 0.00 0.00 0.00
 Mixed / non conventional 14.00 16.00 29.00 31.00 45.23 0.1 0.00 -40.6 -6.479 372.935 0.00 0.00 0.00 0.00 0.00
 Mixed / non conventional 14.00 16.00 31.00 33.00 46.07 0.2 0.00 -105.8 -4.515 372.935 0.00 0.00 0.00 0.00 0.00
 Mixed / non conventional 14.00 16.00 33.00 35.00 46.81 0.1 0.00 88.0 -3.277 372.935 0.00 0.00 0.00 0.00 0.00
 Mixed / non conventional 14.00 16.00 35.00 37.00 43.53 0.2 0.00 -14.0 -2.252 372.935 0.00 0.00 0.00 0.00 0.00
 Mixed / non conventional 14.00 16.00 37.00 39.00 41.11 0.8 0.00 102.3 -1.617 372.935 0.00 0.00 0.00 0.00 0.00
 Mixed / non conventional 14.00 17.00 20.00 23.00 179.72 0.1 0.00 30.4 -1243.490 391.255 0.00 0.00 0.00 0.00 0.00
 Mixed / non conventional 14.00 17.00 23.00 26.00 64.76 0.1 0.00 -14.7 -112.024 391.255 0.00 0.00 0.00 0.00 0.00
 Mixed / non conventional 14.00 17.00 26.00 29.00 46.06 0.1 0.00 7.2 -31.866 391.255 0.00 0.00 0.00 0.00 0.00
 Mixed / non conventional 14.00 17.00 29.00 32.00 39.91 0.1 0.00 -37.0 -13.807 391.255 0.00 0.00 0.00 0.00 0.00
 Mixed / non conventional 14.00 17.00 32.00 35.00 41.42 0.1 0.00 -21.5 -8.188 391.255 0.00 0.00 0.00 0.00 0.00
 Mixed / non conventional 14.00 17.00 35.00 38.00 38.42 0.1 0.00 37.3 -4.747 391.255 0.00 0.00 0.00 0.00 0.00
 Mixed / non conventional 14.00 17.00 38.00 41.00 36.81 0.3 0.00 -32.0 -3.032 391.255 0.00 0.00 0.00 0.00 0.00
 Mixed / non conventional 14.00 17.00 41.00 44.00 40.01 0.1 0.00 -99.3 -2.307 391.255 0.00 0.00 0.00 0.00 0.00
 Mixed / non conventional 14.00 17.00 44.00 47.00 37.26 0.8 0.00 -63.8 -1.563 391.255 0.00 0.00 0.00 0.00 0.00
 Mixed / non conventional 14.00 17.00 21.00 24.00 142.34 0.1 0.00 -7.6 -571.528 392.429 0.00 0.00 0.00 0.00 0.00
 Mixed / non conventional 14.00 17.00 24.00 27.00 56.49 0.1 0.00 -23.9 -69.789 392.429 0.00 0.00 0.00 0.00 0.00
 Mixed / non conventional 14.00 17.00 27.00 30.00 42.63 0.1 0.00 23.3 -23.040 392.429 0.00 0.00 0.00 0.00 0.00
 Mixed / non conventional 14.00 17.00 30.00 33.00 40.04 0.2 0.00 -123.1 -11.390 392.429 0.00 0.00 0.00 0.00 0.00
 Mixed / non conventional 14.00 17.00 33.00 36.00 40.95 0.1 0.00 78.7 -6.884 392.429 0.00 0.00 0.00 0.00 0.00
 Mixed / non conventional 14.00 17.00 36.00 39.00 37.32 0.2 0.00 98.2 -4.015 392.429 0.00 0.00 0.00 0.00 0.00
 Mixed / non conventional 14.00 17.00 39.00 42.00 37.29 1.6 0.00 -132.6 -2.723 392.429 0.00 0.00 0.00 0.00 0.00
 Mixed / non conventional 14.00 17.00 42.00 45.00 38.82 0.5 0.00 -87.3 -2.011 392.429 0.00 0.00 0.00 0.00 0.00
 Mixed / non conventional 14.00 17.00 22.00 25.00 90.81 0.0 0.00 -7.2 -232.504 393.237 0.00 0.00 0.00 0.00 0.00
 Mixed / non conventional 14.00 17.00 25.00 28.00 50.97 0.0 0.00 35.6 -46.609 393.237 0.00 0.00 0.00 0.00 0.00
 Mixed / non conventional 14.00 17.00 28.00 31.00 40.28 0.1 0.00 -43.2 -17.331 393.237 0.00 0.00 0.00 0.00 0.00
 Mixed / non conventional 14.00 17.00 31.00 34.00 40.96 0.1 0.00 -71.8 -9.693 393.237 0.00 0.00 0.00 0.00 0.00
 Mixed / non conventional 14.00 17.00 34.00 37.00 39.94 0.1 0.00 40.5 -5.753 393.237 0.00 0.00 0.00 0.00 0.00
 Mixed / non conventional 14.00 17.00 37.00 40.00 36.67 0.0 0.00 84.3 -3.454 393.237 0.00 0.00 0.00 0.00 0.00
 Mixed / non conventional 14.00 17.00 40.00 43.00 38.68 0.6 0.00 -144.5 -2.512 393.237 0.00 0.00 0.00 0.00 0.00
 Mixed / non conventional 14.00 17.00 43.00 46.00 37.56 0.6 0.00 -51.6 -1.754 393.237 0.00 0.00 0.00 0.00 0.00
 Mixed / non conventional 14.00 19.00 24.00 29.00 48.19 0.0 0.00 23.3 -205.478 401.878 0.00 0.00 0.00 0.00 0.00
 Mixed / non conventional 14.00 19.00 29.00 34.00 38.40 0.1 0.00 -113.0 -40.931 401.878 0.00 0.00 0.00 0.00 0.00
 Mixed / non conventional 14.00 19.00 34.00 39.00 37.92 0.1 0.00 142.4 -16.167 401.878 0.00 0.00 0.00 0.00 0.00
 Mixed / non conventional 14.00 19.00 39.00 44.00 37.54 0.1 0.00 -182.6 -8.004 401.878 0.00 0.00 0.00 0.00 0.00
 Mixed / non conventional 14.00 19.00 25.00 30.00 44.61 0.0 0.00 10.1 -135.265 402.407 0.00 0.00 0.00 0.00 0.00
 Mixed / non conventional 14.00 19.00 30.00 35.00 38.76 0.0 0.00 -35.5 -33.578 402.407 0.00 0.00 0.00 0.00 0.00
 Mixed / non conventional 14.00 19.00 35.00 40.00 36.73 0.1 0.00 70.1 -13.465 402.407 0.00 0.00 0.00 0.00 0.00
 Mixed / non conventional 14.00 19.00 40.00 45.00 37.88 0.4 0.00 -201.6 -7.167 402.407 0.00 0.00 0.00 0.00 0.00
 Mixed / non conventional 14.00 19.00 26.00 31.00 41.44 0.0 0.00 -33.7 -93.144 403.325 0.00 0.00 0.00 0.00 0.00
 Mixed / non conventional 14.00 19.00 31.00 36.00 39.27 0.1 0.00 -27.7 -28.081 403.325 0.00 0.00 0.00 0.00 0.00
 Mixed / non conventional 14.00 19.00 36.00 41.00 36.19 0.1 0.00 14.3 -11.502 403.325 0.00 0.00 0.00 0.00 0.00
 Mixed / non conventional 14.00 19.00 41.00 46.00 38.06 0.2 0.00 -131.1 -6.427 403.325 0.00 0.00 0.00 0.00 0.00
 Mixed / non conventional 14.00 19.00 27.00 32.00 39.41 0.0 0.00 9.4 -67.489 402.831 0.00 0.00 0.00 0.00 0.00
 Mixed / non conventional 14.00 19.00 32.00 37.00 39.15 0.1 0.00 -35.7 -23.321 402.831 0.00 0.00 0.00 0.00 0.00
 Mixed / non conventional 14.00 19.00 37.00 42.00 36.47 0.0 0.00 -30.6 -10.086 402.831 0.00 0.00 0.00 0.00 0.00
 Mixed / non conventional 14.00 19.00 42.00 47.00 37.42 0.2 0.00 -113.7 -5.645 402.831 0.00 0.00 0.00 0.00 0.00
 Mixed / non conventional 14.00 19.00 28.00 33.00 38.34 0.1 0.00 -149.1 -51.398 403.319 0.00 0.00 0.00 0.00 0.00
 Mixed / non conventional 14.00 19.00 33.00 38.00 38.54 0.1 0.00 124.8 -19.378 403.319 0.00 0.00 0.00 0.00 0.00
 Mixed / non conventional 14.00 19.00 38.00 43.00 37.16 0.2 0.00 -111.7 -9.019 403.319 0.00 0.00 0.00 0.00 0.00
 Mixed / non conventional 14.00 20.00 26.00 32.00 42.00 0.1 0.00 -29.8 -147.311 396.675 0.00 0.00 0.00 0.00 0.00
 Mixed / non conventional 14.00 20.00 32.00 38.00 40.24 0.1 0.00 15.2 -35.281 396.675 0.00 0.00 0.00 0.00 0.00
 Mixed / non conventional 14.00 20.00 38.00 44.00 38.74 0.1 0.00 -131.3 -13.588 396.675 0.00 0.00 0.00 0.00 0.00
 Mixed / non conventional 14.00 20.00 27.00 33.00 40.38 0.0 0.00 -100.1 -106.334 397.280 0.00 0.00 0.00 0.00 0.00
 Mixed / non conventional 14.00 20.00 33.00 39.00 39.78 0.1 0.00 175.9 -29.324 397.280 0.00 0.00 0.00 0.00 0.00
 Mixed / non conventional 14.00 20.00 39.00 45.00 38.90 0.2 0.00 -219.8 -12.025 397.280 0.00 0.00 0.00 0.00 0.00
 Mixed / non conventional 14.00 20.00 28.00 34.00 39.53 0.0 0.00 -115.0 -80.480 397.982 0.00 0.00 0.00 0.00 0.00
 Mixed / non conventional 14.00 20.00 34.00 40.00 39.02 0.1 0.00 123.8 -24.445 397.982 0.00 0.00 0.00 0.00 0.00
 Mixed / non conventional 14.00 20.00 40.00 46.00 39.40 0.0 0.00 -196.2 -10.797 397.982 0.00 0.00 0.00 0.00 0.00
 Mixed / non conventional 14.00 20.00 29.00 35.00 39.82 0.0 0.00 -58.6 -64.124 398.403 0.00 0.00 0.00 0.00 0.00
 Mixed / non conventional 14.00 20.00 35.00 41.00 38.16 0.0 0.00 4.6 -20.486 398.403 0.00 0.00 0.00 0.00 0.00
 Mixed / non conventional 14.00 20.00 41.00 47.00 39.46 0.2 0.00 -162.8 -9.627 398.403 0.00 0.00 0.00 0.00 0.00
 Mixed / non conventional 14.00 20.00 30.00 36.00 40.05 0.0 0.00 -44.7 -52.019 399.010 0.00 0.00 0.00 0.00 0.00
 Mixed / non conventional 14.00 20.00 36.00 42.00 38.04 0.1 0.00 -35.0 -17.648 399.010 0.00 0.00 0.00 0.00 0.00
 Mixed / non conventional 14.00 20.00 31.00 37.00 40.45 0.0 0.00 -31.7 -42.953 398.535 0.00 0.00 0.00 0.00 0.00
 Mixed / non conventional 14.00 20.00 37.00 43.00 38.30 0.0 0.00 -61.1 -15.426 398.535 0.00 0.00 0.00 0.00 0.00
 Mixed / non conventional 15.00 16.00 17.00 18.00 109.11 0.0 0.00 -52.6 -2319.712 400.730 0.00 0.00 0.00 0.00 0.00
 Mixed / non conventional 15.00 16.00 18.00 19.00 130.34 0.0 0.00 69.0 -692.721 400.730 0.00 0.00 0.00 0.00 0.00
 Mixed / non conventional 15.00 16.00 19.00 20.00 144.78 0.4 0.00 55.2 -307.784 400.730 0.00 0.00 0.00 0.00 0.00
 Mixed / non conventional 15.00 16.00 20.00 21.00 226.87 0.5 0.00 -413.7 -241.153 400.730 0.00 0.00 0.00 0.00 0.00
 Mixed / non conventional 15.00 16.00 21.00 22.00 207.93 0.1 0.00 -13.7 -126.297 400.730 0.00 0.00 0.00 0.00 0.00
 Mixed / non conventional 15.00 16.00 22.00 23.00 128.20 0.0 0.00 32.2 -48.671 400.730 0.00 0.00 0.00 0.00 0.00
 Mixed / non conventional 15.00 16.00 23.00 24.00 77.94 0.1 0.00 -30.1 -19.726 400.730 0.00 0.00 0.00 0.00 0.00
 Mixed / non conventional 15.00 16.00 24.00 25.00 65.64 0.1 0.00 -11.0 -11.630 400.730 0.00 0.00 0.00 0.00 0.00
 Mixed / non conventional 15.00 16.00 25.00 26.00 59.05 0.1 0.00 26.5 -7.608 400.730 0.00 0.00 0.00 0.00 0.00
 Mixed / non conventional 15.00 16.00 26.00 27.00 52.74 0.2 0.00 -39.6 -5.096 400.730 0.00 0.00 0.00 0.00 0.00
 Mixed / non conventional 15.00 17.00 19.00 21.00 128.53 0.0 0.00 -347.7 -1440.048 422.380 0.00 0.00 0.00 0.00 0.00
 Mixed / non conventional 15.00 17.00 21.00 23.00 143.57 0.0 0.00 19.3 -402.127 422.380 0.00 0.00 0.00 0.00 0.00
 Mixed / non conventional 15.00 17.00 23.00 25.00 61.27 0.0 0.00 -41.1 -68.649 422.380 0.00 0.00 0.00 0.00 0.00
 Mixed / non conventional 15.00 17.00 25.00 27.00 48.07 0.0 0.00 -12.6 -26.931 422.380 0.00 0.00 0.00 0.00 0.00
 Mixed / non conventional 15.00 17.00 27.00 29.00 39.64 0.1 0.00 46.5 -12.690 422.380 0.00 0.00 0.00 0.00 0.00
 Mixed / non conventional 15.00 17.00 29.00 31.00 36.31 0.2 0.00 -40.3 -7.264 422.380 0.00 0.00 0.00 0.00 0.00
 Mixed / non conventional 15.00 17.00 31.00 33.00 37.16 0.1 0.00 -105.6 -4.957 422.380 0.00 0.00 0.00 0.00 0.00
 Mixed / non conventional 15.00 17.00 33.00 35.00 38.12 0.2 0.00 88.0 -3.560 422.380 0.00 0.00 0.00 0.00 0.00
 Mixed / non conventional 15.00 17.00 35.00 37.00 35.51 0.3 0.00 -13.7 -2.411 422.380 0.00 0.00 0.00 0.00 0.00
 Mixed / non conventional 15.00 17.00 37.00 39.00 33.99 0.3 0.00 101.5 -1.731 422.380 0.00 0.00 0.00 0.00 0.00
 Mixed / non conventional 15.00 17.00 20.00 22.00 173.56 0.1 0.00 -305.5 -890.344 423.054 0.00 0.00 0.00 0.00 0.00
 Mixed / non conventional 15.00 17.00 22.00 24.00 89.52 0.0 0.00 1.9 -153.072 423.054 0.00 0.00 0.00 0.00 0.00
 Mixed / non conventional 15.00 17.00 24.00 26.00 53.26 0.0 0.00 15.7 -41.397 423.054 0.00 0.00 0.00 0.00 0.00
 Mixed / non conventional 15.00 17.00 26.00 28.00 43.50 0.1 0.00 9.4 -18.205 423.054 0.00 0.00 0.00 0.00 0.00
 Mixed / non conventional 15.00 17.00 28.00 30.00 37.17 0.1 0.00 -25.4 -9.333 423.054 0.00 0.00 0.00 0.00 0.00
 Mixed / non conventional 15.00 17.00 30.00 32.00 36.26 0.2 0.00 -13.3 -5.892 423.054 0.00 0.00 0.00 0.00 0.00
 Mixed / non conventional 15.00 17.00 32.00 34.00 37.71 0.2 0.00 -75.3 -4.192 423.054 0.00 0.00 0.00 0.00 0.00
 Mixed / non conventional 15.00 17.00 34.00 36.00 37.46 0.3 0.00 44.6 -2.975 423.054 0.00 0.00 0.00 0.00 0.00
 Mixed / non conventional 15.00 17.00 36.00 38.00 33.93 0.3 0.00 46.3 -1.992 423.054 0.00 0.00 0.00 0.00 0.00
 Mixed / non conventional 15.00 17.00 38.00 40.00 33.82 0.8 0.00 32.7 -1.509 423.054 0.00 0.00 0.00 0.00 0.00
 Mixed / non conventional 15.00 18.00 21.00 24.00 115.90 0.0 0.00 -10.0 -879.304 429.025 0.00 0.00 0.00 0.00 0.00
 Mixed / non conventional 15.00 18.00 24.00 27.00 49.29 0.0 0.00 -24.0 -93.481 429.025 0.00 0.00 0.00 0.00 0.00
 Mixed / non conventional 15.00 18.00 27.00 30.00 38.02 0.0 0.00 23.1 -28.846 429.025 0.00 0.00 0.00 0.00 0.00
 Mixed / non conventional 15.00 18.00 30.00 33.00 36.00 0.2 0.00 -122.8 -13.655 429.025 0.00 0.00 0.00 0.00 0.00
 Mixed / non conventional 15.00 18.00 33.00 36.00 37.16 0.1 0.00 78.8 -8.056 429.025 0.00 0.00 0.00 0.00 0.00
 Mixed / non conventional 15.00 18.00 36.00 39.00 34.06 0.2 0.00 97.5 -4.615 429.025 0.00 0.00 0.00 0.00 0.00
 Mixed / non conventional 15.00 18.00 39.00 42.00 34.32 0.8 0.00 -131.7 -3.100 429.025 0.00 0.00 0.00 0.00 0.00
 Mixed / non conventional 15.00 18.00 42.00 45.00 35.61 0.3 0.00 -87.2 -2.251 429.025 0.00 0.00 0.00 0.00 0.00
 Mixed / non conventional 15.00 18.00 22.00 25.00 76.66 0.0 0.00 -9.1 -337.031 429.678 0.00 0.00 0.00 0.00 0.00
 Mixed / non conventional 15.00 18.00 25.00 28.00 44.92 0.0 0.00 35.7 -60.764 429.678 0.00 0.00 0.00 0.00 0.00
 Mixed / non conventional 15.00 18.00 28.00 31.00 36.05 0.0 0.00 -42.7 -21.335 429.678 0.00 0.00 0.00 0.00 0.00
 Mixed / non conventional 15.00 18.00 31.00 34.00 36.86 0.0 0.00 -71.6 -11.482 429.678 0.00 0.00 0.00 0.00 0.00
 Mixed / non conventional 15.00 18.00 34.00 37.00 36.31 0.1 0.00 40.6 -6.682 429.678 0.00 0.00 0.00 0.00 0.00
 Mixed / non conventional 15.00 18.00 37.00 40.00 33.56 0.2 0.00 83.5 -3.953 429.678 0.00 0.00 0.00 0.00 0.00
 Mixed / non conventional 15.00 18.00 40.00 43.00 35.44 0.9 0.00 -143.9 -2.832 429.678 0.00 0.00 0.00 0.00 0.00
 Mixed / non conventional 15.00 18.00 43.00 46.00 34.70 0.4 0.00 -51.5 -1.968 429.678 0.00 0.00 0.00 0.00 0.00
 Mixed / non conventional 15.00 18.00 23.00 26.00 55.78 0.0 0.00 -14.6 -156.175 430.056 0.00 0.00 0.00 0.00 0.00
 Mixed / non conventional 15.00 18.00 26.00 29.00 40.80 0.0 0.00 6.5 -40.798 430.056 0.00 0.00 0.00 0.00 0.00
 Mixed / non conventional 15.00 18.00 29.00 32.00 35.81 0.0 0.00 -36.6 -16.854 430.056 0.00 0.00 0.00 0.00 0.00
 Mixed / non conventional 15.00 18.00 32.00 35.00 37.44 0.1 0.00 -21.3 -9.692 430.056 0.00 0.00 0.00 0.00 0.00
 Mixed / non conventional 15.00 18.00 35.00 38.00 34.67 0.1 0.00 37.2 -5.462 430.056 0.00 0.00 0.00 0.00 0.00
 Mixed / non conventional 15.00 18.00 38.00 41.00 33.75 0.3 0.00 -31.8 -3.476 430.056 0.00 0.00 0.00 0.00 0.00
 Mixed / non conventional 15.00 18.00 41.00 44.00 36.25 0.4 0.00 -98.8 -2.576 430.056 0.00 0.00 0.00 0.00 0.00
 Mixed / non conventional 15.00 18.00 44.00 47.00 34.09 0.4 0.00 -63.5 -1.741 430.056 0.00 0.00 0.00 0.00 0.00
 Mixed / non conventional 15.00 20.00 25.00 30.00 43.77 0.0 0.00 10.2 -196.661 423.495 0.00 0.00 0.00 0.00 0.00
 Mixed / non conventional 15.00 20.00 30.00 35.00 38.99 0.0 0.00 -35.4 -43.805 423.495 0.00 0.00 0.00 0.00 0.00
 Mixed / non conventional 15.00 20.00 35.00 40.00 37.28 0.0 0.00 69.6 -16.751 423.495 0.00 0.00 0.00 0.00 0.00
 Mixed / non conventional 15.00 20.00 40.00 45.00 38.55 0.3 0.00 -200.9 -8.662 423.495 0.00 0.00 0.00 0.00 0.00
 Mixed / non conventional 15.00 20.00 26.00 31.00 41.08 0.0 0.00 -33.9 -131.235 423.890 0.00 0.00 0.00 0.00 0.00
 Mixed / non conventional 15.00 20.00 31.00 36.00 39.59 0.0 0.00 -27.5 -36.128 423.890 0.00 0.00 0.00 0.00 0.00
 Mixed / non conventional 15.00 20.00 36.00 41.00 36.74 0.1 0.00 14.2 -14.187 423.890 0.00 0.00 0.00 0.00 0.00
 Mixed / non conventional 15.00 20.00 41.00 46.00 38.62 0.2 0.00 -130.9 -7.697 423.890 0.00 0.00 0.00 0.00 0.00
 Mixed / non conventional 15.00 20.00 27.00 32.00 39.30 0.0 0.00 9.1 -92.899 424.212 0.00 0.00 0.00 0.00 0.00
 Mixed / non conventional 15.00 20.00 32.00 37.00 39.58 0.1 0.00 -35.5 -29.770 424.212 0.00 0.00 0.00 0.00 0.00
 Mixed / non conventional 15.00 20.00 37.00 42.00 37.13 0.1 0.00 -30.7 -12.414 424.212 0.00 0.00 0.00 0.00 0.00
 Mixed / non conventional 15.00 20.00 42.00 47.00 38.09 0.2 0.00 -113.6 -6.764 424.212 0.00 0.00 0.00 0.00 0.00
 Mixed / non conventional 15.00 20.00 28.00 33.00 38.35 0.1 0.00 -148.7 -69.245 424.756 0.00 0.00 0.00 0.00 0.00
 Mixed / non conventional 15.00 20.00 33.00 38.00 39.01 0.1 0.00 124.6 -24.498 424.756 0.00 0.00 0.00 0.00 0.00
 Mixed / non conventional 15.00 20.00 38.00 43.00 37.84 0.2 0.00 -111.5 -11.035 424.756 0.00 0.00 0.00 0.00 0.00
 Mixed / non conventional 15.00 20.00 29.00 34.00 38.56 0.0 0.00 -112.2 -54.480 425.089 0.00 0.00 0.00 0.00 0.00
 Mixed / non conventional 15.00 20.00 34.00 39.00 38.40 0.1 0.00 141.2 -20.347 425.089 0.00 0.00 0.00 0.00 0.00
 Mixed / non conventional 15.00 20.00 39.00 44.00 38.10 0.1 0.00 -181.6 -9.746 425.089 0.00 0.00 0.00 0.00 0.00
 Mixed / non conventional 15.00 21.00 27.00 33.00 46.55 0.0 0.00 -100.2 -178.270 433.116 0.00 0.00 0.00 0.00 0.00
 Mixed / non conventional 15.00 21.00 33.00 39.00 46.11 0.1 0.00 175.2 -44.148 433.116 0.00 0.00 0.00 0.00 0.00
 Mixed / non conventional 15.00 21.00 39.00 45.00 45.17 0.1 0.00 -218.8 -17.300 433.116 0.00 0.00 0.00 0.00 0.00
 Mixed / non conventional 15.00 21.00 28.00 34.00 45.62 0.0 0.00 -114.5 -130.725 432.405 0.00 0.00 0.00 0.00 0.00
 Mixed / non conventional 15.00 21.00 34.00 40.00 45.29 0.1 0.00 123.1 -36.339 432.405 0.00 0.00 0.00 0.00 0.00
 Mixed / non conventional 15.00 21.00 40.00 46.00 45.62 0.1 0.00 -195.4 -15.351 432.405 0.00 0.00 0.00 0.00 0.00
 Mixed / non conventional 15.00 21.00 29.00 35.00 45.97 0.0 0.00 -58.3 -101.747 432.680 0.00 0.00 0.00 0.00 0.00
 Mixed / non conventional 15.00 21.00 35.00 41.00 44.22 0.0 0.00 4.5 -30.120 432.680 0.00 0.00 0.00 0.00 0.00
 Mixed / non conventional 15.00 21.00 41.00 47.00 45.59 0.1 0.00 -162.6 -13.583 432.680 0.00 0.00 0.00 0.00 0.00
 Mixed / non conventional 15.00 21.00 30.00 36.00 46.27 0.0 0.00 -44.8 -81.233 434.366 0.00 0.00 0.00 0.00 0.00
 Mixed / non conventional 15.00 21.00 36.00 42.00 44.09 0.0 0.00 -35.4 -25.805 434.366 0.00 0.00 0.00 0.00 0.00
 Mixed / non conventional 15.00 21.00 31.00 37.00 46.80 0.0 0.00 -31.7 -66.198 434.543 0.00 0.00 0.00 0.00 0.00
 Mixed / non conventional 15.00 21.00 37.00 43.00 44.41 0.0 0.00 -61.5 -22.439 434.543 0.00 0.00 0.00 0.00 0.00
 Mixed / non conventional 15.00 21.00 32.00 38.00 46.67 0.0 0.00 14.9 -54.036 434.566 0.00 0.00 0.00 0.00 0.00
 Mixed / non conventional 15.00 21.00 38.00 44.00 44.82 0.2 0.00 -131.3 -19.683 434.566 0.00 0.00 0.00 0.00 0.00
 Mixed / non conventional 16.00 17.00 18.00 19.00 78.10 0.5 0.00 23.2 -1902.392 459.125 0.00 0.00 0.00 0.00 0.00
 Mixed / non conventional 16.00 17.00 19.00 20.00 92.94 0.5 0.00 78.2 -565.927 459.125 0.00 0.00 0.00 0.00 0.00
 Mixed / non conventional 16.00 17.00 20.00 21.00 153.20 0.6 0.00 121.0 -373.166 459.125 0.00 0.00 0.00 0.00 0.00
 Mixed / non conventional 16.00 17.00 21.00 22.00 143.07 0.7 0.00 -479.8 -174.237 459.125 0.00 0.00 0.00 0.00 0.00
 Mixed / non conventional 16.00 17.00 22.00 23.00 90.99 0.5 0.00 30.2 -63.322 459.125 0.00 0.00 0.00 0.00 0.00
 Mixed / non conventional 16.00 17.00 23.00 24.00 56.91 0.5 0.00 -29.9 -24.755 459.125 0.00 0.00 0.00 0.00 0.00
 Mixed / non conventional 16.00 17.00 24.00 25.00 48.40 0.5 0.00 -11.7 -14.033 459.125 0.00 0.00 0.00 0.00 0.00
 Mixed / non conventional 16.00 17.00 25.00 26.00 44.24 0.5 0.00 27.2 -8.979 459.125 0.00 0.00 0.00 0.00 0.00
 Mixed / non conventional 16.00 17.00 26.00 27.00 39.70 0.5 0.00 -39.4 -5.861 459.125 0.00 0.00 0.00 0.00 0.00
 Mixed / non conventional 16.00 17.00 27.00 28.00 36.42 0.6 0.00 47.9 -4.033 459.125 0.00 0.00 0.00 0.00 0.00
 Mixed / non conventional 16.00 18.00 20.00 22.00 136.20 0.0 0.00 -348.4 -1681.827 465.510 0.00 0.00 0.00 0.00 0.00
 Mixed / non conventional 16.00 18.00 22.00 24.00 76.50 0.0 0.00 0.8 -236.162 465.510 0.00 0.00 0.00 0.00 0.00
 Mixed / non conventional 16.00 18.00 24.00 26.00 47.56 0.0 0.00 15.5 -58.731 465.510 0.00 0.00 0.00 0.00 0.00
 Mixed / non conventional 16.00 18.00 26.00 28.00 39.51 0.0 0.00 8.9 -24.394 465.510 0.00 0.00 0.00 0.00 0.00
 Mixed / non conventional 16.00 18.00 28.00 30.00 34.19 0.1 0.00 -25.0 -12.063 465.510 0.00 0.00 0.00 0.00 0.00
 Mixed / non conventional 16.00 18.00 30.00 32.00 33.47 0.0 0.00 -13.3 -7.380 465.510 0.00 0.00 0.00 0.00 0.00
 Mixed / non conventional 16.00 18.00 32.00 34.00 34.85 0.3 0.00 -75.1 -5.122 465.510 0.00 0.00 0.00 0.00 0.00
 Mixed / non conventional 16.00 18.00 34.00 36.00 34.90 0.3 0.00 44.6 -3.591 465.510 0.00 0.00 0.00 0.00 0.00
 Mixed / non conventional 16.00 18.00 36.00 38.00 32.18 0.4 0.00 46.0 -2.408 465.510 0.00 0.00 0.00 0.00 0.00
 Mixed / non conventional 16.00 18.00 38.00 40.00 31.44 0.4 0.00 32.2 -1.764 465.510 0.00 0.00 0.00 0.00 0.00
 Mixed / non conventional 16.00 18.00 21.00 23.00 117.43 0.0 0.00 -322.2 -663.887 466.205 0.00 0.00 0.00 0.00 0.00
 Mixed / non conventional 16.00 18.00 23.00 25.00 53.80 0.0 0.00 -41.8 -101.388 466.205 0.00 0.00 0.00 0.00 0.00
 Mixed / non conventional 16.00 18.00 25.00 27.00 43.43 0.0 0.00 -11.9 -37.202 466.205 0.00 0.00 0.00 0.00 0.00
 Mixed / non conventional 16.00 18.00 27.00 29.00 36.24 0.0 0.00 45.9 -16.713 466.205 0.00 0.00 0.00 0.00 0.00
 Mixed / non conventional 16.00 18.00 29.00 31.00 33.47 0.1 0.00 -39.9 -9.261 466.205 0.00 0.00 0.00 0.00 0.00
 Mixed / non conventional 16.00 18.00 31.00 33.00 34.45 0.1 0.00 -105.4 -6.168 466.205 0.00 0.00 0.00 0.00 0.00
 Mixed / non conventional 16.00 18.00 33.00 35.00 35.31 0.2 0.00 88.1 -4.326 466.205 0.00 0.00 0.00 0.00 0.00
 Mixed / non conventional 16.00 18.00 35.00 37.00 33.12 0.5 0.00 -13.4 -2.898 466.205 0.00 0.00 0.00 0.00 0.00
 Mixed / non conventional 16.00 18.00 37.00 39.00 31.92 0.2 0.00 100.4 -2.065 466.205 0.00 0.00 0.00 0.00 0.00
 Mixed / non conventional 16.00 18.00 39.00 41.00 31.50 0.6 0.00 -82.3 -1.548 466.205 0.00 0.00 0.00 0.00 0.00
 Mixed / non conventional 16.00 19.00 22.00 25.00 67.68 0.0 0.00 -10.3 -561.798 469.391 0.00 0.00 0.00 0.00 0.00
 Mixed / non conventional 16.00 19.00 25.00 28.00 42.87 0.0 0.00 35.8 -88.961 469.391 0.00 0.00 0.00 0.00 0.00
 Mixed / non conventional 16.00 19.00 28.00 31.00 35.24 0.0 0.00 -42.3 -29.249 469.391 0.00 0.00 0.00 0.00 0.00
 Mixed / non conventional 16.00 19.00 31.00 34.00 36.32 0.0 0.00 -71.4 -15.076 469.391 0.00 0.00 0.00 0.00 0.00
 Mixed / non conventional 16.00 19.00 34.00 37.00 35.96 0.1 0.00 40.6 -8.528 469.391 0.00 0.00 0.00 0.00 0.00
 Mixed / non conventional 16.00 19.00 37.00 40.00 33.32 0.1 0.00 82.7 -4.939 469.391 0.00 0.00 0.00 0.00 0.00
 Mixed / non conventional 16.00 19.00 40.00 43.00 35.58 0.4 0.00 -143.3 -3.515 469.391 0.00 0.00 0.00 0.00 0.00
 Mixed / non conventional 16.00 19.00 43.00 46.00 34.38 0.7 0.00 -51.5 -2.378 469.391 0.00 0.00 0.00 0.00 0.00
 Mixed / non conventional 16.00 19.00 23.00 26.00 50.97 0.0 0.00 -14.3 -245.133 470.082 0.00 0.00 0.00 0.00 0.00
 Mixed / non conventional 16.00 19.00 26.00 29.00 39.43 0.0 0.00 6.2 -58.351 470.082 0.00 0.00 0.00 0.00 0.00
 Mixed / non conventional 16.00 19.00 29.00 32.00 35.13 0.0 0.00 -36.3 -22.743 470.082 0.00 0.00 0.00 0.00 0.00
 Mixed / non conventional 16.00 19.00 32.00 35.00 36.94 0.1 0.00 -21.3 -12.589 470.082 0.00 0.00 0.00 0.00 0.00
 Mixed / non conventional 16.00 19.00 35.00 38.00 34.50 0.1 0.00 37.0 -6.946 470.082 0.00 0.00 0.00 0.00 0.00
 Mixed / non conventional 16.00 19.00 38.00 41.00 33.61 0.2 0.00 -31.7 -4.332 470.082 0.00 0.00 0.00 0.00 0.00
 Mixed / non conventional 16.00 19.00 41.00 44.00 36.14 0.1 0.00 -98.7 -3.161 470.082 0.00 0.00 0.00 0.00 0.00
 Mixed / non conventional 16.00 19.00 44.00 47.00 33.82 0.4 0.00 -63.5 -2.099 470.082 0.00 0.00 0.00 0.00 0.00
 Mixed / non conventional 16.00 19.00 24.00 27.00 46.20 0.0 0.00 -23.8 -141.502 470.458 0.00 0.00 0.00 0.00 0.00
 Mixed / non conventional 16.00 19.00 27.00 30.00 36.96 0.0 0.00 22.6 -40.435 470.458 0.00 0.00 0.00 0.00 0.00
 Mixed / non conventional 16.00 19.00 30.00 33.00 35.45 0.0 0.00 -122.8 -18.251 470.458 0.00 0.00 0.00 0.00 0.00
 Mixed / non conventional 16.00 19.00 33.00 36.00 36.76 0.1 0.00 78.8 -10.409 470.458 0.00 0.00 0.00 0.00 0.00
 Mixed / non conventional 16.00 19.00 36.00 39.00 33.83 0.1 0.00 96.4 -5.830 470.458 0.00 0.00 0.00 0.00 0.00
 Mixed / non conventional 16.00 19.00 39.00 42.00 33.92 0.4 0.00 -130.8 -3.822 470.458 0.00 0.00 0.00 0.00 0.00
 Mixed / non conventional 16.00 19.00 42.00 45.00 35.51 0.2 0.00 -87.1 -2.760 470.458 0.00 0.00 0.00 0.00 0.00
 Mixed / non conventional 16.00 21.00 26.00 31.00 48.50 0.0 0.00 -33.8 -241.703 469.694 0.00 0.00 0.00 0.00 0.00
 Mixed / non conventional 16.00 21.00 31.00 36.00 47.47 0.0 0.00 -27.2 -59.149 469.694 0.00 0.00 0.00 0.00 0.00
 Mixed / non conventional 16.00 21.00 36.00 41.00 44.32 0.0 0.00 14.0 -22.086 469.694 0.00 0.00 0.00 0.00 0.00
 Mixed / non conventional 16.00 21.00 41.00 46.00 46.82 0.2 0.00 -130.6 -11.667 469.694 0.00 0.00 0.00 0.00 0.00
 Mixed / non conventional 16.00 21.00 27.00 32.00 46.69 0.0 0.00 9.1 -165.398 470.099 0.00 0.00 0.00 0.00 0.00
 Mixed / non conventional 16.00 21.00 32.00 37.00 47.52 0.0 0.00 -35.0 -48.101 470.099 0.00 0.00 0.00 0.00 0.00
 Mixed / non conventional 16.00 21.00 37.00 42.00 44.72 0.0 0.00 -30.7 -19.149 470.099 0.00 0.00 0.00 0.00 0.00
 Mixed / non conventional 16.00 21.00 42.00 47.00 45.79 0.1 0.00 -113.4 -10.121 470.099 0.00 0.00 0.00 0.00 0.00
 Mixed / non conventional 16.00 21.00 28.00 33.00 45.70 0.0 0.00 -147.9 -119.860 470.623 0.00 0.00 0.00 0.00 0.00
 Mixed / non conventional 16.00 21.00 33.00 38.00 46.95 0.0 0.00 124.5 -39.176 470.623 0.00 0.00 0.00 0.00 0.00
 Mixed / non conventional 16.00 21.00 38.00 43.00 45.57 0.1 0.00 -111.1 -16.900 470.623 0.00 0.00 0.00 0.00 0.00
 Mixed / non conventional 16.00 21.00 29.00 34.00 46.05 0.1 0.00 -111.5 -92.201 471.031 0.00 0.00 0.00 0.00 0.00
 Mixed / non conventional 16.00 21.00 34.00 39.00 46.22 0.0 0.00 140.5 -32.193 471.031 0.00 0.00 0.00 0.00 0.00
 Mixed / non conventional 16.00 21.00 39.00 44.00 45.94 0.1 0.00 -180.8 -14.854 471.031 0.00 0.00 0.00 0.00 0.00
 Mixed / non conventional 16.00 21.00 30.00 35.00 46.66 0.0 0.00 -35.1 -73.136 471.500 0.00 0.00 0.00 0.00 0.00
 Mixed / non conventional 16.00 21.00 35.00 40.00 44.88 0.1 0.00 68.6 -26.376 471.500 0.00 0.00 0.00 0.00 0.00
 Mixed / non conventional 16.00 21.00 40.00 45.00 46.63 0.1 0.00 -200.2 -13.229 471.500 0.00 0.00 0.00 0.00 0.00
 Mixed / non conventional 16.00 22.00 28.00 34.00 49.27 0.0 0.00 -113.7 -226.777 520.583 0.00 0.00 0.00 0.00 0.00
 Mixed / non conventional 16.00 22.00 34.00 40.00 50.36 0.1 0.00 122.5 -57.947 520.583 0.00 0.00 0.00 0.00 0.00
 Mixed / non conventional 16.00 22.00 40.00 46.00 50.95 0.1 0.00 -194.7 -23.453 520.583 0.00 0.00 0.00 0.00 0.00
 Mixed / non conventional 16.00 22.00 29.00 35.00 50.01 0.1 0.00 -57.7 -172.748 521.184 0.00 0.00 0.00 0.00 0.00
 Mixed / non conventional 16.00 22.00 35.00 41.00 49.26 0.1 0.00 4.6 -47.647 521.184 0.00 0.00 0.00 0.00 0.00
 Mixed / non conventional 16.00 22.00 41.00 47.00 51.02 0.1 0.00 -162.3 -20.692 521.184 0.00 0.00 0.00 0.00 0.00
 Mixed / non conventional 16.00 22.00 30.00 36.00 50.65 0.0 0.00 -44.2 -135.199 521.822 0.00 0.00 0.00 0.00 0.00
 Mixed / non conventional 16.00 22.00 36.00 42.00 49.17 0.0 0.00 -35.1 -40.386 521.822 0.00 0.00 0.00 0.00 0.00
 Mixed / non conventional 16.00 22.00 31.00 37.00 51.46 0.0 0.00 -31.4 -108.664 522.393 0.00 0.00 0.00 0.00 0.00
 Mixed / non conventional 16.00 22.00 37.00 43.00 49.58 0.0 0.00 -61.6 -34.899 522.393 0.00 0.00 0.00 0.00 0.00
 Mixed / non conventional 16.00 22.00 32.00 38.00 51.53 0.0 0.00 14.9 -87.693 522.780 0.00 0.00 0.00 0.00 0.00
 Mixed / non conventional 16.00 22.00 38.00 44.00 50.14 0.0 0.00 -131.0 -30.473 522.780 0.00 0.00 0.00 0.00 0.00
 Mixed / non conventional 16.00 22.00 33.00 39.00 51.16 0.0 0.00 174.0 -71.308 523.195 0.00 0.00 0.00 0.00 0.00
 Mixed / non conventional 16.00 22.00 39.00 45.00 50.37 0.0 0.00 -218.0 -26.633 523.195 0.00 0.00 0.00 0.00 0.00
 Mixed / non conventional 17.00 18.00 19.00 20.00 69.37 0.0 0.00 16.2 -1873.645 509.134 0.00 0.00 0.00 0.00 0.00
 Mixed / non conventional 17.00 18.00 20.00 21.00 131.61 0.1 0.00 90.3 -888.719 509.134 0.00 0.00 0.00 0.00 0.00
 Mixed / non conventional 17.00 18.00 21.00 22.00 127.87 0.2 0.00 106.7 -345.393 509.134 0.00 0.00 0.00 0.00 0.00
 Mixed / non conventional 17.00 18.00 22.00 23.00 86.73 0.5 0.00 -440.5 -117.130 509.134 0.00 0.00 0.00 0.00 0.00
 Mixed / non conventional 17.00 18.00 23.00 24.00 56.87 0.0 0.00 -30.4 -43.885 509.134 0.00 0.00 0.00 0.00 0.00
 Mixed / non conventional 17.00 18.00 24.00 25.00 49.67 0.1 0.00 -12.6 -23.958 509.134 0.00 0.00 0.00 0.00 0.00
 Mixed / non conventional 17.00 18.00 25.00 26.00 46.11 0.1 0.00 27.9 -14.827 509.134 0.00 0.00 0.00 0.00 0.00
 Mixed / non conventional 17.00 18.00 26.00 27.00 42.00 0.1 0.00 -39.1 -9.455 509.134 0.00 0.00 0.00 0.00 0.00
 Mixed / non conventional 17.00 18.00 27.00 28.00 38.84 0.2 0.00 47.2 -6.358 509.134 0.00 0.00 0.00 0.00 0.00
 Mixed / non conventional 17.00 18.00 28.00 29.00 35.73 0.2 0.00 -2.3 -4.387 509.134 0.00 0.00 0.00 0.00 0.00
 Mixed / non conventional 17.00 19.00 21.00 23.00 101.34 0.0 0.00 -325.3 -1372.801 510.711 0.00 0.00 0.00 0.00 0.00
 Mixed / non conventional 17.00 19.00 23.00 25.00 52.04 0.0 0.00 -42.7 -176.255 510.711 0.00 0.00 0.00 0.00 0.00
 Mixed / non conventional 17.00 19.00 25.00 27.00 44.61 0.0 0.00 -11.2 -60.431 510.711 0.00 0.00 0.00 0.00 0.00
 Mixed / non conventional 17.00 19.00 27.00 29.00 38.41 0.0 0.00 45.3 -26.015 510.711 0.00 0.00 0.00 0.00 0.00
 Mixed / non conventional 17.00 19.00 29.00 31.00 35.97 0.1 0.00 -39.6 -13.921 510.711 0.00 0.00 0.00 0.00 0.00
 Mixed / non conventional 17.00 19.00 31.00 33.00 37.35 0.1 0.00 -105.3 -9.036 510.711 0.00 0.00 0.00 0.00 0.00
 Mixed / non conventional 17.00 19.00 33.00 35.00 38.59 0.1 0.00 87.9 -6.224 510.711 0.00 0.00 0.00 0.00 0.00
 Mixed / non conventional 17.00 19.00 35.00 37.00 36.52 0.2 0.00 -13.2 -4.123 510.711 0.00 0.00 0.00 0.00 0.00
 Mixed / non conventional 17.00 19.00 37.00 39.00 35.17 0.3 0.00 99.5 -2.888 510.711 0.00 0.00 0.00 0.00 0.00
 Mixed / non conventional 17.00 19.00 39.00 41.00 35.08 0.5 0.00 -81.7 -2.160 510.711 0.00 0.00 0.00 0.00 0.00
 Mixed / non conventional 17.00 19.00 22.00 24.00 70.54 0.0 0.00 -389.1 -436.986 510.865 0.00 0.00 0.00 0.00 0.00
 Mixed / non conventional 17.00 19.00 24.00 26.00 47.61 0.0 0.00 15.1 -98.301 510.865 0.00 0.00 0.00 0.00 0.00
 Mixed / non conventional 17.00 19.00 26.00 28.00 41.38 0.0 0.00 8.3 -38.835 510.865 0.00 0.00 0.00 0.00 0.00
 Mixed / non conventional 17.00 19.00 28.00 30.00 36.52 0.0 0.00 -24.6 -18.456 510.865 0.00 0.00 0.00 0.00 0.00
 Mixed / non conventional 17.00 19.00 30.00 32.00 36.12 0.1 0.00 -13.3 -10.953 510.865 0.00 0.00 0.00 0.00 0.00
 Mixed / non conventional 17.00 19.00 32.00 34.00 38.03 0.1 0.00 -74.9 -7.461 510.865 0.00 0.00 0.00 0.00 0.00
 Mixed / non conventional 17.00 19.00 34.00 36.00 38.03 0.1 0.00 44.7 -5.106 510.865 0.00 0.00 0.00 0.00 0.00
 Mixed / non conventional 17.00 19.00 36.00 38.00 35.11 0.3 0.00 45.7 -3.367 510.865 0.00 0.00 0.00 0.00 0.00
 Mixed / non conventional 17.00 19.00 38.00 40.00 34.75 0.2 0.00 31.7 -2.463 510.865 0.00 0.00 0.00 0.00 0.00
 Mixed / non conventional 17.00 19.00 40.00 42.00 36.87 0.2 0.00 -112.7 -1.986 510.865 0.00 0.00 0.00 0.00 0.00
 Mixed / non conventional 17.00 20.00 23.00 26.00 50.04 0.1 0.00 -14.6 -438.604 495.616 0.00 0.00 0.00 0.00 0.00
 Mixed / non conventional 17.00 20.00 26.00 29.00 42.19 0.0 0.00 5.8 -92.433 495.616 0.00 0.00 0.00 0.00 0.00
 Mixed / non conventional 17.00 20.00 29.00 32.00 38.59 0.0 0.00 -36.0 -33.819 495.616 0.00 0.00 0.00 0.00 0.00
 Mixed / non conventional 17.00 20.00 32.00 35.00 41.15 0.0 0.00 -21.3 -18.035 495.616 0.00 0.00 0.00 0.00 0.00
 Mixed / non conventional 17.00 20.00 35.00 38.00 38.85 0.0 0.00 36.8 -9.729 495.616 0.00 0.00 0.00 0.00 0.00
 Mixed / non conventional 17.00 20.00 38.00 41.00 38.03 0.2 0.00 -31.7 -5.952 495.616 0.00 0.00 0.00 0.00 0.00
 Mixed / non conventional 17.00 20.00 41.00 44.00 41.19 0.1 0.00 -98.6 -4.297 495.616 0.00 0.00 0.00 0.00 0.00
 Mixed / non conventional 17.00 20.00 44.00 47.00 38.64 0.1 0.00 -63.5 -2.822 495.616 0.00 0.00 0.00 0.00 0.00
 Mixed / non conventional 17.00 20.00 24.00 27.00 47.18 0.0 0.00 -23.9 -239.500 496.185 0.00 0.00 0.00 0.00 0.00
 Mixed / non conventional 17.00 20.00 27.00 30.00 40.03 0.0 0.00 22.3 -62.528 496.185 0.00 0.00 0.00 0.00 0.00
 Mixed / non conventional 17.00 20.00 30.00 33.00 39.06 0.0 0.00 -122.6 -26.693 496.185 0.00 0.00 0.00 0.00 0.00
 Mixed / non conventional 17.00 20.00 33.00 36.00 41.08 0.1 0.00 78.8 -14.775 496.185 0.00 0.00 0.00 0.00 0.00
 Mixed / non conventional 17.00 20.00 36.00 39.00 38.08 0.1 0.00 95.5 -8.094 496.185 0.00 0.00 0.00 0.00 0.00
 Mixed / non conventional 17.00 20.00 39.00 42.00 38.92 0.8 0.00 -130.0 -5.293 496.185 0.00 0.00 0.00 0.00 0.00
 Mixed / non conventional 17.00 20.00 42.00 45.00 40.29 0.2 0.00 -87.2 -3.719 496.185 0.00 0.00 0.00 0.00 0.00
 Mixed / non conventional 17.00 20.00 25.00 28.00 45.00 0.0 0.00 36.1 -145.543 496.776 0.00 0.00 0.00 0.00 0.00
 Mixed / non conventional 17.00 20.00 28.00 31.00 38.46 0.0 0.00 -42.1 -44.423 496.776 0.00 0.00 0.00 0.00 0.00
 Mixed / non conventional 17.00 20.00 31.00 34.00 40.32 0.1 0.00 -71.3 -21.921 496.776 0.00 0.00 0.00 0.00 0.00
 Mixed / non conventional 17.00 20.00 34.00 37.00 40.36 0.0 0.00 40.6 -12.066 496.776 0.00 0.00 0.00 0.00 0.00
 Mixed / non conventional 17.00 20.00 37.00 40.00 37.59 0.0 0.00 81.8 -6.841 496.776 0.00 0.00 0.00 0.00 0.00
 Mixed / non conventional 17.00 20.00 40.00 43.00 40.47 0.5 0.00 -142.7 -4.816 496.776 0.00 0.00 0.00 0.00 0.00
 Mixed / non conventional 17.00 20.00 43.00 46.00 38.82 0.3 0.00 -51.3 -3.186 496.776 0.00 0.00 0.00 0.00 0.00
 Mixed / non conventional 17.00 22.00 27.00 32.00 50.74 0.0 0.00 9.1 -303.110 562.963 0.00 0.00 0.00 0.00 0.00
 Mixed / non conventional 17.00 22.00 32.00 37.00 53.93 0.0 0.00 -34.8 -80.540 562.963 0.00 0.00 0.00 0.00 0.00
 Mixed / non conventional 17.00 22.00 37.00 42.00 51.55 0.0 0.00 -30.8 -30.795 562.963 0.00 0.00 0.00 0.00 0.00
 Mixed / non conventional 17.00 22.00 42.00 47.00 53.17 0.2 0.00 -113.4 -15.881 562.963 0.00 0.00 0.00 0.00 0.00
 Mixed / non conventional 17.00 22.00 28.00 33.00 50.35 0.0 0.00 -147.2 -213.795 563.472 0.00 0.00 0.00 0.00 0.00
 Mixed / non conventional 17.00 22.00 33.00 38.00 53.52 0.0 0.00 124.2 -64.930 563.472 0.00 0.00 0.00 0.00 0.00
 Mixed / non conventional 17.00 22.00 38.00 43.00 52.60 0.0 0.00 -111.0 -26.997 563.472 0.00 0.00 0.00 0.00 0.00
 Mixed / non conventional 17.00 22.00 29.00 34.00 51.23 0.0 0.00 -111.0 -160.936 563.745 0.00 0.00 0.00 0.00 0.00
 Mixed / non conventional 17.00 22.00 34.00 39.00 52.88 0.0 0.00 139.6 -52.860 563.745 0.00 0.00 0.00 0.00 0.00
 Mixed / non conventional 17.00 22.00 39.00 44.00 53.05 0.1 0.00 -180.2 -23.568 563.745 0.00 0.00 0.00 0.00 0.00
 Mixed / non conventional 17.00 22.00 30.00 35.00 52.32 0.0 0.00 -35.1 -125.455 564.043 0.00 0.00 0.00 0.00 0.00
 Mixed / non conventional 17.00 22.00 35.00 40.00 51.51 0.0 0.00 68.0 -42.962 564.043 0.00 0.00 0.00 0.00 0.00
 Mixed / non conventional 17.00 22.00 40.00 45.00 53.94 0.1 0.00 -199.7 -20.888 564.043 0.00 0.00 0.00 0.00 0.00
 Mixed / non conventional 17.00 22.00 31.00 36.00 53.60 0.0 0.00 -26.9 -100.585 564.549 0.00 0.00 0.00 0.00 0.00
 Mixed / non conventional 17.00 22.00 36.00 41.00 50.93 0.0 0.00 13.4 -35.837 564.549 0.00 0.00 0.00 0.00 0.00
 Mixed / non conventional 17.00 22.00 41.00 46.00 54.23 0.1 0.00 -130.7 -18.423 564.549 0.00 0.00 0.00 0.00 0.00
 Mixed / non conventional 17.00 23.00 29.00 35.00 46.64 0.1 0.00 -57.8 -232.108 562.794 0.00 0.00 0.00 0.00 0.00
 Mixed / non conventional 17.00 23.00 35.00 41.00 48.41 0.0 0.00 4.3 -60.227 562.794 0.00 0.00 0.00 0.00 0.00
 Mixed / non conventional 17.00 23.00 41.00 47.00 51.12 0.0 0.00 -162.4 -25.436 562.794 0.00 0.00 0.00 0.00 0.00
 Mixed / non conventional 17.00 23.00 30.00 36.00 47.85 0.0 0.00 -44.4 -178.706 563.501 0.00 0.00 0.00 0.00 0.00
 Mixed / non conventional 17.00 23.00 36.00 42.00 48.51 0.0 0.00 -35.4 -50.729 563.501 0.00 0.00 0.00 0.00 0.00
 Mixed / non conventional 17.00 23.00 31.00 37.00 49.19 0.0 0.00 -31.1 -141.959 564.152 0.00 0.00 0.00 0.00 0.00
 Mixed / non conventional 17.00 23.00 37.00 43.00 49.13 0.0 0.00 -61.7 -43.631 564.152 0.00 0.00 0.00 0.00 0.00
 Mixed / non conventional 17.00 23.00 32.00 38.00 49.67 0.0 0.00 14.9 -113.375 564.704 0.00 0.00 0.00 0.00 0.00
 Mixed / non conventional 17.00 23.00 38.00 44.00 49.80 0.0 0.00 -130.7 -37.893 564.704 0.00 0.00 0.00 0.00 0.00
 Mixed / non conventional 17.00 23.00 33.00 39.00 49.69 0.0 0.00 173.1 -91.192 563.696 0.00 0.00 0.00 0.00 0.00
 Mixed / non conventional 17.00 23.00 39.00 45.00 50.25 0.0 0.00 -217.4 -32.935 563.696 0.00 0.00 0.00 0.00 0.00
 Mixed / non conventional 17.00 23.00 34.00 40.00 49.22 0.0 0.00 121.3 -73.977 564.150 0.00 0.00 0.00 0.00 0.00
 Mixed / non conventional 17.00 23.00 40.00 46.00 50.87 0.1 0.00 -194.2 -29.002 564.150 0.00 0.00 0.00 0.00 0.00
 Mixed / non conventional 18.00 19.00 20.00 21.00 111.65 0.0 0.00 58.9 -3131.372 528.654 0.00 0.00 0.00 0.00 0.00
 Mixed / non conventional 18.00 19.00 21.00 22.00 104.03 0.0 0.00 86.3 -729.437 528.654 0.00 0.00 0.00 0.00 0.00
 Mixed / non conventional 18.00 19.00 22.00 23.00 75.44 0.2 0.00 -122.3 -211.575 528.654 0.00 0.00 0.00 0.00 0.00
 Mixed / non conventional 18.00 19.00 23.00 24.00 52.54 0.5 0.00 -253.7 -73.672 528.654 0.00 0.00 0.00 0.00 0.00
 Mixed / non conventional 18.00 19.00 24.00 25.00 48.00 0.0 0.00 -13.3 -38.465 528.654 0.00 0.00 0.00 0.00 0.00
 Mixed / non conventional 18.00 19.00 25.00 26.00 45.94 0.1 0.00 28.4 -23.007 528.654 0.00 0.00 0.00 0.00 0.00
 Mixed / non conventional 18.00 19.00 26.00 27.00 42.99 0.1 0.00 -38.7 -14.354 528.654 0.00 0.00 0.00 0.00 0.00
 Mixed / non conventional 18.00 19.00 27.00 28.00 40.62 0.1 0.00 46.8 -9.494 528.654 0.00 0.00 0.00 0.00 0.00
 Mixed / non conventional 18.00 19.00 28.00 29.00 37.43 0.2 0.00 -2.3 -6.362 528.654 0.00 0.00 0.00 0.00 0.00
 Mixed / non conventional 18.00 19.00 29.00 30.00 37.28 0.3 0.00 -22.4 -4.753 528.654 0.00 0.00 0.00 0.00 0.00
 Mixed / non conventional 18.00 20.00 22.00 24.00 62.90 0.0 0.00 -370.5 -851.900 510.550 0.00 0.00 0.00 0.00 0.00
 Mixed / non conventional 18.00 20.00 24.00 26.00 47.79 0.0 0.00 14.8 -161.793 510.550 0.00 0.00 0.00 0.00 0.00
 Mixed / non conventional 18.00 20.00 26.00 28.00 43.94 0.0 0.00 8.0 -59.510 510.550 0.00 0.00 0.00 0.00 0.00
 Mixed / non conventional 18.00 20.00 28.00 30.00 39.66 0.1 0.00 -24.2 -26.857 510.550 0.00 0.00 0.00 0.00 0.00
 Mixed / non conventional 18.00 20.00 30.00 32.00 39.86 0.0 0.00 -13.2 -15.423 510.550 0.00 0.00 0.00 0.00 0.00
 Mixed / non conventional 18.00 20.00 32.00 34.00 42.45 0.1 0.00 -74.7 -10.267 510.550 0.00 0.00 0.00 0.00 0.00
 Mixed / non conventional 18.00 20.00 34.00 36.00 42.73 0.1 0.00 44.8 -6.889 510.550 0.00 0.00 0.00 0.00 0.00
 Mixed / non conventional 18.00 20.00 36.00 38.00 39.70 0.1 0.00 45.5 -4.481 510.550 0.00 0.00 0.00 0.00 0.00
 Mixed / non conventional 18.00 20.00 38.00 40.00 39.25 0.1 0.00 31.4 -3.221 510.550 0.00 0.00 0.00 0.00 0.00
 Mixed / non conventional 18.00 20.00 40.00 42.00 41.91 0.2 0.00 -112.1 -2.580 510.550 0.00 0.00 0.00 0.00 0.00
 Mixed / non conventional 18.00 20.00 23.00 25.00 50.02 0.0 0.00 -207.3 -309.597 510.438 0.00 0.00 0.00 0.00 0.00
 Mixed / non conventional 18.00 20.00 25.00 27.00 46.29 0.0 0.00 -10.7 -95.515 510.438 0.00 0.00 0.00 0.00 0.00
 Mixed / non conventional 18.00 20.00 27.00 29.00 41.45 0.0 0.00 44.7 -38.870 510.438 0.00 0.00 0.00 0.00 0.00
 Mixed / non conventional 18.00 20.00 29.00 31.00 39.45 0.0 0.00 -39.2 -19.921 510.438 0.00 0.00 0.00 0.00 0.00
 Mixed / non conventional 18.00 20.00 31.00 33.00 41.53 0.0 0.00 -105.1 -12.583 510.438 0.00 0.00 0.00 0.00 0.00
 Mixed / non conventional 18.00 20.00 33.00 35.00 43.18 0.0 0.00 87.9 -8.465 510.438 0.00 0.00 0.00 0.00 0.00
 Mixed / non conventional 18.00 20.00 35.00 37.00 40.96 0.2 0.00 -12.8 -5.494 510.438 0.00 0.00 0.00 0.00 0.00
 Mixed / non conventional 18.00 20.00 37.00 39.00 39.60 0.1 0.00 98.7 -3.795 510.438 0.00 0.00 0.00 0.00 0.00
 Mixed / non conventional 18.00 20.00 39.00 41.00 39.70 0.1 0.00 -81.1 -2.812 510.438 0.00 0.00 0.00 0.00 0.00
 Mixed / non conventional 18.00 20.00 41.00 43.00 43.70 0.4 0.00 -79.1 -2.352 510.438 0.00 0.00 0.00 0.00 0.00
 Mixed / non conventional 18.00 21.00 24.00 27.00 55.37 0.0 0.00 -23.8 -512.898 523.825 0.00 0.00 0.00 0.00 0.00
 Mixed / non conventional 18.00 21.00 27.00 30.00 50.54 0.0 0.00 22.1 -117.036 523.825 0.00 0.00 0.00 0.00 0.00
 Mixed / non conventional 18.00 21.00 30.00 33.00 50.35 0.0 0.00 -122.4 -46.639 523.825 0.00 0.00 0.00 0.00 0.00
 Mixed / non conventional 18.00 21.00 33.00 36.00 53.49 0.0 0.00 78.9 -24.774 523.825 0.00 0.00 0.00 0.00 0.00
 Mixed / non conventional 18.00 21.00 36.00 39.00 50.01 0.1 0.00 94.8 -13.237 523.825 0.00 0.00 0.00 0.00 0.00
 Mixed / non conventional 18.00 21.00 39.00 42.00 51.24 0.5 0.00 -129.3 -8.475 523.825 0.00 0.00 0.00 0.00 0.00
 Mixed / non conventional 18.00 21.00 42.00 45.00 53.07 0.2 0.00 -87.2 -5.852 523.825 0.00 0.00 0.00 0.00 0.00
 Mixed / non conventional 18.00 21.00 25.00 28.00 54.70 0.0 0.00 36.1 -293.509 524.446 0.00 0.00 0.00 0.00 0.00
 Mixed / non conventional 18.00 21.00 28.00 31.00 48.97 0.0 0.00 -41.7 -80.849 524.446 0.00 0.00 0.00 0.00 0.00
 Mixed / non conventional 18.00 21.00 31.00 34.00 52.15 0.0 0.00 -71.1 -37.668 524.446 0.00 0.00 0.00 0.00 0.00
 Mixed / non conventional 18.00 21.00 34.00 37.00 52.68 0.0 0.00 40.7 -20.029 524.446 0.00 0.00 0.00 0.00 0.00
 Mixed / non conventional 18.00 21.00 37.00 40.00 49.47 0.1 0.00 81.1 -11.112 524.446 0.00 0.00 0.00 0.00 0.00
 Mixed / non conventional 18.00 21.00 40.00 43.00 53.63 0.3 0.00 -142.1 -7.711 524.446 0.00 0.00 0.00 0.00 0.00
 Mixed / non conventional 18.00 21.00 43.00 46.00 51.72 0.3 0.00 -51.3 -5.046 524.446 0.00 0.00 0.00 0.00 0.00
 Mixed / non conventional 18.00 21.00 26.00 29.00 52.51 0.0 0.00 5.5 -179.434 524.840 0.00 0.00 0.00 0.00 0.00
 Mixed / non conventional 18.00 21.00 29.00 32.00 49.45 0.0 0.00 -35.9 -60.348 524.840 0.00 0.00 0.00 0.00 0.00
 Mixed / non conventional 18.00 21.00 32.00 35.00 53.38 0.0 0.00 -21.4 -30.655 524.840 0.00 0.00 0.00 0.00 0.00
 Mixed / non conventional 18.00 21.00 35.00 38.00 50.80 0.0 0.00 36.6 -16.047 524.840 0.00 0.00 0.00 0.00 0.00
 Mixed / non conventional 18.00 21.00 38.00 41.00 49.92 0.0 0.00 -31.6 -9.598 524.840 0.00 0.00 0.00 0.00 0.00
 Mixed / non conventional 18.00 21.00 41.00 44.00 54.37 0.1 0.00 -98.5 -6.835 524.840 0.00 0.00 0.00 0.00 0.00
 Mixed / non conventional 18.00 21.00 44.00 47.00 50.68 0.2 0.00 -63.3 -4.394 524.840 0.00 0.00 0.00 0.00 0.00
 Mixed / non conventional 18.00 23.00 28.00 33.00 45.45 0.0 0.00 -146.9 -281.780 584.251 0.00 0.00 0.00 0.00 0.00
 Mixed / non conventional 18.00 23.00 33.00 38.00 51.31 0.0 0.00 124.0 -79.522 584.251 0.00 0.00 0.00 0.00 0.00
 Mixed / non conventional 18.00 23.00 38.00 43.00 51.62 0.1 0.00 -110.7 -32.001 584.251 0.00 0.00 0.00 0.00 0.00
 Mixed / non conventional 18.00 23.00 29.00 34.00 47.10 0.0 0.00 -110.7 -207.316 584.052 0.00 0.00 0.00 0.00 0.00
 Mixed / non conventional 18.00 23.00 34.00 39.00 51.05 0.0 0.00 138.9 -64.199 584.052 0.00 0.00 0.00 0.00 0.00
 Mixed / non conventional 18.00 23.00 39.00 44.00 52.27 0.1 0.00 -179.4 -27.811 584.052 0.00 0.00 0.00 0.00 0.00
 Mixed / non conventional 18.00 23.00 30.00 35.00 48.76 0.1 0.00 -35.0 -159.107 585.526 0.00 0.00 0.00 0.00 0.00
 Mixed / non conventional 18.00 23.00 35.00 40.00 49.99 0.0 0.00 67.6 -51.897 585.526 0.00 0.00 0.00 0.00 0.00
 Mixed / non conventional 18.00 23.00 40.00 45.00 53.22 0.1 0.00 -199.1 -24.557 585.526 0.00 0.00 0.00 0.00 0.00
 Mixed / non conventional 18.00 23.00 31.00 36.00 50.54 0.0 0.00 -26.6 -125.927 586.184 0.00 0.00 0.00 0.00 0.00
 Mixed / non conventional 18.00 23.00 36.00 41.00 49.65 0.0 0.00 13.4 -43.031 586.184 0.00 0.00 0.00 0.00 0.00
 Mixed / non conventional 18.00 23.00 41.00 46.00 53.62 0.1 0.00 -130.4 -21.578 586.184 0.00 0.00 0.00 0.00 0.00
 Mixed / non conventional 18.00 23.00 32.00 37.00 51.32 0.0 0.00 -34.4 -99.918 585.663 0.00 0.00 0.00 0.00 0.00
 Mixed / non conventional 18.00 23.00 37.00 42.00 50.42 0.0 0.00 -31.1 -36.807 585.663 0.00 0.00 0.00 0.00 0.00
 Mixed / non conventional 18.00 23.00 42.00 47.00 52.73 0.0 0.00 -113.4 -18.585 585.663 0.00 0.00 0.00 0.00 0.00
 Mixed / non conventional 18.00 24.00 30.00 36.00 40.17 0.0 0.00 -43.6 -204.801 576.594 0.00 0.00 0.00 0.00 0.00
 Mixed / non conventional 18.00 24.00 36.00 42.00 43.32 0.0 0.00 -35.2 -55.219 576.594 0.00 0.00 0.00 0.00 0.00
 Mixed / non conventional 18.00 24.00 31.00 37.00 41.97 0.0 0.00 -30.6 -160.468 576.874 0.00 0.00 0.00 0.00 0.00
 Mixed / non conventional 18.00 24.00 37.00 43.00 44.08 0.0 0.00 -61.6 -47.193 576.874 0.00 0.00 0.00 0.00 0.00
 Mixed / non conventional 18.00 24.00 32.00 38.00 42.94 0.0 0.00 15.0 -126.809 577.244 0.00 0.00 0.00 0.00 0.00
 Mixed / non conventional 18.00 24.00 38.00 44.00 44.93 0.0 0.00 -130.3 -40.824 577.244 0.00 0.00 0.00 0.00 0.00
 Mixed / non conventional 18.00 24.00 33.00 39.00 43.41 0.0 0.00 172.6 -101.306 577.412 0.00 0.00 0.00 0.00 0.00
 Mixed / non conventional 18.00 24.00 39.00 45.00 45.46 0.1 0.00 -216.5 -35.364 577.412 0.00 0.00 0.00 0.00 0.00
 Mixed / non conventional 18.00 24.00 34.00 40.00 43.37 0.0 0.00 120.8 -81.588 577.902 0.00 0.00 0.00 0.00 0.00
 Mixed / non conventional 18.00 24.00 40.00 46.00 46.26 0.1 0.00 -193.5 -31.085 577.902 0.00 0.00 0.00 0.00 0.00
 Mixed / non conventional 18.00 24.00 35.00 41.00 42.96 0.0 0.00 4.4 -66.156 577.940 0.00 0.00 0.00 0.00 0.00
 Mixed / non conventional 18.00 24.00 41.00 47.00 46.52 0.0 0.00 -162.1 -27.168 577.940 0.00 0.00 0.00 0.00 0.00
 Mixed / non conventional 19.00 20.00 21.00 22.00 77.30 0.0 0.00 93.9 -2139.903 521.782 0.00 0.00 0.00 0.00 0.00
 Mixed / non conventional 19.00 20.00 22.00 23.00 65.22 0.0 0.00 -128.6 -451.366 521.782 0.00 0.00 0.00 0.00 0.00
 Mixed / non conventional 19.00 20.00 23.00 24.00 50.19 0.5 0.00 254.4 -138.938 521.782 0.00 0.00 0.00 0.00 0.00
 Mixed / non conventional 19.00 20.00 24.00 25.00 48.43 0.9 0.00 -460.2 -67.036 521.782 0.00 0.00 0.00 0.00 0.00
 Mixed / non conventional 19.00 20.00 25.00 26.00 48.01 0.0 0.00 28.8 -37.971 521.782 0.00 0.00 0.00 0.00 0.00
 Mixed / non conventional 19.00 20.00 26.00 27.00 46.16 0.0 0.00 -38.5 -22.815 521.782 0.00 0.00 0.00 0.00 0.00
 Mixed / non conventional 19.00 20.00 27.00 28.00 44.20 0.0 0.00 46.4 -14.566 521.782 0.00 0.00 0.00 0.00 0.00
 Mixed / non conventional 19.00 20.00 28.00 29.00 41.53 0.1 0.00 -2.1 -9.580 521.782 0.00 0.00 0.00 0.00 0.00
 Mixed / non conventional 19.00 20.00 29.00 30.00 41.61 0.0 0.00 -22.1 -6.982 521.782 0.00 0.00 0.00 0.00 0.00
 Mixed / non conventional 19.00 20.00 30.00 31.00 41.13 0.1 0.00 -17.2 -5.176 521.782 0.00 0.00 0.00 0.00 0.00
 Mixed / non conventional 19.00 21.00 23.00 25.00 56.41 0.0 0.00 -203.0 -796.434 532.265 0.00 0.00 0.00 0.00 0.00
 Mixed / non conventional 19.00 21.00 25.00 27.00 57.83 0.0 0.00 -10.1 -204.136 532.265 0.00 0.00 0.00 0.00 0.00
 Mixed / non conventional 19.00 21.00 27.00 29.00 54.31 0.0 0.00 44.2 -76.681 532.265 0.00 0.00 0.00 0.00 0.00
 Mixed / non conventional 19.00 21.00 29.00 31.00 52.84 0.0 0.00 -38.9 -37.304 532.265 0.00 0.00 0.00 0.00 0.00
 Mixed / non conventional 19.00 21.00 31.00 33.00 56.25 0.1 0.00 -105.0 -22.692 532.265 0.00 0.00 0.00 0.00 0.00
 Mixed / non conventional 19.00 21.00 33.00 35.00 59.06 0.1 0.00 87.7 -14.891 532.265 0.00 0.00 0.00 0.00 0.00
 Mixed / non conventional 19.00 21.00 35.00 37.00 56.47 0.0 0.00 -12.6 -9.491 532.265 0.00 0.00 0.00 0.00 0.00
 Mixed / non conventional 19.00 21.00 37.00 39.00 55.16 0.1 0.00 97.9 -6.490 532.265 0.00 0.00 0.00 0.00 0.00
 Mixed / non conventional 19.00 21.00 39.00 41.00 55.21 0.1 0.00 -80.6 -4.724 532.265 0.00 0.00 0.00 0.00 0.00
 Mixed / non conventional 19.00 21.00 41.00 43.00 60.98 0.1 0.00 -79.0 -3.914 532.265 0.00 0.00 0.00 0.00 0.00
 Mixed / non conventional 19.00 21.00 24.00 26.00 57.29 0.0 0.00 -346.2 -369.589 531.975 0.00 0.00 0.00 0.00 0.00
 Mixed / non conventional 19.00 21.00 26.00 28.00 56.52 0.0 0.00 7.3 -121.531 531.975 0.00 0.00 0.00 0.00 0.00
 Mixed / non conventional 19.00 21.00 28.00 30.00 52.73 0.0 0.00 -24.0 -51.539 531.975 0.00 0.00 0.00 0.00 0.00
 Mixed / non conventional 19.00 21.00 30.00 32.00 53.76 0.0 0.00 -13.2 -28.293 531.975 0.00 0.00 0.00 0.00 0.00
 Mixed / non conventional 19.00 21.00 32.00 34.00 57.80 0.0 0.00 -74.5 -18.251 531.975 0.00 0.00 0.00 0.00 0.00
 Mixed / non conventional 19.00 21.00 34.00 36.00 58.71 0.1 0.00 44.8 -11.997 531.975 0.00 0.00 0.00 0.00 0.00
 Mixed / non conventional 19.00 21.00 36.00 38.00 54.97 0.1 0.00 45.4 -7.685 531.975 0.00 0.00 0.00 0.00 0.00
 Mixed / non conventional 19.00 21.00 38.00 40.00 54.90 0.2 0.00 31.2 -5.482 531.975 0.00 0.00 0.00 0.00 0.00
 Mixed / non conventional 19.00 21.00 40.00 42.00 58.62 0.3 0.00 -111.5 -4.327 531.975 0.00 0.00 0.00 0.00 0.00
 Mixed / non conventional 19.00 21.00 42.00 44.00 59.88 0.2 0.00 -50.1 -3.359 531.975 0.00 0.00 0.00 0.00 0.00
 Mixed / non conventional 19.00 22.00 25.00 28.00 54.61 0.0 0.00 36.6 -574.436 594.878 0.00 0.00 0.00 0.00 0.00
 Mixed / non conventional 19.00 22.00 28.00 31.00 53.61 0.0 0.00 -41.2 -140.999 594.878 0.00 0.00 0.00 0.00 0.00
 Mixed / non conventional 19.00 22.00 31.00 34.00 58.90 0.0 0.00 -70.9 -61.966 594.878 0.00 0.00 0.00 0.00 0.00
 Mixed / non conventional 19.00 22.00 34.00 37.00 60.56 0.0 0.00 40.7 -31.851 594.878 0.00 0.00 0.00 0.00 0.00
 Mixed / non conventional 19.00 22.00 37.00 40.00 57.53 0.1 0.00 80.5 -17.290 594.878 0.00 0.00 0.00 0.00 0.00
 Mixed / non conventional 19.00 22.00 40.00 43.00 62.23 0.2 0.00 -141.6 -11.691 594.878 0.00 0.00 0.00 0.00 0.00
 Mixed / non conventional 19.00 22.00 43.00 46.00 60.63 0.1 0.00 -51.3 -7.593 594.878 0.00 0.00 0.00 0.00 0.00
 Mixed / non conventional 19.00 22.00 26.00 29.00 54.84 0.0 0.00 5.6 -334.056 595.361 0.00 0.00 0.00 0.00 0.00
 Mixed / non conventional 19.00 22.00 29.00 32.00 54.85 0.0 0.00 -35.5 -102.802 595.361 0.00 0.00 0.00 0.00 0.00
 Mixed / non conventional 19.00 22.00 32.00 35.00 60.73 0.0 0.00 -21.3 -49.796 595.361 0.00 0.00 0.00 0.00 0.00
 Mixed / non conventional 19.00 22.00 35.00 38.00 58.66 0.0 0.00 36.6 -25.316 595.361 0.00 0.00 0.00 0.00 0.00
 Mixed / non conventional 19.00 22.00 38.00 41.00 58.23 0.0 0.00 -31.5 -14.851 595.361 0.00 0.00 0.00 0.00 0.00
 Mixed / non conventional 19.00 22.00 41.00 44.00 63.72 0.1 0.00 -98.3 -10.400 595.361 0.00 0.00 0.00 0.00 0.00
 Mixed / non conventional 19.00 22.00 44.00 47.00 59.49 0.2 0.00 -63.3 -6.589 595.361 0.00 0.00 0.00 0.00 0.00
 Mixed / non conventional 19.00 22.00 27.00 30.00 54.30 0.0 0.00 22.1 -210.600 595.733 0.00 0.00 0.00 0.00 0.00
 Mixed / non conventional 19.00 22.00 30.00 33.00 56.44 0.0 0.00 -122.2 -78.179 595.733 0.00 0.00 0.00 0.00 0.00
 Mixed / non conventional 19.00 22.00 33.00 36.00 61.17 0.0 0.00 78.8 -39.878 595.733 0.00 0.00 0.00 0.00 0.00
 Mixed / non conventional 19.00 22.00 36.00 39.00 57.88 0.1 0.00 93.9 -20.754 595.733 0.00 0.00 0.00 0.00 0.00
 Mixed / non conventional 19.00 22.00 39.00 42.00 59.93 0.1 0.00 -128.6 -13.079 595.733 0.00 0.00 0.00 0.00 0.00
 Mixed / non conventional 19.00 22.00 42.00 45.00 62.32 0.1 0.00 -87.2 -8.893 595.733 0.00 0.00 0.00 0.00 0.00
 Mixed / non conventional 19.00 24.00 29.00 34.00 37.83 0.0 0.00 -110.0 -235.288 586.225 0.00 0.00 0.00 0.00 0.00
 Mixed / non conventional 19.00 24.00 34.00 39.00 44.07 0.0 0.00 138.1 -68.522 586.225 0.00 0.00 0.00 0.00 0.00
 Mixed / non conventional 19.00 24.00 39.00 44.00 46.41 0.1 0.00 -178.8 -28.866 586.225 0.00 0.00 0.00 0.00 0.00
 Mixed / non conventional 19.00 24.00 30.00 35.00 40.02 0.0 0.00 -34.9 -176.884 586.553 0.00 0.00 0.00 0.00 0.00
 Mixed / non conventional 19.00 24.00 35.00 40.00 43.46 0.0 0.00 67.1 -54.891 586.553 0.00 0.00 0.00 0.00 0.00
 Mixed / non conventional 19.00 24.00 40.00 45.00 47.52 0.0 0.00 -198.7 -25.388 586.553 0.00 0.00 0.00 0.00 0.00
 Mixed / non conventional 19.00 24.00 31.00 36.00 42.19 0.0 0.00 -26.5 -138.223 587.976 0.00 0.00 0.00 0.00 0.00
 Mixed / non conventional 19.00 24.00 36.00 41.00 43.48 0.0 0.00 13.1 -45.329 587.976 0.00 0.00 0.00 0.00 0.00
 Mixed / non conventional 19.00 24.00 41.00 46.00 48.03 0.1 0.00 -130.4 -22.254 587.976 0.00 0.00 0.00 0.00 0.00
 Mixed / non conventional 19.00 24.00 32.00 37.00 43.41 0.0 0.00 -34.2 -108.533 588.141 0.00 0.00 0.00 0.00 0.00
 Mixed / non conventional 19.00 24.00 37.00 42.00 44.40 0.0 0.00 -31.3 -38.613 588.141 0.00 0.00 0.00 0.00 0.00
 Mixed / non conventional 19.00 24.00 42.00 47.00 47.24 0.1 0.00 -113.5 -19.072 588.141 0.00 0.00 0.00 0.00 0.00
 Mixed / non conventional 19.00 24.00 33.00 38.00 43.93 0.0 0.00 123.6 -85.928 588.440 0.00 0.00 0.00 0.00 0.00
 Mixed / non conventional 19.00 24.00 38.00 43.00 45.64 0.0 0.00 -110.6 -33.478 588.440 0.00 0.00 0.00 0.00 0.00
 Mixed / non conventional 19.00 25.00 31.00 37.00 35.03 0.0 0.00 -30.5 -180.922 584.150 0.00 0.00 0.00 0.00 0.00
 Mixed / non conventional 19.00 25.00 37.00 43.00 38.78 0.0 0.00 -61.8 -50.080 584.150 0.00 0.00 0.00 0.00 0.00
 Mixed / non conventional 19.00 25.00 32.00 38.00 36.35 0.0 0.00 14.4 -141.137 585.850 0.00 0.00 0.00 0.00 0.00
 Mixed / non conventional 19.00 25.00 38.00 44.00 39.69 0.1 0.00 -130.6 -43.154 585.850 0.00 0.00 0.00 0.00 0.00
 Mixed / non conventional 19.00 25.00 33.00 39.00 37.22 0.0 0.00 171.3 -111.400 585.045 0.00 0.00 0.00 0.00 0.00
 Mixed / non conventional 19.00 25.00 39.00 45.00 40.30 0.0 0.00 -216.6 -37.112 585.045 0.00 0.00 0.00 0.00 0.00
 Mixed / non conventional 19.00 25.00 34.00 40.00 37.46 0.1 0.00 119.9 -88.835 586.750 0.00 0.00 0.00 0.00 0.00
 Mixed / non conventional 19.00 25.00 40.00 46.00 41.21 0.0 0.00 -193.2 -32.580 586.750 0.00 0.00 0.00 0.00 0.00
 Mixed / non conventional 19.00 25.00 35.00 41.00 37.37 0.0 0.00 4.4 -71.454 587.320 0.00 0.00 0.00 0.00 0.00
 Mixed / non conventional 19.00 25.00 41.00 47.00 41.62 0.0 0.00 -161.9 -28.419 587.320 0.00 0.00 0.00 0.00 0.00
 Mixed / non conventional 19.00 25.00 36.00 42.00 37.92 0.0 0.00 -35.3 -59.398 587.849 0.00 0.00 0.00 0.00 0.00
 Mixed / non conventional 20.00 21.00 22.00 23.00 63.77 0.0 0.00 -120.6 -1761.810 520.796 0.00 0.00 0.00 0.00 0.00
 Mixed / non conventional 20.00 21.00 23.00 24.00 58.67 0.0 0.00 14.2 -405.223 520.796 0.00 0.00 0.00 0.00 0.00
 Mixed / non conventional 20.00 21.00 24.00 25.00 61.13 0.5 0.00 -531.4 -168.894 520.796 0.00 0.00 0.00 0.00 0.00
 Mixed / non conventional 20.00 21.00 25.00 26.00 64.00 0.9 0.00 370.6 -88.411 520.796 0.00 0.00 0.00 0.00 0.00
 Mixed / non conventional 20.00 21.00 26.00 27.00 64.07 0.0 0.00 -38.2 -50.580 520.796 0.00 0.00 0.00 0.00 0.00
 Mixed / non conventional 20.00 21.00 27.00 28.00 63.11 0.0 0.00 46.0 -31.138 520.796 0.00 0.00 0.00 0.00 0.00
 Mixed / non conventional 20.00 21.00 28.00 29.00 60.27 0.1 0.00 -1.7 -19.825 520.796 0.00 0.00 0.00 0.00 0.00
 Mixed / non conventional 20.00 21.00 29.00 30.00 61.44 0.1 0.00 -21.7 -14.146 520.796 0.00 0.00 0.00 0.00 0.00
 Mixed / non conventional 20.00 21.00 30.00 31.00 61.21 0.1 0.00 -17.1 -10.250 520.796 0.00 0.00 0.00 0.00 0.00
 Mixed / non conventional 20.00 21.00 31.00 32.00 64.94 0.2 0.00 3.6 -8.156 520.796 0.00 0.00 0.00 0.00 0.00
 Mixed / non conventional 20.00 22.00 24.00 26.00 51.08 0.0 0.00 -164.2 -776.920 573.437 0.00 0.00 0.00 0.00 0.00
 Mixed / non conventional 20.00 22.00 26.00 28.00 57.67 0.0 0.00 7.4 -219.290 573.437 0.00 0.00 0.00 0.00 0.00
 Mixed / non conventional 20.00 22.00 28.00 30.00 56.96 0.0 0.00 -23.5 -86.638 573.437 0.00 0.00 0.00 0.00 0.00
 Mixed / non conventional 20.00 22.00 30.00 32.00 59.77 0.0 0.00 -13.0 -45.454 573.437 0.00 0.00 0.00 0.00 0.00
 Mixed / non conventional 20.00 22.00 32.00 34.00 65.36 0.0 0.00 -74.2 -28.406 573.437 0.00 0.00 0.00 0.00 0.00
 Mixed / non conventional 20.00 22.00 34.00 36.00 67.28 0.0 0.00 44.8 -18.275 573.437 0.00 0.00 0.00 0.00 0.00
 Mixed / non conventional 20.00 22.00 36.00 38.00 63.45 0.1 0.00 45.2 -11.490 573.437 0.00 0.00 0.00 0.00 0.00
 Mixed / non conventional 20.00 22.00 38.00 40.00 63.88 0.1 0.00 30.9 -8.097 573.437 0.00 0.00 0.00 0.00 0.00
 Mixed / non conventional 20.00 22.00 40.00 42.00 68.44 0.1 0.00 -110.8 -6.309 573.437 0.00 0.00 0.00 0.00 0.00
 Mixed / non conventional 20.00 22.00 42.00 44.00 69.89 0.1 0.00 -50.1 -4.832 573.437 0.00 0.00 0.00 0.00 0.00
 Mixed / non conventional 20.00 22.00 25.00 27.00 55.96 0.0 0.00 107.5 -389.704 574.344 0.00 0.00 0.00 0.00 0.00
 Mixed / non conventional 20.00 22.00 27.00 29.00 57.36 0.0 0.00 43.7 -133.151 574.344 0.00 0.00 0.00 0.00 0.00
 Mixed / non conventional 20.00 22.00 29.00 31.00 58.02 0.0 0.00 -38.6 -61.228 574.344 0.00 0.00 0.00 0.00 0.00
 Mixed / non conventional 20.00 22.00 31.00 33.00 63.12 0.0 0.00 -104.7 -35.868 574.344 0.00 0.00 0.00 0.00 0.00
 Mixed / non conventional 20.00 22.00 33.00 35.00 67.20 0.0 0.00 87.6 -22.908 574.344 0.00 0.00 0.00 0.00 0.00
 Mixed / non conventional 20.00 22.00 35.00 37.00 65.02 0.1 0.00 -12.3 -14.342 574.344 0.00 0.00 0.00 0.00 0.00
 Mixed / non conventional 20.00 22.00 37.00 39.00 63.62 0.1 0.00 97.3 -9.602 574.344 0.00 0.00 0.00 0.00 0.00
 Mixed / non conventional 20.00 22.00 39.00 41.00 64.38 0.0 0.00 -79.8 -6.941 574.344 0.00 0.00 0.00 0.00 0.00
 Mixed / non conventional 20.00 22.00 41.00 43.00 71.48 0.2 0.00 -78.9 -5.696 574.344 0.00 0.00 0.00 0.00 0.00
 Mixed / non conventional 20.00 22.00 43.00 45.00 67.80 0.2 0.00 -57.0 -4.106 574.344 0.00 0.00 0.00 0.00 0.00
 Mixed / non conventional 20.00 23.00 26.00 29.00 43.25 0.0 0.00 5.2 -438.434 573.220 0.00 0.00 0.00 0.00 0.00
 Mixed / non conventional 20.00 23.00 29.00 32.00 47.72 0.0 0.00 -35.2 -120.940 573.220 0.00 0.00 0.00 0.00 0.00
 Mixed / non conventional 20.00 23.00 32.00 35.00 54.83 0.0 0.00 -21.2 -55.581 573.220 0.00 0.00 0.00 0.00 0.00
 Mixed / non conventional 20.00 23.00 35.00 38.00 54.20 0.0 0.00 36.6 -27.471 573.220 0.00 0.00 0.00 0.00 0.00
 Mixed / non conventional 20.00 23.00 38.00 41.00 54.53 0.0 0.00 -31.4 -15.793 573.220 0.00 0.00 0.00 0.00 0.00
 Mixed / non conventional 20.00 23.00 41.00 44.00 60.15 0.0 0.00 -98.1 -10.889 573.220 0.00 0.00 0.00 0.00 0.00
 Mixed / non conventional 20.00 23.00 44.00 47.00 56.57 0.1 0.00 -63.2 -6.826 573.220 0.00 0.00 0.00 0.00 0.00
 Mixed / non conventional 20.00 23.00 27.00 30.00 44.87 0.0 0.00 21.9 -263.689 574.388 0.00 0.00 0.00 0.00 0.00
 Mixed / non conventional 20.00 23.00 30.00 33.00 49.82 0.0 0.00 -121.9 -90.082 574.388 0.00 0.00 0.00 0.00 0.00
 Mixed / non conventional 20.00 23.00 33.00 36.00 55.72 0.0 0.00 78.8 -44.078 574.388 0.00 0.00 0.00 0.00 0.00
 Mixed / non conventional 20.00 23.00 36.00 39.00 53.80 0.0 0.00 93.2 -22.400 574.388 0.00 0.00 0.00 0.00 0.00
 Mixed / non conventional 20.00 23.00 39.00 42.00 56.11 0.1 0.00 -127.8 -13.806 574.388 0.00 0.00 0.00 0.00 0.00
 Mixed / non conventional 20.00 23.00 42.00 45.00 59.04 0.0 0.00 -87.2 -9.296 574.388 0.00 0.00 0.00 0.00 0.00
 Mixed / non conventional 20.00 23.00 28.00 31.00 45.69 0.0 0.00 -40.6 -171.114 575.170 0.00 0.00 0.00 0.00 0.00
 Mixed / non conventional 20.00 23.00 31.00 34.00 52.66 0.0 0.00 -70.8 -70.425 575.170 0.00 0.00 0.00 0.00 0.00
 Mixed / non conventional 20.00 23.00 34.00 37.00 55.59 0.0 0.00 40.7 -34.987 575.170 0.00 0.00 0.00 0.00 0.00
 Mixed / non conventional 20.00 23.00 37.00 40.00 53.65 0.1 0.00 79.8 -18.572 575.170 0.00 0.00 0.00 0.00 0.00
 Mixed / non conventional 20.00 23.00 40.00 43.00 58.76 0.1 0.00 -140.9 -12.382 575.170 0.00 0.00 0.00 0.00 0.00
 Mixed / non conventional 20.00 23.00 43.00 46.00 57.57 0.2 0.00 -51.1 -7.932 575.170 0.00 0.00 0.00 0.00 0.00
 Mixed / non conventional 20.00 25.00 30.00 35.00 31.77 0.0 0.00 -34.7 -190.434 564.877 0.00 0.00 0.00 0.00 0.00
 Mixed / non conventional 20.00 25.00 35.00 40.00 36.56 0.0 0.00 66.8 -54.786 564.877 0.00 0.00 0.00 0.00 0.00
 Mixed / non conventional 20.00 25.00 40.00 45.00 40.83 0.1 0.00 -198.0 -24.471 564.877 0.00 0.00 0.00 0.00 0.00
 Mixed / non conventional 20.00 25.00 31.00 36.00 34.09 0.0 0.00 -26.1 -145.362 565.863 0.00 0.00 0.00 0.00 0.00
 Mixed / non conventional 20.00 25.00 36.00 41.00 36.78 0.0 0.00 13.0 -44.814 565.863 0.00 0.00 0.00 0.00 0.00
 Mixed / non conventional 20.00 25.00 41.00 46.00 41.36 0.1 0.00 -130.1 -21.318 565.863 0.00 0.00 0.00 0.00 0.00
 Mixed / non conventional 20.00 25.00 32.00 37.00 35.56 0.0 0.00 -33.8 -112.231 566.359 0.00 0.00 0.00 0.00 0.00
 Mixed / non conventional 20.00 25.00 37.00 42.00 37.72 0.0 0.00 -31.3 -37.879 566.359 0.00 0.00 0.00 0.00 0.00
 Mixed / non conventional 20.00 25.00 42.00 47.00 40.83 0.0 0.00 -113.4 -18.225 566.359 0.00 0.00 0.00 0.00 0.00
 Mixed / non conventional 20.00 25.00 33.00 38.00 36.45 0.0 0.00 123.4 -87.847 566.938 0.00 0.00 0.00 0.00 0.00
 Mixed / non conventional 20.00 25.00 38.00 43.00 38.98 0.0 0.00 -110.6 -32.677 566.938 0.00 0.00 0.00 0.00 0.00
 Mixed / non conventional 20.00 25.00 34.00 39.00 36.83 0.0 0.00 137.1 -69.546 568.060 0.00 0.00 0.00 0.00 0.00
 Mixed / non conventional 20.00 25.00 39.00 44.00 39.77 0.0 0.00 -177.9 -28.161 568.060 0.00 0.00 0.00 0.00 0.00
 Mixed / non conventional 20.00 26.00 32.00 38.00 30.12 0.0 0.00 14.9 -159.045 597.219 0.00 0.00 0.00 0.00 0.00
 Mixed / non conventional 20.00 26.00 38.00 44.00 34.22 0.0 0.00 -130.0 -45.180 597.219 0.00 0.00 0.00 0.00 0.00
 Mixed / non conventional 20.00 26.00 33.00 39.00 31.12 0.0 0.00 171.1 -123.260 597.630 0.00 0.00 0.00 0.00 0.00
 Mixed / non conventional 20.00 26.00 39.00 45.00 34.85 0.0 0.00 -215.4 -38.650 597.630 0.00 0.00 0.00 0.00 0.00
 Mixed / non conventional 20.00 26.00 34.00 40.00 31.65 0.1 0.00 119.4 -96.895 598.463 0.00 0.00 0.00 0.00 0.00
 Mixed / non conventional 20.00 26.00 40.00 46.00 35.74 0.0 0.00 -192.7 -33.669 598.463 0.00 0.00 0.00 0.00 0.00
 Mixed / non conventional 20.00 26.00 35.00 41.00 31.77 0.0 0.00 4.3 -76.922 598.959 0.00 0.00 0.00 0.00 0.00
 Mixed / non conventional 20.00 26.00 41.00 47.00 36.14 0.0 0.00 -162.0 -29.164 598.959 0.00 0.00 0.00 0.00 0.00
 Mixed / non conventional 20.00 26.00 36.00 42.00 32.40 0.0 0.00 -35.5 -63.245 599.539 0.00 0.00 0.00 0.00 0.00
 Mixed / non conventional 20.00 26.00 37.00 43.00 33.31 0.0 0.00 -62.2 -53.171 599.043 0.00 0.00 0.00 0.00 0.00
 Mixed / non conventional 21.00 22.00 23.00 24.00 37.06 0.0 0.00 76.2 -1193.237 606.854 0.00 0.00 0.00 0.00 0.00
 Mixed / non conventional 21.00 22.00 24.00 25.00 44.62 0.0 0.00 125.1 -359.120 606.854 0.00 0.00 0.00 0.00 0.00
 Mixed / non conventional 21.00 22.00 25.00 26.00 50.69 0.3 0.00 102.2 -163.208 606.854 0.00 0.00 0.00 0.00 0.00
 Mixed / non conventional 21.00 22.00 26.00 27.00 53.71 0.6 0.00 -433.9 -86.462 606.854 0.00 0.00 0.00 0.00 0.00
 Mixed / non conventional 21.00 22.00 27.00 28.00 54.87 0.0 0.00 45.0 -50.475 606.854 0.00 0.00 0.00 0.00 0.00
 Mixed / non conventional 21.00 22.00 28.00 29.00 53.66 0.0 0.00 -1.7 -30.847 606.854 0.00 0.00 0.00 0.00 0.00
 Mixed / non conventional 21.00 22.00 29.00 30.00 55.45 0.0 0.00 -21.3 -21.253 606.854 0.00 0.00 0.00 0.00 0.00
 Mixed / non conventional 21.00 22.00 30.00 31.00 56.03 0.1 0.00 -17.0 -15.033 606.854 0.00 0.00 0.00 0.00 0.00
 Mixed / non conventional 21.00 22.00 31.00 32.00 59.81 0.0 0.00 3.6 -11.669 606.854 0.00 0.00 0.00 0.00 0.00
 Mixed / non conventional 21.00 22.00 32.00 33.00 62.59 0.1 0.00 -108.5 -9.159 606.854 0.00 0.00 0.00 0.00 0.00
 Mixed / non conventional 21.00 23.00 25.00 27.00 35.41 0.0 0.00 -322.0 -566.167 602.792 0.00 0.00 0.00 0.00 0.00
 Mixed / non conventional 21.00 23.00 27.00 29.00 40.29 0.0 0.00 43.0 -161.036 602.792 0.00 0.00 0.00 0.00 0.00
 Mixed / non conventional 21.00 23.00 29.00 31.00 42.65 0.0 0.00 -38.4 -68.199 602.792 0.00 0.00 0.00 0.00 0.00
 Mixed / non conventional 21.00 23.00 31.00 33.00 47.40 0.0 0.00 -104.6 -37.892 602.792 0.00 0.00 0.00 0.00 0.00
 Mixed / non conventional 21.00 23.00 33.00 35.00 51.15 0.0 0.00 87.4 -23.366 602.792 0.00 0.00 0.00 0.00 0.00
 Mixed / non conventional 21.00 23.00 35.00 37.00 50.00 0.1 0.00 -12.1 -14.277 602.792 0.00 0.00 0.00 0.00 0.00
 Mixed / non conventional 21.00 23.00 37.00 39.00 49.31 0.0 0.00 96.5 -9.386 602.792 0.00 0.00 0.00 0.00 0.00
 Mixed / non conventional 21.00 23.00 39.00 41.00 49.90 0.2 0.00 -79.3 -6.649 602.792 0.00 0.00 0.00 0.00 0.00
 Mixed / non conventional 21.00 23.00 41.00 43.00 55.71 0.1 0.00 -78.8 -5.398 602.792 0.00 0.00 0.00 0.00 0.00
 Mixed / non conventional 21.00 23.00 43.00 45.00 52.84 0.1 0.00 -57.0 -3.840 602.792 0.00 0.00 0.00 0.00 0.00
 Mixed / non conventional 21.00 23.00 26.00 28.00 38.78 0.0 0.00 -320.5 -283.995 603.922 0.00 0.00 0.00 0.00 0.00
 Mixed / non conventional 21.00 23.00 28.00 30.00 41.15 0.0 0.00 -23.5 -100.455 603.922 0.00 0.00 0.00 0.00 0.00
 Mixed / non conventional 21.00 23.00 30.00 32.00 44.46 0.0 0.00 -13.2 -49.326 603.922 0.00 0.00 0.00 0.00 0.00
 Mixed / non conventional 21.00 23.00 32.00 34.00 49.38 0.0 0.00 -74.0 -29.502 603.922 0.00 0.00 0.00 0.00 0.00
 Mixed / non conventional 21.00 23.00 34.00 36.00 51.44 0.0 0.00 44.8 -18.441 603.922 0.00 0.00 0.00 0.00 0.00
 Mixed / non conventional 21.00 23.00 36.00 38.00 49.05 0.1 0.00 44.9 -11.378 603.922 0.00 0.00 0.00 0.00 0.00
 Mixed / non conventional 21.00 23.00 38.00 40.00 49.62 0.1 0.00 30.6 -7.874 603.922 0.00 0.00 0.00 0.00 0.00
 Mixed / non conventional 21.00 23.00 40.00 42.00 53.24 0.1 0.00 -110.1 -6.036 603.922 0.00 0.00 0.00 0.00 0.00
 Mixed / non conventional 21.00 23.00 42.00 44.00 54.78 0.1 0.00 -50.1 -4.590 603.922 0.00 0.00 0.00 0.00 0.00
 Mixed / non conventional 21.00 23.00 44.00 46.00 52.20 0.2 0.00 -32.0 -3.324 603.922 0.00 0.00 0.00 0.00 0.00
 Mixed / non conventional 21.00 24.00 27.00 30.00 28.23 0.0 0.00 21.9 -296.186 593.398 0.00 0.00 0.00 0.00 0.00
 Mixed / non conventional 21.00 24.00 30.00 33.00 33.88 0.0 0.00 -121.6 -88.869 593.398 0.00 0.00 0.00 0.00 0.00
 Mixed / non conventional 21.00 24.00 33.00 36.00 39.09 0.0 0.00 78.9 -41.018 593.398 0.00 0.00 0.00 0.00 0.00
 Mixed / non conventional 21.00 24.00 36.00 39.00 38.39 0.0 0.00 92.5 -20.140 593.398 0.00 0.00 0.00 0.00 0.00
 Mixed / non conventional 21.00 24.00 39.00 42.00 40.44 0.1 0.00 -127.2 -12.124 593.398 0.00 0.00 0.00 0.00 0.00
 Mixed / non conventional 21.00 24.00 42.00 45.00 42.73 0.2 0.00 -87.2 -8.007 593.398 0.00 0.00 0.00 0.00 0.00
 Mixed / non conventional 21.00 24.00 28.00 31.00 29.82 0.0 0.00 -40.4 -181.160 593.835 0.00 0.00 0.00 0.00 0.00
 Mixed / non conventional 21.00 24.00 31.00 34.00 36.27 0.1 0.00 -70.8 -67.800 593.835 0.00 0.00 0.00 0.00 0.00
 Mixed / non conventional 21.00 24.00 34.00 37.00 39.21 0.0 0.00 40.5 -32.070 593.835 0.00 0.00 0.00 0.00 0.00
 Mixed / non conventional 21.00 24.00 37.00 40.00 38.41 0.0 0.00 78.9 -16.534 593.835 0.00 0.00 0.00 0.00 0.00
 Mixed / non conventional 21.00 24.00 40.00 43.00 42.25 0.2 0.00 -140.7 -10.748 593.835 0.00 0.00 0.00 0.00 0.00
 Mixed / non conventional 21.00 24.00 43.00 46.00 41.60 0.1 0.00 -51.3 -6.772 593.835 0.00 0.00 0.00 0.00 0.00
 Mixed / non conventional 21.00 24.00 29.00 32.00 31.92 0.0 0.00 -34.8 -123.498 594.311 0.00 0.00 0.00 0.00 0.00
 Mixed / non conventional 21.00 24.00 32.00 35.00 38.11 0.1 0.00 -21.6 -52.668 594.311 0.00 0.00 0.00 0.00 0.00
 Mixed / non conventional 21.00 24.00 35.00 38.00 38.44 0.0 0.00 36.2 -25.000 594.311 0.00 0.00 0.00 0.00 0.00
 Mixed / non conventional 21.00 24.00 38.00 41.00 39.17 0.0 0.00 -31.5 -14.009 594.311 0.00 0.00 0.00 0.00 0.00
 Mixed / non conventional 21.00 24.00 41.00 44.00 43.46 0.0 0.00 -98.2 -9.462 594.311 0.00 0.00 0.00 0.00 0.00
 Mixed / non conventional 21.00 24.00 44.00 47.00 40.97 0.2 0.00 -63.3 -5.833 594.311 0.00 0.00 0.00 0.00 0.00
 Mixed / non conventional 21.00 26.00 31.00 36.00 25.54 0.0 0.00 -26.0 -169.904 627.025 0.00 0.00 0.00 0.00 0.00
 Mixed / non conventional 21.00 26.00 36.00 41.00 28.25 0.0 0.00 12.8 -46.988 627.025 0.00 0.00 0.00 0.00 0.00
 Mixed / non conventional 21.00 26.00 41.00 46.00 31.97 0.1 0.00 -130.0 -21.270 627.025 0.00 0.00 0.00 0.00 0.00
 Mixed / non conventional 21.00 26.00 32.00 37.00 26.87 0.0 0.00 -33.6 -126.893 626.670 0.00 0.00 0.00 0.00 0.00
 Mixed / non conventional 21.00 26.00 37.00 42.00 29.02 0.0 0.00 -31.4 -39.156 626.670 0.00 0.00 0.00 0.00 0.00
 Mixed / non conventional 21.00 26.00 42.00 47.00 31.56 0.0 0.00 -113.3 -18.016 626.670 0.00 0.00 0.00 0.00 0.00
 Mixed / non conventional 21.00 26.00 33.00 38.00 27.66 0.0 0.00 123.3 -96.675 627.293 0.00 0.00 0.00 0.00 0.00
 Mixed / non conventional 21.00 26.00 38.00 43.00 30.00 0.0 0.00 -110.4 -33.370 627.293 0.00 0.00 0.00 0.00 0.00
 Mixed / non conventional 21.00 26.00 34.00 39.00 28.14 0.0 0.00 136.5 -75.214 628.739 0.00 0.00 0.00 0.00 0.00
 Mixed / non conventional 21.00 26.00 39.00 44.00 30.66 0.1 0.00 -177.1 -28.505 628.739 0.00 0.00 0.00 0.00 0.00
 Mixed / non conventional 21.00 26.00 35.00 40.00 28.03 0.0 0.00 66.4 -58.629 629.209 0.00 0.00 0.00 0.00 0.00
 Mixed / non conventional 21.00 26.00 40.00 45.00 31.46 0.1 0.00 -197.4 -24.675 629.209 0.00 0.00 0.00 0.00 0.00
 Mixed / non conventional 21.00 27.00 33.00 39.00 24.54 0.0 0.00 170.6 -133.019 613.127 0.00 0.00 0.00 0.00 0.00
 Mixed / non conventional 21.00 27.00 39.00 45.00 27.76 0.0 0.00 -214.7 -37.619 613.127 0.00 0.00 0.00 0.00 0.00
 Mixed / non conventional 21.00 27.00 34.00 40.00 25.09 0.0 0.00 119.1 -102.006 613.421 0.00 0.00 0.00 0.00 0.00
 Mixed / non conventional 21.00 27.00 40.00 46.00 28.45 0.0 0.00 -191.9 -32.391 613.421 0.00 0.00 0.00 0.00 0.00
 Mixed / non conventional 21.00 27.00 35.00 41.00 25.22 0.0 0.00 4.4 -79.060 612.850 0.00 0.00 0.00 0.00 0.00
 Mixed / non conventional 21.00 27.00 41.00 47.00 28.82 0.1 0.00 -161.6 -27.798 612.850 0.00 0.00 0.00 0.00 0.00
 Mixed / non conventional 21.00 27.00 36.00 42.00 25.75 0.1 0.00 -35.3 -63.933 614.194 0.00 0.00 0.00 0.00 0.00
 Mixed / non conventional 21.00 27.00 37.00 43.00 26.49 0.0 0.00 -61.9 -52.999 614.470 0.00 0.00 0.00 0.00 0.00
 Mixed / non conventional 21.00 27.00 38.00 44.00 27.25 0.0 0.00 -129.7 -44.599 614.221 0.00 0.00 0.00 0.00 0.00
 Mixed / non conventional 22.00 23.00 24.00 25.00 23.16 0.0 0.00 15.0 -909.490 740.366 0.00 0.00 0.00 0.00 0.00
 Mixed / non conventional 22.00 23.00 25.00 26.00 27.72 0.0 0.00 137.3 -272.218 740.366 0.00 0.00 0.00 0.00 0.00
 Mixed / non conventional 22.00 23.00 26.00 27.00 30.37 0.7 0.00 51.6 -119.301 740.366 0.00 0.00 0.00 0.00 0.00
 Mixed / non conventional 22.00 23.00 27.00 28.00 31.50 1.4 0.00 -390.7 -61.861 740.366 0.00 0.00 0.00 0.00 0.00
 Mixed / non conventional 22.00 23.00 28.00 29.00 32.11 0.0 0.00 -1.5 -36.039 740.366 0.00 0.00 0.00 0.00 0.00
 Mixed / non conventional 22.00 23.00 29.00 30.00 33.63 0.1 0.00 -21.0 -23.588 740.366 0.00 0.00 0.00 0.00 0.00
 Mixed / non conventional 22.00 23.00 30.00 31.00 34.03 0.0 0.00 -16.7 -15.911 740.366 0.00 0.00 0.00 0.00 0.00
 Mixed / non conventional 22.00 23.00 31.00 32.00 36.65 0.1 0.00 3.7 -11.996 740.366 0.00 0.00 0.00 0.00 0.00
 Mixed / non conventional 22.00 23.00 32.00 33.00 38.39 0.1 0.00 -108.3 -9.139 740.366 0.00 0.00 0.00 0.00 0.00
 Mixed / non conventional 22.00 23.00 33.00 34.00 39.62 0.1 0.00 34.2 -7.073 740.366 0.00 0.00 0.00 0.00 0.00
 Mixed / non conventional 22.00 24.00 26.00 28.00 20.57 0.0 0.00 -332.6 -392.869 720.118 0.00 0.00 0.00 0.00 0.00
 Mixed / non conventional 22.00 24.00 28.00 30.00 23.37 0.0 0.00 -23.0 -111.598 720.118 0.00 0.00 0.00 0.00 0.00
 Mixed / non conventional 22.00 24.00 30.00 32.00 25.95 0.1 0.00 -13.1 -49.563 720.118 0.00 0.00 0.00 0.00 0.00
 Mixed / non conventional 22.00 24.00 32.00 34.00 29.19 0.0 0.00 -73.8 -27.874 720.118 0.00 0.00 0.00 0.00 0.00
 Mixed / non conventional 22.00 24.00 34.00 36.00 30.62 0.0 0.00 44.8 -16.710 720.118 0.00 0.00 0.00 0.00 0.00
 Mixed / non conventional 22.00 24.00 36.00 38.00 29.38 0.1 0.00 44.7 -10.022 720.118 0.00 0.00 0.00 0.00 0.00
 Mixed / non conventional 22.00 24.00 38.00 40.00 29.81 0.0 0.00 30.3 -6.779 720.118 0.00 0.00 0.00 0.00 0.00
 Mixed / non conventional 22.00 24.00 40.00 42.00 32.16 0.1 0.00 -109.6 -5.119 720.118 0.00 0.00 0.00 0.00 0.00
 Mixed / non conventional 22.00 24.00 42.00 44.00 33.20 0.2 0.00 -50.1 -3.844 720.118 0.00 0.00 0.00 0.00 0.00
 Mixed / non conventional 22.00 24.00 44.00 46.00 31.64 0.3 0.00 -32.0 -2.747 720.118 0.00 0.00 0.00 0.00 0.00
 Mixed / non conventional 22.00 24.00 27.00 29.00 22.08 0.0 0.00 -280.9 -192.954 720.694 0.00 0.00 0.00 0.00 0.00
 Mixed / non conventional 22.00 24.00 29.00 31.00 24.61 0.0 0.00 -38.3 -71.700 720.694 0.00 0.00 0.00 0.00 0.00
 Mixed / non conventional 22.00 24.00 31.00 33.00 27.83 0.0 0.00 -104.4 -36.855 720.694 0.00 0.00 0.00 0.00 0.00
 Mixed / non conventional 22.00 24.00 33.00 35.00 30.39 0.0 0.00 87.2 -21.667 720.694 0.00 0.00 0.00 0.00 0.00
 Mixed / non conventional 22.00 24.00 35.00 37.00 29.88 0.0 0.00 -11.9 -12.783 720.694 0.00 0.00 0.00 0.00 0.00
 Mixed / non conventional 22.00 24.00 37.00 39.00 29.66 0.0 0.00 95.7 -8.210 720.694 0.00 0.00 0.00 0.00 0.00
 Mixed / non conventional 22.00 24.00 39.00 41.00 30.09 0.1 0.00 -78.5 -5.699 720.694 0.00 0.00 0.00 0.00 0.00
 Mixed / non conventional 22.00 24.00 41.00 43.00 33.63 0.3 0.00 -78.6 -4.550 720.694 0.00 0.00 0.00 0.00 0.00
 Mixed / non conventional 22.00 24.00 43.00 45.00 32.03 0.2 0.00 -56.9 -3.202 720.694 0.00 0.00 0.00 0.00 0.00
 Mixed / non conventional 22.00 24.00 45.00 47.00 31.09 0.1 0.00 -26.0 -2.363 720.694 0.00 0.00 0.00 0.00 0.00
 Mixed / non conventional 22.00 25.00 28.00 31.00 19.34 0.0 0.00 -40.2 -244.671 715.313 0.00 0.00 0.00 0.00 0.00
 Mixed / non conventional 22.00 25.00 31.00 34.00 23.94 0.0 0.00 -70.5 -75.707 715.313 0.00 0.00 0.00 0.00 0.00
 Mixed / non conventional 22.00 25.00 34.00 37.00 26.09 0.0 0.00 40.7 -33.005 715.313 0.00 0.00 0.00 0.00 0.00
 Mixed / non conventional 22.00 25.00 37.00 40.00 25.63 0.0 0.00 78.4 -16.208 715.313 0.00 0.00 0.00 0.00 0.00
 Mixed / non conventional 22.00 25.00 40.00 43.00 28.25 0.4 0.00 -140.0 -10.208 715.313 0.00 0.00 0.00 0.00 0.00
 Mixed / non conventional 22.00 25.00 43.00 46.00 27.72 0.2 0.00 -51.2 -6.262 715.313 0.00 0.00 0.00 0.00 0.00
 Mixed / non conventional 22.00 25.00 29.00 32.00 20.84 0.0 0.00 -34.6 -152.795 716.516 0.00 0.00 0.00 0.00 0.00
 Mixed / non conventional 22.00 25.00 32.00 35.00 25.23 0.0 0.00 -21.6 -56.914 716.516 0.00 0.00 0.00 0.00 0.00
 Mixed / non conventional 22.00 25.00 35.00 38.00 25.61 0.1 0.00 36.1 -25.274 716.516 0.00 0.00 0.00 0.00 0.00
 Mixed / non conventional 22.00 25.00 38.00 41.00 26.10 0.0 0.00 -31.4 -13.557 716.516 0.00 0.00 0.00 0.00 0.00
 Mixed / non conventional 22.00 25.00 41.00 44.00 28.95 0.1 0.00 -98.0 -8.885 716.516 0.00 0.00 0.00 0.00 0.00
 Mixed / non conventional 22.00 25.00 44.00 47.00 27.25 0.0 0.00 -63.3 -5.353 716.516 0.00 0.00 0.00 0.00 0.00
 Mixed / non conventional 22.00 25.00 30.00 33.00 22.19 0.0 0.00 -121.7 -103.598 717.047 0.00 0.00 0.00 0.00 0.00
 Mixed / non conventional 22.00 25.00 33.00 36.00 26.07 0.0 0.00 78.5 -43.461 717.047 0.00 0.00 0.00 0.00 0.00
 Mixed / non conventional 22.00 25.00 36.00 39.00 25.58 0.0 0.00 91.3 -20.071 717.047 0.00 0.00 0.00 0.00 0.00
 Mixed / non conventional 22.00 25.00 39.00 42.00 26.97 0.3 0.00 -126.6 -11.638 717.047 0.00 0.00 0.00 0.00 0.00
 Mixed / non conventional 22.00 25.00 42.00 45.00 28.45 0.2 0.00 -87.4 -7.474 717.047 0.00 0.00 0.00 0.00 0.00
 Mixed / non conventional 22.00 27.00 32.00 37.00 20.53 0.0 0.00 -33.6 -162.676 746.900 0.00 0.00 0.00 0.00 0.00
 Mixed / non conventional 22.00 27.00 37.00 42.00 22.13 0.0 0.00 -31.8 -43.835 746.900 0.00 0.00 0.00 0.00 0.00
 Mixed / non conventional 22.00 27.00 42.00 47.00 23.80 0.0 0.00 -113.6 -18.862 746.900 0.00 0.00 0.00 0.00 0.00
 Mixed / non conventional 22.00 27.00 33.00 38.00 21.17 0.0 0.00 122.6 -119.230 747.527 0.00 0.00 0.00 0.00 0.00
 Mixed / non conventional 22.00 27.00 38.00 43.00 22.85 0.0 0.00 -110.4 -36.783 747.527 0.00 0.00 0.00 0.00 0.00
 Mixed / non conventional 22.00 27.00 34.00 39.00 21.54 0.0 0.00 135.3 -89.733 747.675 0.00 0.00 0.00 0.00 0.00
 Mixed / non conventional 22.00 27.00 39.00 44.00 23.27 0.1 0.00 -176.8 -30.855 747.675 0.00 0.00 0.00 0.00 0.00
 Mixed / non conventional 22.00 27.00 35.00 40.00 21.43 0.0 0.00 65.6 -68.217 748.770 0.00 0.00 0.00 0.00 0.00
 Mixed / non conventional 22.00 27.00 40.00 45.00 23.86 0.0 0.00 -197.1 -26.413 748.770 0.00 0.00 0.00 0.00 0.00
 Mixed / non conventional 22.00 27.00 36.00 41.00 21.58 0.0 0.00 12.5 -53.783 749.631 0.00 0.00 0.00 0.00 0.00
 Mixed / non conventional 22.00 27.00 41.00 46.00 24.19 0.0 0.00 -130.1 -22.607 749.631 0.00 0.00 0.00 0.00 0.00
 Mixed / non conventional 22.00 28.00 34.00 40.00 20.05 0.0 0.00 118.3 -136.466 769.719 0.00 0.00 0.00 0.00 0.00
 Mixed / non conventional 22.00 28.00 40.00 46.00 22.49 0.0 0.00 -191.6 -38.259 769.719 0.00 0.00 0.00 0.00 0.00
 Mixed / non conventional 22.00 28.00 35.00 41.00 20.15 0.0 0.00 4.2 -102.781 769.710 0.00 0.00 0.00 0.00 0.00
 Mixed / non conventional 22.00 28.00 41.00 47.00 22.72 0.1 0.00 -161.7 -32.451 769.710 0.00 0.00 0.00 0.00 0.00
 Mixed / non conventional 22.00 28.00 36.00 42.00 20.53 0.0 0.00 -35.5 -80.874 770.031 0.00 0.00 0.00 0.00 0.00
 Mixed / non conventional 22.00 28.00 37.00 43.00 21.07 0.0 0.00 -62.2 -65.633 770.542 0.00 0.00 0.00 0.00 0.00
 Mixed / non conventional 22.00 28.00 38.00 44.00 21.62 0.0 0.00 -129.6 -54.301 771.525 0.00 0.00 0.00 0.00 0.00
 Mixed / non conventional 22.00 28.00 39.00 45.00 21.98 0.1 0.00 -213.9 -45.148 771.119 0.00 0.00 0.00 0.00 0.00
 Mixed / non conventional 23.00 24.00 25.00 26.00 14.62 0.0 0.00 120.8 -561.540 724.158 0.00 0.00 0.00 0.00 0.00
 Mixed / non conventional 23.00 24.00 26.00 27.00 15.95 0.0 0.00 -8.6 -153.209 724.158 0.00 0.00 0.00 0.00 0.00
 Mixed / non conventional 23.00 24.00 27.00 28.00 16.84 0.8 0.00 131.1 -64.679 724.158 0.00 0.00 0.00 0.00 0.00
 Mixed / non conventional 23.00 24.00 28.00 29.00 17.48 1.6 0.00 -401.2 -33.582 724.158 0.00 0.00 0.00 0.00 0.00
 Mixed / non conventional 23.00 24.00 29.00 30.00 18.53 0.1 0.00 -20.9 -20.340 724.158 0.00 0.00 0.00 0.00 0.00
 Mixed / non conventional 23.00 24.00 30.00 31.00 19.07 0.1 0.00 -16.7 -13.086 724.158 0.00 0.00 0.00 0.00 0.00
 Mixed / non conventional 23.00 24.00 31.00 32.00 20.67 0.1 0.00 3.9 -9.453 724.158 0.00 0.00 0.00 0.00 0.00
 Mixed / non conventional 23.00 24.00 32.00 33.00 21.65 0.1 0.00 -108.0 -6.930 724.158 0.00 0.00 0.00 0.00 0.00
 Mixed / non conventional 23.00 24.00 33.00 34.00 22.63 0.1 0.00 34.2 -5.268 724.158 0.00 0.00 0.00 0.00 0.00
 Mixed / non conventional 23.00 24.00 34.00 35.00 23.29 0.3 0.00 52.5 -4.068 724.158 0.00 0.00 0.00 0.00 0.00
 Mixed / non conventional 23.00 25.00 27.00 29.00 15.48 0.0 0.00 -261.4 -295.177 718.915 0.00 0.00 0.00 0.00 0.00
 Mixed / non conventional 23.00 25.00 29.00 31.00 17.13 0.0 0.00 -38.0 -81.675 718.915 0.00 0.00 0.00 0.00 0.00
 Mixed / non conventional 23.00 25.00 31.00 33.00 19.39 0.1 0.00 -104.2 -36.978 718.915 0.00 0.00 0.00 0.00 0.00
 Mixed / non conventional 23.00 25.00 33.00 35.00 21.59 0.1 0.00 87.1 -20.584 718.915 0.00 0.00 0.00 0.00 0.00
 Mixed / non conventional 23.00 25.00 35.00 37.00 21.01 0.1 0.00 -11.6 -11.446 718.915 0.00 0.00 0.00 0.00 0.00
 Mixed / non conventional 23.00 25.00 37.00 39.00 20.86 0.1 0.00 94.9 -7.104 718.915 0.00 0.00 0.00 0.00 0.00
 Mixed / non conventional 23.00 25.00 39.00 41.00 21.13 0.3 0.00 -77.9 -4.798 718.915 0.00 0.00 0.00 0.00 0.00
 Mixed / non conventional 23.00 25.00 41.00 43.00 23.58 0.2 0.00 -78.5 -3.747 718.915 0.00 0.00 0.00 0.00 0.00
 Mixed / non conventional 23.00 25.00 43.00 45.00 22.49 0.7 0.00 -56.9 -2.599 718.915 0.00 0.00 0.00 0.00 0.00
 Mixed / non conventional 23.00 25.00 45.00 47.00 21.49 1.1 0.00 -25.9 -1.863 718.915 0.00 0.00 0.00 0.00 0.00
 Mixed / non conventional 23.00 25.00 28.00 30.00 16.24 0.0 0.00 -328.4 -142.115 721.638 0.00 0.00 0.00 0.00 0.00
 Mixed / non conventional 23.00 25.00 30.00 32.00 18.10 0.0 0.00 -13.3 -52.802 721.638 0.00 0.00 0.00 0.00 0.00
 Mixed / non conventional 23.00 25.00 32.00 34.00 20.49 0.0 0.00 -73.6 -27.169 721.638 0.00 0.00 0.00 0.00 0.00
 Mixed / non conventional 23.00 25.00 34.00 36.00 21.58 0.1 0.00 44.8 -15.405 721.638 0.00 0.00 0.00 0.00 0.00
 Mixed / non conventional 23.00 25.00 36.00 38.00 20.64 0.1 0.00 44.4 -8.842 721.638 0.00 0.00 0.00 0.00 0.00
 Mixed / non conventional 23.00 25.00 38.00 40.00 20.97 0.4 0.00 29.9 -5.812 721.638 0.00 0.00 0.00 0.00 0.00
 Mixed / non conventional 23.00 25.00 40.00 42.00 22.53 0.5 0.00 -108.8 -4.272 721.638 0.00 0.00 0.00 0.00 0.00
 Mixed / non conventional 23.00 25.00 42.00 44.00 23.18 0.2 0.00 -49.9 -3.140 721.638 0.00 0.00 0.00 0.00 0.00
 Mixed / non conventional 23.00 25.00 44.00 46.00 22.20 0.3 0.00 -32.0 -2.222 721.638 0.00 0.00 0.00 0.00 0.00
 Mixed / non conventional 23.00 26.00 29.00 32.00 16.07 0.0 0.00 -33.8 -221.391 779.210 0.00 0.00 0.00 0.00 0.00
 Mixed / non conventional 23.00 26.00 32.00 35.00 19.52 0.0 0.00 -21.2 -67.245 779.210 0.00 0.00 0.00 0.00 0.00
 Mixed / non conventional 23.00 26.00 35.00 38.00 19.85 0.0 0.00 36.3 -27.352 779.210 0.00 0.00 0.00 0.00 0.00
 Mixed / non conventional 23.00 26.00 38.00 41.00 20.20 0.0 0.00 -31.1 -13.915 779.210 0.00 0.00 0.00 0.00 0.00
 Mixed / non conventional 23.00 26.00 41.00 44.00 22.28 0.1 0.00 -97.6 -8.773 779.210 0.00 0.00 0.00 0.00 0.00
 Mixed / non conventional 23.00 26.00 44.00 47.00 20.87 0.2 0.00 -63.0 -5.136 779.210 0.00 0.00 0.00 0.00 0.00
 Mixed / non conventional 23.00 26.00 30.00 33.00 17.12 0.0 0.00 -121.0 -136.870 781.257 0.00 0.00 0.00 0.00 0.00
 Mixed / non conventional 23.00 26.00 33.00 36.00 20.08 0.1 0.00 78.8 -49.389 781.257 0.00 0.00 0.00 0.00 0.00
 Mixed / non conventional 23.00 26.00 36.00 39.00 19.81 0.0 0.00 90.9 -21.321 781.257 0.00 0.00 0.00 0.00 0.00
 Mixed / non conventional 23.00 26.00 39.00 42.00 20.80 0.2 0.00 -125.6 -11.782 781.257 0.00 0.00 0.00 0.00 0.00
 Mixed / non conventional 23.00 26.00 42.00 45.00 21.88 0.1 0.00 -87.1 -7.321 781.257 0.00 0.00 0.00 0.00 0.00
 Mixed / non conventional 23.00 26.00 31.00 34.00 18.48 0.0 0.00 -69.9 -94.166 782.665 0.00 0.00 0.00 0.00 0.00
 Mixed / non conventional 23.00 26.00 34.00 37.00 20.23 0.0 0.00 40.6 -36.815 782.665 0.00 0.00 0.00 0.00 0.00
 Mixed / non conventional 23.00 26.00 37.00 40.00 19.84 0.0 0.00 77.6 -16.996 782.665 0.00 0.00 0.00 0.00 0.00
 Mixed / non conventional 23.00 26.00 40.00 43.00 21.82 0.1 0.00 -139.2 -10.280 782.665 0.00 0.00 0.00 0.00 0.00
 Mixed / non conventional 23.00 26.00 43.00 46.00 21.36 0.1 0.00 -51.0 -6.124 782.665 0.00 0.00 0.00 0.00 0.00
 Mixed / non conventional 23.00 28.00 33.00 38.00 18.07 0.0 0.00 123.0 -148.937 777.003 0.00 0.00 0.00 0.00 0.00
 Mixed / non conventional 23.00 28.00 38.00 43.00 19.48 0.1 0.00 -109.8 -40.150 777.003 0.00 0.00 0.00 0.00 0.00
 Mixed / non conventional 23.00 28.00 34.00 39.00 18.42 0.0 0.00 135.1 -108.000 778.168 0.00 0.00 0.00 0.00 0.00
 Mixed / non conventional 23.00 28.00 39.00 44.00 19.82 0.1 0.00 -175.7 -33.205 778.168 0.00 0.00 0.00 0.00 0.00
 Mixed / non conventional 23.00 28.00 35.00 40.00 18.34 0.1 0.00 65.6 -79.583 778.712 0.00 0.00 0.00 0.00 0.00
 Mixed / non conventional 23.00 28.00 40.00 45.00 20.29 0.1 0.00 -196.2 -28.018 778.712 0.00 0.00 0.00 0.00 0.00
 Mixed / non conventional 23.00 28.00 36.00 41.00 18.46 0.0 0.00 12.4 -61.188 779.592 0.00 0.00 0.00 0.00 0.00
 Mixed / non conventional 23.00 28.00 41.00 46.00 20.52 0.2 0.00 -130.0 -23.653 779.592 0.00 0.00 0.00 0.00 0.00
 Mixed / non conventional 23.00 28.00 37.00 42.00 18.92 0.0 0.00 -31.6 -49.017 779.595 0.00 0.00 0.00 0.00 0.00
 Mixed / non conventional 23.00 28.00 42.00 47.00 20.14 0.0 0.00 -113.5 -19.574 779.595 0.00 0.00 0.00 0.00 0.00
 Mixed / non conventional 23.00 29.00 35.00 41.00 17.85 0.0 0.00 4.5 -122.220 774.322 0.00 0.00 0.00 0.00 0.00
 Mixed / non conventional 23.00 29.00 41.00 47.00 19.94 0.0 0.00 -161.3 -34.132 774.322 0.00 0.00 0.00 0.00 0.00
 Mixed / non conventional 23.00 29.00 36.00 42.00 18.18 0.0 0.00 -35.4 -93.426 775.472 0.00 0.00 0.00 0.00 0.00
 Mixed / non conventional 23.00 29.00 37.00 43.00 18.64 0.0 0.00 -62.3 -73.962 775.662 0.00 0.00 0.00 0.00 0.00
 Mixed / non conventional 23.00 29.00 38.00 44.00 19.11 0.1 0.00 -129.4 -59.921 775.846 0.00 0.00 0.00 0.00 0.00
 Mixed / non conventional 23.00 29.00 39.00 45.00 19.38 0.0 0.00 -213.1 -49.044 777.250 0.00 0.00 0.00 0.00 0.00
 Mixed / non conventional 23.00 29.00 40.00 46.00 19.80 0.0 0.00 -190.5 -40.999 777.351 0.00 0.00 0.00 0.00 0.00
 Mixed / non conventional 24.00 25.00 26.00 27.00 14.58 0.0 0.00 22.5 -547.144 707.259 0.00 0.00 0.00 0.00 0.00
 Mixed / non conventional 24.00 25.00 27.00 28.00 14.71 0.0 0.00 -76.4 -138.010 707.259 0.00 0.00 0.00 0.00 0.00
 Mixed / non conventional 24.00 25.00 28.00 29.00 15.07 0.9 0.00 299.1 -56.529 707.259 0.00 0.00 0.00 0.00 0.00
 Mixed / non conventional 24.00 25.00 29.00 30.00 16.09 1.7 0.00 -443.1 -30.195 707.259 0.00 0.00 0.00 0.00 0.00
 Mixed / non conventional 24.00 25.00 30.00 31.00 16.51 0.1 0.00 -16.9 -17.696 707.259 0.00 0.00 0.00 0.00 0.00
 Mixed / non conventional 24.00 25.00 31.00 32.00 18.02 0.1 0.00 3.9 -12.076 707.259 0.00 0.00 0.00 0.00 0.00
 Mixed / non conventional 24.00 25.00 32.00 33.00 18.63 0.1 0.00 -107.7 -8.320 707.259 0.00 0.00 0.00 0.00 0.00
 Mixed / non conventional 24.00 25.00 33.00 34.00 20.47 0.2 0.00 34.4 -6.401 707.259 0.00 0.00 0.00 0.00 0.00
 Mixed / non conventional 24.00 25.00 34.00 35.00 20.80 0.3 0.00 52.3 -4.731 707.259 0.00 0.00 0.00 0.00 0.00
 Mixed / non conventional 24.00 25.00 35.00 36.00 20.12 0.3 0.00 -7.9 -3.432 707.259 0.00 0.00 0.00 0.00 0.00
 Mixed / non conventional 24.00 26.00 28.00 30.00 14.65 0.0 0.00 -150.7 -296.194 762.142 0.00 0.00 0.00 0.00 0.00
 Mixed / non conventional 24.00 26.00 30.00 32.00 15.99 0.0 0.00 -13.6 -80.814 762.142 0.00 0.00 0.00 0.00 0.00
 Mixed / non conventional 24.00 26.00 32.00 34.00 18.38 0.0 0.00 -73.6 -37.153 762.142 0.00 0.00 0.00 0.00 0.00
 Mixed / non conventional 24.00 26.00 34.00 36.00 19.58 0.1 0.00 44.6 -19.787 762.142 0.00 0.00 0.00 0.00 0.00
 Mixed / non conventional 24.00 26.00 36.00 38.00 18.85 0.0 0.00 44.0 -10.890 762.142 0.00 0.00 0.00 0.00 0.00
 Mixed / non conventional 24.00 26.00 38.00 40.00 19.22 0.1 0.00 29.5 -6.940 762.142 0.00 0.00 0.00 0.00 0.00
 Mixed / non conventional 24.00 26.00 40.00 42.00 20.52 0.2 0.00 -108.4 -4.938 762.142 0.00 0.00 0.00 0.00 0.00
 Mixed / non conventional 24.00 26.00 42.00 44.00 21.19 0.2 0.00 -50.1 -3.571 762.142 0.00 0.00 0.00 0.00 0.00
 Mixed / non conventional 24.00 26.00 44.00 46.00 20.16 0.3 0.00 -32.1 -2.470 762.142 0.00 0.00 0.00 0.00 0.00
 Mixed / non conventional 24.00 26.00 29.00 31.00 15.12 0.0 0.00 -376.6 -139.847 762.611 0.00 0.00 0.00 0.00 0.00
 Mixed / non conventional 24.00 26.00 31.00 33.00 17.38 0.0 0.00 -104.5 -53.578 762.611 0.00 0.00 0.00 0.00 0.00
 Mixed / non conventional 24.00 26.00 33.00 35.00 19.21 0.0 0.00 86.6 -26.922 762.611 0.00 0.00 0.00 0.00 0.00
 Mixed / non conventional 24.00 26.00 35.00 37.00 19.12 0.1 0.00 -11.6 -14.422 762.611 0.00 0.00 0.00 0.00 0.00
 Mixed / non conventional 24.00 26.00 37.00 39.00 19.03 0.0 0.00 93.9 -8.614 762.611 0.00 0.00 0.00 0.00 0.00
 Mixed / non conventional 24.00 26.00 39.00 41.00 19.29 0.2 0.00 -77.4 -5.650 762.611 0.00 0.00 0.00 0.00 0.00
 Mixed / non conventional 24.00 26.00 41.00 43.00 21.54 0.1 0.00 -78.4 -4.316 762.611 0.00 0.00 0.00 0.00 0.00
 Mixed / non conventional 24.00 26.00 43.00 45.00 20.50 0.2 0.00 -57.0 -2.935 762.611 0.00 0.00 0.00 0.00 0.00
 Mixed / non conventional 24.00 26.00 45.00 47.00 19.80 0.5 0.00 -26.1 -2.095 762.611 0.00 0.00 0.00 0.00 0.00
 Mixed / non conventional 24.00 27.00 30.00 33.00 15.49 0.0 0.00 -121.3 -201.491 735.496 0.00 0.00 0.00 0.00 0.00
 Mixed / non conventional 24.00 27.00 33.00 36.00 18.42 0.0 0.00 78.4 -59.895 735.496 0.00 0.00 0.00 0.00 0.00
 Mixed / non conventional 24.00 27.00 36.00 39.00 18.41 0.0 0.00 89.8 -23.947 735.496 0.00 0.00 0.00 0.00 0.00
 Mixed / non conventional 24.00 27.00 39.00 42.00 19.43 0.2 0.00 -125.3 -12.637 735.496 0.00 0.00 0.00 0.00 0.00
 Mixed / non conventional 24.00 27.00 42.00 45.00 20.35 0.1 0.00 -87.5 -7.563 735.496 0.00 0.00 0.00 0.00 0.00
 Mixed / non conventional 24.00 27.00 31.00 34.00 16.74 0.0 0.00 -70.1 -126.242 737.121 0.00 0.00 0.00 0.00 0.00
 Mixed / non conventional 24.00 27.00 34.00 37.00 18.69 0.1 0.00 40.3 -43.364 737.121 0.00 0.00 0.00 0.00 0.00
 Mixed / non conventional 24.00 27.00 37.00 40.00 18.49 0.1 0.00 76.7 -18.775 737.121 0.00 0.00 0.00 0.00 0.00
 Mixed / non conventional 24.00 27.00 40.00 43.00 20.27 0.2 0.00 -139.0 -10.831 737.121 0.00 0.00 0.00 0.00 0.00
 Mixed / non conventional 24.00 27.00 43.00 46.00 19.90 0.2 0.00 -51.3 -6.283 737.121 0.00 0.00 0.00 0.00 0.00
 Mixed / non conventional 24.00 27.00 32.00 35.00 17.79 0.0 0.00 -21.4 -85.501 738.097 0.00 0.00 0.00 0.00 0.00
 Mixed / non conventional 24.00 27.00 35.00 38.00 18.39 0.0 0.00 35.7 -31.567 738.097 0.00 0.00 0.00 0.00 0.00
 Mixed / non conventional 24.00 27.00 38.00 41.00 18.83 0.0 0.00 -31.4 -15.206 738.097 0.00 0.00 0.00 0.00 0.00
 Mixed / non conventional 24.00 27.00 41.00 44.00 20.81 0.0 0.00 -97.7 -9.243 738.097 0.00 0.00 0.00 0.00 0.00
 Mixed / non conventional 24.00 27.00 44.00 47.00 19.45 0.2 0.00 -63.2 -5.259 738.097 0.00 0.00 0.00 0.00 0.00
 Mixed / non conventional 24.00 29.00 34.00 39.00 17.41 0.0 0.00 134.1 -139.379 754.733 0.00 0.00 0.00 0.00 0.00
 Mixed / non conventional 24.00 29.00 39.00 44.00 18.92 0.1 0.00 -175.3 -37.872 754.733 0.00 0.00 0.00 0.00 0.00
 Mixed / non conventional 24.00 29.00 35.00 40.00 17.40 0.0 0.00 64.9 -99.028 755.298 0.00 0.00 0.00 0.00 0.00
 Mixed / non conventional 24.00 29.00 40.00 45.00 19.36 0.0 0.00 -195.8 -31.488 755.298 0.00 0.00 0.00 0.00 0.00
 Mixed / non conventional 24.00 29.00 36.00 41.00 17.57 0.0 0.00 12.2 -74.042 756.252 0.00 0.00 0.00 0.00 0.00
 Mixed / non conventional 24.00 29.00 41.00 46.00 19.59 0.1 0.00 -129.8 -26.268 756.252 0.00 0.00 0.00 0.00 0.00
 Mixed / non conventional 24.00 29.00 37.00 42.00 18.03 0.0 0.00 -31.7 -58.063 757.515 0.00 0.00 0.00 0.00 0.00
 Mixed / non conventional 24.00 29.00 42.00 47.00 19.20 0.1 0.00 -113.4 -21.503 757.515 0.00 0.00 0.00 0.00 0.00
 Mixed / non conventional 24.00 29.00 38.00 43.00 18.60 0.0 0.00 -109.8 -46.838 757.696 0.00 0.00 0.00 0.00 0.00
 Mixed / non conventional 24.00 30.00 36.00 42.00 17.80 0.0 0.00 -35.5 -119.861 761.573 0.00 0.00 0.00 0.00 0.00
 Mixed / non conventional 24.00 30.00 37.00 43.00 18.29 0.0 0.00 -62.4 -92.326 761.748 0.00 0.00 0.00 0.00 0.00
 Mixed / non conventional 24.00 30.00 38.00 44.00 18.76 0.0 0.00 -129.2 -73.203 762.844 0.00 0.00 0.00 0.00 0.00
 Mixed / non conventional 24.00 30.00 39.00 45.00 19.03 0.1 0.00 -212.4 -58.698 763.087 0.00 0.00 0.00 0.00 0.00
 Mixed / non conventional 24.00 30.00 40.00 46.00 19.43 0.0 0.00 -190.2 -48.299 763.609 0.00 0.00 0.00 0.00 0.00
 Mixed / non conventional 24.00 30.00 41.00 47.00 19.56 0.1 0.00 -161.1 -39.820 764.161 0.00 0.00 0.00 0.00 0.00
 Mixed / non conventional 25.00 26.00 27.00 28.00 15.28 0.0 0.00 -120.6 -619.966 764.882 0.00 0.00 0.00 0.00 0.00
 Mixed / non conventional 25.00 26.00 28.00 29.00 14.30 0.0 0.00 -111.4 -145.058 764.882 0.00 0.00 0.00 0.00 0.00
 Mixed / non conventional 25.00 26.00 29.00 30.00 14.36 1.0 0.00 363.4 -58.287 764.882 0.00 0.00 0.00 0.00 0.00
 Mixed / non conventional 25.00 26.00 30.00 31.00 14.93 2.0 0.00 -436.1 -30.300 764.882 0.00 0.00 0.00 0.00 0.00
 Mixed / non conventional 25.00 26.00 31.00 32.00 16.27 0.1 0.00 3.5 -18.860 764.882 0.00 0.00 0.00 0.00 0.00
 Mixed / non conventional 25.00 26.00 32.00 33.00 17.71 0.1 0.00 -107.6 -12.836 764.882 0.00 0.00 0.00 0.00 0.00
 Mixed / non conventional 25.00 26.00 33.00 34.00 17.61 0.1 0.00 34.5 -8.506 764.882 0.00 0.00 0.00 0.00 0.00
 Mixed / non conventional 25.00 26.00 34.00 35.00 19.11 0.1 0.00 52.2 -6.461 764.882 0.00 0.00 0.00 0.00 0.00
 Mixed / non conventional 25.00 26.00 35.00 36.00 18.56 0.1 0.00 -7.8 -4.565 764.882 0.00 0.00 0.00 0.00 0.00
 Mixed / non conventional 25.00 26.00 36.00 37.00 18.27 0.3 0.00 -3.8 -3.370 764.882 0.00 0.00 0.00 0.00 0.00
 Mixed / non conventional 25.00 27.00 29.00 31.00 14.53 0.0 0.00 -85.6 -284.244 737.726 0.00 0.00 0.00 0.00 0.00
 Mixed / non conventional 25.00 27.00 31.00 33.00 16.00 0.0 0.00 -104.1 -78.294 737.726 0.00 0.00 0.00 0.00 0.00
 Mixed / non conventional 25.00 27.00 33.00 35.00 17.74 0.0 0.00 86.6 -34.723 737.726 0.00 0.00 0.00 0.00 0.00
 Mixed / non conventional 25.00 27.00 35.00 37.00 17.97 0.1 0.00 -11.2 -17.583 737.726 0.00 0.00 0.00 0.00 0.00
 Mixed / non conventional 25.00 27.00 37.00 39.00 18.03 0.0 0.00 93.3 -10.079 737.726 0.00 0.00 0.00 0.00 0.00
 Mixed / non conventional 25.00 27.00 39.00 41.00 18.34 0.1 0.00 -76.8 -6.408 737.726 0.00 0.00 0.00 0.00 0.00
 Mixed / non conventional 25.00 27.00 41.00 43.00 20.49 0.3 0.00 -78.1 -4.773 737.726 0.00 0.00 0.00 0.00 0.00
 Mixed / non conventional 25.00 27.00 43.00 45.00 19.40 0.3 0.00 -56.8 -3.163 737.726 0.00 0.00 0.00 0.00 0.00
 Mixed / non conventional 25.00 27.00 45.00 47.00 18.71 0.4 0.00 -25.8 -2.218 737.726 0.00 0.00 0.00 0.00 0.00
 Mixed / non conventional 25.00 27.00 30.00 32.00 14.74 0.0 0.00 -347.5 -131.950 738.054 0.00 0.00 0.00 0.00 0.00
 Mixed / non conventional 25.00 27.00 32.00 34.00 16.95 0.0 0.00 -73.4 -50.579 738.054 0.00 0.00 0.00 0.00 0.00
 Mixed / non conventional 25.00 27.00 34.00 36.00 18.29 0.0 0.00 44.6 -24.801 738.054 0.00 0.00 0.00 0.00 0.00
 Mixed / non conventional 25.00 27.00 36.00 38.00 17.79 0.1 0.00 43.8 -12.992 738.054 0.00 0.00 0.00 0.00 0.00
 Mixed / non conventional 25.00 27.00 38.00 40.00 18.21 0.1 0.00 29.2 -7.976 738.054 0.00 0.00 0.00 0.00 0.00
 Mixed / non conventional 25.00 27.00 40.00 42.00 19.56 0.1 0.00 -107.7 -5.544 738.054 0.00 0.00 0.00 0.00 0.00
 Mixed / non conventional 25.00 27.00 42.00 44.00 20.10 0.1 0.00 -49.8 -3.898 738.054 0.00 0.00 0.00 0.00 0.00
 Mixed / non conventional 25.00 27.00 44.00 46.00 19.11 0.4 0.00 -31.9 -2.648 738.054 0.00 0.00 0.00 0.00 0.00
 Mixed / non conventional 25.00 28.00 31.00 34.00 15.52 0.0 0.00 -69.5 -207.761 756.947 0.00 0.00 0.00 0.00 0.00
 Mixed / non conventional 25.00 28.00 34.00 37.00 17.53 0.0 0.00 40.7 -58.656 756.947 0.00 0.00 0.00 0.00 0.00
 Mixed / non conventional 25.00 28.00 37.00 40.00 17.58 0.0 0.00 76.4 -23.533 756.947 0.00 0.00 0.00 0.00 0.00
 Mixed / non conventional 25.00 28.00 40.00 43.00 19.37 0.1 0.00 -138.2 -12.967 756.947 0.00 0.00 0.00 0.00 0.00
 Mixed / non conventional 25.00 28.00 43.00 46.00 18.94 0.0 0.00 -51.0 -7.245 756.947 0.00 0.00 0.00 0.00 0.00
 Mixed / non conventional 25.00 28.00 32.00 35.00 16.46 0.0 0.00 -21.0 -127.609 757.810 0.00 0.00 0.00 0.00 0.00
 Mixed / non conventional 25.00 28.00 35.00 38.00 17.35 0.0 0.00 35.8 -41.402 757.810 0.00 0.00 0.00 0.00 0.00
 Mixed / non conventional 25.00 28.00 38.00 41.00 17.95 0.1 0.00 -31.1 -18.731 757.810 0.00 0.00 0.00 0.00 0.00
 Mixed / non conventional 25.00 28.00 41.00 44.00 19.83 0.0 0.00 -97.3 -10.895 757.810 0.00 0.00 0.00 0.00 0.00
 Mixed / non conventional 25.00 28.00 44.00 47.00 18.56 0.1 0.00 -63.0 -6.024 757.810 0.00 0.00 0.00 0.00 0.00
 Mixed / non conventional 25.00 28.00 33.00 36.00 17.11 0.0 0.00 78.9 -84.497 758.357 0.00 0.00 0.00 0.00 0.00
 Mixed / non conventional 25.00 28.00 36.00 39.00 17.44 0.0 0.00 89.1 -30.761 758.357 0.00 0.00 0.00 0.00 0.00
 Mixed / non conventional 25.00 28.00 39.00 42.00 18.51 0.3 0.00 -124.3 -15.360 758.357 0.00 0.00 0.00 0.00 0.00
 Mixed / non conventional 25.00 28.00 42.00 45.00 19.45 0.1 0.00 -87.2 -8.876 758.357 0.00 0.00 0.00 0.00 0.00
 Mixed / non conventional 25.00 30.00 35.00 40.00 17.18 0.0 0.00 64.8 -138.686 760.836 0.00 0.00 0.00 0.00 0.00
 Mixed / non conventional 25.00 30.00 40.00 45.00 19.28 0.0 0.00 -195.2 -38.918 760.836 0.00 0.00 0.00 0.00 0.00
 Mixed / non conventional 25.00 30.00 36.00 41.00 17.41 0.0 0.00 12.3 -99.857 761.133 0.00 0.00 0.00 0.00 0.00
 Mixed / non conventional 25.00 30.00 41.00 46.00 19.50 0.0 0.00 -129.4 -31.949 761.133 0.00 0.00 0.00 0.00 0.00
 Mixed / non conventional 25.00 30.00 37.00 42.00 17.91 0.0 0.00 -31.6 -76.076 762.319 0.00 0.00 0.00 0.00 0.00
 Mixed / non conventional 25.00 30.00 42.00 47.00 19.04 0.0 0.00 -113.1 -25.735 762.319 0.00 0.00 0.00 0.00 0.00
 Mixed / non conventional 25.00 30.00 38.00 43.00 18.50 0.0 0.00 -109.6 -59.997 762.749 0.00 0.00 0.00 0.00 0.00
 Mixed / non conventional 25.00 30.00 39.00 44.00 18.83 0.0 0.00 -174.4 -47.746 762.987 0.00 0.00 0.00 0.00 0.00
 Mixed / non conventional 25.00 31.00 37.00 43.00 18.25 0.0 0.00 -62.4 -118.936 736.868 0.00 0.00 0.00 0.00 0.00
 Mixed / non conventional 25.00 31.00 38.00 44.00 18.79 0.0 0.00 -129.2 -91.772 736.974 0.00 0.00 0.00 0.00 0.00
 Mixed / non conventional 25.00 31.00 39.00 45.00 19.08 0.1 0.00 -212.1 -72.062 738.269 0.00 0.00 0.00 0.00 0.00
 Mixed / non conventional 25.00 31.00 40.00 46.00 19.48 0.0 0.00 -189.6 -58.147 738.513 0.00 0.00 0.00 0.00 0.00
 Mixed / non conventional 25.00 31.00 41.00 47.00 19.61 0.0 0.00 -161.0 -47.182 739.231 0.00 0.00 0.00 0.00 0.00
 Mixed / non conventional 26.00 27.00 28.00 29.00 16.38 0.0 0.00 -201.8 -699.066 804.659 0.00 0.00 0.00 0.00 0.00
 Mixed / non conventional 26.00 27.00 29.00 30.00 14.69 0.0 0.00 246.5 -156.784 804.659 0.00 0.00 0.00 0.00 0.00
 Mixed / non conventional 26.00 27.00 30.00 31.00 14.05 0.9 0.00 -0.5 -59.988 804.659 0.00 0.00 0.00 0.00 0.00
 Mixed / non conventional 26.00 27.00 31.00 32.00 15.17 1.6 0.00 -380.1 -32.383 804.659 0.00 0.00 0.00 0.00 0.00
 Mixed / non conventional 26.00 27.00 32.00 33.00 16.15 0.1 0.00 -107.5 -19.703 804.659 0.00 0.00 0.00 0.00 0.00
 Mixed / non conventional 26.00 27.00 33.00 34.00 17.02 0.0 0.00 34.6 -12.975 804.659 0.00 0.00 0.00 0.00 0.00
 Mixed / non conventional 26.00 27.00 34.00 35.00 18.00 0.1 0.00 52.2 -9.146 804.659 0.00 0.00 0.00 0.00 0.00
 Mixed / non conventional 26.00 27.00 35.00 36.00 17.70 0.2 0.00 -7.5 -6.296 804.659 0.00 0.00 0.00 0.00 0.00
 Mixed / non conventional 26.00 27.00 36.00 37.00 17.49 0.3 0.00 -3.8 -4.524 804.659 0.00 0.00 0.00 0.00 0.00
 Mixed / non conventional 26.00 27.00 37.00 38.00 17.51 0.3 0.00 47.0 -3.397 804.659 0.00 0.00 0.00 0.00 0.00
 Mixed / non conventional 26.00 28.00 30.00 32.00 14.32 0.0 0.00 -372.9 -314.213 827.313 0.00 0.00 0.00 0.00 0.00
 Mixed / non conventional 26.00 28.00 32.00 34.00 15.79 0.0 0.00 -73.3 -86.636 827.313 0.00 0.00 0.00 0.00 0.00
 Mixed / non conventional 26.00 28.00 34.00 36.00 17.23 0.0 0.00 44.5 -37.801 827.313 0.00 0.00 0.00 0.00 0.00
 Mixed / non conventional 26.00 28.00 36.00 38.00 17.00 0.1 0.00 43.6 -18.649 827.313 0.00 0.00 0.00 0.00 0.00
 Mixed / non conventional 26.00 28.00 38.00 40.00 17.51 0.0 0.00 28.9 -10.982 827.313 0.00 0.00 0.00 0.00 0.00
 Mixed / non conventional 26.00 28.00 40.00 42.00 18.80 0.1 0.00 -107.2 -7.369 827.313 0.00 0.00 0.00 0.00 0.00
 Mixed / non conventional 26.00 28.00 42.00 44.00 19.34 0.1 0.00 -49.8 -5.052 827.313 0.00 0.00 0.00 0.00 0.00
 Mixed / non conventional 26.00 28.00 44.00 46.00 18.41 0.2 0.00 -31.9 -3.367 827.313 0.00 0.00 0.00 0.00 0.00
 Mixed / non conventional 26.00 28.00 31.00 33.00 14.98 0.0 0.00 -390.8 -150.427 828.138 0.00 0.00 0.00 0.00 0.00
 Mixed / non conventional 26.00 28.00 33.00 35.00 16.70 0.0 0.00 86.2 -55.904 828.138 0.00 0.00 0.00 0.00 0.00
 Mixed / non conventional 26.00 28.00 35.00 37.00 17.05 0.0 0.00 -11.1 -25.939 828.138 0.00 0.00 0.00 0.00 0.00
 Mixed / non conventional 26.00 28.00 37.00 39.00 17.29 0.1 0.00 92.6 -14.163 828.138 0.00 0.00 0.00 0.00 0.00
 Mixed / non conventional 26.00 28.00 39.00 41.00 17.68 0.0 0.00 -76.3 -8.689 828.138 0.00 0.00 0.00 0.00 0.00
 Mixed / non conventional 26.00 28.00 41.00 43.00 19.74 0.1 0.00 -78.0 -6.278 828.138 0.00 0.00 0.00 0.00 0.00
 Mixed / non conventional 26.00 28.00 43.00 45.00 18.68 0.2 0.00 -56.6 -4.065 828.138 0.00 0.00 0.00 0.00 0.00
 Mixed / non conventional 26.00 28.00 45.00 47.00 18.07 0.3 0.00 -25.7 -2.809 828.138 0.00 0.00 0.00 0.00 0.00
 Mixed / non conventional 26.00 29.00 32.00 35.00 15.85 0.0 0.00 -21.1 -230.806 823.456 0.00 0.00 0.00 0.00 0.00
 Mixed / non conventional 26.00 29.00 35.00 38.00 16.72 0.1 0.00 35.7 -60.881 823.456 0.00 0.00 0.00 0.00 0.00
 Mixed / non conventional 26.00 29.00 38.00 41.00 17.52 0.1 0.00 -31.1 -25.513 823.456 0.00 0.00 0.00 0.00 0.00
 Mixed / non conventional 26.00 29.00 41.00 44.00 19.35 0.1 0.00 -97.3 -14.091 823.456 0.00 0.00 0.00 0.00 0.00
 Mixed / non conventional 26.00 29.00 44.00 47.00 18.03 0.2 0.00 -63.0 -7.501 823.456 0.00 0.00 0.00 0.00 0.00
 Mixed / non conventional 26.00 29.00 33.00 36.00 16.40 0.0 0.00 78.7 -138.247 824.091 0.00 0.00 0.00 0.00 0.00
 Mixed / non conventional 26.00 29.00 36.00 39.00 16.90 0.0 0.00 88.4 -43.847 824.091 0.00 0.00 0.00 0.00 0.00
 Mixed / non conventional 26.00 29.00 39.00 42.00 18.07 0.1 0.00 -123.9 -20.515 824.091 0.00 0.00 0.00 0.00 0.00
 Mixed / non conventional 26.00 29.00 42.00 45.00 18.97 0.0 0.00 -87.4 -11.331 824.091 0.00 0.00 0.00 0.00 0.00
 Mixed / non conventional 26.00 29.00 34.00 37.00 16.81 0.0 0.00 40.4 -90.205 824.331 0.00 0.00 0.00 0.00 0.00
 Mixed / non conventional 26.00 29.00 37.00 40.00 17.11 0.0 0.00 75.3 -32.804 824.331 0.00 0.00 0.00 0.00 0.00
 Mixed / non conventional 26.00 29.00 40.00 43.00 18.94 0.2 0.00 -138.1 -17.085 824.331 0.00 0.00 0.00 0.00 0.00
 Mixed / non conventional 26.00 29.00 43.00 46.00 18.42 0.0 0.00 -51.2 -9.140 824.331 0.00 0.00 0.00 0.00 0.00
 Mixed / non conventional 26.00 31.00 36.00 41.00 17.43 0.0 0.00 11.5 -148.005 800.370 0.00 0.00 0.00 0.00 0.00
 Mixed / non conventional 26.00 31.00 41.00 46.00 19.72 0.0 0.00 -130.0 -41.874 800.370 0.00 0.00 0.00 0.00 0.00
 Mixed / non conventional 26.00 31.00 37.00 42.00 18.00 0.0 0.00 -32.2 -108.635 800.708 0.00 0.00 0.00 0.00 0.00
 Mixed / non conventional 26.00 31.00 42.00 47.00 19.24 0.1 0.00 -113.6 -33.172 800.708 0.00 0.00 0.00 0.00 0.00
 Mixed / non conventional 26.00 31.00 38.00 43.00 18.67 0.0 0.00 -109.9 -83.364 801.367 0.00 0.00 0.00 0.00 0.00
 Mixed / non conventional 26.00 31.00 39.00 44.00 19.01 0.0 0.00 -174.4 -64.896 802.878 0.00 0.00 0.00 0.00 0.00
 Mixed / non conventional 26.00 31.00 40.00 45.00 19.50 0.1 0.00 -195.0 -52.052 803.196 0.00 0.00 0.00 0.00 0.00
 Mixed / non conventional 26.00 32.00 38.00 44.00 19.20 0.0 0.00 -129.0 -137.488 809.952 0.00 0.00 0.00 0.00 0.00
 Mixed / non conventional 26.00 32.00 39.00 45.00 19.55 0.1 0.00 -211.6 -104.945 809.997 0.00 0.00 0.00 0.00 0.00
 Mixed / non conventional 26.00 32.00 40.00 46.00 19.98 0.2 0.00 -188.9 -82.963 811.527 0.00 0.00 0.00 0.00 0.00
 Mixed / non conventional 26.00 32.00 41.00 47.00 20.15 0.1 0.00 -160.4 -66.099 811.489 0.00 0.00 0.00 0.00 0.00
 Mixed / non conventional 27.00 28.00 29.00 30.00 15.87 0.0 0.00 47.6 -672.859 799.096 0.00 0.00 0.00 0.00 0.00
 Mixed / non conventional 27.00 28.00 30.00 31.00 14.19 0.0 0.00 -2.6 -150.353 799.096 0.00 0.00 0.00 0.00 0.00
 Mixed / non conventional 27.00 28.00 31.00 32.00 14.49 0.8 0.00 103.4 -61.412 799.096 0.00 0.00 0.00 0.00 0.00
 Mixed / non conventional 27.00 28.00 32.00 33.00 15.13 1.7 0.00 -527.2 -32.068 799.096 0.00 0.00 0.00 0.00 0.00
 Mixed / non conventional 27.00 28.00 33.00 34.00 15.87 0.0 0.00 34.5 -19.221 799.096 0.00 0.00 0.00 0.00 0.00
 Mixed / non conventional 27.00 28.00 34.00 35.00 16.85 0.1 0.00 52.1 -12.757 799.096 0.00 0.00 0.00 0.00 0.00
 Mixed / non conventional 27.00 28.00 35.00 36.00 16.65 0.0 0.00 -7.2 -8.405 799.096 0.00 0.00 0.00 0.00 0.00
 Mixed / non conventional 27.00 28.00 36.00 37.00 16.63 0.2 0.00 -3.6 -5.876 799.096 0.00 0.00 0.00 0.00 0.00
 Mixed / non conventional 27.00 28.00 37.00 38.00 16.70 0.1 0.00 46.8 -4.292 799.096 0.00 0.00 0.00 0.00 0.00
 Mixed / non conventional 27.00 28.00 38.00 39.00 17.26 0.2 0.00 44.9 -3.325 799.096 0.00 0.00 0.00 0.00 0.00
 Mixed / non conventional 27.00 29.00 31.00 33.00 15.29 0.1 0.00 -411.4 -322.010 793.711 0.00 0.00 0.00 0.00 0.00
 Mixed / non conventional 27.00 29.00 33.00 35.00 16.06 0.1 0.00 86.1 -84.536 793.711 0.00 0.00 0.00 0.00 0.00
 Mixed / non conventional 27.00 29.00 35.00 37.00 16.45 0.1 0.00 -10.9 -34.629 793.711 0.00 0.00 0.00 0.00 0.00
 Mixed / non conventional 27.00 29.00 37.00 39.00 16.88 0.1 0.00 92.1 -17.768 793.711 0.00 0.00 0.00 0.00 0.00
 Mixed / non conventional 27.00 29.00 39.00 41.00 17.33 0.1 0.00 -75.7 -10.424 793.711 0.00 0.00 0.00 0.00 0.00
 Mixed / non conventional 27.00 29.00 41.00 43.00 19.43 0.1 0.00 -77.8 -7.304 793.711 0.00 0.00 0.00 0.00 0.00
 Mixed / non conventional 27.00 29.00 43.00 45.00 18.33 0.1 0.00 -56.5 -4.595 793.711 0.00 0.00 0.00 0.00 0.00
 Mixed / non conventional 27.00 29.00 45.00 47.00 17.53 0.5 0.00 -25.5 -3.076 793.711 0.00 0.00 0.00 0.00 0.00
 Mixed / non conventional 27.00 29.00 32.00 34.00 15.45 0.1 0.00 -397.0 -148.723 793.749 0.00 0.00 0.00 0.00 0.00
 Mixed / non conventional 27.00 29.00 34.00 36.00 16.57 0.1 0.00 44.4 -53.147 793.749 0.00 0.00 0.00 0.00 0.00
 Mixed / non conventional 27.00 29.00 36.00 38.00 16.51 0.0 0.00 43.3 -24.071 793.749 0.00 0.00 0.00 0.00 0.00
 Mixed / non conventional 27.00 29.00 38.00 40.00 17.19 0.1 0.00 28.7 -13.495 793.749 0.00 0.00 0.00 0.00 0.00
 Mixed / non conventional 27.00 29.00 40.00 42.00 18.48 0.0 0.00 -106.6 -8.705 793.749 0.00 0.00 0.00 0.00 0.00
 Mixed / non conventional 27.00 29.00 42.00 44.00 19.02 0.1 0.00 -49.6 -5.798 793.749 0.00 0.00 0.00 0.00 0.00
 Mixed / non conventional 27.00 29.00 44.00 46.00 17.94 0.2 0.00 -31.6 -3.742 793.749 0.00 0.00 0.00 0.00 0.00
 Mixed / non conventional 27.00 30.00 33.00 36.00 16.64 0.0 0.00 78.6 -234.970 798.409 0.00 0.00 0.00 0.00 0.00
 Mixed / non conventional 27.00 30.00 36.00 39.00 17.02 0.0 0.00 87.7 -60.074 798.409 0.00 0.00 0.00 0.00 0.00
 Mixed / non conventional 27.00 30.00 39.00 42.00 18.35 0.0 0.00 -123.4 -25.909 798.409 0.00 0.00 0.00 0.00 0.00
 Mixed / non conventional 27.00 30.00 42.00 45.00 19.24 0.1 0.00 -87.4 -13.584 798.409 0.00 0.00 0.00 0.00 0.00
 Mixed / non conventional 27.00 30.00 34.00 37.00 16.86 0.0 0.00 40.6 -137.926 799.409 0.00 0.00 0.00 0.00 0.00
 Mixed / non conventional 27.00 30.00 37.00 40.00 17.31 0.0 0.00 74.9 -43.558 799.409 0.00 0.00 0.00 0.00 0.00
 Mixed / non conventional 27.00 30.00 40.00 43.00 19.21 0.0 0.00 -137.5 -21.155 799.409 0.00 0.00 0.00 0.00 0.00
 Mixed / non conventional 27.00 30.00 43.00 46.00 18.60 0.1 0.00 -51.0 -10.778 799.409 0.00 0.00 0.00 0.00 0.00
 Mixed / non conventional 27.00 30.00 35.00 38.00 16.77 0.0 0.00 35.6 -87.355 799.941 0.00 0.00 0.00 0.00 0.00
 Mixed / non conventional 27.00 30.00 38.00 41.00 17.79 0.0 0.00 -31.3 -33.093 799.941 0.00 0.00 0.00 0.00 0.00
 Mixed / non conventional 27.00 30.00 41.00 44.00 19.69 0.1 0.00 -97.3 -17.239 799.941 0.00 0.00 0.00 0.00 0.00
 Mixed / non conventional 27.00 30.00 44.00 47.00 18.19 0.1 0.00 -63.0 -8.757 799.941 0.00 0.00 0.00 0.00 0.00
 Mixed / non conventional 27.00 32.00 37.00 42.00 18.38 0.0 0.00 -31.3 -152.318 781.058 0.00 0.00 0.00 0.00 0.00
 Mixed / non conventional 27.00 32.00 42.00 47.00 19.89 0.1 0.00 -112.7 -41.210 781.058 0.00 0.00 0.00 0.00 0.00
 Mixed / non conventional 27.00 32.00 38.00 43.00 19.17 0.1 0.00 -109.0 -112.971 782.121 0.00 0.00 0.00 0.00 0.00
 Mixed / non conventional 27.00 32.00 39.00 44.00 19.60 0.0 0.00 -172.9 -85.534 782.911 0.00 0.00 0.00 0.00 0.00
 Mixed / non conventional 27.00 32.00 40.00 45.00 20.14 0.0 0.00 -194.5 -67.054 783.359 0.00 0.00 0.00 0.00 0.00
 Mixed / non conventional 27.00 32.00 41.00 46.00 20.39 0.0 0.00 -129.7 -53.175 784.380 0.00 0.00 0.00 0.00 0.00
 Mixed / non conventional 27.00 33.00 39.00 45.00 20.10 0.0 0.00 -211.0 -137.402 773.063 0.00 0.00 0.00 0.00 0.00
 Mixed / non conventional 27.00 33.00 40.00 46.00 20.65 0.0 0.00 -189.0 -105.823 773.079 0.00 0.00 0.00 0.00 0.00
 Mixed / non conventional 27.00 33.00 41.00 47.00 20.87 0.0 0.00 -161.2 -82.609 773.910 0.00 0.00 0.00 0.00 0.00
 Mixed / non conventional 28.00 29.00 30.00 31.00 15.79 0.0 0.00 -98.0 -689.360 822.707 0.00 0.00 0.00 0.00 0.00
 Mixed / non conventional 28.00 29.00 31.00 32.00 15.61 0.0 0.00 134.7 -170.354 822.707 0.00 0.00 0.00 0.00 0.00
 Mixed / non conventional 28.00 29.00 32.00 33.00 15.34 1.1 0.00 -51.4 -66.952 822.707 0.00 0.00 0.00 0.00 0.00
 Mixed / non conventional 28.00 29.00 33.00 34.00 15.76 2.3 0.00 -392.0 -34.399 822.707 0.00 0.00 0.00 0.00 0.00
 Mixed / non conventional 28.00 29.00 34.00 35.00 16.49 0.1 0.00 51.7 -20.558 822.707 0.00 0.00 0.00 0.00 0.00
 Mixed / non conventional 28.00 29.00 35.00 36.00 16.28 0.1 0.00 -7.2 -12.690 822.707 0.00 0.00 0.00 0.00 0.00
 Mixed / non conventional 28.00 29.00 36.00 37.00 16.30 0.1 0.00 -3.5 -8.471 822.707 0.00 0.00 0.00 0.00 0.00
 Mixed / non conventional 28.00 29.00 37.00 38.00 16.53 0.2 0.00 46.6 -6.013 822.707 0.00 0.00 0.00 0.00 0.00
 Mixed / non conventional 28.00 29.00 38.00 39.00 17.28 0.1 0.00 44.4 -4.572 822.707 0.00 0.00 0.00 0.00 0.00
 Mixed / non conventional 28.00 29.00 39.00 40.00 17.00 0.4 0.00 -16.6 -3.373 822.707 0.00 0.00 0.00 0.00 0.00
 Mixed / non conventional 28.00 30.00 32.00 34.00 16.77 0.1 0.00 -430.6 -367.765 826.762 0.00 0.00 0.00 0.00 0.00
 Mixed / non conventional 28.00 30.00 34.00 36.00 16.93 0.1 0.00 43.9 -92.807 826.762 0.00 0.00 0.00 0.00 0.00
 Mixed / non conventional 28.00 30.00 36.00 38.00 16.86 0.1 0.00 42.8 -36.971 826.762 0.00 0.00 0.00 0.00 0.00
 Mixed / non conventional 28.00 30.00 38.00 40.00 17.75 0.0 0.00 28.1 -19.463 826.762 0.00 0.00 0.00 0.00 0.00
 Mixed / non conventional 28.00 30.00 40.00 42.00 19.18 0.1 0.00 -106.5 -12.016 826.762 0.00 0.00 0.00 0.00 0.00
 Mixed / non conventional 28.00 30.00 42.00 44.00 19.67 0.1 0.00 -50.0 -7.703 826.762 0.00 0.00 0.00 0.00 0.00
 Mixed / non conventional 28.00 30.00 44.00 46.00 18.49 0.3 0.00 -32.0 -4.827 826.762 0.00 0.00 0.00 0.00 0.00
 Mixed / non conventional 28.00 30.00 33.00 35.00 16.70 0.0 0.00 -206.5 -167.615 827.642 0.00 0.00 0.00 0.00 0.00
 Mixed / non conventional 28.00 30.00 35.00 37.00 16.74 0.0 0.00 -11.3 -56.015 827.642 0.00 0.00 0.00 0.00 0.00
 Mixed / non conventional 28.00 30.00 37.00 39.00 17.36 0.0 0.00 91.0 -26.395 827.642 0.00 0.00 0.00 0.00 0.00
 Mixed / non conventional 28.00 30.00 39.00 41.00 17.98 0.1 0.00 -75.5 -14.719 827.642 0.00 0.00 0.00 0.00 0.00
 Mixed / non conventional 28.00 30.00 41.00 43.00 20.13 0.1 0.00 -78.0 -9.889 827.642 0.00 0.00 0.00 0.00 0.00
 Mixed / non conventional 28.00 30.00 43.00 45.00 18.92 0.2 0.00 -56.7 -6.013 827.642 0.00 0.00 0.00 0.00 0.00
 Mixed / non conventional 28.00 30.00 45.00 47.00 17.99 0.1 0.00 -25.6 -3.913 827.642 0.00 0.00 0.00 0.00 0.00
 Mixed / non conventional 28.00 31.00 34.00 37.00 17.21 0.0 0.00 40.2 -242.475 796.667 0.00 0.00 0.00 0.00 0.00
 Mixed / non conventional 28.00 31.00 37.00 40.00 17.66 0.0 0.00 74.1 -62.194 796.667 0.00 0.00 0.00 0.00 0.00
 Mixed / non conventional 28.00 31.00 40.00 43.00 19.83 0.1 0.00 -137.4 -27.930 796.667 0.00 0.00 0.00 0.00 0.00
 Mixed / non conventional 28.00 31.00 43.00 46.00 19.16 0.0 0.00 -51.3 -13.500 796.667 0.00 0.00 0.00 0.00 0.00
 Mixed / non conventional 28.00 31.00 35.00 38.00 16.94 0.0 0.00 35.3 -138.242 797.678 0.00 0.00 0.00 0.00 0.00
 Mixed / non conventional 28.00 31.00 38.00 41.00 18.25 0.0 0.00 -31.4 -45.824 797.678 0.00 0.00 0.00 0.00 0.00
 Mixed / non conventional 28.00 31.00 41.00 44.00 20.32 0.0 0.00 -97.3 -22.329 797.678 0.00 0.00 0.00 0.00 0.00
 Mixed / non conventional 28.00 31.00 44.00 47.00 18.64 0.0 0.00 -63.1 -10.778 797.678 0.00 0.00 0.00 0.00 0.00
 Mixed / non conventional 28.00 31.00 36.00 39.00 17.24 0.0 0.00 87.0 -89.682 799.053 0.00 0.00 0.00 0.00 0.00
 Mixed / non conventional 28.00 31.00 39.00 42.00 18.88 0.1 0.00 -122.8 -35.073 799.053 0.00 0.00 0.00 0.00 0.00
 Mixed / non conventional 28.00 31.00 42.00 45.00 19.85 0.1 0.00 -87.6 -17.358 799.053 0.00 0.00 0.00 0.00 0.00
 Mixed / non conventional 28.00 33.00 38.00 43.00 19.69 0.0 0.00 -109.0 -166.374 796.319 0.00 0.00 0.00 0.00 0.00
 Mixed / non conventional 28.00 33.00 39.00 44.00 20.25 0.0 0.00 -172.5 -121.585 796.756 0.00 0.00 0.00 0.00 0.00
 Mixed / non conventional 28.00 33.00 40.00 45.00 20.93 0.0 0.00 -193.7 -92.938 796.926 0.00 0.00 0.00 0.00 0.00
 Mixed / non conventional 28.00 33.00 41.00 46.00 21.26 0.0 0.00 -129.1 -72.067 797.272 0.00 0.00 0.00 0.00 0.00
 Mixed / non conventional 28.00 33.00 42.00 47.00 20.76 0.1 0.00 -113.1 -55.051 797.627 0.00 0.00 0.00 0.00 0.00
 Mixed / non conventional 28.00 34.00 40.00 46.00 21.05 0.0 0.00 -187.9 -152.352 818.746 0.00 0.00 0.00 0.00 0.00
 Mixed / non conventional 28.00 34.00 41.00 47.00 21.40 0.0 0.00 -160.0 -116.136 818.901 0.00 0.00 0.00 0.00 0.00
 Mixed / non conventional 29.00 30.00 31.00 32.00 17.82 0.0 0.00 -51.1 -781.337 826.465 0.00 0.00 0.00 0.00 0.00
 Mixed / non conventional 29.00 30.00 32.00 33.00 17.48 0.0 0.00 67.7 -191.561 826.465 0.00 0.00 0.00 0.00 0.00
 Mixed / non conventional 29.00 30.00 33.00 34.00 16.94 0.8 0.00 9.0 -74.254 826.465 0.00 0.00 0.00 0.00 0.00
 Mixed / non conventional 29.00 30.00 34.00 35.00 17.42 1.6 0.00 -386.6 -38.183 826.465 0.00 0.00 0.00 0.00 0.00
 Mixed / non conventional 29.00 30.00 35.00 36.00 16.99 0.0 0.00 -7.1 -21.283 826.465 0.00 0.00 0.00 0.00 0.00
 Mixed / non conventional 29.00 30.00 36.00 37.00 17.06 0.1 0.00 -3.4 -13.355 826.465 0.00 0.00 0.00 0.00 0.00
 Mixed / non conventional 29.00 30.00 37.00 38.00 17.37 0.1 0.00 46.6 -9.065 826.465 0.00 0.00 0.00 0.00 0.00
 Mixed / non conventional 29.00 30.00 38.00 39.00 18.31 0.1 0.00 44.3 -6.690 826.465 0.00 0.00 0.00 0.00 0.00
 Mixed / non conventional 29.00 30.00 39.00 40.00 18.08 0.2 0.00 -16.4 -4.804 826.465 0.00 0.00 0.00 0.00 0.00
 Mixed / non conventional 29.00 30.00 40.00 41.00 18.97 0.3 0.00 -58.9 -3.782 826.465 0.00 0.00 0.00 0.00 0.00
 Mixed / non conventional 29.00 31.00 33.00 35.00 17.67 0.0 0.00 -359.1 -372.838 795.536 0.00 0.00 0.00 0.00 0.00
 Mixed / non conventional 29.00 31.00 35.00 37.00 17.02 0.0 0.00 -11.0 -89.773 795.536 0.00 0.00 0.00 0.00 0.00
 Mixed / non conventional 29.00 31.00 37.00 39.00 17.78 0.0 0.00 90.7 -37.530 795.536 0.00 0.00 0.00 0.00 0.00
 Mixed / non conventional 29.00 31.00 39.00 41.00 18.65 0.0 0.00 -74.9 -19.680 795.536 0.00 0.00 0.00 0.00 0.00
 Mixed / non conventional 29.00 31.00 41.00 43.00 21.00 0.0 0.00 -77.7 -12.661 795.536 0.00 0.00 0.00 0.00 0.00
 Mixed / non conventional 29.00 31.00 43.00 45.00 19.75 0.1 0.00 -56.5 -7.442 795.536 0.00 0.00 0.00 0.00 0.00
 Mixed / non conventional 29.00 31.00 45.00 47.00 18.71 0.2 0.00 -25.3 -4.700 795.536 0.00 0.00 0.00 0.00 0.00
 Mixed / non conventional 29.00 31.00 34.00 36.00 17.46 0.0 0.00 -293.7 -168.551 796.238 0.00 0.00 0.00 0.00 0.00
 Mixed / non conventional 29.00 31.00 36.00 38.00 17.15 0.0 0.00 42.5 -55.196 796.238 0.00 0.00 0.00 0.00 0.00
 Mixed / non conventional 29.00 31.00 38.00 40.00 18.36 0.0 0.00 27.9 -26.852 796.238 0.00 0.00 0.00 0.00 0.00
 Mixed / non conventional 29.00 31.00 40.00 42.00 19.95 0.0 0.00 -105.8 -15.712 796.238 0.00 0.00 0.00 0.00 0.00
 Mixed / non conventional 29.00 31.00 42.00 44.00 20.55 0.1 0.00 -49.8 -9.713 796.238 0.00 0.00 0.00 0.00 0.00
 Mixed / non conventional 29.00 31.00 44.00 46.00 19.27 0.2 0.00 -31.8 -5.893 796.238 0.00 0.00 0.00 0.00 0.00
 Mixed / non conventional 29.00 32.00 35.00 38.00 17.45 0.0 0.00 35.4 -247.931 803.348 0.00 0.00 0.00 0.00 0.00
 Mixed / non conventional 29.00 32.00 38.00 41.00 18.96 0.0 0.00 -31.1 -67.337 803.348 0.00 0.00 0.00 0.00 0.00
 Mixed / non conventional 29.00 32.00 41.00 44.00 21.42 0.0 0.00 -97.0 -30.435 803.348 0.00 0.00 0.00 0.00 0.00
 Mixed / non conventional 29.00 32.00 44.00 47.00 19.64 0.2 0.00 -62.9 -13.951 803.348 0.00 0.00 0.00 0.00 0.00
 Mixed / non conventional 29.00 32.00 36.00 39.00 17.66 0.0 0.00 86.9 -145.270 804.106 0.00 0.00 0.00 0.00 0.00
 Mixed / non conventional 29.00 32.00 39.00 42.00 19.72 0.0 0.00 -122.1 -49.913 804.106 0.00 0.00 0.00 0.00 0.00
 Mixed / non conventional 29.00 32.00 42.00 45.00 20.94 0.1 0.00 -87.2 -23.187 804.106 0.00 0.00 0.00 0.00 0.00
 Mixed / non conventional 29.00 32.00 37.00 40.00 18.19 0.0 0.00 74.2 -95.266 804.439 0.00 0.00 0.00 0.00 0.00
 Mixed / non conventional 29.00 32.00 40.00 43.00 20.81 0.1 0.00 -136.5 -38.927 804.439 0.00 0.00 0.00 0.00 0.00
 Mixed / non conventional 29.00 32.00 43.00 46.00 20.21 0.0 0.00 -50.8 -17.789 804.439 0.00 0.00 0.00 0.00 0.00
 Mixed / non conventional 29.00 34.00 39.00 44.00 20.45 0.0 0.00 -171.8 -176.974 815.732 0.00 0.00 0.00 0.00 0.00
 Mixed / non conventional 29.00 34.00 40.00 45.00 21.32 0.0 0.00 -193.1 -131.104 816.013 0.00 0.00 0.00 0.00 0.00
 Mixed / non conventional 29.00 34.00 41.00 46.00 21.82 0.0 0.00 -129.6 -99.292 816.600 0.00 0.00 0.00 0.00 0.00
 Mixed / non conventional 29.00 34.00 42.00 47.00 21.42 0.0 0.00 -113.3 -74.368 816.915 0.00 0.00 0.00 0.00 0.00
 Mixed / non conventional 29.00 35.00 41.00 47.00 21.58 0.0 0.00 -160.6 -152.284 798.133 0.00 0.00 0.00 0.00 0.00
 Mixed / non conventional 30.00 31.00 32.00 33.00 18.34 0.0 0.00 -73.4 -784.135 805.953 0.00 0.00 0.00 0.00 0.00
 Mixed / non conventional 30.00 31.00 33.00 34.00 17.95 0.0 0.00 -682.2 -191.884 805.953 0.00 0.00 0.00 0.00 0.00
 Mixed / non conventional 30.00 31.00 34.00 35.00 17.81 0.9 0.00 759.1 -76.148 805.953 0.00 0.00 0.00 0.00 0.00
 Mixed / non conventional 30.00 31.00 35.00 36.00 17.11 1.7 0.00 -365.1 -36.572 805.953 0.00 0.00 0.00 0.00 0.00
 Mixed / non conventional 30.00 31.00 36.00 37.00 16.99 0.0 0.00 -3.5 -20.758 805.953 0.00 0.00 0.00 0.00 0.00
 Mixed / non conventional 30.00 31.00 37.00 38.00 17.37 0.0 0.00 46.4 -13.263 805.953 0.00 0.00 0.00 0.00 0.00
 Mixed / non conventional 30.00 31.00 38.00 39.00 18.46 0.2 0.00 44.2 -9.394 805.953 0.00 0.00 0.00 0.00 0.00
 Mixed / non conventional 30.00 31.00 39.00 40.00 18.39 0.1 0.00 -16.3 -6.551 805.953 0.00 0.00 0.00 0.00 0.00
 Mixed / non conventional 30.00 31.00 40.00 41.00 19.35 0.1 0.00 -58.7 -5.013 805.953 0.00 0.00 0.00 0.00 0.00
 Mixed / non conventional 30.00 31.00 41.00 42.00 21.16 0.3 0.00 -47.2 -4.113 805.953 0.00 0.00 0.00 0.00 0.00
 Mixed / non conventional 30.00 32.00 34.00 36.00 18.50 0.0 0.00 330.9 -398.236 811.716 0.00 0.00 0.00 0.00 0.00
 Mixed / non conventional 30.00 32.00 36.00 38.00 17.44 0.0 0.00 42.3 -93.867 811.716 0.00 0.00 0.00 0.00 0.00
 Mixed / non conventional 30.00 32.00 38.00 40.00 18.89 0.0 0.00 27.7 -40.674 811.716 0.00 0.00 0.00 0.00 0.00
 Mixed / non conventional 30.00 32.00 40.00 42.00 20.77 0.1 0.00 -105.5 -22.363 811.716 0.00 0.00 0.00 0.00 0.00
 Mixed / non conventional 30.00 32.00 42.00 44.00 21.61 0.1 0.00 -49.8 -13.296 811.716 0.00 0.00 0.00 0.00 0.00
 Mixed / non conventional 30.00 32.00 44.00 46.00 20.19 0.1 0.00 -31.8 -7.763 811.716 0.00 0.00 0.00 0.00 0.00
 Mixed / non conventional 30.00 32.00 35.00 37.00 17.50 0.0 0.00 -270.9 -172.366 812.439 0.00 0.00 0.00 0.00 0.00
 Mixed / non conventional 30.00 32.00 37.00 39.00 18.14 0.0 0.00 89.9 -59.566 812.439 0.00 0.00 0.00 0.00 0.00
 Mixed / non conventional 30.00 32.00 39.00 41.00 19.32 0.0 0.00 -74.8 -28.842 812.439 0.00 0.00 0.00 0.00 0.00
 Mixed / non conventional 30.00 32.00 41.00 43.00 21.98 0.0 0.00 -77.7 -17.664 812.439 0.00 0.00 0.00 0.00 0.00
 Mixed / non conventional 30.00 32.00 43.00 45.00 20.73 0.1 0.00 -56.6 -9.999 812.439 0.00 0.00 0.00 0.00 0.00
 Mixed / non conventional 30.00 32.00 45.00 47.00 19.59 0.2 0.00 -25.3 -6.114 812.439 0.00 0.00 0.00 0.00 0.00
 Mixed / non conventional 30.00 33.00 36.00 39.00 18.03 0.0 0.00 86.2 -255.295 800.795 0.00 0.00 0.00 0.00 0.00
 Mixed / non conventional 30.00 33.00 39.00 42.00 20.25 0.0 0.00 -122.0 -71.688 800.795 0.00 0.00 0.00 0.00 0.00
 Mixed / non conventional 30.00 33.00 42.00 45.00 21.90 0.0 0.00 -87.5 -31.011 800.795 0.00 0.00 0.00 0.00 0.00
 Mixed / non conventional 30.00 33.00 37.00 40.00 18.48 0.0 0.00 73.6 -151.546 801.572 0.00 0.00 0.00 0.00 0.00
 Mixed / non conventional 30.00 33.00 40.00 43.00 21.52 0.0 0.00 -136.4 -54.317 801.572 0.00 0.00 0.00 0.00 0.00
 Mixed / non conventional 30.00 33.00 43.00 46.00 21.15 0.0 0.00 -51.0 -23.349 801.572 0.00 0.00 0.00 0.00 0.00
 Mixed / non conventional 30.00 33.00 38.00 41.00 19.37 0.0 0.00 -31.1 -101.199 802.267 0.00 0.00 0.00 0.00 0.00
 Mixed / non conventional 30.00 33.00 41.00 44.00 22.29 0.0 0.00 -97.3 -41.590 802.267 0.00 0.00 0.00 0.00 0.00
 Mixed / non conventional 30.00 33.00 44.00 47.00 20.50 0.0 0.00 -63.1 -17.999 802.267 0.00 0.00 0.00 0.00 0.00
 Mixed / non conventional 30.00 35.00 40.00 45.00 21.13 0.0 0.00 -193.4 -180.378 804.689 0.00 0.00 0.00 0.00 0.00
 Mixed / non conventional 30.00 35.00 41.00 46.00 21.86 0.0 0.00 -129.2 -132.637 805.142 0.00 0.00 0.00 0.00 0.00
 Mixed / non conventional 30.00 35.00 42.00 47.00 21.61 0.0 0.00 -113.4 -97.038 805.974 0.00 0.00 0.00 0.00 0.00
 Mixed / non conventional 31.00 32.00 33.00 34.00 18.89 0.0 0.00 -518.5 -790.136 788.507 0.00 0.00 0.00 0.00 0.00
 Mixed / non conventional 31.00 32.00 34.00 35.00 19.29 0.3 0.00 555.3 -201.763 788.507 0.00 0.00 0.00 0.00 0.00
 Mixed / non conventional 31.00 32.00 35.00 36.00 17.90 0.7 0.00 -388.5 -74.889 788.507 0.00 0.00 0.00 0.00 0.00
 Mixed / non conventional 31.00 32.00 36.00 37.00 17.50 0.0 0.00 -3.5 -36.599 788.507 0.00 0.00 0.00 0.00 0.00
 Mixed / non conventional 31.00 32.00 37.00 38.00 17.83 0.1 0.00 46.3 -21.310 788.507 0.00 0.00 0.00 0.00 0.00
 Mixed / non conventional 31.00 32.00 38.00 39.00 19.16 0.1 0.00 44.0 -14.314 788.507 0.00 0.00 0.00 0.00 0.00
 Mixed / non conventional 31.00 32.00 39.00 40.00 19.21 0.1 0.00 -16.0 -9.564 788.507 0.00 0.00 0.00 0.00 0.00
 Mixed / non conventional 31.00 32.00 40.00 41.00 20.36 0.2 0.00 -58.3 -7.099 788.507 0.00 0.00 0.00 0.00 0.00
 Mixed / non conventional 31.00 32.00 41.00 42.00 22.45 0.1 0.00 -47.1 -5.692 788.507 0.00 0.00 0.00 0.00 0.00
 Mixed / non conventional 31.00 32.00 42.00 43.00 22.60 0.4 0.00 -30.9 -4.297 788.507 0.00 0.00 0.00 0.00 0.00
 Mixed / non conventional 31.00 33.00 35.00 37.00 18.57 0.0 0.00 -330.1 -382.743 776.993 0.00 0.00 0.00 0.00 0.00
 Mixed / non conventional 31.00 33.00 37.00 39.00 18.43 0.0 0.00 89.6 -94.988 776.993 0.00 0.00 0.00 0.00 0.00
 Mixed / non conventional 31.00 33.00 39.00 41.00 19.87 0.1 0.00 -74.4 -40.946 776.993 0.00 0.00 0.00 0.00 0.00
 Mixed / non conventional 31.00 33.00 41.00 43.00 22.93 0.1 0.00 -77.6 -23.634 776.993 0.00 0.00 0.00 0.00 0.00
 Mixed / non conventional 31.00 33.00 43.00 45.00 21.81 0.1 0.00 -56.5 -12.846 776.993 0.00 0.00 0.00 0.00 0.00
 Mixed / non conventional 31.00 33.00 45.00 47.00 20.63 0.2 0.00 -25.2 -7.592 776.993 0.00 0.00 0.00 0.00 0.00
 Mixed / non conventional 31.00 33.00 36.00 38.00 17.94 0.0 0.00 42.4 -169.214 777.806 0.00 0.00 0.00 0.00 0.00
 Mixed / non conventional 31.00 33.00 38.00 40.00 19.30 0.0 0.00 27.4 -60.687 777.806 0.00 0.00 0.00 0.00 0.00
 Mixed / non conventional 31.00 33.00 40.00 42.00 21.52 0.0 0.00 -105.2 -30.748 777.806 0.00 0.00 0.00 0.00 0.00
 Mixed / non conventional 31.00 33.00 42.00 44.00 22.67 0.1 0.00 -49.6 -17.443 777.806 0.00 0.00 0.00 0.00 0.00
 Mixed / non conventional 31.00 33.00 44.00 46.00 21.29 0.0 0.00 -31.6 -9.830 777.806 0.00 0.00 0.00 0.00 0.00
 Mixed / non conventional 31.00 34.00 37.00 40.00 18.26 0.0 0.00 73.3 -257.415 797.295 0.00 0.00 0.00 0.00 0.00
 Mixed / non conventional 31.00 34.00 40.00 43.00 21.65 0.0 0.00 -136.1 -76.326 797.295 0.00 0.00 0.00 0.00 0.00
 Mixed / non conventional 31.00 34.00 43.00 46.00 21.70 0.0 0.00 -50.9 -30.601 797.295 0.00 0.00 0.00 0.00 0.00
 Mixed / non conventional 31.00 34.00 38.00 41.00 19.19 0.0 0.00 -30.9 -156.623 797.776 0.00 0.00 0.00 0.00 0.00
 Mixed / non conventional 31.00 34.00 41.00 44.00 22.64 0.0 0.00 -97.0 -56.866 797.776 0.00 0.00 0.00 0.00 0.00
 Mixed / non conventional 31.00 34.00 44.00 47.00 21.09 0.0 0.00 -62.9 -23.171 797.776 0.00 0.00 0.00 0.00 0.00
 Mixed / non conventional 31.00 34.00 39.00 42.00 20.17 0.0 0.00 -121.4 -104.821 798.180 0.00 0.00 0.00 0.00 0.00
 Mixed / non conventional 31.00 34.00 42.00 45.00 22.40 0.0 0.00 -87.6 -41.574 798.180 0.00 0.00 0.00 0.00 0.00
 Mixed / non conventional 31.00 36.00 41.00 46.00 21.01 0.1 0.00 -129.0 -175.971 789.517 0.00 0.00 0.00 0.00 0.00
 Mixed / non conventional 31.00 36.00 42.00 47.00 20.96 0.0 0.00 -113.3 -124.716 789.692 0.00 0.00 0.00 0.00 0.00
 Mixed / non conventional 32.00 33.00 34.00 35.00 20.81 0.0 0.00 -77.3 -870.702 788.813 0.00 0.00 0.00 0.00 0.00
 Mixed / non conventional 32.00 33.00 35.00 36.00 19.23 0.3 0.00 135.8 -201.190 788.813 0.00 0.00 0.00 0.00 0.00
 Mixed / non conventional 32.00 33.00 36.00 37.00 18.17 0.7 0.00 -399.3 -76.045 788.813 0.00 0.00 0.00 0.00 0.00
 Mixed / non conventional 32.00 33.00 37.00 38.00 18.02 0.0 0.00 46.0 -37.704 788.813 0.00 0.00 0.00 0.00 0.00
 Mixed / non conventional 32.00 33.00 38.00 39.00 19.32 0.0 0.00 43.7 -23.104 788.813 0.00 0.00 0.00 0.00 0.00
 Mixed / non conventional 32.00 33.00 39.00 40.00 19.46 0.0 0.00 -16.0 -14.546 788.813 0.00 0.00 0.00 0.00 0.00
 Mixed / non conventional 32.00 33.00 40.00 41.00 20.75 0.1 0.00 -58.0 -10.339 788.813 0.00 0.00 0.00 0.00 0.00
 Mixed / non conventional 32.00 33.00 41.00 42.00 23.09 0.2 0.00 -47.0 -8.051 788.813 0.00 0.00 0.00 0.00 0.00
 Mixed / non conventional 32.00 33.00 42.00 43.00 23.46 0.1 0.00 -31.0 -5.950 788.813 0.00 0.00 0.00 0.00 0.00
 Mixed / non conventional 32.00 33.00 43.00 44.00 22.42 0.2 0.00 -19.3 -4.265 788.813 0.00 0.00 0.00 0.00 0.00
 Mixed / non conventional 32.00 34.00 36.00 38.00 17.99 0.1 0.00 -294.6 -385.255 807.144 0.00 0.00 0.00 0.00 0.00
 Mixed / non conventional 32.00 34.00 38.00 40.00 18.86 0.0 0.00 27.0 -100.930 807.144 0.00 0.00 0.00 0.00 0.00
 Mixed / non conventional 32.00 34.00 40.00 42.00 21.24 0.0 0.00 -105.2 -45.467 807.144 0.00 0.00 0.00 0.00 0.00
 Mixed / non conventional 32.00 34.00 42.00 44.00 22.82 0.0 0.00 -49.9 -24.428 807.144 0.00 0.00 0.00 0.00 0.00
 Mixed / non conventional 32.00 34.00 44.00 46.00 21.58 0.1 0.00 -31.9 -13.199 807.144 0.00 0.00 0.00 0.00 0.00
 Mixed / non conventional 32.00 34.00 37.00 39.00 18.06 0.0 0.00 89.1 -176.840 807.686 0.00 0.00 0.00 0.00 0.00
 Mixed / non conventional 32.00 34.00 39.00 41.00 19.45 0.0 0.00 -74.6 -63.513 807.686 0.00 0.00 0.00 0.00 0.00
 Mixed / non conventional 32.00 34.00 41.00 43.00 22.88 0.0 0.00 -77.8 -33.957 807.686 0.00 0.00 0.00 0.00 0.00
 Mixed / non conventional 32.00 34.00 43.00 45.00 22.06 0.0 0.00 -56.6 -17.631 807.686 0.00 0.00 0.00 0.00 0.00
 Mixed / non conventional 32.00 34.00 45.00 47.00 20.96 0.1 0.00 -25.4 -10.049 807.686 0.00 0.00 0.00 0.00 0.00
 Mixed / non conventional 32.00 35.00 38.00 41.00 18.51 0.0 0.00 -31.3 -258.154 788.678 0.00 0.00 0.00 0.00 0.00
 Mixed / non conventional 32.00 35.00 41.00 44.00 22.23 0.1 0.00 -97.3 -77.497 788.678 0.00 0.00 0.00 0.00 0.00
 Mixed / non conventional 32.00 35.00 44.00 47.00 21.15 0.0 0.00 -63.2 -29.497 788.678 0.00 0.00 0.00 0.00 0.00
 Mixed / non conventional 32.00 35.00 39.00 42.00 19.40 0.0 0.00 -121.6 -156.649 789.376 0.00 0.00 0.00 0.00 0.00
 Mixed / non conventional 32.00 35.00 42.00 45.00 22.19 0.0 0.00 -88.0 -55.143 789.376 0.00 0.00 0.00 0.00 0.00
 Mixed / non conventional 32.00 35.00 40.00 43.00 20.99 0.0 0.00 -136.2 -107.986 790.060 0.00 0.00 0.00 0.00 0.00
 Mixed / non conventional 32.00 35.00 43.00 46.00 21.63 0.0 0.00 -51.5 -39.730 790.060 0.00 0.00 0.00 0.00 0.00
 Mixed / non conventional 32.00 37.00 42.00 47.00 19.74 0.0 0.00 -113.6 -168.589 805.110 0.00 0.00 0.00 0.00 0.00
 Mixed / non conventional 33.00 34.00 35.00 36.00 18.60 0.0 0.00 346.4 -791.134 801.760 0.00 0.00 0.00 0.00 0.00
 Mixed / non conventional 33.00 34.00 36.00 37.00 18.13 0.3 0.00 149.2 -192.831 801.760 0.00 0.00 0.00 0.00 0.00
 Mixed / non conventional 33.00 34.00 37.00 38.00 17.50 0.8 0.00 -374.1 -74.450 801.760 0.00 0.00 0.00 0.00 0.00
 Mixed / non conventional 33.00 34.00 38.00 39.00 18.52 0.0 0.00 43.4 -39.383 801.760 0.00 0.00 0.00 0.00 0.00
 Mixed / non conventional 33.00 34.00 39.00 40.00 18.61 0.0 0.00 -15.9 -22.621 801.760 0.00 0.00 0.00 0.00 0.00
 Mixed / non conventional 33.00 34.00 40.00 41.00 19.94 0.1 0.00 -57.8 -15.149 801.760 0.00 0.00 0.00 0.00 0.00
 Mixed / non conventional 33.00 34.00 41.00 42.00 22.36 0.1 0.00 -46.7 -11.323 801.760 0.00 0.00 0.00 0.00 0.00
 Mixed / non conventional 33.00 34.00 42.00 43.00 23.06 0.1 0.00 -30.8 -8.173 801.760 0.00 0.00 0.00 0.00 0.00
 Mixed / non conventional 33.00 34.00 43.00 44.00 22.14 0.2 0.00 -19.2 -5.708 801.760 0.00 0.00 0.00 0.00 0.00
 Mixed / non conventional 33.00 34.00 44.00 45.00 21.75 0.4 0.00 -37.7 -4.204 801.760 0.00 0.00 0.00 0.00 0.00
 Mixed / non conventional 33.00 35.00 37.00 39.00 17.53 0.0 0.00 -254.0 -363.492 781.518 0.00 0.00 0.00 0.00 0.00
 Mixed / non conventional 33.00 35.00 39.00 41.00 18.47 0.0 0.00 -74.3 -95.705 781.518 0.00 0.00 0.00 0.00 0.00
 Mixed / non conventional 33.00 35.00 41.00 43.00 22.05 0.0 0.00 -77.6 -45.702 781.518 0.00 0.00 0.00 0.00 0.00
 Mixed / non conventional 33.00 35.00 43.00 45.00 21.64 0.0 0.00 -56.4 -22.427 781.518 0.00 0.00 0.00 0.00 0.00
 Mixed / non conventional 33.00 35.00 45.00 47.00 20.82 0.1 0.00 -25.1 -12.334 781.518 0.00 0.00 0.00 0.00 0.00
 Mixed / non conventional 33.00 35.00 38.00 40.00 18.07 0.0 0.00 27.1 -171.375 782.268 0.00 0.00 0.00 0.00 0.00
 Mixed / non conventional 33.00 35.00 40.00 42.00 20.23 0.0 0.00 -105.0 -63.952 782.268 0.00 0.00 0.00 0.00 0.00
 Mixed / non conventional 33.00 35.00 42.00 44.00 22.21 0.0 0.00 -49.7 -31.919 782.268 0.00 0.00 0.00 0.00 0.00
 Mixed / non conventional 33.00 35.00 44.00 46.00 21.29 0.0 0.00 -31.6 -16.475 782.268 0.00 0.00 0.00 0.00 0.00
 Mixed / non conventional 33.00 36.00 39.00 42.00 17.94 0.0 0.00 -120.9 -250.549 789.813 0.00 0.00 0.00 0.00 0.00
 Mixed / non conventional 33.00 36.00 42.00 45.00 20.87 0.0 0.00 -87.6 -72.883 789.813 0.00 0.00 0.00 0.00 0.00
 Mixed / non conventional 33.00 36.00 40.00 43.00 19.37 0.0 0.00 -135.7 -156.749 790.807 0.00 0.00 0.00 0.00 0.00
 Mixed / non conventional 33.00 36.00 43.00 46.00 20.50 0.0 0.00 -51.2 -51.037 790.807 0.00 0.00 0.00 0.00 0.00
 Mixed / non conventional 33.00 36.00 41.00 44.00 20.70 0.0 0.00 -97.0 -106.635 791.322 0.00 0.00 0.00 0.00 0.00
 Mixed / non conventional 33.00 36.00 44.00 47.00 20.17 0.0 0.00 -63.3 -37.112 791.322 0.00 0.00 0.00 0.00 0.00
 Mixed / non conventional 34.00 35.00 36.00 37.00 18.03 0.0 0.00 -156.5 -771.931 807.116 0.00 0.00 0.00 0.00 0.00
 Mixed / non conventional 34.00 35.00 37.00 38.00 17.22 0.0 0.00 -213.9 -184.329 807.116 0.00 0.00 0.00 0.00 0.00
 Mixed / non conventional 34.00 35.00 38.00 39.00 17.90 0.0 0.00 43.2 -76.640 807.116 0.00 0.00 0.00 0.00 0.00
 Mixed / non conventional 34.00 35.00 39.00 40.00 17.65 0.0 0.00 -15.9 -37.784 807.116 0.00 0.00 0.00 0.00 0.00
 Mixed / non conventional 34.00 35.00 40.00 41.00 18.83 0.1 0.00 -57.7 -23.042 807.116 0.00 0.00 0.00 0.00 0.00
 Mixed / non conventional 34.00 35.00 41.00 42.00 21.30 0.0 0.00 -46.7 -16.284 807.116 0.00 0.00 0.00 0.00 0.00
 Mixed / non conventional 34.00 35.00 42.00 43.00 22.14 0.1 0.00 -30.6 -11.288 807.116 0.00 0.00 0.00 0.00 0.00
 Mixed / non conventional 34.00 35.00 43.00 44.00 21.53 0.1 0.00 -19.1 -7.682 807.116 0.00 0.00 0.00 0.00 0.00
 Mixed / non conventional 34.00 35.00 44.00 45.00 21.26 0.1 0.00 -37.7 -5.516 807.116 0.00 0.00 0.00 0.00 0.00
 Mixed / non conventional 34.00 35.00 45.00 46.00 20.91 0.3 0.00 5.5 -4.069 807.116 0.00 0.00 0.00 0.00 0.00
 Mixed / non conventional 34.00 36.00 38.00 40.00 17.30 0.0 0.00 26.8 -373.146 813.369 0.00 0.00 0.00 0.00 0.00
 Mixed / non conventional 34.00 36.00 40.00 42.00 18.44 0.0 0.00 -104.9 -99.484 813.369 0.00 0.00 0.00 0.00 0.00
 Mixed / non conventional 34.00 36.00 42.00 44.00 20.53 0.0 0.00 -50.0 -44.293 813.369 0.00 0.00 0.00 0.00 0.00
 Mixed / non conventional 34.00 36.00 44.00 46.00 19.99 0.0 0.00 -31.9 -21.560 813.369 0.00 0.00 0.00 0.00 0.00
 Mixed / non conventional 34.00 36.00 39.00 41.00 17.08 0.0 0.00 -74.2 -168.555 813.737 0.00 0.00 0.00 0.00 0.00
 Mixed / non conventional 34.00 36.00 41.00 43.00 20.18 0.0 0.00 -78.0 -66.386 813.737 0.00 0.00 0.00 0.00 0.00
 Mixed / non conventional 34.00 36.00 43.00 45.00 20.16 0.0 0.00 -56.8 -30.144 813.737 0.00 0.00 0.00 0.00 0.00
 Mixed / non conventional 34.00 36.00 45.00 47.00 19.65 0.1 0.00 -25.4 -15.820 813.737 0.00 0.00 0.00 0.00 0.00
 Mixed / non conventional 34.00 37.00 40.00 43.00 17.77 0.0 0.00 -135.7 -257.282 818.642 0.00 0.00 0.00 0.00 0.00
 Mixed / non conventional 34.00 37.00 43.00 46.00 18.93 0.0 0.00 -51.4 -68.520 818.642 0.00 0.00 0.00 0.00 0.00
 Mixed / non conventional 34.00 37.00 41.00 44.00 18.93 0.0 0.00 -97.0 -158.539 818.737 0.00 0.00 0.00 0.00 0.00
 Mixed / non conventional 34.00 37.00 44.00 47.00 18.73 0.0 0.00 -63.4 -48.279 818.737 0.00 0.00 0.00 0.00 0.00
 Mixed / non conventional 34.00 37.00 42.00 45.00 19.17 0.0 0.00 -87.8 -102.237 819.240 0.00 0.00 0.00 0.00 0.00
 Mixed / non conventional 35.00 36.00 37.00 38.00 17.00 0.1 0.00 -415.4 -720.924 799.479 0.00 0.00 0.00 0.00 0.00
 Mixed / non conventional 35.00 36.00 38.00 39.00 17.35 0.0 0.00 42.8 -184.006 799.479 0.00 0.00 0.00 0.00 0.00
 Mixed / non conventional 35.00 36.00 39.00 40.00 16.38 0.0 0.00 -16.0 -69.481 799.479 0.00 0.00 0.00 0.00 0.00
 Mixed / non conventional 35.00 36.00 40.00 41.00 16.92 0.0 0.00 -57.5 -35.892 799.479 0.00 0.00 0.00 0.00 0.00
 Mixed / non conventional 35.00 36.00 41.00 42.00 18.95 0.0 0.00 -46.6 -22.966 799.479 0.00 0.00 0.00 0.00 0.00
 Mixed / non conventional 35.00 36.00 42.00 43.00 19.75 0.1 0.00 -30.6 -14.958 799.479 0.00 0.00 0.00 0.00 0.00
 Mixed / non conventional 35.00 36.00 43.00 44.00 19.35 0.1 0.00 -18.9 -9.773 799.479 0.00 0.00 0.00 0.00 0.00
 Mixed / non conventional 35.00 36.00 44.00 45.00 19.19 0.1 0.00 -37.6 -6.782 799.479 0.00 0.00 0.00 0.00 0.00
 Mixed / non conventional 35.00 36.00 45.00 46.00 19.07 0.2 0.00 5.6 -4.902 799.479 0.00 0.00 0.00 0.00 0.00
 Mixed / non conventional 35.00 36.00 46.00 47.00 18.33 0.4 0.00 -31.1 -3.534 799.479 0.00 0.00 0.00 0.00 0.00
 Mixed / non conventional 35.00 37.00 39.00 41.00 16.37 0.0 0.00 -73.6 -348.514 802.598 0.00 0.00 0.00 0.00 0.00
 Mixed / non conventional 35.00 37.00 41.00 43.00 18.26 0.1 0.00 -77.8 -97.181 802.598 0.00 0.00 0.00 0.00 0.00
 Mixed / non conventional 35.00 37.00 43.00 45.00 18.26 0.0 0.00 -56.6 -38.884 802.598 0.00 0.00 0.00 0.00 0.00
 Mixed / non conventional 35.00 37.00 45.00 47.00 17.92 0.1 0.00 -25.2 -19.080 802.598 0.00 0.00 0.00 0.00 0.00
 Mixed / non conventional 35.00 37.00 40.00 42.00 16.96 0.0 0.00 -104.4 -165.145 803.132 0.00 0.00 0.00 0.00 0.00
 Mixed / non conventional 35.00 37.00 42.00 44.00 18.54 0.0 0.00 -50.0 -60.188 803.132 0.00 0.00 0.00 0.00 0.00
 Mixed / non conventional 35.00 37.00 44.00 46.00 18.18 0.0 0.00 -31.8 -26.824 803.132 0.00 0.00 0.00 0.00 0.00
 Mixed / non conventional 35.00 38.00 41.00 44.00 17.86 0.0 0.00 -96.6 -246.391 779.949 0.00 0.00 0.00 0.00 0.00
 Mixed / non conventional 35.00 38.00 44.00 47.00 17.37 0.0 0.00 -63.1 -59.880 779.949 0.00 0.00 0.00 0.00 0.00
 Mixed / non conventional 35.00 38.00 42.00 45.00 17.86 0.0 0.00 -87.5 -142.586 780.143 0.00 0.00 0.00 0.00 0.00
 Mixed / non conventional 35.00 38.00 43.00 46.00 17.57 0.0 0.00 -51.1 -89.256 780.430 0.00 0.00 0.00 0.00 0.00
 Mixed / non conventional 36.00 37.00 38.00 39.00 17.75 0.1 0.00 -383.2 -768.085 815.894 0.00 0.00 0.00 0.00 0.00
 Mixed / non conventional 36.00 37.00 39.00 40.00 16.35 0.0 0.00 -16.3 -176.937 815.894 0.00 0.00 0.00 0.00 0.00
 Mixed / non conventional 36.00 37.00 40.00 41.00 16.15 0.0 0.00 -57.5 -69.915 815.894 0.00 0.00 0.00 0.00 0.00
 Mixed / non conventional 36.00 37.00 41.00 42.00 17.48 0.0 0.00 -46.5 -37.824 815.894 0.00 0.00 0.00 0.00 0.00
 Mixed / non conventional 36.00 37.00 42.00 43.00 18.02 0.0 0.00 -30.6 -22.284 815.894 0.00 0.00 0.00 0.00 0.00
 Mixed / non conventional 36.00 37.00 43.00 44.00 17.62 0.0 0.00 -18.8 -13.623 815.894 0.00 0.00 0.00 0.00 0.00
 Mixed / non conventional 36.00 37.00 44.00 45.00 17.47 0.1 0.00 -37.4 -9.002 815.894 0.00 0.00 0.00 0.00 0.00
 Mixed / non conventional 36.00 37.00 45.00 46.00 17.51 0.1 0.00 5.7 -6.317 815.894 0.00 0.00 0.00 0.00 0.00
 Mixed / non conventional 36.00 37.00 46.00 47.00 17.01 0.1 0.00 -31.1 -4.461 815.894 0.00 0.00 0.00 0.00 0.00
 Mixed / non conventional 36.00 38.00 40.00 42.00 16.98 0.0 0.00 -104.3 -355.907 790.362 0.00 0.00 0.00 0.00 0.00
 Mixed / non conventional 36.00 38.00 42.00 44.00 17.57 0.0 0.00 -50.0 -92.077 790.362 0.00 0.00 0.00 0.00 0.00
 Mixed / non conventional 36.00 38.00 44.00 46.00 17.01 0.0 0.00 -31.8 -35.665 790.362 0.00 0.00 0.00 0.00 0.00
 Mixed / non conventional 36.00 38.00 41.00 43.00 17.64 0.0 0.00 -77.6 -169.133 790.682 0.00 0.00 0.00 0.00 0.00
 Mixed / non conventional 36.00 38.00 43.00 45.00 17.14 0.0 0.00 -56.7 -54.789 790.682 0.00 0.00 0.00 0.00 0.00
 Mixed / non conventional 36.00 38.00 45.00 47.00 16.79 0.0 0.00 -25.2 -24.389 790.682 0.00 0.00 0.00 0.00 0.00
 Mixed / non conventional 36.00 39.00 42.00 45.00 17.97 0.0 0.00 -87.3 -252.268 793.903 0.00 0.00 0.00 0.00 0.00
 Mixed / non conventional 36.00 39.00 43.00 46.00 17.32 0.0 0.00 -50.9 -140.692 794.066 0.00 0.00 0.00 0.00 0.00
 Mixed / non conventional 36.00 39.00 44.00 47.00 16.95 0.0 0.00 -62.8 -87.687 794.575 0.00 0.00 0.00 0.00 0.00
 Mixed / non conventional 37.00 38.00 39.00 40.00 17.38 0.1 0.00 -386.9 -738.175 800.379 0.00 0.00 0.00 0.00 0.00
 Mixed / non conventional 37.00 38.00 40.00 41.00 16.96 0.0 0.00 -57.7 -180.025 800.379 0.00 0.00 0.00 0.00 0.00
 Mixed / non conventional 37.00 38.00 41.00 42.00 17.63 0.0 0.00 -46.6 -74.840 800.379 0.00 0.00 0.00 0.00 0.00
 Mixed / non conventional 37.00 38.00 42.00 43.00 17.64 0.1 0.00 -30.6 -37.459 800.379 0.00 0.00 0.00 0.00 0.00
 Mixed / non conventional 37.00 38.00 43.00 44.00 16.98 0.0 0.00 -18.7 -20.606 800.379 0.00 0.00 0.00 0.00 0.00
 Mixed / non conventional 37.00 38.00 44.00 45.00 16.73 0.0 0.00 -37.3 -12.682 800.379 0.00 0.00 0.00 0.00 0.00
 Mixed / non conventional 37.00 38.00 45.00 46.00 16.66 0.1 0.00 6.0 -8.423 800.379 0.00 0.00 0.00 0.00 0.00
 Mixed / non conventional 37.00 38.00 46.00 47.00 16.21 0.1 0.00 -30.9 -5.736 800.379 0.00 0.00 0.00 0.00 0.00
 Mixed / non conventional 37.00 39.00 41.00 43.00 18.86 0.0 0.00 -77.7 -400.957 801.549 0.00 0.00 0.00 0.00 0.00
 Mixed / non conventional 37.00 39.00 43.00 45.00 17.35 0.0 0.00 -56.7 -92.237 801.549 0.00 0.00 0.00 0.00 0.00
 Mixed / non conventional 37.00 39.00 45.00 47.00 16.65 0.0 0.00 -25.1 -35.408 801.549 0.00 0.00 0.00 0.00 0.00
 Mixed / non conventional 37.00 39.00 42.00 44.00 18.21 0.0 0.00 -49.9 -177.097 802.083 0.00 0.00 0.00 0.00 0.00
 Mixed / non conventional 37.00 39.00 44.00 46.00 16.97 0.1 0.00 -32.0 -55.032 802.083 0.00 0.00 0.00 0.00 0.00
 Mixed / non conventional 37.00 40.00 43.00 46.00 18.01 0.0 0.00 -51.2 -236.912 743.894 0.00 0.00 0.00 0.00 0.00
 Mixed / non conventional 37.00 40.00 44.00 47.00 17.24 0.0 0.00 -63.1 -131.395 745.038 0.00 0.00 0.00 0.00 0.00
 Mixed / non conventional 38.00 39.00 40.00 41.00 18.88 0.0 0.00 -429.5 -785.443 784.012 0.00 0.00 0.00 0.00 0.00
 Mixed / non conventional 38.00 39.00 41.00 42.00 19.54 0.0 0.00 -47.1 -203.187 784.012 0.00 0.00 0.00 0.00 0.00
 Mixed / non conventional 38.00 39.00 42.00 43.00 19.03 0.0 0.00 -30.7 -79.138 784.012 0.00 0.00 0.00 0.00 0.00
 Mixed / non conventional 38.00 39.00 43.00 44.00 17.87 0.0 0.00 -18.7 -37.156 784.012 0.00 0.00 0.00 0.00 0.00
 Mixed / non conventional 38.00 39.00 44.00 45.00 17.25 0.1 0.00 -37.3 -20.503 784.012 0.00 0.00 0.00 0.00 0.00
 Mixed / non conventional 38.00 39.00 45.00 46.00 17.02 0.1 0.00 6.0 -12.642 784.012 0.00 0.00 0.00 0.00 0.00
 Mixed / non conventional 38.00 39.00 46.00 47.00 16.44 0.1 0.00 -30.7 -8.141 784.012 0.00 0.00 0.00 0.00 0.00
 Mixed / non conventional 38.00 40.00 42.00 44.00 19.95 0.0 0.00 -50.3 -385.345 728.318 0.00 0.00 0.00 0.00 0.00
 Mixed / non conventional 38.00 40.00 44.00 46.00 17.60 0.0 0.00 -32.1 -84.992 728.318 0.00 0.00 0.00 0.00 0.00
 Mixed / non conventional 38.00 40.00 43.00 45.00 18.46 0.0 0.00 -56.8 -163.401 729.864 0.00 0.00 0.00 0.00 0.00
 Mixed / non conventional 38.00 40.00 45.00 47.00 17.01 0.0 0.00 -25.4 -50.190 729.864 0.00 0.00 0.00 0.00 0.00
 Mixed / non conventional 38.00 41.00 44.00 47.00 18.96 0.0 0.00 -62.7 -247.112 737.101 0.00 0.00 0.00 0.00 0.00
 Mixed / non conventional 39.00 40.00 41.00 42.00 21.39 0.1 0.00 -480.5 -835.604 736.320 0.00 0.00 0.00 0.00 0.00
 Mixed / non conventional 39.00 40.00 42.00 43.00 20.99 0.0 0.00 -31.2 -205.026 736.320 0.00 0.00 0.00 0.00 0.00
 Mixed / non conventional 39.00 40.00 43.00 44.00 19.30 0.0 0.00 -18.9 -75.409 736.320 0.00 0.00 0.00 0.00 0.00
 Mixed / non conventional 39.00 40.00 44.00 45.00 18.08 0.0 0.00 -37.3 -35.303 736.320 0.00 0.00 0.00 0.00 0.00
 Mixed / non conventional 39.00 40.00 45.00 46.00 17.47 0.0 0.00 6.0 -19.493 736.320 0.00 0.00 0.00 0.00 0.00
 Mixed / non conventional 39.00 40.00 46.00 47.00 16.68 0.1 0.00 -30.7 -11.634 736.320 0.00 0.00 0.00 0.00 0.00
 Mixed / non conventional 39.00 41.00 43.00 45.00 21.24 0.0 0.00 -56.9 -417.239 740.636 0.00 0.00 0.00 0.00 0.00
 Mixed / non conventional 39.00 41.00 45.00 47.00 18.57 0.0 0.00 -25.5 -91.215 740.636 0.00 0.00 0.00 0.00 0.00
 Mixed / non conventional 39.00 41.00 44.00 46.00 19.68 0.0 0.00 -32.1 -177.040 741.857 0.00 0.00 0.00 0.00 0.00
 Mixed / non conventional 40.00 41.00 42.00 43.00 23.64 0.1 0.00 -30.3 -877.358 699.511 0.00 0.00 0.00 0.00 0.00
 Mixed / non conventional 40.00 41.00 43.00 44.00 22.74 0.0 0.00 -19.0 -211.001 699.511 0.00 0.00 0.00 0.00 0.00
 Mixed / non conventional 40.00 41.00 44.00 45.00 21.02 0.0 0.00 -37.5 -78.023 699.511 0.00 0.00 0.00 0.00 0.00
 Mixed / non conventional 40.00 41.00 45.00 46.00 19.87 0.0 0.00 6.0 -36.877 699.511 0.00 0.00 0.00 0.00 0.00
 Mixed / non conventional 40.00 41.00 46.00 47.00 18.60 0.0 0.00 -30.7 -19.725 699.511 0.00 0.00 0.00 0.00 0.00
 Mixed / non conventional 40.00 42.00 44.00 46.00 22.62 0.0 0.00 -31.6 -435.119 725.120 0.00 0.00 0.00 0.00 0.00
 Mixed / non conventional 40.00 42.00 45.00 47.00 21.18 0.0 0.00 -25.3 -186.616 726.478 0.00 0.00 0.00 0.00 0.00
 Mixed / non conventional 41.00 42.00 43.00 44.00 24.14 0.0 0.00 -18.9 -944.746 737.628 0.00 0.00 0.00 0.00 0.00
 Mixed / non conventional 41.00 42.00 44.00 45.00 23.79 0.0 0.00 -37.8 -232.782 737.628 0.00 0.00 0.00 0.00 0.00
 Mixed / non conventional 41.00 42.00 45.00 46.00 22.68 0.0 0.00 5.8 -88.765 737.628 0.00 0.00 0.00 0.00 0.00
 Mixed / non conventional 41.00 42.00 46.00 47.00 20.99 0.0 0.00 -30.8 -41.067 737.628 0.00 0.00 0.00 0.00 0.00
 Mixed / non conventional 41.00 43.00 45.00 47.00 23.00 0.0 0.00 -25.4 -439.976 721.308 0.00 0.00 0.00 0.00 0.00
 Mixed / non conventional 42.00 43.00 44.00 45.00 23.26 0.0 0.00 -38.1 -933.325 756.303 0.00 0.00 0.00 0.00 0.00
 Mixed / non conventional 42.00 43.00 45.00 46.00 23.81 0.0 0.00 5.4 -238.833 756.303 0.00 0.00 0.00 0.00 0.00
 Mixed / non conventional 42.00 43.00 46.00 47.00 22.29 0.0 0.00 -30.9 -89.423 756.303 0.00 0.00 0.00 0.00 0.00
 Mixed / non conventional 43.00 44.00 45.00 46.00 21.87 0.0 0.00 5.9 -884.095 761.853 0.00 0.00 0.00 0.00 0.00
 Mixed / non conventional 43.00 44.00 46.00 47.00 22.13 0.0 0.00 -31.1 -223.592 761.853 0.00 0.00 0.00 0.00 0.00
 Mixed / non conventional 44.00 45.00 46.00 47.00 20.66 0.1 0.00 -30.4 -814.468 743.156 0.00 0.00 0.00 0.00 0.00
