 El-array Spa.1 Spa.2 Spa.3 Spa.4 Rho  Dev.  M   Sp   Vp   In   M1   M2   M3   M4   M5  
 Mixed / non conventional 0.00 1.00 2.00 3.00 20.72 0.1 0.00 3.6 -792.461 721.076 0.00 0.00 0.00 0.00 0.00
 Mixed / non conventional 0.00 1.00 3.00 4.00 22.22 0.1 0.00 -25.0 -212.464 721.076 0.00 0.00 0.00 0.00 0.00
 Mixed / non conventional 0.00 1.00 4.00 5.00 22.36 0.1 0.00 15.1 -85.525 721.076 0.00 0.00 0.00 0.00 0.00
 Mixed / non conventional 0.00 1.00 5.00 6.00 21.07 0.1 0.00 -32.8 -40.291 721.076 0.00 0.00 0.00 0.00 0.00
 Mixed / non conventional 0.00 1.00 6.00 7.00 18.62 0.1 0.00 16.6 -20.355 721.076 0.00 0.00 0.00 0.00 0.00
 Mixed / non conventional 0.00 1.00 7.00 8.00 16.70 0.3 0.00 -0.1 -11.410 721.076 0.00 0.00 0.00 0.00 0.00
 Mixed / non conventional 0.00 1.00 8.00 9.00 16.47 0.2 0.00 13.0 -7.499 721.076 0.00 0.00 0.00 0.00 0.00
 Mixed / non conventional 0.00 1.00 9.00 10.00 16.25 0.3 0.00 11.3 -5.180 721.076 0.00 0.00 0.00 0.00 0.00
 Mixed / non conventional 0.00 1.00 10.00 11.00 17.05 0.3 0.00 -26.7 -3.953 721.076 0.00 0.00 0.00 0.00 0.00
 Mixed / non conventional 0.00 1.00 11.00 12.00 18.57 0.2 0.00 -6.7 -3.228 721.076 0.00 0.00 0.00 0.00 0.00
 Mixed / non conventional 0.00 2.00 4.00 6.00 23.07 0.0 0.00 -17.5 -429.390 701.634 0.00 0.00 0.00 0.00 0.00
 Mixed / non conventional 0.00 2.00 6.00 8.00 18.61 0.1 0.00 15.8 -86.603 701.634 0.00 0.00 0.00 0.00 0.00
 Mixed / non conventional 0.00 2.00 8.00 10.00 16.70 0.1 0.00 24.2 -31.084 701.634 0.00 0.00 0.00 0.00 0.00
 Mixed / non conventional 0.00 2.00 10.00 12.00 17.99 0.2 0.00 -33.1 -16.739 701.634 0.00 0.00 0.00 0.00 0.00
 Mixed / non conventional 0.00 2.00 12.00 14.00 20.85 0.3 0.00 6.2 -11.088 701.634 0.00 0.00 0.00 0.00 0.00
 Mixed / non conventional 0.00 2.00 14.00 16.00 20.68 0.5 0.00 36.1 -6.871 701.634 0.00 0.00 0.00 0.00 0.00
 Mixed / non conventional 0.00 2.00 16.00 18.00 18.77 0.6 0.00 -26.9 -4.159 701.634 0.00 0.00 0.00 0.00 0.00
 Mixed / non conventional 0.00 2.00 18.00 20.00 17.71 1.2 0.00 0.3 -2.747 701.634 0.00 0.00 0.00 0.00 0.00
 Mixed / non conventional 0.00 2.00 20.00 22.00 18.59 1.0 0.00 13.3 -2.097 701.634 0.00 0.00 0.00 0.00 0.00
 Mixed / non conventional 0.00 2.00 22.00 24.00 21.66 1.9 0.00 79.1 -1.833 701.634 0.00 0.00 0.00 0.00 0.00
 Mixed / non conventional 0.00 2.00 5.00 7.00 21.25 0.0 0.00 -16.6 -181.466 704.329 0.00 0.00 0.00 0.00 0.00
 Mixed / non conventional 0.00 2.00 7.00 9.00 17.05 0.1 0.00 12.1 -48.554 704.329 0.00 0.00 0.00 0.00 0.00
 Mixed / non conventional 0.00 2.00 9.00 11.00 16.84 0.2 0.00 -15.2 -21.793 704.329 0.00 0.00 0.00 0.00 0.00
 Mixed / non conventional 0.00 2.00 11.00 13.00 19.69 0.4 0.00 13.4 -13.723 704.329 0.00 0.00 0.00 0.00 0.00
 Mixed / non conventional 0.00 2.00 13.00 15.00 21.00 0.5 0.00 -20.8 -8.778 704.329 0.00 0.00 0.00 0.00 0.00
 Mixed / non conventional 0.00 2.00 15.00 17.00 19.61 0.7 0.00 35.9 -5.305 704.329 0.00 0.00 0.00 0.00 0.00
 Mixed / non conventional 0.00 2.00 17.00 19.00 17.93 1.1 0.00 -9.9 -3.320 704.329 0.00 0.00 0.00 0.00 0.00
 Mixed / non conventional 0.00 2.00 19.00 21.00 18.13 1.8 0.00 18.3 -2.397 704.329 0.00 0.00 0.00 0.00 0.00
 Mixed / non conventional 0.00 2.00 21.00 23.00 19.49 2.1 0.00 13.8 -1.904 704.329 0.00 0.00 0.00 0.00 0.00
 Mixed / non conventional 0.00 2.00 23.00 25.00 30.91 2.9 0.00 2.9 -2.295 704.329 0.00 0.00 0.00 0.00 0.00
 Mixed / non conventional 0.00 3.00 6.00 9.00 19.00 0.0 0.00 28.9 -234.661 698.448 0.00 0.00 0.00 0.00 0.00
 Mixed / non conventional 0.00 3.00 9.00 12.00 17.40 0.1 0.00 -22.2 -53.731 698.448 0.00 0.00 0.00 0.00 0.00
 Mixed / non conventional 0.00 3.00 12.00 15.00 21.14 0.2 0.00 -1.1 -26.116 698.448 0.00 0.00 0.00 0.00 0.00
 Mixed / non conventional 0.00 3.00 15.00 18.00 19.55 0.3 0.00 16.0 -12.075 698.448 0.00 0.00 0.00 0.00 0.00
 Mixed / non conventional 0.00 3.00 18.00 21.00 17.87 0.6 0.00 28.2 -6.307 698.448 0.00 0.00 0.00 0.00 0.00
 Mixed / non conventional 0.00 3.00 21.00 24.00 20.59 1.0 0.00 65.2 -4.542 698.448 0.00 0.00 0.00 0.00 0.00
 Mixed / non conventional 0.00 3.00 24.00 27.00 55.40 1.1 0.00 -73.1 -8.146 698.448 0.00 0.00 0.00 0.00 0.00
 Mixed / non conventional 0.00 3.00 27.00 30.00 37.44 1.4 0.00 24.7 -3.854 698.448 0.00 0.00 0.00 0.00 0.00
 Mixed / non conventional 0.00 3.00 30.00 33.00 35.97 1.5 0.00 189.3 -2.693 698.448 0.00 0.00 0.00 0.00 0.00
 Mixed / non conventional 0.00 3.00 33.00 36.00 55.04 2.2 0.00 -95.2 -3.090 698.448 0.00 0.00 0.00 0.00 0.00
 Mixed / non conventional 0.00 3.00 7.00 10.00 17.29 0.1 0.00 23.6 -123.830 699.893 0.00 0.00 0.00 0.00 0.00
 Mixed / non conventional 0.00 3.00 10.00 13.00 18.79 0.2 0.00 -13.6 -41.412 699.893 0.00 0.00 0.00 0.00 0.00
 Mixed / non conventional 0.00 3.00 13.00 16.00 21.17 0.5 0.00 22.1 -20.407 699.893 0.00 0.00 0.00 0.00 0.00
 Mixed / non conventional 0.00 3.00 16.00 19.00 18.69 0.8 0.00 -17.2 -9.483 699.893 0.00 0.00 0.00 0.00 0.00
 Mixed / non conventional 0.00 3.00 19.00 22.00 18.57 1.5 0.00 4.0 -5.567 699.893 0.00 0.00 0.00 0.00 0.00
 Mixed / non conventional 0.00 3.00 22.00 25.00 27.28 2.1 0.00 31.6 -5.233 699.893 0.00 0.00 0.00 0.00 0.00
 Mixed / non conventional 0.00 3.00 25.00 28.00 59.69 2.3 0.00 -18.3 -7.771 699.893 0.00 0.00 0.00 0.00 0.00
 Mixed / non conventional 0.00 3.00 28.00 31.00 33.84 3.2 0.00 33.6 -3.127 699.893 0.00 0.00 0.00 0.00 0.00
 Mixed / non conventional 0.00 3.00 31.00 34.00 46.54 3.4 0.00 86.3 -3.162 699.893 0.00 0.00 0.00 0.00 0.00
 Mixed / non conventional 0.00 3.00 34.00 37.00 51.57 3.8 0.00 55.3 -2.651 699.893 0.00 0.00 0.00 0.00 0.00
 Mixed / non conventional 0.00 3.00 8.00 11.00 17.01 0.1 0.00 -2.6 -77.939 703.817 0.00 0.00 0.00 0.00 0.00
 Mixed / non conventional 0.00 3.00 11.00 14.00 20.25 0.2 0.00 -1.0 -33.146 703.817 0.00 0.00 0.00 0.00 0.00
 Mixed / non conventional 0.00 3.00 14.00 17.00 20.60 0.3 0.00 28.5 -15.866 703.817 0.00 0.00 0.00 0.00 0.00
 Mixed / non conventional 0.00 3.00 17.00 20.00 18.36 0.8 0.00 -19.5 -7.776 703.817 0.00 0.00 0.00 0.00 0.00
 Mixed / non conventional 0.00 3.00 20.00 23.00 19.36 1.3 0.00 41.9 -4.992 703.817 0.00 0.00 0.00 0.00 0.00
 Mixed / non conventional 0.00 3.00 23.00 26.00 41.28 1.5 0.00 -13.1 -6.959 703.817 0.00 0.00 0.00 0.00 0.00
 Mixed / non conventional 0.00 3.00 26.00 29.00 51.06 1.9 0.00 4.6 -5.936 703.817 0.00 0.00 0.00 0.00 0.00
 Mixed / non conventional 0.00 3.00 29.00 32.00 34.38 2.5 0.00 56.1 -2.873 703.817 0.00 0.00 0.00 0.00 0.00
 Mixed / non conventional 0.00 3.00 32.00 35.00 52.52 2.8 0.00 40.8 -3.260 703.817 0.00 0.00 0.00 0.00 0.00
 Mixed / non conventional 0.00 3.00 35.00 38.00 51.50 3.2 0.00 -36.8 -2.440 703.817 0.00 0.00 0.00 0.00 0.00
 Mixed / non conventional 0.00 5.00 10.00 15.00 19.81 0.1 0.00 -34.7 -146.840 698.761 0.00 0.00 0.00 0.00 0.00
 Mixed / non conventional 0.00 5.00 15.00 20.00 20.02 0.1 0.00 15.8 -37.114 698.761 0.00 0.00 0.00 0.00 0.00
 Mixed / non conventional 0.00 5.00 20.00 25.00 23.76 0.3 0.00 44.8 -17.619 698.761 0.00 0.00 0.00 0.00 0.00
 Mixed / non conventional 0.00 5.00 25.00 30.00 53.35 0.4 0.00 -0.5 -19.778 698.761 0.00 0.00 0.00 0.00 0.00
 Mixed / non conventional 0.00 5.00 30.00 35.00 45.17 0.7 0.00 86.2 -9.568 698.761 0.00 0.00 0.00 0.00 0.00
 Mixed / non conventional 0.00 5.00 35.00 40.00 53.98 0.9 0.00 -58.9 -7.146 698.761 0.00 0.00 0.00 0.00 0.00
 Mixed / non conventional 0.00 5.00 40.00 45.00 27.56 1.5 0.00 -31.2 -2.432 698.761 0.00 0.00 0.00 0.00 0.00
 Mixed / non conventional 0.00 5.00 11.00 16.00 21.04 0.1 0.00 35.1 -111.167 701.027 0.00 0.00 0.00 0.00 0.00
 Mixed / non conventional 0.00 5.00 16.00 21.00 19.32 0.1 0.00 0.6 -29.158 701.027 0.00 0.00 0.00 0.00 0.00
 Mixed / non conventional 0.00 5.00 21.00 26.00 31.65 0.2 0.00 0.4 -20.213 701.027 0.00 0.00 0.00 0.00 0.00
 Mixed / non conventional 0.00 5.00 26.00 31.00 45.98 0.2 0.00 31.2 -15.155 701.027 0.00 0.00 0.00 0.00 0.00
 Mixed / non conventional 0.00 5.00 31.00 36.00 51.64 0.4 0.00 79.0 -9.929 701.027 0.00 0.00 0.00 0.00 0.00
 Mixed / non conventional 0.00 5.00 36.00 41.00 48.89 0.6 0.00 -79.1 -5.960 701.027 0.00 0.00 0.00 0.00 0.00
 Mixed / non conventional 0.00 5.00 41.00 46.00 26.28 0.8 0.00 40.9 -2.159 701.027 0.00 0.00 0.00 0.00 0.00
 Mixed / non conventional 0.00 5.00 12.00 17.00 21.69 0.0 0.00 34.1 -84.927 702.642 0.00 0.00 0.00 0.00 0.00
 Mixed / non conventional 0.00 5.00 17.00 22.00 19.11 0.0 0.00 -7.0 -23.811 702.642 0.00 0.00 0.00 0.00 0.00
 Mixed / non conventional 0.00 5.00 22.00 27.00 41.01 0.1 0.00 5.4 -22.710 702.642 0.00 0.00 0.00 0.00 0.00
 Mixed / non conventional 0.00 5.00 27.00 32.00 38.24 0.1 0.00 69.5 -11.248 702.642 0.00 0.00 0.00 0.00 0.00
 Mixed / non conventional 0.00 5.00 32.00 37.00 53.17 0.3 0.00 112.2 -9.300 702.642 0.00 0.00 0.00 0.00 0.00
 Mixed / non conventional 0.00 5.00 37.00 42.00 47.50 0.3 0.00 -152.7 -5.341 702.642 0.00 0.00 0.00 0.00 0.00
 Mixed / non conventional 0.00 5.00 42.00 47.00 26.62 0.2 0.00 4.0 -2.038 702.642 0.00 0.00 0.00 0.00 0.00
 Mixed / non conventional 0.00 5.00 13.00 18.00 21.50 0.0 0.00 -5.8 -64.277 703.288 0.00 0.00 0.00 0.00 0.00
 Mixed / non conventional 0.00 5.00 18.00 23.00 19.27 0.0 0.00 41.6 -20.040 703.288 0.00 0.00 0.00 0.00 0.00
 Mixed / non conventional 0.00 5.00 23.00 28.00 47.52 0.1 0.00 -15.8 -22.941 703.288 0.00 0.00 0.00 0.00 0.00
 Mixed / non conventional 0.00 5.00 28.00 33.00 37.66 0.4 0.00 207.7 -9.918 703.288 0.00 0.00 0.00 0.00 0.00
 Mixed / non conventional 0.00 5.00 33.00 38.00 55.61 0.2 0.00 -140.6 -8.864 703.288 0.00 0.00 0.00 0.00 0.00
 Mixed / non conventional 0.00 5.00 38.00 43.00 41.55 0.4 0.00 -68.7 -4.313 703.288 0.00 0.00 0.00 0.00 0.00
 Mixed / non conventional 0.00 5.00 14.00 19.00 20.87 0.0 0.00 18.5 -48.932 705.452 0.00 0.00 0.00 0.00 0.00
 Mixed / non conventional 0.00 5.00 19.00 24.00 20.25 0.0 0.00 82.8 -17.807 705.452 0.00 0.00 0.00 0.00 0.00
 Mixed / non conventional 0.00 5.00 24.00 29.00 52.93 0.1 0.00 -59.8 -22.471 705.452 0.00 0.00 0.00 0.00 0.00
 Mixed / non conventional 0.00 5.00 29.00 34.00 41.20 0.1 0.00 112.9 -9.773 705.452 0.00 0.00 0.00 0.00 0.00
 Mixed / non conventional 0.00 5.00 34.00 39.00 54.64 0.1 0.00 -39.8 -7.976 705.452 0.00 0.00 0.00 0.00 0.00
 Mixed / non conventional 0.00 5.00 39.00 44.00 34.48 0.4 0.00 -60.1 -3.317 705.452 0.00 0.00 0.00 0.00 0.00
 Mixed / non conventional 0.00 6.00 12.00 18.00 21.66 0.0 0.00 14.7 -129.292 674.951 0.00 0.00 0.00 0.00 0.00
 Mixed / non conventional 0.00 6.00 18.00 24.00 20.01 0.1 0.00 92.9 -29.852 674.951 0.00 0.00 0.00 0.00 0.00
 Mixed / non conventional 0.00 6.00 24.00 30.00 51.39 0.2 0.00 -49.0 -30.671 674.951 0.00 0.00 0.00 0.00 0.00
 Mixed / non conventional 0.00 6.00 30.00 36.00 47.92 0.3 0.00 94.8 -14.299 674.951 0.00 0.00 0.00 0.00 0.00
 Mixed / non conventional 0.00 6.00 36.00 42.00 46.82 0.5 0.00 -88.9 -7.984 674.951 0.00 0.00 0.00 0.00 0.00
 Mixed / non conventional 0.00 6.00 13.00 19.00 21.49 0.0 0.00 4.1 -96.214 675.683 0.00 0.00 0.00 0.00 0.00
 Mixed / non conventional 0.00 6.00 19.00 25.00 22.80 0.1 0.00 34.1 -28.584 675.683 0.00 0.00 0.00 0.00 0.00
 Mixed / non conventional 0.00 6.00 25.00 31.00 51.30 0.2 0.00 14.5 -26.975 675.683 0.00 0.00 0.00 0.00 0.00
 Mixed / non conventional 0.00 6.00 31.00 37.00 50.92 0.3 0.00 142.2 -13.750 675.683 0.00 0.00 0.00 0.00 0.00
 Mixed / non conventional 0.00 6.00 37.00 43.00 44.85 0.7 0.00 -178.7 -7.041 675.683 0.00 0.00 0.00 0.00 0.00
 Mixed / non conventional 0.00 6.00 14.00 20.00 20.98 0.0 0.00 8.1 -72.700 677.407 0.00 0.00 0.00 0.00 0.00
 Mixed / non conventional 0.00 6.00 20.00 26.00 28.80 0.1 0.00 27.7 -30.710 677.407 0.00 0.00 0.00 0.00 0.00
 Mixed / non conventional 0.00 6.00 26.00 32.00 45.83 0.2 0.00 59.8 -21.378 677.407 0.00 0.00 0.00 0.00 0.00
 Mixed / non conventional 0.00 6.00 32.00 38.00 54.15 0.2 0.00 3.2 -13.296 677.407 0.00 0.00 0.00 0.00 0.00
 Mixed / non conventional 0.00 6.00 38.00 44.00 39.21 0.5 0.00 -47.8 -5.688 677.407 0.00 0.00 0.00 0.00 0.00
 Mixed / non conventional 0.00 6.00 15.00 21.00 20.22 0.1 0.00 43.8 -55.519 679.419 0.00 0.00 0.00 0.00 0.00
 Mixed / non conventional 0.00 6.00 21.00 27.00 36.29 0.3 0.00 -10.0 -33.217 679.419 0.00 0.00 0.00 0.00 0.00
 Mixed / non conventional 0.00 6.00 27.00 33.00 39.59 0.3 0.00 214.0 -16.473 679.419 0.00 0.00 0.00 0.00 0.00
 Mixed / non conventional 0.00 6.00 33.00 39.00 56.34 0.5 0.00 -128.2 -12.623 679.419 0.00 0.00 0.00 0.00 0.00
 Mixed / non conventional 0.00 6.00 39.00 45.00 33.29 0.8 0.00 -66.7 -4.475 679.419 0.00 0.00 0.00 0.00 0.00
 Mixed / non conventional 0.00 6.00 16.00 22.00 19.67 0.0 0.00 -14.8 -43.618 681.128 0.00 0.00 0.00 0.00 0.00
 Mixed / non conventional 0.00 6.00 22.00 28.00 41.78 0.1 0.00 12.1 -33.085 681.128 0.00 0.00 0.00 0.00 0.00
 Mixed / non conventional 0.00 6.00 28.00 34.00 40.97 0.2 0.00 118.9 -15.267 681.128 0.00 0.00 0.00 0.00 0.00
 Mixed / non conventional 0.00 6.00 34.00 40.00 55.18 0.4 0.00 -75.4 -11.309 681.128 0.00 0.00 0.00 0.00 0.00
 Mixed / non conventional 0.00 6.00 40.00 46.00 28.37 0.6 0.00 30.4 -3.540 681.128 0.00 0.00 0.00 0.00 0.00
 Mixed / non conventional 0.00 6.00 17.00 23.00 19.61 0.1 0.00 21.5 -35.676 682.720 0.00 0.00 0.00 0.00 0.00
 Mixed / non conventional 0.00 6.00 23.00 29.00 46.78 0.2 0.00 -9.7 -32.279 682.720 0.00 0.00 0.00 0.00 0.00
 Mixed / non conventional 0.00 6.00 29.00 35.00 43.58 0.3 0.00 96.1 -14.605 682.720 0.00 0.00 0.00 0.00 0.00
 Mixed / non conventional 0.00 6.00 35.00 41.00 52.10 0.4 0.00 -70.8 -9.795 682.720 0.00 0.00 0.00 0.00 0.00
 Mixed / non conventional 0.00 6.00 41.00 47.00 27.20 0.7 0.00 -6.5 -3.155 682.720 0.00 0.00 0.00 0.00 0.00
 Mixed / non conventional 1.00 2.00 3.00 4.00 21.95 0.0 0.00 -309.6 -985.267 846.015 0.00 0.00 0.00 0.00 0.00
 Mixed / non conventional 1.00 2.00 4.00 5.00 23.89 0.0 0.00 298.8 -268.102 846.015 0.00 0.00 0.00 0.00 0.00
 Mixed / non conventional 1.00 2.00 5.00 6.00 22.70 1.1 0.00 221.8 -101.888 846.015 0.00 0.00 0.00 0.00 0.00
 Mixed / non conventional 1.00 2.00 6.00 7.00 20.03 2.6 0.00 -521.3 -44.958 846.015 0.00 0.00 0.00 0.00 0.00
 Mixed / non conventional 1.00 2.00 7.00 8.00 17.54 0.0 0.00 -1.2 -22.487 846.015 0.00 0.00 0.00 0.00 0.00
 Mixed / non conventional 1.00 2.00 8.00 9.00 17.06 0.1 0.00 13.3 -13.674 846.015 0.00 0.00 0.00 0.00 0.00
 Mixed / non conventional 1.00 2.00 9.00 10.00 16.69 0.1 0.00 11.9 -8.917 846.015 0.00 0.00 0.00 0.00 0.00
 Mixed / non conventional 1.00 2.00 10.00 11.00 17.56 0.1 0.00 -27.0 -6.569 846.015 0.00 0.00 0.00 0.00 0.00
 Mixed / non conventional 1.00 2.00 11.00 12.00 19.18 0.2 0.00 -7.2 -5.217 846.015 0.00 0.00 0.00 0.00 0.00
 Mixed / non conventional 1.00 2.00 12.00 13.00 21.05 0.3 0.00 20.3 -4.295 846.015 0.00 0.00 0.00 0.00 0.00
 Mixed / non conventional 1.00 3.00 5.00 7.00 22.70 0.0 0.00 -298.3 -502.990 835.423 0.00 0.00 0.00 0.00 0.00
 Mixed / non conventional 1.00 3.00 7.00 9.00 17.66 0.0 0.00 11.4 -97.826 835.423 0.00 0.00 0.00 0.00 0.00
 Mixed / non conventional 1.00 3.00 9.00 11.00 17.07 0.0 0.00 -15.4 -37.833 835.423 0.00 0.00 0.00 0.00 0.00
 Mixed / non conventional 1.00 3.00 11.00 13.00 20.06 0.0 0.00 13.5 -22.223 835.423 0.00 0.00 0.00 0.00 0.00
 Mixed / non conventional 1.00 3.00 13.00 15.00 21.68 0.0 0.00 -21.5 -13.727 835.423 0.00 0.00 0.00 0.00 0.00
 Mixed / non conventional 1.00 3.00 15.00 17.00 20.30 0.0 0.00 36.0 -8.034 835.423 0.00 0.00 0.00 0.00 0.00
 Mixed / non conventional 1.00 3.00 17.00 19.00 18.52 0.0 0.00 -9.5 -4.887 835.423 0.00 0.00 0.00 0.00 0.00
 Mixed / non conventional 1.00 3.00 19.00 21.00 18.49 0.0 0.00 18.2 -3.415 835.423 0.00 0.00 0.00 0.00 0.00
 Mixed / non conventional 1.00 3.00 21.00 23.00 20.29 0.1 0.00 13.3 -2.725 835.423 0.00 0.00 0.00 0.00 0.00
 Mixed / non conventional 1.00 3.00 23.00 25.00 31.75 0.2 0.00 2.6 -3.198 835.423 0.00 0.00 0.00 0.00 0.00
 Mixed / non conventional 1.00 3.00 6.00 8.00 19.74 0.0 0.00 -429.9 -199.968 835.215 0.00 0.00 0.00 0.00 0.00
 Mixed / non conventional 1.00 3.00 8.00 10.00 17.03 0.0 0.00 24.5 -57.483 835.215 0.00 0.00 0.00 0.00 0.00
 Mixed / non conventional 1.00 3.00 10.00 12.00 18.25 0.0 0.00 -34.1 -28.005 835.215 0.00 0.00 0.00 0.00 0.00
 Mixed / non conventional 1.00 3.00 12.00 14.00 21.40 0.0 0.00 6.3 -17.679 835.215 0.00 0.00 0.00 0.00 0.00
 Mixed / non conventional 1.00 3.00 14.00 16.00 21.39 0.0 0.00 36.3 -10.607 835.215 0.00 0.00 0.00 0.00 0.00
 Mixed / non conventional 1.00 3.00 16.00 18.00 19.36 0.0 0.00 -27.5 -6.211 835.215 0.00 0.00 0.00 0.00 0.00
 Mixed / non conventional 1.00 3.00 18.00 20.00 18.19 0.1 0.00 0.3 -3.994 835.215 0.00 0.00 0.00 0.00 0.00
 Mixed / non conventional 1.00 3.00 20.00 22.00 19.04 0.0 0.00 13.1 -2.986 835.215 0.00 0.00 0.00 0.00 0.00
 Mixed / non conventional 1.00 3.00 22.00 24.00 22.47 0.0 0.00 79.7 -2.604 835.215 0.00 0.00 0.00 0.00 0.00
 Mixed / non conventional 1.00 3.00 24.00 26.00 52.99 0.2 0.00 -64.6 -4.667 835.215 0.00 0.00 0.00 0.00 0.00
 Mixed / non conventional 1.00 4.00 7.00 10.00 18.07 0.0 0.00 23.0 -257.612 806.291 0.00 0.00 0.00 0.00 0.00
 Mixed / non conventional 1.00 4.00 10.00 13.00 19.00 0.1 0.00 -14.1 -67.724 806.291 0.00 0.00 0.00 0.00 0.00
 Mixed / non conventional 1.00 4.00 13.00 16.00 21.79 0.1 0.00 21.7 -31.068 806.291 0.00 0.00 0.00 0.00 0.00
 Mixed / non conventional 1.00 4.00 16.00 19.00 19.24 0.2 0.00 -17.3 -13.713 806.291 0.00 0.00 0.00 0.00 0.00
 Mixed / non conventional 1.00 4.00 19.00 22.00 18.93 0.3 0.00 2.9 -7.711 806.291 0.00 0.00 0.00 0.00 0.00
 Mixed / non conventional 1.00 4.00 22.00 25.00 27.87 0.4 0.00 31.7 -7.097 806.291 0.00 0.00 0.00 0.00 0.00
 Mixed / non conventional 1.00 4.00 25.00 28.00 60.92 0.5 0.00 -18.8 -10.340 806.291 0.00 0.00 0.00 0.00 0.00
 Mixed / non conventional 1.00 4.00 28.00 31.00 34.72 0.7 0.00 33.7 -4.126 806.291 0.00 0.00 0.00 0.00 0.00
 Mixed / non conventional 1.00 4.00 31.00 34.00 47.64 0.7 0.00 84.8 -4.117 806.291 0.00 0.00 0.00 0.00 0.00
 Mixed / non conventional 1.00 4.00 34.00 37.00 52.54 1.1 0.00 57.6 -3.405 806.291 0.00 0.00 0.00 0.00 0.00
 Mixed / non conventional 1.00 4.00 8.00 11.00 17.37 0.0 0.00 -2.7 -143.753 809.072 0.00 0.00 0.00 0.00 0.00
 Mixed / non conventional 1.00 4.00 11.00 14.00 20.59 0.1 0.00 -1.3 -52.435 809.072 0.00 0.00 0.00 0.00 0.00
 Mixed / non conventional 1.00 4.00 14.00 17.00 21.22 0.1 0.00 28.2 -23.649 809.072 0.00 0.00 0.00 0.00 0.00
 Mixed / non conventional 1.00 4.00 17.00 20.00 18.79 0.2 0.00 -19.8 -11.019 809.072 0.00 0.00 0.00 0.00 0.00
 Mixed / non conventional 1.00 4.00 20.00 23.00 19.76 0.5 0.00 42.0 -6.847 809.072 0.00 0.00 0.00 0.00 0.00
 Mixed / non conventional 1.00 4.00 23.00 26.00 41.87 0.6 0.00 -13.5 -9.287 809.072 0.00 0.00 0.00 0.00 0.00
 Mixed / non conventional 1.00 4.00 26.00 29.00 51.81 0.9 0.00 4.3 -7.798 809.072 0.00 0.00 0.00 0.00 0.00
 Mixed / non conventional 1.00 4.00 29.00 32.00 34.73 1.2 0.00 55.7 -3.709 809.072 0.00 0.00 0.00 0.00 0.00
 Mixed / non conventional 1.00 4.00 32.00 35.00 53.35 1.4 0.00 40.0 -4.190 809.072 0.00 0.00 0.00 0.00 0.00
 Mixed / non conventional 1.00 4.00 35.00 38.00 52.39 1.4 0.00 -37.5 -3.114 809.072 0.00 0.00 0.00 0.00 0.00
 Mixed / non conventional 1.00 4.00 9.00 12.00 17.63 0.1 0.00 -22.9 -93.058 810.832 0.00 0.00 0.00 0.00 0.00
 Mixed / non conventional 1.00 4.00 12.00 15.00 21.71 0.1 0.00 -1.6 -40.932 810.832 0.00 0.00 0.00 0.00 0.00
 Mixed / non conventional 1.00 4.00 15.00 18.00 20.29 0.2 0.00 15.8 -18.002 810.832 0.00 0.00 0.00 0.00 0.00
 Mixed / non conventional 1.00 4.00 18.00 21.00 18.44 0.4 0.00 28.7 -9.000 810.832 0.00 0.00 0.00 0.00 0.00
 Mixed / non conventional 1.00 4.00 21.00 24.00 21.41 0.7 0.00 64.5 -6.361 810.832 0.00 0.00 0.00 0.00 0.00
 Mixed / non conventional 1.00 4.00 24.00 27.00 57.75 0.8 0.00 -74.1 -11.216 810.832 0.00 0.00 0.00 0.00 0.00
 Mixed / non conventional 1.00 4.00 27.00 30.00 39.31 1.1 0.00 24.8 -5.265 810.832 0.00 0.00 0.00 0.00 0.00
 Mixed / non conventional 1.00 4.00 30.00 33.00 37.75 1.6 0.00 189.0 -3.634 810.832 0.00 0.00 0.00 0.00 0.00
 Mixed / non conventional 1.00 4.00 33.00 36.00 59.01 1.5 0.00 -95.1 -4.220 810.832 0.00 0.00 0.00 0.00 0.00
 Mixed / non conventional 1.00 4.00 36.00 39.00 50.30 2.1 0.00 -32.7 -2.745 810.832 0.00 0.00 0.00 0.00 0.00
 Mixed / non conventional 1.00 6.00 11.00 16.00 21.09 0.0 0.00 34.7 -175.603 784.902 0.00 0.00 0.00 0.00 0.00
 Mixed / non conventional 1.00 6.00 16.00 21.00 19.77 0.1 0.00 0.4 -41.153 784.902 0.00 0.00 0.00 0.00 0.00
 Mixed / non conventional 1.00 6.00 21.00 26.00 32.09 0.2 0.00 -0.3 -26.723 784.902 0.00 0.00 0.00 0.00 0.00
 Mixed / non conventional 1.00 6.00 26.00 31.00 46.97 0.4 0.00 31.3 -19.558 784.902 0.00 0.00 0.00 0.00 0.00
 Mixed / non conventional 1.00 6.00 31.00 36.00 52.72 0.5 0.00 78.1 -12.545 784.902 0.00 0.00 0.00 0.00 0.00
 Mixed / non conventional 1.00 6.00 36.00 41.00 49.79 0.8 0.00 -79.3 -7.404 784.902 0.00 0.00 0.00 0.00 0.00
 Mixed / non conventional 1.00 6.00 41.00 46.00 26.54 1.3 0.00 42.5 -2.631 784.902 0.00 0.00 0.00 0.00 0.00
 Mixed / non conventional 1.00 6.00 12.00 17.00 21.94 0.0 0.00 34.1 -130.016 786.517 0.00 0.00 0.00 0.00 0.00
 Mixed / non conventional 1.00 6.00 17.00 22.00 19.53 0.1 0.00 -7.3 -33.064 786.517 0.00 0.00 0.00 0.00 0.00
 Mixed / non conventional 1.00 6.00 22.00 27.00 41.50 0.2 0.00 5.6 -29.732 786.517 0.00 0.00 0.00 0.00 0.00
 Mixed / non conventional 1.00 6.00 27.00 32.00 38.89 0.3 0.00 69.8 -14.382 786.517 0.00 0.00 0.00 0.00 0.00
 Mixed / non conventional 1.00 6.00 32.00 37.00 53.68 0.8 0.00 114.9 -11.579 786.517 0.00 0.00 0.00 0.00 0.00
 Mixed / non conventional 1.00 6.00 37.00 42.00 48.51 0.7 0.00 -154.0 -6.636 786.517 0.00 0.00 0.00 0.00 0.00
 Mixed / non conventional 1.00 6.00 42.00 47.00 26.57 1.3 0.00 2.7 -2.449 786.517 0.00 0.00 0.00 0.00 0.00
 Mixed / non conventional 1.00 6.00 13.00 18.00 21.91 0.0 0.00 -6.6 -96.061 786.662 0.00 0.00 0.00 0.00 0.00
 Mixed / non conventional 1.00 6.00 18.00 23.00 19.66 0.0 0.00 41.5 -27.420 786.662 0.00 0.00 0.00 0.00 0.00
 Mixed / non conventional 1.00 6.00 23.00 28.00 48.23 0.1 0.00 -16.4 -29.898 786.662 0.00 0.00 0.00 0.00 0.00
 Mixed / non conventional 1.00 6.00 28.00 33.00 38.27 0.4 0.00 206.5 -12.604 786.662 0.00 0.00 0.00 0.00 0.00
 Mixed / non conventional 1.00 6.00 33.00 38.00 56.74 0.3 0.00 -141.0 -11.111 786.662 0.00 0.00 0.00 0.00 0.00
 Mixed / non conventional 1.00 6.00 38.00 43.00 42.29 0.6 0.00 -69.5 -5.324 786.662 0.00 0.00 0.00 0.00 0.00
 Mixed / non conventional 1.00 6.00 14.00 19.00 21.35 0.0 0.00 18.5 -71.486 787.815 0.00 0.00 0.00 0.00 0.00
 Mixed / non conventional 1.00 6.00 19.00 24.00 20.60 0.0 0.00 82.2 -24.000 787.815 0.00 0.00 0.00 0.00 0.00
 Mixed / non conventional 1.00 6.00 24.00 29.00 53.92 0.1 0.00 -60.0 -29.161 787.815 0.00 0.00 0.00 0.00 0.00
 Mixed / non conventional 1.00 6.00 29.00 34.00 41.95 0.1 0.00 112.1 -12.374 787.815 0.00 0.00 0.00 0.00 0.00
 Mixed / non conventional 1.00 6.00 34.00 39.00 55.59 0.2 0.00 -39.0 -9.926 787.815 0.00 0.00 0.00 0.00 0.00
 Mixed / non conventional 1.00 6.00 39.00 44.00 34.88 0.3 0.00 -60.0 -4.055 787.815 0.00 0.00 0.00 0.00 0.00
 Mixed / non conventional 1.00 6.00 15.00 20.00 20.51 0.0 0.00 15.8 -53.803 789.072 0.00 0.00 0.00 0.00 0.00
 Mixed / non conventional 1.00 6.00 20.00 25.00 24.15 0.1 0.00 44.6 -23.754 789.072 0.00 0.00 0.00 0.00 0.00
 Mixed / non conventional 1.00 6.00 25.00 30.00 54.47 0.2 0.00 -0.6 -25.866 789.072 0.00 0.00 0.00 0.00 0.00
 Mixed / non conventional 1.00 6.00 30.00 35.00 46.13 0.4 0.00 85.9 -12.241 789.072 0.00 0.00 0.00 0.00 0.00
 Mixed / non conventional 1.00 6.00 35.00 40.00 55.06 0.6 0.00 -58.5 -8.991 789.072 0.00 0.00 0.00 0.00 0.00
 Mixed / non conventional 1.00 6.00 40.00 45.00 27.88 1.1 0.00 -30.8 -3.001 789.072 0.00 0.00 0.00 0.00 0.00
 Mixed / non conventional 1.00 7.00 13.00 19.00 21.13 0.0 0.00 4.1 -143.047 765.506 0.00 0.00 0.00 0.00 0.00
 Mixed / non conventional 1.00 7.00 19.00 25.00 22.54 0.0 0.00 34.1 -38.149 765.506 0.00 0.00 0.00 0.00 0.00
 Mixed / non conventional 1.00 7.00 25.00 31.00 51.22 0.1 0.00 15.5 -34.665 765.506 0.00 0.00 0.00 0.00 0.00
 Mixed / non conventional 1.00 7.00 31.00 37.00 50.77 0.3 0.00 144.3 -17.181 765.506 0.00 0.00 0.00 0.00 0.00
 Mixed / non conventional 1.00 7.00 37.00 43.00 44.91 0.5 0.00 -181.0 -8.685 765.506 0.00 0.00 0.00 0.00 0.00
 Mixed / non conventional 1.00 7.00 14.00 20.00 20.76 0.1 0.00 7.9 -105.629 767.597 0.00 0.00 0.00 0.00 0.00
 Mixed / non conventional 1.00 7.00 20.00 26.00 28.47 0.2 0.00 28.2 -40.552 767.597 0.00 0.00 0.00 0.00 0.00
 Mixed / non conventional 1.00 7.00 26.00 32.00 45.83 0.2 0.00 60.1 -27.379 767.597 0.00 0.00 0.00 0.00 0.00
 Mixed / non conventional 1.00 7.00 32.00 38.00 54.32 0.3 0.00 3.2 -16.663 767.597 0.00 0.00 0.00 0.00 0.00
 Mixed / non conventional 1.00 7.00 38.00 44.00 39.29 0.7 0.00 -46.0 -7.006 767.597 0.00 0.00 0.00 0.00 0.00
 Mixed / non conventional 1.00 7.00 15.00 21.00 20.06 0.0 0.00 43.7 -79.008 770.052 0.00 0.00 0.00 0.00 0.00
 Mixed / non conventional 1.00 7.00 21.00 27.00 35.84 0.0 0.00 -11.0 -43.440 770.052 0.00 0.00 0.00 0.00 0.00
 Mixed / non conventional 1.00 7.00 27.00 33.00 39.51 0.0 0.00 212.9 -20.955 770.052 0.00 0.00 0.00 0.00 0.00
 Mixed / non conventional 1.00 7.00 33.00 39.00 56.32 0.2 0.00 -127.2 -15.719 770.052 0.00 0.00 0.00 0.00 0.00
 Mixed / non conventional 1.00 7.00 39.00 45.00 33.15 0.0 0.00 -67.5 -5.467 770.052 0.00 0.00 0.00 0.00 0.00
 Mixed / non conventional 1.00 7.00 16.00 22.00 19.53 0.1 0.00 -15.8 -60.959 772.141 0.00 0.00 0.00 0.00 0.00
 Mixed / non conventional 1.00 7.00 22.00 28.00 41.42 0.1 0.00 11.5 -43.086 772.141 0.00 0.00 0.00 0.00 0.00
 Mixed / non conventional 1.00 7.00 28.00 34.00 40.88 0.2 0.00 117.8 -19.330 772.141 0.00 0.00 0.00 0.00 0.00
 Mixed / non conventional 1.00 7.00 34.00 40.00 55.25 0.3 0.00 -75.9 -14.068 772.141 0.00 0.00 0.00 0.00 0.00
 Mixed / non conventional 1.00 7.00 40.00 46.00 28.23 0.6 0.00 31.0 -4.313 772.141 0.00 0.00 0.00 0.00 0.00
 Mixed / non conventional 1.00 7.00 17.00 23.00 19.48 0.0 0.00 21.1 -49.089 774.080 0.00 0.00 0.00 0.00 0.00
 Mixed / non conventional 1.00 7.00 23.00 29.00 46.51 0.1 0.00 -10.5 -41.858 774.080 0.00 0.00 0.00 0.00 0.00
 Mixed / non conventional 1.00 7.00 29.00 35.00 43.56 0.2 0.00 95.1 -18.448 774.080 0.00 0.00 0.00 0.00 0.00
 Mixed / non conventional 1.00 7.00 35.00 41.00 52.12 0.3 0.00 -71.2 -12.140 774.080 0.00 0.00 0.00 0.00 0.00
 Mixed / non conventional 1.00 7.00 41.00 47.00 27.08 0.5 0.00 -7.0 -3.840 774.080 0.00 0.00 0.00 0.00 0.00
 Mixed / non conventional 1.00 7.00 18.00 24.00 19.86 0.0 0.00 91.9 -41.070 776.056 0.00 0.00 0.00 0.00 0.00
 Mixed / non conventional 1.00 7.00 24.00 30.00 51.23 0.1 0.00 -50.6 -40.177 776.056 0.00 0.00 0.00 0.00 0.00
 Mixed / non conventional 1.00 7.00 30.00 36.00 47.90 0.2 0.00 93.4 -18.246 776.056 0.00 0.00 0.00 0.00 0.00
 Mixed / non conventional 1.00 7.00 36.00 42.00 46.89 0.4 0.00 -88.9 -10.020 776.056 0.00 0.00 0.00 0.00 0.00
 Mixed / non conventional 2.00 3.00 4.00 5.00 23.35 0.0 0.00 -37.7 -1003.251 809.802 0.00 0.00 0.00 0.00 0.00
 Mixed / non conventional 2.00 3.00 5.00 6.00 23.88 0.0 0.00 154.2 -256.491 809.802 0.00 0.00 0.00 0.00 0.00
 Mixed / non conventional 2.00 3.00 6.00 7.00 21.10 0.0 0.00 -33.8 -90.631 809.802 0.00 0.00 0.00 0.00 0.00
 Mixed / non conventional 2.00 3.00 7.00 8.00 18.11 0.1 0.00 -394.5 -38.907 809.802 0.00 0.00 0.00 0.00 0.00
 Mixed / non conventional 2.00 3.00 8.00 9.00 17.29 0.0 0.00 13.4 -21.222 809.802 0.00 0.00 0.00 0.00 0.00
 Mixed / non conventional 2.00 3.00 9.00 10.00 16.77 0.1 0.00 12.0 -12.864 809.802 0.00 0.00 0.00 0.00 0.00
 Mixed / non conventional 2.00 3.00 10.00 11.00 17.54 0.1 0.00 -27.1 -8.969 809.802 0.00 0.00 0.00 0.00 0.00
 Mixed / non conventional 2.00 3.00 11.00 12.00 19.26 0.1 0.00 -7.3 -6.897 809.802 0.00 0.00 0.00 0.00 0.00
 Mixed / non conventional 2.00 3.00 12.00 13.00 21.29 0.1 0.00 20.6 -5.544 809.802 0.00 0.00 0.00 0.00 0.00
 Mixed / non conventional 2.00 3.00 13.00 14.00 21.75 0.1 0.00 -14.6 -4.247 809.802 0.00 0.00 0.00 0.00 0.00
 Mixed / non conventional 2.00 4.00 6.00 8.00 21.30 0.0 0.00 -422.8 -443.212 784.385 0.00 0.00 0.00 0.00 0.00
 Mixed / non conventional 2.00 4.00 8.00 10.00 17.40 0.0 0.00 24.8 -90.527 784.385 0.00 0.00 0.00 0.00 0.00
 Mixed / non conventional 2.00 4.00 10.00 12.00 18.33 0.0 0.00 -34.7 -38.145 784.385 0.00 0.00 0.00 0.00 0.00
 Mixed / non conventional 2.00 4.00 12.00 14.00 21.73 0.1 0.00 6.4 -22.602 784.385 0.00 0.00 0.00 0.00 0.00
 Mixed / non conventional 2.00 4.00 14.00 16.00 21.90 0.3 0.00 36.3 -13.019 784.385 0.00 0.00 0.00 0.00 0.00
 Mixed / non conventional 2.00 4.00 16.00 18.00 19.85 0.4 0.00 -27.7 -7.375 784.385 0.00 0.00 0.00 0.00 0.00
 Mixed / non conventional 2.00 4.00 18.00 20.00 18.56 0.5 0.00 0.1 -4.598 784.385 0.00 0.00 0.00 0.00 0.00
 Mixed / non conventional 2.00 4.00 20.00 22.00 19.25 1.2 0.00 12.9 -3.337 784.385 0.00 0.00 0.00 0.00 0.00
 Mixed / non conventional 2.00 4.00 22.00 24.00 22.63 1.2 0.00 79.6 -2.853 784.385 0.00 0.00 0.00 0.00 0.00
 Mixed / non conventional 2.00 4.00 24.00 26.00 53.25 1.3 0.00 -64.5 -5.036 784.385 0.00 0.00 0.00 0.00 0.00
 Mixed / non conventional 2.00 4.00 7.00 9.00 18.51 0.0 0.00 -360.5 -176.439 786.067 0.00 0.00 0.00 0.00 0.00
 Mixed / non conventional 2.00 4.00 9.00 11.00 17.20 0.1 0.00 -15.8 -54.650 786.067 0.00 0.00 0.00 0.00 0.00
 Mixed / non conventional 2.00 4.00 11.00 13.00 20.22 0.2 0.00 13.4 -29.207 786.067 0.00 0.00 0.00 0.00 0.00
 Mixed / non conventional 2.00 4.00 13.00 15.00 22.17 0.3 0.00 -22.0 -17.241 786.067 0.00 0.00 0.00 0.00 0.00
 Mixed / non conventional 2.00 4.00 15.00 17.00 20.86 0.4 0.00 35.8 -9.732 786.067 0.00 0.00 0.00 0.00 0.00
 Mixed / non conventional 2.00 4.00 17.00 19.00 19.02 0.7 0.00 -9.2 -5.742 786.067 0.00 0.00 0.00 0.00 0.00
 Mixed / non conventional 2.00 4.00 19.00 21.00 18.81 1.2 0.00 18.2 -3.886 786.067 0.00 0.00 0.00 0.00 0.00
 Mixed / non conventional 2.00 4.00 21.00 23.00 20.59 1.3 0.00 13.2 -3.038 786.067 0.00 0.00 0.00 0.00 0.00
 Mixed / non conventional 2.00 4.00 23.00 25.00 32.33 1.3 0.00 2.3 -3.526 786.067 0.00 0.00 0.00 0.00 0.00
 Mixed / non conventional 2.00 4.00 25.00 27.00 68.12 2.0 0.00 -26.4 -5.646 786.067 0.00 0.00 0.00 0.00 0.00
 Mixed / non conventional 2.00 5.00 8.00 11.00 18.02 0.0 0.00 -2.6 -254.080 797.455 0.00 0.00 0.00 0.00 0.00
 Mixed / non conventional 2.00 5.00 11.00 14.00 20.95 0.1 0.00 -1.5 -73.856 797.455 0.00 0.00 0.00 0.00 0.00
 Mixed / non conventional 2.00 5.00 14.00 17.00 21.97 0.1 0.00 28.0 -30.979 797.455 0.00 0.00 0.00 0.00 0.00
 Mixed / non conventional 2.00 5.00 17.00 20.00 19.39 0.4 0.00 -20.0 -13.675 797.455 0.00 0.00 0.00 0.00 0.00
 Mixed / non conventional 2.00 5.00 20.00 23.00 20.18 0.6 0.00 41.9 -8.132 797.455 0.00 0.00 0.00 0.00 0.00
 Mixed / non conventional 2.00 5.00 23.00 26.00 42.70 0.8 0.00 -13.7 -10.753 797.455 0.00 0.00 0.00 0.00 0.00
 Mixed / non conventional 2.00 5.00 26.00 29.00 53.09 0.9 0.00 4.1 -8.913 797.455 0.00 0.00 0.00 0.00 0.00
 Mixed / non conventional 2.00 5.00 29.00 32.00 35.63 1.3 0.00 55.4 -4.188 797.455 0.00 0.00 0.00 0.00 0.00
 Mixed / non conventional 2.00 5.00 32.00 35.00 54.68 1.5 0.00 39.6 -4.673 797.455 0.00 0.00 0.00 0.00 0.00
 Mixed / non conventional 2.00 5.00 35.00 38.00 53.32 1.9 0.00 -37.7 -3.418 797.455 0.00 0.00 0.00 0.00 0.00
 Mixed / non conventional 2.00 5.00 9.00 12.00 17.93 0.1 0.00 -23.2 -146.228 797.252 0.00 0.00 0.00 0.00 0.00
 Mixed / non conventional 2.00 5.00 12.00 15.00 22.28 0.1 0.00 -1.7 -55.914 797.252 0.00 0.00 0.00 0.00 0.00
 Mixed / non conventional 2.00 5.00 15.00 18.00 21.04 0.2 0.00 15.7 -23.101 797.252 0.00 0.00 0.00 0.00 0.00
 Mixed / non conventional 2.00 5.00 18.00 21.00 19.05 0.5 0.00 28.7 -11.008 797.252 0.00 0.00 0.00 0.00 0.00
 Mixed / non conventional 2.00 5.00 21.00 24.00 21.95 0.8 0.00 63.9 -7.495 797.252 0.00 0.00 0.00 0.00 0.00
 Mixed / non conventional 2.00 5.00 24.00 27.00 59.26 1.1 0.00 -74.3 -12.951 797.252 0.00 0.00 0.00 0.00 0.00
 Mixed / non conventional 2.00 5.00 27.00 30.00 40.44 1.2 0.00 24.7 -5.998 797.252 0.00 0.00 0.00 0.00 0.00
 Mixed / non conventional 2.00 5.00 30.00 33.00 39.16 1.6 0.00 187.9 -4.121 797.252 0.00 0.00 0.00 0.00 0.00
 Mixed / non conventional 2.00 5.00 33.00 36.00 60.84 2.1 0.00 -94.7 -4.708 797.252 0.00 0.00 0.00 0.00 0.00
 Mixed / non conventional 2.00 5.00 36.00 39.00 51.90 2.7 0.00 -32.3 -3.039 797.252 0.00 0.00 0.00 0.00 0.00
 Mixed / non conventional 2.00 5.00 10.00 13.00 19.24 0.0 0.00 -14.2 -100.154 799.555 0.00 0.00 0.00 0.00 0.00
 Mixed / non conventional 2.00 5.00 13.00 16.00 22.51 0.1 0.00 21.2 -41.855 799.555 0.00 0.00 0.00 0.00 0.00
 Mixed / non conventional 2.00 5.00 16.00 19.00 19.97 0.3 0.00 -17.4 -17.469 799.555 0.00 0.00 0.00 0.00 0.00
 Mixed / non conventional 2.00 5.00 19.00 22.00 19.57 0.5 0.00 2.2 -9.419 799.555 0.00 0.00 0.00 0.00 0.00
 Mixed / non conventional 2.00 5.00 22.00 25.00 28.73 0.8 0.00 31.7 -8.415 799.555 0.00 0.00 0.00 0.00 0.00
 Mixed / non conventional 2.00 5.00 25.00 28.00 63.06 1.0 0.00 -18.9 -12.077 799.555 0.00 0.00 0.00 0.00 0.00
 Mixed / non conventional 2.00 5.00 28.00 31.00 36.00 1.2 0.00 34.0 -4.755 799.555 0.00 0.00 0.00 0.00 0.00
 Mixed / non conventional 2.00 5.00 31.00 34.00 49.59 1.6 0.00 84.2 -4.707 799.555 0.00 0.00 0.00 0.00 0.00
 Mixed / non conventional 2.00 5.00 34.00 37.00 55.21 2.1 0.00 59.5 -3.894 799.555 0.00 0.00 0.00 0.00 0.00
 Mixed / non conventional 2.00 5.00 37.00 40.00 59.76 2.7 0.00 -135.2 -3.216 799.555 0.00 0.00 0.00 0.00 0.00
 Mixed / non conventional 2.00 7.00 12.00 17.00 21.21 0.1 0.00 34.0 -169.074 751.290 0.00 0.00 0.00 0.00 0.00
 Mixed / non conventional 2.00 7.00 17.00 22.00 19.33 0.3 0.00 -7.5 -38.529 751.290 0.00 0.00 0.00 0.00 0.00
 Mixed / non conventional 2.00 7.00 22.00 27.00 41.00 0.6 0.00 5.7 -32.681 751.290 0.00 0.00 0.00 0.00 0.00
 Mixed / non conventional 2.00 7.00 27.00 32.00 38.85 0.9 0.00 69.9 -15.483 751.290 0.00 0.00 0.00 0.00 0.00
 Mixed / non conventional 2.00 7.00 32.00 37.00 54.13 1.2 0.00 116.1 -12.329 751.290 0.00 0.00 0.00 0.00 0.00
 Mixed / non conventional 2.00 7.00 37.00 42.00 48.60 2.4 0.00 -154.7 -6.918 751.290 0.00 0.00 0.00 0.00 0.00
 Mixed / non conventional 2.00 7.00 42.00 47.00 26.80 3.1 0.00 2.2 -2.544 751.290 0.00 0.00 0.00 0.00 0.00
 Mixed / non conventional 2.00 7.00 13.00 18.00 21.41 0.1 0.00 -6.7 -121.648 754.080 0.00 0.00 0.00 0.00 0.00
 Mixed / non conventional 2.00 7.00 18.00 23.00 19.42 0.3 0.00 41.5 -31.538 754.080 0.00 0.00 0.00 0.00 0.00
 Mixed / non conventional 2.00 7.00 23.00 28.00 47.68 0.7 0.00 -16.4 -32.749 754.080 0.00 0.00 0.00 0.00 0.00
 Mixed / non conventional 2.00 7.00 28.00 33.00 38.11 1.1 0.00 205.5 -13.511 754.080 0.00 0.00 0.00 0.00 0.00
 Mixed / non conventional 2.00 7.00 33.00 38.00 56.57 1.7 0.00 -140.3 -11.699 754.080 0.00 0.00 0.00 0.00 0.00
 Mixed / non conventional 2.00 7.00 38.00 43.00 41.93 2.9 0.00 -69.8 -5.499 754.080 0.00 0.00 0.00 0.00 0.00
 Mixed / non conventional 2.00 7.00 14.00 19.00 21.01 0.2 0.00 18.3 -88.585 756.539 0.00 0.00 0.00 0.00 0.00
 Mixed / non conventional 2.00 7.00 19.00 24.00 20.36 0.6 0.00 81.3 -27.306 756.539 0.00 0.00 0.00 0.00 0.00
 Mixed / non conventional 2.00 7.00 24.00 29.00 53.51 1.0 0.00 -60.3 -31.905 756.539 0.00 0.00 0.00 0.00 0.00
 Mixed / non conventional 2.00 7.00 29.00 34.00 41.80 1.6 0.00 111.4 -13.239 756.539 0.00 0.00 0.00 0.00 0.00
 Mixed / non conventional 2.00 7.00 34.00 39.00 55.54 2.2 0.00 -39.1 -10.460 756.539 0.00 0.00 0.00 0.00 0.00
 Mixed / non conventional 2.00 7.00 39.00 44.00 34.77 3.8 0.00 -60.1 -4.209 756.539 0.00 0.00 0.00 0.00 0.00
 Mixed / non conventional 2.00 7.00 15.00 20.00 20.27 0.3 0.00 15.3 -65.323 758.110 0.00 0.00 0.00 0.00 0.00
 Mixed / non conventional 2.00 7.00 20.00 25.00 23.82 0.8 0.00 44.0 -26.695 758.110 0.00 0.00 0.00 0.00 0.00
 Mixed / non conventional 2.00 7.00 25.00 30.00 54.24 1.2 0.00 -1.6 -28.226 758.110 0.00 0.00 0.00 0.00 0.00
 Mixed / non conventional 2.00 7.00 30.00 35.00 46.02 1.8 0.00 85.0 -13.063 758.110 0.00 0.00 0.00 0.00 0.00
 Mixed / non conventional 2.00 7.00 35.00 40.00 55.02 2.7 0.00 -59.2 -9.454 758.110 0.00 0.00 0.00 0.00 0.00
 Mixed / non conventional 2.00 7.00 40.00 45.00 27.74 4.8 0.00 -31.1 -3.104 758.110 0.00 0.00 0.00 0.00 0.00
 Mixed / non conventional 2.00 7.00 16.00 21.00 19.57 0.3 0.00 0.3 -49.426 759.918 0.00 0.00 0.00 0.00 0.00
 Mixed / non conventional 2.00 7.00 21.00 26.00 31.60 0.8 0.00 -1.0 -29.937 759.918 0.00 0.00 0.00 0.00 0.00
 Mixed / non conventional 2.00 7.00 26.00 31.00 46.80 1.2 0.00 31.1 -21.399 759.918 0.00 0.00 0.00 0.00 0.00
 Mixed / non conventional 2.00 7.00 31.00 36.00 52.66 1.9 0.00 77.2 -13.457 759.918 0.00 0.00 0.00 0.00 0.00
 Mixed / non conventional 2.00 7.00 36.00 41.00 49.68 3.1 0.00 -79.4 -7.813 759.918 0.00 0.00 0.00 0.00 0.00
 Mixed / non conventional 2.00 7.00 41.00 46.00 26.44 4.7 0.00 43.0 -2.740 759.918 0.00 0.00 0.00 0.00 0.00
 Mixed / non conventional 2.00 8.00 14.00 20.00 20.20 0.1 0.00 7.6 -143.858 805.477 0.00 0.00 0.00 0.00 0.00
 Mixed / non conventional 2.00 8.00 20.00 26.00 27.73 0.5 0.00 27.7 -49.374 805.477 0.00 0.00 0.00 0.00 0.00
 Mixed / non conventional 2.00 8.00 26.00 32.00 45.29 0.9 0.00 59.4 -32.258 805.477 0.00 0.00 0.00 0.00 0.00
 Mixed / non conventional 2.00 8.00 32.00 38.00 53.77 1.4 0.00 2.5 -19.148 805.477 0.00 0.00 0.00 0.00 0.00
 Mixed / non conventional 2.00 8.00 38.00 44.00 38.70 2.7 0.00 -45.8 -7.875 805.477 0.00 0.00 0.00 0.00 0.00
 Mixed / non conventional 2.00 8.00 15.00 21.00 19.61 0.0 0.00 43.7 -104.820 806.455 0.00 0.00 0.00 0.00 0.00
 Mixed / non conventional 2.00 8.00 21.00 27.00 34.98 0.2 0.00 -11.5 -52.344 806.455 0.00 0.00 0.00 0.00 0.00
 Mixed / non conventional 2.00 8.00 27.00 33.00 39.11 0.5 0.00 211.9 -24.547 806.455 0.00 0.00 0.00 0.00 0.00
 Mixed / non conventional 2.00 8.00 33.00 39.00 55.92 0.6 0.00 -126.5 -18.021 806.455 0.00 0.00 0.00 0.00 0.00
 Mixed / non conventional 2.00 8.00 39.00 45.00 32.83 1.1 0.00 -67.8 -6.151 806.455 0.00 0.00 0.00 0.00 0.00
 Mixed / non conventional 2.00 8.00 16.00 22.00 19.13 0.1 0.00 -15.8 -78.981 807.238 0.00 0.00 0.00 0.00 0.00
 Mixed / non conventional 2.00 8.00 22.00 28.00 40.49 0.3 0.00 12.3 -51.447 807.238 0.00 0.00 0.00 0.00 0.00
 Mixed / non conventional 2.00 8.00 28.00 34.00 40.39 0.5 0.00 117.8 -22.455 807.238 0.00 0.00 0.00 0.00 0.00
 Mixed / non conventional 2.00 8.00 34.00 40.00 54.63 0.8 0.00 -75.1 -15.984 807.238 0.00 0.00 0.00 0.00 0.00
 Mixed / non conventional 2.00 8.00 40.00 46.00 27.80 1.6 0.00 31.6 -4.806 807.238 0.00 0.00 0.00 0.00 0.00
 Mixed / non conventional 2.00 8.00 17.00 23.00 19.08 0.1 0.00 21.5 -62.345 808.372 0.00 0.00 0.00 0.00 0.00
 Mixed / non conventional 2.00 8.00 23.00 29.00 45.67 0.4 0.00 -9.9 -49.743 808.372 0.00 0.00 0.00 0.00 0.00
 Mixed / non conventional 2.00 8.00 29.00 35.00 43.05 0.6 0.00 95.3 -21.313 808.372 0.00 0.00 0.00 0.00 0.00
 Mixed / non conventional 2.00 8.00 35.00 41.00 51.63 1.1 0.00 -70.6 -13.764 808.372 0.00 0.00 0.00 0.00 0.00
 Mixed / non conventional 2.00 8.00 41.00 47.00 26.69 1.8 0.00 -6.7 -4.270 808.372 0.00 0.00 0.00 0.00 0.00
 Mixed / non conventional 2.00 8.00 18.00 24.00 19.44 0.3 0.00 91.6 -51.211 809.410 0.00 0.00 0.00 0.00 0.00
 Mixed / non conventional 2.00 8.00 24.00 30.00 50.45 0.5 0.00 -50.1 -47.473 809.410 0.00 0.00 0.00 0.00 0.00
 Mixed / non conventional 2.00 8.00 30.00 36.00 47.37 0.9 0.00 93.3 -20.976 809.410 0.00 0.00 0.00 0.00 0.00
 Mixed / non conventional 2.00 8.00 36.00 42.00 46.18 1.7 0.00 -88.1 -11.248 809.410 0.00 0.00 0.00 0.00 0.00
 Mixed / non conventional 2.00 8.00 19.00 25.00 22.04 0.4 0.00 32.9 -47.590 810.596 0.00 0.00 0.00 0.00 0.00
 Mixed / non conventional 2.00 8.00 25.00 31.00 50.64 0.8 0.00 14.4 -41.480 810.596 0.00 0.00 0.00 0.00 0.00
 Mixed / non conventional 2.00 8.00 31.00 37.00 50.43 1.5 0.00 144.7 -20.066 810.596 0.00 0.00 0.00 0.00 0.00
 Mixed / non conventional 2.00 8.00 37.00 43.00 44.48 2.7 0.00 -184.3 -9.928 810.596 0.00 0.00 0.00 0.00 0.00
 Mixed / non conventional 3.00 4.00 5.00 6.00 24.22 0.0 0.00 40.4 -999.247 777.553 0.00 0.00 0.00 0.00 0.00
 Mixed / non conventional 3.00 4.00 6.00 7.00 22.80 0.0 0.00 80.2 -235.179 777.553 0.00 0.00 0.00 0.00 0.00
 Mixed / non conventional 3.00 4.00 7.00 8.00 19.21 1.9 0.00 90.9 -79.251 777.553 0.00 0.00 0.00 0.00 0.00
 Mixed / non conventional 3.00 4.00 8.00 9.00 18.21 3.8 0.00 -530.4 -37.562 777.553 0.00 0.00 0.00 0.00 0.00
 Mixed / non conventional 3.00 4.00 9.00 10.00 17.04 0.1 0.00 11.9 -20.078 777.553 0.00 0.00 0.00 0.00 0.00
 Mixed / non conventional 3.00 4.00 10.00 11.00 17.70 0.2 0.00 -27.3 -13.037 777.553 0.00 0.00 0.00 0.00 0.00
 Mixed / non conventional 3.00 4.00 11.00 12.00 19.42 0.3 0.00 -7.3 -9.539 777.553 0.00 0.00 0.00 0.00 0.00
 Mixed / non conventional 3.00 4.00 12.00 13.00 21.64 0.4 0.00 21.0 -7.440 777.553 0.00 0.00 0.00 0.00 0.00
 Mixed / non conventional 3.00 4.00 13.00 14.00 22.37 0.6 0.00 -14.8 -5.592 777.553 0.00 0.00 0.00 0.00 0.00
 Mixed / non conventional 3.00 4.00 14.00 15.00 22.60 0.8 0.00 -7.8 -4.238 777.553 0.00 0.00 0.00 0.00 0.00
 Mixed / non conventional 3.00 5.00 7.00 9.00 20.00 0.0 0.00 -435.5 -416.828 785.655 0.00 0.00 0.00 0.00 0.00
 Mixed / non conventional 3.00 5.00 9.00 11.00 17.63 0.1 0.00 -15.8 -91.830 785.655 0.00 0.00 0.00 0.00 0.00
 Mixed / non conventional 3.00 5.00 11.00 13.00 20.60 0.2 0.00 13.5 -42.940 785.655 0.00 0.00 0.00 0.00 0.00
 Mixed / non conventional 3.00 5.00 13.00 15.00 22.93 0.3 0.00 -22.1 -23.893 785.655 0.00 0.00 0.00 0.00 0.00
 Mixed / non conventional 3.00 5.00 15.00 17.00 21.69 0.5 0.00 35.8 -12.912 785.655 0.00 0.00 0.00 0.00 0.00
 Mixed / non conventional 3.00 5.00 17.00 19.00 19.77 0.9 0.00 -8.9 -7.358 785.655 0.00 0.00 0.00 0.00 0.00
 Mixed / non conventional 3.00 5.00 19.00 21.00 19.45 1.3 0.00 18.1 -4.825 785.655 0.00 0.00 0.00 0.00 0.00
 Mixed / non conventional 3.00 5.00 21.00 23.00 21.31 1.7 0.00 13.1 -3.701 785.655 0.00 0.00 0.00 0.00 0.00
 Mixed / non conventional 3.00 5.00 23.00 25.00 33.25 2.3 0.00 2.2 -4.200 785.655 0.00 0.00 0.00 0.00 0.00
 Mixed / non conventional 3.00 5.00 25.00 27.00 70.53 2.7 0.00 -26.3 -6.681 785.655 0.00 0.00 0.00 0.00 0.00
 Mixed / non conventional 3.00 5.00 8.00 10.00 18.26 0.0 0.00 -411.4 -174.520 788.314 0.00 0.00 0.00 0.00 0.00
 Mixed / non conventional 3.00 5.00 10.00 12.00 18.59 0.1 0.00 -35.3 -59.241 788.314 0.00 0.00 0.00 0.00 0.00
 Mixed / non conventional 3.00 5.00 12.00 14.00 22.27 0.2 0.00 6.4 -32.259 788.314 0.00 0.00 0.00 0.00 0.00
 Mixed / non conventional 3.00 5.00 14.00 16.00 22.72 0.4 0.00 36.3 -17.721 788.314 0.00 0.00 0.00 0.00 0.00
 Mixed / non conventional 3.00 5.00 16.00 18.00 20.57 0.7 0.00 -27.8 -9.625 788.314 0.00 0.00 0.00 0.00 0.00
 Mixed / non conventional 3.00 5.00 18.00 20.00 19.15 1.1 0.00 0.0 -5.797 788.314 0.00 0.00 0.00 0.00 0.00
 Mixed / non conventional 3.00 5.00 20.00 22.00 19.74 1.6 0.00 12.8 -4.090 788.314 0.00 0.00 0.00 0.00 0.00
 Mixed / non conventional 3.00 5.00 22.00 24.00 23.06 2.1 0.00 79.5 -3.413 788.314 0.00 0.00 0.00 0.00 0.00
 Mixed / non conventional 3.00 5.00 24.00 26.00 54.33 2.5 0.00 -64.3 -5.942 788.314 0.00 0.00 0.00 0.00 0.00
 Mixed / non conventional 3.00 5.00 26.00 28.00 59.32 2.9 0.00 -2.9 -4.931 788.314 0.00 0.00 0.00 0.00 0.00
 Mixed / non conventional 3.00 6.00 9.00 12.00 17.92 0.1 0.00 -23.4 -237.467 749.363 0.00 0.00 0.00 0.00 0.00
 Mixed / non conventional 3.00 6.00 12.00 15.00 22.31 0.2 0.00 -1.6 -73.904 749.363 0.00 0.00 0.00 0.00 0.00
 Mixed / non conventional 3.00 6.00 15.00 18.00 21.49 0.4 0.00 15.8 -28.482 749.363 0.00 0.00 0.00 0.00 0.00
 Mixed / non conventional 3.00 6.00 18.00 21.00 19.43 1.0 0.00 28.8 -12.873 749.363 0.00 0.00 0.00 0.00 0.00
 Mixed / non conventional 3.00 6.00 21.00 24.00 22.40 1.6 0.00 63.5 -8.481 749.363 0.00 0.00 0.00 0.00 0.00
 Mixed / non conventional 3.00 6.00 24.00 27.00 60.40 2.2 0.00 -74.0 -14.293 749.363 0.00 0.00 0.00 0.00 0.00
 Mixed / non conventional 3.00 6.00 27.00 30.00 41.36 3.1 0.00 24.8 -6.525 749.363 0.00 0.00 0.00 0.00 0.00
 Mixed / non conventional 3.00 6.00 30.00 33.00 40.09 3.6 0.00 187.2 -4.427 749.363 0.00 0.00 0.00 0.00 0.00
 Mixed / non conventional 3.00 6.00 33.00 36.00 62.19 5.1 0.00 -94.0 -4.995 749.363 0.00 0.00 0.00 0.00 0.00
 Mixed / non conventional 3.00 6.00 36.00 39.00 53.18 6.9 0.00 -31.9 -3.203 749.363 0.00 0.00 0.00 0.00 0.00
 Mixed / non conventional 3.00 6.00 10.00 13.00 18.98 0.0 0.00 -14.3 -146.166 752.658 0.00 0.00 0.00 0.00 0.00
 Mixed / non conventional 3.00 6.00 13.00 16.00 22.73 0.2 0.00 21.1 -53.855 752.658 0.00 0.00 0.00 0.00 0.00
 Mixed / non conventional 3.00 6.00 16.00 19.00 20.39 0.5 0.00 -17.3 -21.134 752.658 0.00 0.00 0.00 0.00 0.00
 Mixed / non conventional 3.00 6.00 19.00 22.00 19.84 1.1 0.00 1.8 -10.822 752.658 0.00 0.00 0.00 0.00 0.00
 Mixed / non conventional 3.00 6.00 22.00 25.00 28.95 1.8 0.00 31.7 -9.335 752.658 0.00 0.00 0.00 0.00 0.00
 Mixed / non conventional 3.00 6.00 25.00 28.00 63.71 2.3 0.00 -18.8 -13.146 752.658 0.00 0.00 0.00 0.00 0.00
 Mixed / non conventional 3.00 6.00 28.00 31.00 36.28 3.3 0.00 34.0 -5.079 752.658 0.00 0.00 0.00 0.00 0.00
 Mixed / non conventional 3.00 6.00 31.00 34.00 49.84 4.0 0.00 83.6 -4.952 752.658 0.00 0.00 0.00 0.00 0.00
 Mixed / non conventional 3.00 6.00 34.00 37.00 55.07 5.4 0.00 61.2 -4.023 752.658 0.00 0.00 0.00 0.00 0.00
 Mixed / non conventional 3.00 6.00 37.00 40.00 58.04 7.2 0.00 -136.6 -3.209 752.658 0.00 0.00 0.00 0.00 0.00
 Mixed / non conventional 3.00 6.00 11.00 14.00 20.77 0.2 0.00 -1.5 -101.962 753.993 0.00 0.00 0.00 0.00 0.00
 Mixed / non conventional 3.00 6.00 14.00 17.00 22.38 0.4 0.00 27.6 -39.233 753.993 0.00 0.00 0.00 0.00 0.00
 Mixed / non conventional 3.00 6.00 17.00 20.00 19.85 0.8 0.00 -20.0 -16.380 753.993 0.00 0.00 0.00 0.00 0.00
 Mixed / non conventional 3.00 6.00 20.00 23.00 20.65 1.4 0.00 41.9 -9.369 753.993 0.00 0.00 0.00 0.00 0.00
 Mixed / non conventional 3.00 6.00 23.00 26.00 43.59 2.0 0.00 -13.8 -12.041 753.993 0.00 0.00 0.00 0.00 0.00
 Mixed / non conventional 3.00 6.00 26.00 29.00 54.47 2.6 0.00 4.2 -9.837 753.993 0.00 0.00 0.00 0.00 0.00
 Mixed / non conventional 3.00 6.00 29.00 32.00 36.52 3.7 0.00 55.4 -4.548 753.993 0.00 0.00 0.00 0.00 0.00
 Mixed / non conventional 3.00 6.00 32.00 35.00 56.21 4.3 0.00 39.7 -5.032 753.993 0.00 0.00 0.00 0.00 0.00
 Mixed / non conventional 3.00 6.00 35.00 38.00 55.33 5.7 0.00 -37.6 -3.680 753.993 0.00 0.00 0.00 0.00 0.00
 Mixed / non conventional 3.00 6.00 38.00 41.00 51.40 8.6 0.00 -33.6 -2.609 753.993 0.00 0.00 0.00 0.00 0.00
 Mixed / non conventional 3.00 8.00 13.00 18.00 20.53 0.1 0.00 -6.9 -173.171 795.031 0.00 0.00 0.00 0.00 0.00
 Mixed / non conventional 3.00 8.00 18.00 23.00 18.98 0.4 0.00 41.2 -40.036 795.031 0.00 0.00 0.00 0.00 0.00
 Mixed / non conventional 3.00 8.00 23.00 28.00 46.74 0.7 0.00 -16.8 -39.424 795.031 0.00 0.00 0.00 0.00 0.00
 Mixed / non conventional 3.00 8.00 28.00 33.00 37.80 1.2 0.00 204.3 -15.943 795.031 0.00 0.00 0.00 0.00 0.00
 Mixed / non conventional 3.00 8.00 33.00 38.00 56.29 1.5 0.00 -139.8 -13.567 795.031 0.00 0.00 0.00 0.00 0.00
 Mixed / non conventional 3.00 8.00 38.00 43.00 41.85 2.9 0.00 -70.4 -6.304 795.031 0.00 0.00 0.00 0.00 0.00
 Mixed / non conventional 3.00 8.00 14.00 19.00 20.33 0.1 0.00 18.7 -122.007 796.407 0.00 0.00 0.00 0.00 0.00
 Mixed / non conventional 3.00 8.00 19.00 24.00 19.87 0.4 0.00 80.8 -34.077 796.407 0.00 0.00 0.00 0.00 0.00
 Mixed / non conventional 3.00 8.00 24.00 29.00 52.56 0.7 0.00 -59.7 -38.132 796.407 0.00 0.00 0.00 0.00 0.00
 Mixed / non conventional 3.00 8.00 29.00 34.00 41.23 1.1 0.00 110.8 -15.438 796.407 0.00 0.00 0.00 0.00 0.00
 Mixed / non conventional 3.00 8.00 34.00 39.00 54.90 1.7 0.00 -38.1 -11.992 796.407 0.00 0.00 0.00 0.00 0.00
 Mixed / non conventional 3.00 8.00 39.00 44.00 34.21 2.9 0.00 -59.6 -4.739 796.407 0.00 0.00 0.00 0.00 0.00
 Mixed / non conventional 3.00 8.00 15.00 20.00 19.72 0.1 0.00 15.3 -87.606 797.353 0.00 0.00 0.00 0.00 0.00
 Mixed / non conventional 3.00 8.00 20.00 25.00 23.20 0.4 0.00 43.8 -32.804 797.353 0.00 0.00 0.00 0.00 0.00
 Mixed / non conventional 3.00 8.00 25.00 30.00 53.36 0.6 0.00 -1.5 -33.530 797.353 0.00 0.00 0.00 0.00 0.00
 Mixed / non conventional 3.00 8.00 30.00 35.00 45.42 1.0 0.00 84.7 -15.162 797.353 0.00 0.00 0.00 0.00 0.00
 Mixed / non conventional 3.00 8.00 35.00 40.00 54.26 1.5 0.00 -59.0 -10.770 797.353 0.00 0.00 0.00 0.00 0.00
 Mixed / non conventional 3.00 8.00 40.00 45.00 27.41 2.8 0.00 -30.9 -3.497 797.353 0.00 0.00 0.00 0.00 0.00
 Mixed / non conventional 3.00 8.00 16.00 21.00 19.09 0.1 0.00 0.4 -64.815 798.648 0.00 0.00 0.00 0.00 0.00
 Mixed / non conventional 3.00 8.00 21.00 26.00 30.75 0.3 0.00 -1.1 -36.314 798.648 0.00 0.00 0.00 0.00 0.00
 Mixed / non conventional 3.00 8.00 26.00 31.00 46.14 0.5 0.00 31.2 -25.297 798.648 0.00 0.00 0.00 0.00 0.00
 Mixed / non conventional 3.00 8.00 31.00 36.00 52.04 0.9 0.00 76.9 -15.564 798.648 0.00 0.00 0.00 0.00 0.00
 Mixed / non conventional 3.00 8.00 36.00 41.00 49.01 1.6 0.00 -79.2 -8.872 798.648 0.00 0.00 0.00 0.00 0.00
 Mixed / non conventional 3.00 8.00 41.00 46.00 26.09 2.3 0.00 43.2 -3.076 798.648 0.00 0.00 0.00 0.00 0.00
 Mixed / non conventional 3.00 8.00 17.00 22.00 18.87 0.1 0.00 -7.6 -50.134 799.074 0.00 0.00 0.00 0.00 0.00
 Mixed / non conventional 3.00 8.00 22.00 27.00 39.91 0.4 0.00 5.5 -39.749 799.074 0.00 0.00 0.00 0.00 0.00
 Mixed / non conventional 3.00 8.00 27.00 32.00 38.28 0.5 0.00 69.7 -18.406 799.074 0.00 0.00 0.00 0.00 0.00
 Mixed / non conventional 3.00 8.00 32.00 37.00 53.45 0.8 0.00 117.6 -14.362 799.074 0.00 0.00 0.00 0.00 0.00
 Mixed / non conventional 3.00 8.00 37.00 42.00 47.87 1.4 0.00 -155.8 -7.916 799.074 0.00 0.00 0.00 0.00 0.00
 Mixed / non conventional 3.00 8.00 42.00 47.00 26.28 2.1 0.00 1.8 -2.864 799.074 0.00 0.00 0.00 0.00 0.00
 Mixed / non conventional 3.00 9.00 15.00 21.00 19.26 0.1 0.00 44.1 -133.810 785.600 0.00 0.00 0.00 0.00 0.00
 Mixed / non conventional 3.00 9.00 21.00 27.00 34.31 0.4 0.00 -11.4 -59.577 785.600 0.00 0.00 0.00 0.00 0.00
 Mixed / non conventional 3.00 9.00 27.00 33.00 38.92 0.7 0.00 211.2 -27.037 785.600 0.00 0.00 0.00 0.00 0.00
 Mixed / non conventional 3.00 9.00 33.00 39.00 55.77 1.0 0.00 -125.1 -19.369 785.600 0.00 0.00 0.00 0.00 0.00
 Mixed / non conventional 3.00 9.00 39.00 45.00 32.60 2.0 0.00 -67.4 -6.471 785.600 0.00 0.00 0.00 0.00 0.00
 Mixed / non conventional 3.00 9.00 16.00 22.00 18.86 0.0 0.00 -16.1 -98.350 786.747 0.00 0.00 0.00 0.00 0.00
 Mixed / non conventional 3.00 9.00 22.00 28.00 39.98 0.1 0.00 12.3 -58.364 786.747 0.00 0.00 0.00 0.00 0.00
 Mixed / non conventional 3.00 9.00 28.00 34.00 40.44 0.2 0.00 117.1 -24.758 786.747 0.00 0.00 0.00 0.00 0.00
 Mixed / non conventional 3.00 9.00 34.00 40.00 54.89 0.4 0.00 -74.7 -17.259 786.747 0.00 0.00 0.00 0.00 0.00
 Mixed / non conventional 3.00 9.00 40.00 46.00 28.01 0.8 0.00 31.6 -5.120 786.747 0.00 0.00 0.00 0.00 0.00
 Mixed / non conventional 3.00 9.00 17.00 23.00 18.82 0.2 0.00 21.4 -75.731 786.427 0.00 0.00 0.00 0.00 0.00
 Mixed / non conventional 3.00 9.00 23.00 29.00 45.19 0.4 0.00 -10.3 -55.934 786.427 0.00 0.00 0.00 0.00 0.00
 Mixed / non conventional 3.00 9.00 29.00 35.00 42.95 0.8 0.00 94.7 -23.258 786.427 0.00 0.00 0.00 0.00 0.00
 Mixed / non conventional 3.00 9.00 35.00 41.00 51.60 1.3 0.00 -70.8 -14.707 786.427 0.00 0.00 0.00 0.00 0.00
 Mixed / non conventional 3.00 9.00 41.00 47.00 26.67 2.1 0.00 -6.9 -4.492 786.427 0.00 0.00 0.00 0.00 0.00
 Mixed / non conventional 3.00 9.00 18.00 24.00 19.15 0.2 0.00 91.1 -61.042 788.747 0.00 0.00 0.00 0.00 0.00
 Mixed / non conventional 3.00 9.00 24.00 30.00 50.01 0.5 0.00 -49.9 -53.149 788.747 0.00 0.00 0.00 0.00 0.00
 Mixed / non conventional 3.00 9.00 30.00 36.00 47.11 0.9 0.00 92.9 -22.757 788.747 0.00 0.00 0.00 0.00 0.00
 Mixed / non conventional 3.00 9.00 36.00 42.00 45.87 1.5 0.00 -87.7 -11.932 788.747 0.00 0.00 0.00 0.00 0.00
 Mixed / non conventional 3.00 9.00 19.00 25.00 21.69 0.2 0.00 32.6 -55.726 789.354 0.00 0.00 0.00 0.00 0.00
 Mixed / non conventional 3.00 9.00 25.00 31.00 50.42 0.3 0.00 14.5 -46.275 789.354 0.00 0.00 0.00 0.00 0.00
 Mixed / non conventional 3.00 9.00 31.00 37.00 50.30 0.5 0.00 145.5 -21.724 789.354 0.00 0.00 0.00 0.00 0.00
 Mixed / non conventional 3.00 9.00 37.00 43.00 44.49 0.8 0.00 -185.6 -10.568 789.354 0.00 0.00 0.00 0.00 0.00
 Mixed / non conventional 3.00 9.00 20.00 26.00 27.19 0.1 0.00 27.5 -57.271 790.676 0.00 0.00 0.00 0.00 0.00
 Mixed / non conventional 3.00 9.00 26.00 32.00 45.06 0.3 0.00 58.8 -36.006 790.676 0.00 0.00 0.00 0.00 0.00
 Mixed / non conventional 3.00 9.00 32.00 38.00 53.59 0.5 0.00 2.3 -20.798 790.676 0.00 0.00 0.00 0.00 0.00
 Mixed / non conventional 3.00 9.00 38.00 44.00 38.42 1.0 0.00 -45.4 -8.365 790.676 0.00 0.00 0.00 0.00 0.00
 Mixed / non conventional 4.00 5.00 6.00 7.00 23.71 0.0 0.00 -10.6 -959.700 763.027 0.00 0.00 0.00 0.00 0.00
 Mixed / non conventional 4.00 5.00 7.00 8.00 21.05 0.1 0.00 39.1 -213.052 763.027 0.00 0.00 0.00 0.00 0.00
 Mixed / non conventional 4.00 5.00 8.00 9.00 19.02 1.5 0.00 92.1 -76.991 763.027 0.00 0.00 0.00 0.00 0.00
 Mixed / non conventional 4.00 5.00 9.00 10.00 17.82 3.2 0.00 -516.8 -36.071 763.027 0.00 0.00 0.00 0.00 0.00
 Mixed / non conventional 4.00 5.00 10.00 11.00 18.07 0.1 0.00 -27.5 -20.895 763.027 0.00 0.00 0.00 0.00 0.00
 Mixed / non conventional 4.00 5.00 11.00 12.00 19.83 0.1 0.00 -7.4 -14.336 763.027 0.00 0.00 0.00 0.00 0.00
 Mixed / non conventional 4.00 5.00 12.00 13.00 22.19 0.2 0.00 21.4 -10.692 763.027 0.00 0.00 0.00 0.00 0.00
 Mixed / non conventional 4.00 5.00 13.00 14.00 23.13 0.2 0.00 -14.7 -7.803 763.027 0.00 0.00 0.00 0.00 0.00
 Mixed / non conventional 4.00 5.00 14.00 15.00 23.53 0.2 0.00 -7.9 -5.773 763.027 0.00 0.00 0.00 0.00 0.00
 Mixed / non conventional 4.00 5.00 15.00 16.00 22.68 0.3 0.00 43.7 -4.173 763.027 0.00 0.00 0.00 0.00 0.00
 Mixed / non conventional 4.00 6.00 8.00 10.00 18.91 0.0 0.00 -420.8 -366.017 729.765 0.00 0.00 0.00 0.00 0.00
 Mixed / non conventional 4.00 6.00 10.00 12.00 18.31 0.0 0.00 -35.7 -88.630 729.765 0.00 0.00 0.00 0.00 0.00
 Mixed / non conventional 4.00 6.00 12.00 14.00 22.13 0.1 0.00 6.4 -42.836 729.765 0.00 0.00 0.00 0.00 0.00
 Mixed / non conventional 4.00 6.00 14.00 16.00 23.04 0.1 0.00 36.3 -22.296 729.765 0.00 0.00 0.00 0.00 0.00
 Mixed / non conventional 4.00 6.00 16.00 18.00 21.09 0.2 0.00 -27.8 -11.666 729.765 0.00 0.00 0.00 0.00 0.00
 Mixed / non conventional 4.00 6.00 18.00 20.00 19.66 0.2 0.00 0.0 -6.797 729.765 0.00 0.00 0.00 0.00 0.00
 Mixed / non conventional 4.00 6.00 20.00 22.00 20.27 0.5 0.00 12.6 -4.671 729.765 0.00 0.00 0.00 0.00 0.00
 Mixed / non conventional 4.00 6.00 22.00 24.00 23.79 0.5 0.00 79.3 -3.838 729.765 0.00 0.00 0.00 0.00 0.00
 Mixed / non conventional 4.00 6.00 24.00 26.00 56.15 0.5 0.00 -63.9 -6.587 729.765 0.00 0.00 0.00 0.00 0.00
 Mixed / non conventional 4.00 6.00 26.00 28.00 61.64 0.6 0.00 -2.9 -5.424 729.765 0.00 0.00 0.00 0.00 0.00
 Mixed / non conventional 4.00 6.00 9.00 11.00 17.69 0.0 0.00 -454.1 -156.328 728.861 0.00 0.00 0.00 0.00 0.00
 Mixed / non conventional 4.00 6.00 11.00 13.00 20.25 0.1 0.00 13.3 -59.659 728.861 0.00 0.00 0.00 0.00 0.00
 Mixed / non conventional 4.00 6.00 13.00 15.00 22.98 0.1 0.00 -22.4 -30.768 728.861 0.00 0.00 0.00 0.00 0.00
 Mixed / non conventional 4.00 6.00 15.00 17.00 22.06 0.1 0.00 35.7 -15.909 728.861 0.00 0.00 0.00 0.00 0.00
 Mixed / non conventional 4.00 6.00 17.00 19.00 20.19 0.3 0.00 -8.6 -8.735 728.861 0.00 0.00 0.00 0.00 0.00
 Mixed / non conventional 4.00 6.00 19.00 21.00 19.76 0.3 0.00 18.0 -5.532 728.861 0.00 0.00 0.00 0.00 0.00
 Mixed / non conventional 4.00 6.00 21.00 23.00 21.56 0.5 0.00 13.2 -4.130 728.861 0.00 0.00 0.00 0.00 0.00
 Mixed / non conventional 4.00 6.00 23.00 25.00 33.68 0.4 0.00 2.3 -4.607 728.861 0.00 0.00 0.00 0.00 0.00
 Mixed / non conventional 4.00 6.00 25.00 27.00 71.73 0.8 0.00 -26.3 -7.253 728.861 0.00 0.00 0.00 0.00 0.00
 Mixed / non conventional 4.00 6.00 27.00 29.00 43.90 1.1 0.00 14.1 -3.374 728.861 0.00 0.00 0.00 0.00 0.00
 Mixed / non conventional 4.00 7.00 10.00 13.00 17.83 0.0 0.00 -14.6 -226.628 718.749 0.00 0.00 0.00 0.00 0.00
 Mixed / non conventional 4.00 7.00 13.00 16.00 21.75 0.1 0.00 21.0 -69.108 718.749 0.00 0.00 0.00 0.00 0.00
 Mixed / non conventional 4.00 7.00 16.00 19.00 19.91 0.2 0.00 -17.1 -25.305 718.749 0.00 0.00 0.00 0.00 0.00
 Mixed / non conventional 4.00 7.00 19.00 22.00 19.41 0.3 0.00 1.4 -12.338 718.749 0.00 0.00 0.00 0.00 0.00
 Mixed / non conventional 4.00 7.00 22.00 25.00 28.36 0.5 0.00 31.8 -10.298 718.749 0.00 0.00 0.00 0.00 0.00
 Mixed / non conventional 4.00 7.00 25.00 28.00 62.77 0.7 0.00 -18.6 -14.247 718.749 0.00 0.00 0.00 0.00 0.00
 Mixed / non conventional 4.00 7.00 28.00 31.00 35.84 0.9 0.00 34.1 -5.423 718.749 0.00 0.00 0.00 0.00 0.00
 Mixed / non conventional 4.00 7.00 31.00 34.00 49.44 1.1 0.00 83.2 -5.237 718.749 0.00 0.00 0.00 0.00 0.00
 Mixed / non conventional 4.00 7.00 34.00 37.00 54.81 1.7 0.00 62.5 -4.222 718.749 0.00 0.00 0.00 0.00 0.00
 Mixed / non conventional 4.00 7.00 37.00 40.00 57.20 2.2 0.00 -137.4 -3.304 718.749 0.00 0.00 0.00 0.00 0.00
 Mixed / non conventional 4.00 7.00 11.00 14.00 19.45 0.0 0.00 -1.6 -143.485 721.041 0.00 0.00 0.00 0.00 0.00
 Mixed / non conventional 4.00 7.00 14.00 17.00 21.63 0.1 0.00 27.5 -49.093 721.041 0.00 0.00 0.00 0.00 0.00
 Mixed / non conventional 4.00 7.00 17.00 20.00 19.42 0.2 0.00 -19.9 -19.284 721.041 0.00 0.00 0.00 0.00 0.00
 Mixed / non conventional 4.00 7.00 20.00 23.00 20.21 0.6 0.00 42.0 -10.561 721.041 0.00 0.00 0.00 0.00 0.00
 Mixed / non conventional 4.00 7.00 23.00 26.00 42.69 0.8 0.00 -13.8 -13.186 721.041 0.00 0.00 0.00 0.00 0.00
 Mixed / non conventional 4.00 7.00 26.00 29.00 53.77 1.0 0.00 4.3 -10.629 721.041 0.00 0.00 0.00 0.00 0.00
 Mixed / non conventional 4.00 7.00 29.00 32.00 36.13 1.5 0.00 55.3 -4.846 721.041 0.00 0.00 0.00 0.00 0.00
 Mixed / non conventional 4.00 7.00 32.00 35.00 55.85 1.6 0.00 39.7 -5.316 721.041 0.00 0.00 0.00 0.00 0.00
 Mixed / non conventional 4.00 7.00 35.00 38.00 54.82 2.1 0.00 -37.3 -3.837 721.041 0.00 0.00 0.00 0.00 0.00
 Mixed / non conventional 4.00 7.00 38.00 41.00 51.02 3.5 0.00 -33.7 -2.702 721.041 0.00 0.00 0.00 0.00 0.00
 Mixed / non conventional 4.00 7.00 12.00 15.00 21.08 0.0 0.00 -1.6 -99.156 722.384 0.00 0.00 0.00 0.00 0.00
 Mixed / non conventional 4.00 7.00 15.00 18.00 20.89 0.1 0.00 15.6 -35.090 722.384 0.00 0.00 0.00 0.00 0.00
 Mixed / non conventional 4.00 7.00 18.00 21.00 18.99 0.3 0.00 28.6 -15.011 722.384 0.00 0.00 0.00 0.00 0.00
 Mixed / non conventional 4.00 7.00 21.00 24.00 21.86 0.5 0.00 62.9 -9.504 722.384 0.00 0.00 0.00 0.00 0.00
 Mixed / non conventional 4.00 7.00 24.00 27.00 59.06 0.7 0.00 -73.7 -15.630 722.384 0.00 0.00 0.00 0.00 0.00
 Mixed / non conventional 4.00 7.00 27.00 30.00 40.71 0.9 0.00 24.8 -7.045 722.384 0.00 0.00 0.00 0.00 0.00
 Mixed / non conventional 4.00 7.00 30.00 33.00 39.35 1.1 0.00 186.3 -4.695 722.384 0.00 0.00 0.00 0.00 0.00
 Mixed / non conventional 4.00 7.00 33.00 36.00 61.37 1.6 0.00 -93.0 -5.264 722.384 0.00 0.00 0.00 0.00 0.00
 Mixed / non conventional 4.00 7.00 36.00 39.00 52.27 1.9 0.00 -31.6 -3.330 722.384 0.00 0.00 0.00 0.00 0.00
 Mixed / non conventional 4.00 7.00 39.00 42.00 40.83 3.1 0.00 -56.1 -1.985 722.384 0.00 0.00 0.00 0.00 0.00
 Mixed / non conventional 4.00 9.00 14.00 19.00 19.77 0.0 0.00 18.8 -160.130 763.366 0.00 0.00 0.00 0.00 0.00
 Mixed / non conventional 4.00 9.00 19.00 24.00 19.54 0.2 0.00 80.2 -39.571 763.366 0.00 0.00 0.00 0.00 0.00
 Mixed / non conventional 4.00 9.00 24.00 29.00 51.97 0.4 0.00 -59.5 -42.091 763.366 0.00 0.00 0.00 0.00 0.00
 Mixed / non conventional 4.00 9.00 29.00 34.00 40.98 0.6 0.00 110.3 -16.597 763.366 0.00 0.00 0.00 0.00 0.00
 Mixed / non conventional 4.00 9.00 34.00 39.00 54.66 0.8 0.00 -37.8 -12.650 763.366 0.00 0.00 0.00 0.00 0.00
 Mixed / non conventional 4.00 9.00 39.00 44.00 34.08 1.5 0.00 -59.3 -4.929 763.366 0.00 0.00 0.00 0.00 0.00
 Mixed / non conventional 4.00 9.00 15.00 20.00 19.28 0.1 0.00 15.4 -110.869 763.045 0.00 0.00 0.00 0.00 0.00
 Mixed / non conventional 4.00 9.00 20.00 25.00 22.78 0.3 0.00 43.8 -37.424 763.045 0.00 0.00 0.00 0.00 0.00
 Mixed / non conventional 4.00 9.00 25.00 30.00 52.90 0.5 0.00 -1.3 -36.769 763.045 0.00 0.00 0.00 0.00 0.00
 Mixed / non conventional 4.00 9.00 30.00 35.00 45.21 0.8 0.00 84.6 -16.217 763.045 0.00 0.00 0.00 0.00 0.00
 Mixed / non conventional 4.00 9.00 35.00 40.00 54.04 1.2 0.00 -58.7 -11.308 763.045 0.00 0.00 0.00 0.00 0.00
 Mixed / non conventional 4.00 9.00 40.00 45.00 27.21 2.4 0.00 -30.7 -3.611 763.045 0.00 0.00 0.00 0.00 0.00
 Mixed / non conventional 4.00 9.00 16.00 21.00 18.74 0.1 0.00 0.5 -79.947 765.591 0.00 0.00 0.00 0.00 0.00
 Mixed / non conventional 4.00 9.00 21.00 26.00 30.12 0.4 0.00 -1.0 -40.887 765.591 0.00 0.00 0.00 0.00 0.00
 Mixed / non conventional 4.00 9.00 26.00 31.00 45.80 0.6 0.00 31.4 -27.631 765.591 0.00 0.00 0.00 0.00 0.00
 Mixed / non conventional 4.00 9.00 31.00 36.00 51.78 0.9 0.00 76.7 -16.596 765.591 0.00 0.00 0.00 0.00 0.00
 Mixed / non conventional 4.00 9.00 36.00 41.00 48.75 1.5 0.00 -78.8 -9.290 765.591 0.00 0.00 0.00 0.00 0.00
 Mixed / non conventional 4.00 9.00 41.00 46.00 25.87 2.1 0.00 43.4 -3.169 765.591 0.00 0.00 0.00 0.00 0.00
 Mixed / non conventional 4.00 9.00 17.00 22.00 18.56 0.2 0.00 -7.7 -60.420 765.923 0.00 0.00 0.00 0.00 0.00
 Mixed / non conventional 4.00 9.00 22.00 27.00 39.13 0.5 0.00 5.4 -44.318 765.923 0.00 0.00 0.00 0.00 0.00
 Mixed / non conventional 4.00 9.00 27.00 32.00 38.00 0.7 0.00 69.5 -19.979 765.923 0.00 0.00 0.00 0.00 0.00
 Mixed / non conventional 4.00 9.00 32.00 37.00 53.19 1.1 0.00 118.4 -15.255 765.923 0.00 0.00 0.00 0.00 0.00
 Mixed / non conventional 4.00 9.00 37.00 42.00 47.42 1.8 0.00 -156.5 -8.231 765.923 0.00 0.00 0.00 0.00 0.00
 Mixed / non conventional 4.00 9.00 42.00 47.00 26.07 2.3 0.00 1.6 -2.947 765.923 0.00 0.00 0.00 0.00 0.00
 Mixed / non conventional 4.00 9.00 18.00 23.00 18.64 0.3 0.00 41.2 -47.530 767.103 0.00 0.00 0.00 0.00 0.00
 Mixed / non conventional 4.00 9.00 23.00 28.00 45.83 0.6 0.00 -17.1 -43.825 767.103 0.00 0.00 0.00 0.00 0.00
 Mixed / non conventional 4.00 9.00 28.00 33.00 37.29 1.2 0.00 202.9 -17.214 767.103 0.00 0.00 0.00 0.00 0.00
 Mixed / non conventional 4.00 9.00 33.00 38.00 55.66 1.4 0.00 -138.4 -14.357 767.103 0.00 0.00 0.00 0.00 0.00
 Mixed / non conventional 4.00 9.00 38.00 43.00 40.96 2.8 0.00 -70.7 -6.502 767.103 0.00 0.00 0.00 0.00 0.00
 Mixed / non conventional 4.00 10.00 16.00 22.00 18.31 0.2 0.00 -16.4 -126.142 779.334 0.00 0.00 0.00 0.00 0.00
 Mixed / non conventional 4.00 10.00 22.00 28.00 38.93 0.5 0.00 12.1 -67.073 779.334 0.00 0.00 0.00 0.00 0.00
 Mixed / non conventional 4.00 10.00 28.00 34.00 39.82 0.9 0.00 116.5 -27.438 779.334 0.00 0.00 0.00 0.00 0.00
 Mixed / non conventional 4.00 10.00 34.00 40.00 54.08 1.4 0.00 -74.6 -18.634 779.334 0.00 0.00 0.00 0.00 0.00
 Mixed / non conventional 4.00 10.00 40.00 46.00 27.32 2.9 0.00 31.4 -5.378 779.334 0.00 0.00 0.00 0.00 0.00
 Mixed / non conventional 4.00 10.00 17.00 23.00 18.33 0.2 0.00 21.7 -94.837 780.624 0.00 0.00 0.00 0.00 0.00
 Mixed / non conventional 4.00 10.00 23.00 29.00 44.27 0.6 0.00 -9.8 -64.130 780.624 0.00 0.00 0.00 0.00 0.00
 Mixed / non conventional 4.00 10.00 29.00 35.00 42.42 1.2 0.00 94.9 -25.768 780.624 0.00 0.00 0.00 0.00 0.00
 Mixed / non conventional 4.00 10.00 35.00 41.00 50.94 1.9 0.00 -70.2 -15.890 780.624 0.00 0.00 0.00 0.00 0.00
 Mixed / non conventional 4.00 10.00 41.00 47.00 26.13 3.2 0.00 -6.5 -4.739 780.624 0.00 0.00 0.00 0.00 0.00
 Mixed / non conventional 4.00 10.00 18.00 24.00 18.68 0.2 0.00 90.7 -74.628 781.131 0.00 0.00 0.00 0.00 0.00
 Mixed / non conventional 4.00 10.00 24.00 30.00 49.28 0.6 0.00 -49.4 -60.593 781.131 0.00 0.00 0.00 0.00 0.00
 Mixed / non conventional 4.00 10.00 30.00 36.00 46.64 1.1 0.00 92.8 -25.090 781.131 0.00 0.00 0.00 0.00 0.00
 Mixed / non conventional 4.00 10.00 36.00 42.00 45.39 2.0 0.00 -87.1 -12.850 781.131 0.00 0.00 0.00 0.00 0.00
 Mixed / non conventional 4.00 10.00 19.00 25.00 21.12 0.5 0.00 32.4 -66.725 781.508 0.00 0.00 0.00 0.00 0.00
 Mixed / non conventional 4.00 10.00 25.00 31.00 49.87 0.8 0.00 14.7 -52.508 781.508 0.00 0.00 0.00 0.00 0.00
 Mixed / non conventional 4.00 10.00 31.00 37.00 49.90 1.3 0.00 146.0 -23.883 781.508 0.00 0.00 0.00 0.00 0.00
 Mixed / non conventional 4.00 10.00 37.00 43.00 43.88 2.5 0.00 -186.1 -11.309 781.508 0.00 0.00 0.00 0.00 0.00
 Mixed / non conventional 4.00 10.00 20.00 26.00 26.48 0.4 0.00 27.7 -67.415 782.168 0.00 0.00 0.00 0.00 0.00
 Mixed / non conventional 4.00 10.00 26.00 32.00 44.79 0.6 0.00 58.9 -40.728 782.168 0.00 0.00 0.00 0.00 0.00
 Mixed / non conventional 4.00 10.00 32.00 38.00 53.57 1.0 0.00 2.8 -22.927 782.168 0.00 0.00 0.00 0.00 0.00
 Mixed / non conventional 4.00 10.00 38.00 44.00 38.57 1.9 0.00 -44.8 -9.079 782.168 0.00 0.00 0.00 0.00 0.00
 Mixed / non conventional 4.00 10.00 21.00 27.00 33.37 0.3 0.00 -11.3 -69.603 782.799 0.00 0.00 0.00 0.00 0.00
 Mixed / non conventional 4.00 10.00 27.00 33.00 38.48 0.6 0.00 210.0 -30.440 782.799 0.00 0.00 0.00 0.00 0.00
 Mixed / non conventional 4.00 10.00 33.00 39.00 55.38 1.0 0.00 -123.4 -21.280 782.799 0.00 0.00 0.00 0.00 0.00
 Mixed / non conventional 4.00 10.00 39.00 45.00 32.23 2.0 0.00 -66.9 -6.947 782.799 0.00 0.00 0.00 0.00 0.00
 Mixed / non conventional 5.00 6.00 7.00 8.00 21.45 0.1 0.00 22.7 -836.416 734.912 0.00 0.00 0.00 0.00 0.00
 Mixed / non conventional 5.00 6.00 8.00 9.00 19.58 0.0 0.00 44.8 -190.839 734.912 0.00 0.00 0.00 0.00 0.00
 Mixed / non conventional 5.00 6.00 9.00 10.00 17.60 1.6 0.00 90.8 -68.626 734.912 0.00 0.00 0.00 0.00 0.00
 Mixed / non conventional 5.00 6.00 10.00 11.00 17.65 3.2 0.00 -548.5 -34.399 734.912 0.00 0.00 0.00 0.00 0.00
 Mixed / non conventional 5.00 6.00 11.00 12.00 19.00 0.1 0.00 -7.6 -21.169 734.912 0.00 0.00 0.00 0.00 0.00
 Mixed / non conventional 5.00 6.00 12.00 13.00 21.35 0.1 0.00 21.5 -14.862 734.912 0.00 0.00 0.00 0.00 0.00
 Mixed / non conventional 5.00 6.00 13.00 14.00 22.47 0.1 0.00 -14.6 -10.428 734.912 0.00 0.00 0.00 0.00 0.00
 Mixed / non conventional 5.00 6.00 14.00 15.00 23.12 0.2 0.00 -7.7 -7.512 734.912 0.00 0.00 0.00 0.00 0.00
 Mixed / non conventional 5.00 6.00 15.00 16.00 22.56 0.3 0.00 43.7 -5.330 734.912 0.00 0.00 0.00 0.00 0.00
 Mixed / non conventional 5.00 6.00 16.00 17.00 21.24 0.2 0.00 -8.5 -3.764 734.912 0.00 0.00 0.00 0.00 0.00
 Mixed / non conventional 5.00 7.00 9.00 11.00 17.03 0.0 0.00 -453.1 -327.238 724.226 0.00 0.00 0.00 0.00 0.00
 Mixed / non conventional 5.00 7.00 11.00 13.00 18.52 0.1 0.00 13.5 -88.924 724.226 0.00 0.00 0.00 0.00 0.00
 Mixed / non conventional 5.00 7.00 13.00 15.00 21.34 0.1 0.00 -22.4 -40.988 724.226 0.00 0.00 0.00 0.00 0.00
 Mixed / non conventional 5.00 7.00 15.00 17.00 20.87 0.1 0.00 35.8 -20.046 724.226 0.00 0.00 0.00 0.00 0.00
 Mixed / non conventional 5.00 7.00 17.00 19.00 19.26 0.3 0.00 -8.2 -10.572 724.226 0.00 0.00 0.00 0.00 0.00
 Mixed / non conventional 5.00 7.00 19.00 21.00 18.87 0.4 0.00 18.1 -6.474 724.226 0.00 0.00 0.00 0.00 0.00
 Mixed / non conventional 5.00 7.00 21.00 23.00 20.64 0.5 0.00 13.2 -4.720 724.226 0.00 0.00 0.00 0.00 0.00
 Mixed / non conventional 5.00 7.00 23.00 25.00 32.26 0.8 0.00 2.4 -5.164 724.226 0.00 0.00 0.00 0.00 0.00
 Mixed / non conventional 5.00 7.00 25.00 27.00 68.98 0.9 0.00 -25.8 -8.031 724.226 0.00 0.00 0.00 0.00 0.00
 Mixed / non conventional 5.00 7.00 27.00 29.00 42.38 0.9 0.00 14.5 -3.701 724.226 0.00 0.00 0.00 0.00 0.00
 Mixed / non conventional 5.00 7.00 10.00 12.00 17.02 0.0 0.00 -460.9 -149.802 725.923 0.00 0.00 0.00 0.00 0.00
 Mixed / non conventional 5.00 7.00 12.00 14.00 20.31 0.0 0.00 6.2 -59.582 725.923 0.00 0.00 0.00 0.00 0.00
 Mixed / non conventional 5.00 7.00 14.00 16.00 21.60 0.1 0.00 36.1 -28.815 725.923 0.00 0.00 0.00 0.00 0.00
 Mixed / non conventional 5.00 7.00 16.00 18.00 20.02 0.1 0.00 -27.8 -14.378 725.923 0.00 0.00 0.00 0.00 0.00
 Mixed / non conventional 5.00 7.00 18.00 20.00 18.72 0.1 0.00 -0.1 -8.066 725.923 0.00 0.00 0.00 0.00 0.00
 Mixed / non conventional 5.00 7.00 20.00 22.00 19.30 0.4 0.00 12.5 -5.381 725.923 0.00 0.00 0.00 0.00 0.00
 Mixed / non conventional 5.00 7.00 22.00 24.00 22.60 0.4 0.00 79.1 -4.312 725.923 0.00 0.00 0.00 0.00 0.00
 Mixed / non conventional 5.00 7.00 24.00 26.00 53.44 0.4 0.00 -63.4 -7.281 725.923 0.00 0.00 0.00 0.00 0.00
 Mixed / non conventional 5.00 7.00 26.00 28.00 58.70 0.5 0.00 -2.9 -5.912 725.923 0.00 0.00 0.00 0.00 0.00
 Mixed / non conventional 5.00 7.00 28.00 30.00 37.11 0.6 0.00 17.1 -2.841 725.923 0.00 0.00 0.00 0.00 0.00
 Mixed / non conventional 5.00 8.00 11.00 14.00 17.99 0.1 0.00 -1.6 -246.057 773.244 0.00 0.00 0.00 0.00 0.00
 Mixed / non conventional 5.00 8.00 14.00 17.00 20.33 0.1 0.00 27.4 -69.488 773.244 0.00 0.00 0.00 0.00 0.00
 Mixed / non conventional 5.00 8.00 17.00 20.00 18.51 0.1 0.00 -19.8 -25.308 773.244 0.00 0.00 0.00 0.00 0.00
 Mixed / non conventional 5.00 8.00 20.00 23.00 19.23 0.0 0.00 42.0 -13.150 773.244 0.00 0.00 0.00 0.00 0.00
 Mixed / non conventional 5.00 8.00 23.00 26.00 40.61 0.1 0.00 -13.8 -15.867 773.244 0.00 0.00 0.00 0.00 0.00
 Mixed / non conventional 5.00 8.00 26.00 29.00 51.50 0.1 0.00 4.3 -12.576 773.244 0.00 0.00 0.00 0.00 0.00
 Mixed / non conventional 5.00 8.00 29.00 32.00 34.61 0.2 0.00 55.1 -5.634 773.244 0.00 0.00 0.00 0.00 0.00
 Mixed / non conventional 5.00 8.00 32.00 35.00 53.70 0.3 0.00 39.6 -6.119 773.244 0.00 0.00 0.00 0.00 0.00
 Mixed / non conventional 5.00 8.00 35.00 38.00 52.61 0.5 0.00 -37.1 -4.360 773.244 0.00 0.00 0.00 0.00 0.00
 Mixed / non conventional 5.00 8.00 38.00 41.00 48.72 0.7 0.00 -33.8 -3.028 773.244 0.00 0.00 0.00 0.00 0.00
 Mixed / non conventional 5.00 8.00 12.00 15.00 19.46 0.0 0.00 -1.4 -154.232 774.523 0.00 0.00 0.00 0.00 0.00
 Mixed / non conventional 5.00 8.00 15.00 18.00 19.78 0.0 0.00 15.8 -48.233 774.523 0.00 0.00 0.00 0.00 0.00
 Mixed / non conventional 5.00 8.00 18.00 21.00 18.12 0.1 0.00 28.8 -19.332 774.523 0.00 0.00 0.00 0.00 0.00
 Mixed / non conventional 5.00 8.00 21.00 24.00 20.86 0.1 0.00 62.5 -11.713 774.523 0.00 0.00 0.00 0.00 0.00
 Mixed / non conventional 5.00 8.00 24.00 27.00 56.40 0.2 0.00 -73.0 -18.710 774.523 0.00 0.00 0.00 0.00 0.00
 Mixed / non conventional 5.00 8.00 27.00 30.00 39.06 0.3 0.00 25.2 -8.295 774.523 0.00 0.00 0.00 0.00 0.00
 Mixed / non conventional 5.00 8.00 30.00 33.00 37.86 0.0 0.00 185.5 -5.455 774.523 0.00 0.00 0.00 0.00 0.00
 Mixed / non conventional 5.00 8.00 33.00 36.00 59.21 0.3 0.00 -91.9 -6.054 774.523 0.00 0.00 0.00 0.00 0.00
 Mixed / non conventional 5.00 8.00 36.00 39.00 50.23 0.3 0.00 -30.9 -3.777 774.523 0.00 0.00 0.00 0.00 0.00
 Mixed / non conventional 5.00 8.00 39.00 42.00 39.23 0.8 0.00 -55.7 -2.232 774.523 0.00 0.00 0.00 0.00 0.00
 Mixed / non conventional 5.00 8.00 13.00 16.00 20.25 0.0 0.00 21.2 -101.984 773.603 0.00 0.00 0.00 0.00 0.00
 Mixed / non conventional 5.00 8.00 16.00 19.00 18.94 0.0 0.00 -17.1 -34.071 773.603 0.00 0.00 0.00 0.00 0.00
 Mixed / non conventional 5.00 8.00 19.00 22.00 18.53 0.1 0.00 1.1 -15.684 773.603 0.00 0.00 0.00 0.00 0.00
 Mixed / non conventional 5.00 8.00 22.00 25.00 27.01 0.1 0.00 31.9 -12.576 773.603 0.00 0.00 0.00 0.00 0.00
 Mixed / non conventional 5.00 8.00 25.00 28.00 60.12 0.2 0.00 -18.1 -17.037 773.603 0.00 0.00 0.00 0.00 0.00
 Mixed / non conventional 5.00 8.00 28.00 31.00 34.54 0.2 0.00 34.3 -6.401 773.603 0.00 0.00 0.00 0.00 0.00
 Mixed / non conventional 5.00 8.00 31.00 34.00 47.65 0.2 0.00 83.2 -6.089 773.603 0.00 0.00 0.00 0.00 0.00
 Mixed / non conventional 5.00 8.00 34.00 37.00 52.81 0.2 0.00 63.4 -4.851 773.603 0.00 0.00 0.00 0.00 0.00
 Mixed / non conventional 5.00 8.00 37.00 40.00 55.63 1.1 0.00 -136.9 -3.796 773.603 0.00 0.00 0.00 0.00 0.00
 Mixed / non conventional 5.00 8.00 40.00 43.00 28.76 0.8 0.00 -48.8 -1.497 773.603 0.00 0.00 0.00 0.00 0.00
 Mixed / non conventional 5.00 10.00 15.00 20.00 18.48 0.0 0.00 15.5 -154.073 785.825 0.00 0.00 0.00 0.00 0.00
 Mixed / non conventional 5.00 10.00 20.00 25.00 22.05 0.1 0.00 43.8 -45.953 785.825 0.00 0.00 0.00 0.00 0.00
 Mixed / non conventional 5.00 10.00 25.00 30.00 51.83 0.1 0.00 -1.0 -43.215 785.825 0.00 0.00 0.00 0.00 0.00
 Mixed / non conventional 5.00 10.00 30.00 35.00 44.39 0.2 0.00 84.6 -18.507 785.825 0.00 0.00 0.00 0.00 0.00
 Mixed / non conventional 5.00 10.00 35.00 40.00 53.11 0.4 0.00 -58.2 -12.652 785.825 0.00 0.00 0.00 0.00 0.00
 Mixed / non conventional 5.00 10.00 40.00 45.00 26.54 0.8 0.00 -30.4 -3.952 785.825 0.00 0.00 0.00 0.00 0.00
 Mixed / non conventional 5.00 10.00 16.00 21.00 18.06 0.0 0.00 0.6 -106.947 785.654 0.00 0.00 0.00 0.00 0.00
 Mixed / non conventional 5.00 10.00 21.00 26.00 29.10 0.0 0.00 -1.1 -49.217 785.654 0.00 0.00 0.00 0.00 0.00
 Mixed / non conventional 5.00 10.00 26.00 31.00 44.90 0.0 0.00 31.5 -32.137 785.654 0.00 0.00 0.00 0.00 0.00
 Mixed / non conventional 5.00 10.00 31.00 36.00 50.83 0.1 0.00 76.6 -18.773 785.654 0.00 0.00 0.00 0.00 0.00
 Mixed / non conventional 5.00 10.00 36.00 41.00 47.70 0.2 0.00 -78.4 -10.278 785.654 0.00 0.00 0.00 0.00 0.00
 Mixed / non conventional 5.00 10.00 41.00 46.00 25.14 0.2 0.00 43.6 -3.435 785.654 0.00 0.00 0.00 0.00 0.00
 Mixed / non conventional 5.00 10.00 17.00 22.00 17.95 0.0 0.00 -7.7 -78.615 785.841 0.00 0.00 0.00 0.00 0.00
 Mixed / non conventional 5.00 10.00 22.00 27.00 37.85 0.0 0.00 5.5 -52.733 785.841 0.00 0.00 0.00 0.00 0.00
 Mixed / non conventional 5.00 10.00 27.00 32.00 37.26 0.1 0.00 69.5 -23.074 785.841 0.00 0.00 0.00 0.00 0.00
 Mixed / non conventional 5.00 10.00 32.00 37.00 52.24 0.1 0.00 118.4 -17.185 785.841 0.00 0.00 0.00 0.00 0.00
 Mixed / non conventional 5.00 10.00 37.00 42.00 46.59 0.2 0.00 -156.1 -9.115 785.841 0.00 0.00 0.00 0.00 0.00
 Mixed / non conventional 5.00 10.00 42.00 47.00 25.32 0.3 0.00 1.5 -3.184 785.841 0.00 0.00 0.00 0.00 0.00
 Mixed / non conventional 5.00 10.00 18.00 23.00 18.06 0.1 0.00 41.2 -60.388 786.384 0.00 0.00 0.00 0.00 0.00
 Mixed / non conventional 5.00 10.00 23.00 28.00 44.54 0.2 0.00 -17.0 -51.794 786.384 0.00 0.00 0.00 0.00 0.00
 Mixed / non conventional 5.00 10.00 28.00 33.00 36.65 0.4 0.00 201.9 -19.784 786.384 0.00 0.00 0.00 0.00 0.00
 Mixed / non conventional 5.00 10.00 33.00 38.00 54.86 0.5 0.00 -137.2 -16.153 786.384 0.00 0.00 0.00 0.00 0.00
 Mixed / non conventional 5.00 10.00 38.00 43.00 40.33 0.9 0.00 -70.8 -7.188 786.384 0.00 0.00 0.00 0.00 0.00
 Mixed / non conventional 5.00 10.00 19.00 24.00 18.95 0.1 0.00 79.5 -49.588 787.340 0.00 0.00 0.00 0.00 0.00
 Mixed / non conventional 5.00 10.00 24.00 29.00 50.66 0.1 0.00 -59.4 -49.724 787.340 0.00 0.00 0.00 0.00 0.00
 Mixed / non conventional 5.00 10.00 29.00 34.00 40.16 0.2 0.00 109.6 -19.028 787.340 0.00 0.00 0.00 0.00 0.00
 Mixed / non conventional 5.00 10.00 34.00 39.00 53.63 0.2 0.00 -37.5 -14.200 787.340 0.00 0.00 0.00 0.00 0.00
 Mixed / non conventional 5.00 10.00 39.00 44.00 33.10 0.4 0.00 -58.9 -5.392 787.340 0.00 0.00 0.00 0.00 0.00
 Mixed / non conventional 5.00 11.00 17.00 23.00 17.85 0.0 0.00 21.8 -122.255 774.634 0.00 0.00 0.00 0.00 0.00
 Mixed / non conventional 5.00 11.00 23.00 29.00 43.49 0.0 0.00 -9.9 -74.476 774.634 0.00 0.00 0.00 0.00 0.00
 Mixed / non conventional 5.00 11.00 29.00 35.00 42.12 0.1 0.00 94.6 -28.848 774.634 0.00 0.00 0.00 0.00 0.00
 Mixed / non conventional 5.00 11.00 35.00 41.00 50.64 0.2 0.00 -70.2 -17.343 774.634 0.00 0.00 0.00 0.00 0.00
 Mixed / non conventional 5.00 11.00 41.00 47.00 25.88 0.8 0.00 -6.5 -5.065 774.634 0.00 0.00 0.00 0.00 0.00
 Mixed / non conventional 5.00 11.00 18.00 24.00 18.22 0.1 0.00 90.6 -93.581 774.764 0.00 0.00 0.00 0.00 0.00
 Mixed / non conventional 5.00 11.00 24.00 30.00 48.73 0.0 0.00 -48.3 -70.056 774.764 0.00 0.00 0.00 0.00 0.00
 Mixed / non conventional 5.00 11.00 30.00 36.00 46.44 0.2 0.00 93.1 -27.997 774.764 0.00 0.00 0.00 0.00 0.00
 Mixed / non conventional 5.00 11.00 36.00 42.00 45.25 0.5 0.00 -86.1 -14.009 774.764 0.00 0.00 0.00 0.00 0.00
 Mixed / non conventional 5.00 11.00 19.00 25.00 20.58 0.1 0.00 32.4 -81.588 775.139 0.00 0.00 0.00 0.00 0.00
 Mixed / non conventional 5.00 11.00 25.00 31.00 49.40 0.2 0.00 15.3 -60.278 775.139 0.00 0.00 0.00 0.00 0.00
 Mixed / non conventional 5.00 11.00 31.00 37.00 49.65 0.4 0.00 147.2 -26.501 775.139 0.00 0.00 0.00 0.00 0.00
 Mixed / non conventional 5.00 11.00 37.00 43.00 43.45 0.8 0.00 -186.5 -12.207 775.139 0.00 0.00 0.00 0.00 0.00
 Mixed / non conventional 5.00 11.00 20.00 26.00 25.69 0.1 0.00 27.8 -80.523 775.402 0.00 0.00 0.00 0.00 0.00
 Mixed / non conventional 5.00 11.00 26.00 32.00 44.32 0.2 0.00 59.1 -46.299 775.402 0.00 0.00 0.00 0.00 0.00
 Mixed / non conventional 5.00 11.00 32.00 38.00 53.07 0.5 0.00 3.3 -25.203 775.402 0.00 0.00 0.00 0.00 0.00
 Mixed / non conventional 5.00 11.00 38.00 44.00 37.90 1.0 0.00 -44.3 -9.692 775.402 0.00 0.00 0.00 0.00 0.00
 Mixed / non conventional 5.00 11.00 21.00 27.00 32.49 0.2 0.00 -11.1 -82.096 776.129 0.00 0.00 0.00 0.00 0.00
 Mixed / non conventional 5.00 11.00 27.00 33.00 38.24 0.3 0.00 209.3 -34.509 776.129 0.00 0.00 0.00 0.00 0.00
 Mixed / non conventional 5.00 11.00 33.00 39.00 55.21 0.6 0.00 -122.0 -23.444 776.129 0.00 0.00 0.00 0.00 0.00
 Mixed / non conventional 5.00 11.00 39.00 45.00 32.04 1.2 0.00 -66.4 -7.483 776.129 0.00 0.00 0.00 0.00 0.00
 Mixed / non conventional 5.00 11.00 22.00 28.00 38.05 0.2 0.00 13.3 -78.695 776.162 0.00 0.00 0.00 0.00 0.00
 Mixed / non conventional 5.00 11.00 28.00 34.00 39.50 0.3 0.00 116.6 -30.984 776.162 0.00 0.00 0.00 0.00 0.00
 Mixed / non conventional 5.00 11.00 34.00 40.00 53.80 0.7 0.00 -73.0 -20.499 776.162 0.00 0.00 0.00 0.00 0.00
 Mixed / non conventional 5.00 11.00 40.00 46.00 27.01 1.2 0.00 31.9 -5.772 776.162 0.00 0.00 0.00 0.00 0.00
 Mixed / non conventional 6.00 7.00 8.00 9.00 18.95 0.0 0.00 -20.1 -691.508 687.951 0.00 0.00 0.00 0.00 0.00
 Mixed / non conventional 6.00 7.00 9.00 10.00 17.01 0.0 0.00 24.4 -155.245 687.951 0.00 0.00 0.00 0.00 0.00
 Mixed / non conventional 6.00 7.00 10.00 11.00 16.06 2.3 0.00 126.5 -58.612 687.951 0.00 0.00 0.00 0.00 0.00
 Mixed / non conventional 6.00 7.00 11.00 12.00 17.31 4.3 0.00 -574.1 -31.590 687.951 0.00 0.00 0.00 0.00 0.00
 Mixed / non conventional 6.00 7.00 12.00 13.00 18.92 0.1 0.00 21.7 -19.731 687.951 0.00 0.00 0.00 0.00 0.00
 Mixed / non conventional 6.00 7.00 13.00 14.00 20.07 0.1 0.00 -14.8 -13.081 687.951 0.00 0.00 0.00 0.00 0.00
 Mixed / non conventional 6.00 7.00 14.00 15.00 20.85 0.1 0.00 -7.6 -9.059 687.951 0.00 0.00 0.00 0.00 0.00
 Mixed / non conventional 6.00 7.00 15.00 16.00 20.49 0.2 0.00 43.9 -6.232 687.951 0.00 0.00 0.00 0.00 0.00
 Mixed / non conventional 6.00 7.00 16.00 17.00 19.48 0.1 0.00 -8.6 -4.308 687.951 0.00 0.00 0.00 0.00 0.00
 Mixed / non conventional 6.00 7.00 17.00 18.00 19.07 0.2 0.00 -19.5 -3.163 687.951 0.00 0.00 0.00 0.00 0.00
 Mixed / non conventional 6.00 8.00 10.00 12.00 16.42 0.0 0.00 -443.5 -317.250 728.381 0.00 0.00 0.00 0.00 0.00
 Mixed / non conventional 6.00 8.00 12.00 14.00 18.53 0.0 0.00 6.4 -89.490 728.381 0.00 0.00 0.00 0.00 0.00
 Mixed / non conventional 6.00 8.00 14.00 16.00 19.94 0.1 0.00 36.2 -38.523 728.381 0.00 0.00 0.00 0.00 0.00
 Mixed / non conventional 6.00 8.00 16.00 18.00 18.71 0.1 0.00 -27.7 -18.073 728.381 0.00 0.00 0.00 0.00 0.00
 Mixed / non conventional 6.00 8.00 18.00 20.00 17.55 0.2 0.00 -0.1 -9.691 728.381 0.00 0.00 0.00 0.00 0.00
 Mixed / non conventional 6.00 8.00 20.00 22.00 18.14 0.5 0.00 12.5 -6.258 728.381 0.00 0.00 0.00 0.00 0.00
 Mixed / non conventional 6.00 8.00 22.00 24.00 21.18 0.6 0.00 79.0 -4.873 728.381 0.00 0.00 0.00 0.00 0.00
 Mixed / non conventional 6.00 8.00 24.00 26.00 50.13 0.8 0.00 -62.9 -8.071 728.381 0.00 0.00 0.00 0.00 0.00
 Mixed / non conventional 6.00 8.00 26.00 28.00 55.26 0.9 0.00 -2.7 -6.471 728.381 0.00 0.00 0.00 0.00 0.00
 Mixed / non conventional 6.00 8.00 28.00 30.00 34.92 1.0 0.00 17.2 -3.066 728.381 0.00 0.00 0.00 0.00 0.00
 Mixed / non conventional 6.00 8.00 11.00 13.00 17.14 0.1 0.00 -448.2 -151.721 730.147 0.00 0.00 0.00 0.00 0.00
 Mixed / non conventional 6.00 8.00 13.00 15.00 19.53 0.1 0.00 -22.9 -57.645 730.147 0.00 0.00 0.00 0.00 0.00
 Mixed / non conventional 6.00 8.00 15.00 17.00 19.40 0.2 0.00 35.5 -26.024 730.147 0.00 0.00 0.00 0.00 0.00
 Mixed / non conventional 6.00 8.00 17.00 19.00 18.04 0.3 0.00 -8.2 -13.031 730.147 0.00 0.00 0.00 0.00 0.00
 Mixed / non conventional 6.00 8.00 19.00 21.00 17.73 0.5 0.00 17.8 -7.684 730.147 0.00 0.00 0.00 0.00 0.00
 Mixed / non conventional 6.00 8.00 21.00 23.00 19.30 0.6 0.00 13.1 -5.412 730.147 0.00 0.00 0.00 0.00 0.00
 Mixed / non conventional 6.00 8.00 23.00 25.00 30.21 0.8 0.00 2.2 -5.796 730.147 0.00 0.00 0.00 0.00 0.00
 Mixed / non conventional 6.00 8.00 25.00 27.00 64.66 0.9 0.00 -26.0 -8.862 730.147 0.00 0.00 0.00 0.00 0.00
 Mixed / non conventional 6.00 8.00 27.00 29.00 39.78 1.0 0.00 14.3 -4.030 730.147 0.00 0.00 0.00 0.00 0.00
 Mixed / non conventional 6.00 8.00 29.00 31.00 31.92 1.9 0.00 26.9 -2.458 730.147 0.00 0.00 0.00 0.00 0.00
 Mixed / non conventional 6.00 9.00 12.00 15.00 18.58 0.0 0.00 -1.2 -237.611 723.329 0.00 0.00 0.00 0.00 0.00
 Mixed / non conventional 6.00 9.00 15.00 18.00 19.03 0.0 0.00 15.9 -60.863 723.329 0.00 0.00 0.00 0.00 0.00
 Mixed / non conventional 6.00 9.00 18.00 21.00 17.60 0.1 0.00 28.7 -22.515 723.329 0.00 0.00 0.00 0.00 0.00
 Mixed / non conventional 6.00 9.00 21.00 24.00 20.25 0.2 0.00 62.1 -12.953 723.329 0.00 0.00 0.00 0.00 0.00
 Mixed / non conventional 6.00 9.00 24.00 27.00 54.91 0.3 0.00 -72.8 -20.068 723.329 0.00 0.00 0.00 0.00 0.00
 Mixed / non conventional 6.00 9.00 27.00 30.00 38.28 0.5 0.00 25.1 -8.743 723.329 0.00 0.00 0.00 0.00 0.00
 Mixed / non conventional 6.00 9.00 30.00 33.00 37.39 0.9 0.00 184.4 -5.694 723.329 0.00 0.00 0.00 0.00 0.00
 Mixed / non conventional 6.00 9.00 33.00 36.00 58.41 0.8 0.00 -91.3 -6.226 723.329 0.00 0.00 0.00 0.00 0.00
 Mixed / non conventional 6.00 9.00 36.00 39.00 49.62 1.0 0.00 -30.9 -3.847 723.329 0.00 0.00 0.00 0.00 0.00
 Mixed / non conventional 6.00 9.00 39.00 42.00 38.99 1.7 0.00 -55.7 -2.267 723.329 0.00 0.00 0.00 0.00 0.00
 Mixed / non conventional 6.00 9.00 13.00 16.00 19.25 0.2 0.00 21.2 -142.400 722.885 0.00 0.00 0.00 0.00 0.00
 Mixed / non conventional 6.00 9.00 16.00 19.00 18.37 0.6 0.00 -17.2 -41.796 722.885 0.00 0.00 0.00 0.00 0.00
 Mixed / non conventional 6.00 9.00 19.00 22.00 18.00 0.2 0.00 0.9 -17.920 722.885 0.00 0.00 0.00 0.00 0.00
 Mixed / non conventional 6.00 9.00 22.00 25.00 26.23 0.4 0.00 31.8 -13.743 722.885 0.00 0.00 0.00 0.00 0.00
 Mixed / non conventional 6.00 9.00 25.00 28.00 58.58 0.5 0.00 -18.2 -18.138 722.885 0.00 0.00 0.00 0.00 0.00
 Mixed / non conventional 6.00 9.00 28.00 31.00 33.78 0.6 0.00 34.2 -6.695 722.885 0.00 0.00 0.00 0.00 0.00
 Mixed / non conventional 6.00 9.00 31.00 34.00 46.78 0.8 0.00 82.6 -6.291 722.885 0.00 0.00 0.00 0.00 0.00
 Mixed / non conventional 6.00 9.00 34.00 37.00 52.09 1.2 0.00 65.0 -4.971 722.885 0.00 0.00 0.00 0.00 0.00
 Mixed / non conventional 6.00 9.00 37.00 40.00 54.30 1.5 0.00 -138.5 -3.810 722.885 0.00 0.00 0.00 0.00 0.00
 Mixed / non conventional 6.00 9.00 40.00 43.00 28.11 1.7 0.00 -49.1 -1.493 722.885 0.00 0.00 0.00 0.00 0.00
 Mixed / non conventional 6.00 9.00 14.00 17.00 19.45 0.1 0.00 27.5 -91.685 724.056 0.00 0.00 0.00 0.00 0.00
 Mixed / non conventional 6.00 9.00 17.00 20.00 17.93 0.2 0.00 -19.9 -30.185 724.056 0.00 0.00 0.00 0.00 0.00
 Mixed / non conventional 6.00 9.00 20.00 23.00 18.67 0.3 0.00 41.9 -14.790 724.056 0.00 0.00 0.00 0.00 0.00
 Mixed / non conventional 6.00 9.00 23.00 26.00 39.31 0.7 0.00 -13.7 -17.132 724.056 0.00 0.00 0.00 0.00 0.00
 Mixed / non conventional 6.00 9.00 26.00 29.00 50.21 0.9 0.00 4.5 -13.318 724.056 0.00 0.00 0.00 0.00 0.00
 Mixed / non conventional 6.00 9.00 29.00 32.00 33.89 1.3 0.00 55.1 -5.877 724.056 0.00 0.00 0.00 0.00 0.00
 Mixed / non conventional 6.00 9.00 32.00 35.00 52.69 2.1 0.00 40.0 -6.302 724.056 0.00 0.00 0.00 0.00 0.00
 Mixed / non conventional 6.00 9.00 35.00 38.00 51.59 3.1 0.00 -36.4 -4.436 724.056 0.00 0.00 0.00 0.00 0.00
 Mixed / non conventional 6.00 9.00 38.00 41.00 47.82 4.6 0.00 -33.8 -3.054 724.056 0.00 0.00 0.00 0.00 0.00
 Mixed / non conventional 6.00 9.00 41.00 44.00 23.78 5.5 0.00 -10.9 -1.159 724.056 0.00 0.00 0.00 0.00 0.00
 Mixed / non conventional 6.00 11.00 16.00 21.00 17.49 0.1 0.00 0.6 -135.875 732.294 0.00 0.00 0.00 0.00 0.00
 Mixed / non conventional 6.00 11.00 21.00 26.00 28.31 0.4 0.00 -1.2 -54.985 732.294 0.00 0.00 0.00 0.00 0.00
 Mixed / non conventional 6.00 11.00 26.00 31.00 44.46 0.7 0.00 31.5 -34.548 732.294 0.00 0.00 0.00 0.00 0.00
 Mixed / non conventional 6.00 11.00 31.00 36.00 50.43 1.5 0.00 76.2 -19.590 732.294 0.00 0.00 0.00 0.00 0.00
 Mixed / non conventional 6.00 11.00 36.00 41.00 47.13 2.8 0.00 -78.3 -10.462 732.294 0.00 0.00 0.00 0.00 0.00
 Mixed / non conventional 6.00 11.00 41.00 46.00 24.74 4.5 0.00 43.6 -3.433 732.294 0.00 0.00 0.00 0.00 0.00
 Mixed / non conventional 6.00 11.00 17.00 22.00 17.48 0.0 0.00 -7.7 -96.583 733.146 0.00 0.00 0.00 0.00 0.00
 Mixed / non conventional 6.00 11.00 22.00 27.00 37.09 0.1 0.00 5.5 -58.551 733.146 0.00 0.00 0.00 0.00 0.00
 Mixed / non conventional 6.00 11.00 27.00 32.00 37.28 0.2 0.00 69.3 -24.898 733.146 0.00 0.00 0.00 0.00 0.00
 Mixed / non conventional 6.00 11.00 32.00 37.00 52.95 0.3 0.00 119.6 -18.251 733.146 0.00 0.00 0.00 0.00 0.00
 Mixed / non conventional 6.00 11.00 37.00 42.00 47.66 0.6 0.00 -157.2 -9.583 733.146 0.00 0.00 0.00 0.00 0.00
 Mixed / non conventional 6.00 11.00 42.00 47.00 26.37 1.0 0.00 1.4 -3.362 733.146 0.00 0.00 0.00 0.00 0.00
 Mixed / non conventional 6.00 11.00 18.00 23.00 17.62 0.1 0.00 41.2 -71.921 732.669 0.00 0.00 0.00 0.00 0.00
 Mixed / non conventional 6.00 11.00 23.00 28.00 43.68 0.4 0.00 -16.8 -56.745 732.669 0.00 0.00 0.00 0.00 0.00
 Mixed / non conventional 6.00 11.00 28.00 33.00 36.39 0.7 0.00 201.1 -21.012 732.669 0.00 0.00 0.00 0.00 0.00
 Mixed / non conventional 6.00 11.00 33.00 38.00 54.70 1.3 0.00 -135.9 -16.779 732.669 0.00 0.00 0.00 0.00 0.00
 Mixed / non conventional 6.00 11.00 38.00 43.00 40.06 2.2 0.00 -70.7 -7.305 732.669 0.00 0.00 0.00 0.00 0.00
 Mixed / non conventional 6.00 11.00 19.00 24.00 18.50 0.3 0.00 78.9 -57.619 732.661 0.00 0.00 0.00 0.00 0.00
 Mixed / non conventional 6.00 11.00 24.00 29.00 49.86 0.7 0.00 -59.1 -54.014 732.661 0.00 0.00 0.00 0.00 0.00
 Mixed / non conventional 6.00 11.00 29.00 34.00 39.76 1.3 0.00 109.1 -19.998 732.661 0.00 0.00 0.00 0.00 0.00
 Mixed / non conventional 6.00 11.00 34.00 39.00 53.16 2.3 0.00 -37.3 -14.583 732.661 0.00 0.00 0.00 0.00 0.00
 Mixed / non conventional 6.00 11.00 39.00 44.00 32.69 3.9 0.00 -58.7 -5.429 732.661 0.00 0.00 0.00 0.00 0.00
 Mixed / non conventional 6.00 11.00 20.00 25.00 21.51 0.1 0.00 43.4 -52.431 733.384 0.00 0.00 0.00 0.00 0.00
 Mixed / non conventional 6.00 11.00 25.00 30.00 51.26 0.2 0.00 -1.7 -46.860 733.384 0.00 0.00 0.00 0.00 0.00
 Mixed / non conventional 6.00 11.00 30.00 35.00 44.10 0.5 0.00 83.9 -19.464 733.384 0.00 0.00 0.00 0.00 0.00
 Mixed / non conventional 6.00 11.00 35.00 40.00 52.80 1.0 0.00 -58.5 -13.021 733.384 0.00 0.00 0.00 0.00 0.00
 Mixed / non conventional 6.00 11.00 40.00 45.00 26.38 1.7 0.00 -30.5 -4.004 733.384 0.00 0.00 0.00 0.00 0.00
 Mixed / non conventional 6.00 12.00 18.00 24.00 17.91 0.1 0.00 90.0 -113.512 716.992 0.00 0.00 0.00 0.00 0.00
 Mixed / non conventional 6.00 12.00 24.00 30.00 48.63 0.1 0.00 -48.5 -77.069 716.992 0.00 0.00 0.00 0.00 0.00
 Mixed / non conventional 6.00 12.00 30.00 36.00 46.67 0.1 0.00 92.4 -29.586 716.992 0.00 0.00 0.00 0.00 0.00
 Mixed / non conventional 6.00 12.00 36.00 42.00 45.49 0.4 0.00 -86.2 -14.419 716.992 0.00 0.00 0.00 0.00 0.00
 Mixed / non conventional 6.00 12.00 19.00 25.00 20.20 0.1 0.00 31.8 -95.994 717.036 0.00 0.00 0.00 0.00 0.00
 Mixed / non conventional 6.00 12.00 25.00 31.00 49.51 0.2 0.00 14.8 -65.878 717.036 0.00 0.00 0.00 0.00 0.00
 Mixed / non conventional 6.00 12.00 31.00 37.00 50.04 0.3 0.00 146.9 -27.920 717.036 0.00 0.00 0.00 0.00 0.00
 Mixed / non conventional 6.00 12.00 37.00 43.00 43.87 0.7 0.00 -187.4 -12.570 717.036 0.00 0.00 0.00 0.00 0.00
 Mixed / non conventional 6.00 12.00 20.00 26.00 25.16 0.1 0.00 27.2 -92.267 716.802 0.00 0.00 0.00 0.00 0.00
 Mixed / non conventional 6.00 12.00 26.00 32.00 44.48 0.3 0.00 58.3 -50.185 716.802 0.00 0.00 0.00 0.00 0.00
 Mixed / non conventional 6.00 12.00 32.00 38.00 53.48 0.5 0.00 2.7 -26.397 716.802 0.00 0.00 0.00 0.00 0.00
 Mixed / non conventional 6.00 12.00 38.00 44.00 38.07 1.2 0.00 -44.7 -9.890 716.802 0.00 0.00 0.00 0.00 0.00
 Mixed / non conventional 6.00 12.00 21.00 27.00 31.86 0.0 0.00 -11.8 -92.202 716.063 0.00 0.00 0.00 0.00 0.00
 Mixed / non conventional 6.00 12.00 27.00 33.00 38.34 0.2 0.00 207.7 -36.991 716.063 0.00 0.00 0.00 0.00 0.00
 Mixed / non conventional 6.00 12.00 33.00 39.00 55.64 0.7 0.00 -121.7 -24.402 716.063 0.00 0.00 0.00 0.00 0.00
 Mixed / non conventional 6.00 12.00 39.00 45.00 32.05 1.5 0.00 -66.6 -7.568 716.063 0.00 0.00 0.00 0.00 0.00
 Mixed / non conventional 6.00 12.00 22.00 28.00 37.51 0.3 0.00 13.4 -87.355 715.305 0.00 0.00 0.00 0.00 0.00
 Mixed / non conventional 6.00 12.00 28.00 34.00 39.59 0.6 0.00 116.3 -32.928 715.305 0.00 0.00 0.00 0.00 0.00
 Mixed / non conventional 6.00 12.00 34.00 40.00 54.06 0.8 0.00 -72.5 -21.159 715.305 0.00 0.00 0.00 0.00 0.00
 Mixed / non conventional 6.00 12.00 40.00 46.00 27.01 1.6 0.00 31.9 -5.813 715.305 0.00 0.00 0.00 0.00 0.00
 Mixed / non conventional 6.00 12.00 23.00 29.00 43.16 0.3 0.00 -9.2 -82.168 714.570 0.00 0.00 0.00 0.00 0.00
 Mixed / non conventional 6.00 12.00 29.00 35.00 42.28 0.6 0.00 94.7 -30.532 714.570 0.00 0.00 0.00 0.00 0.00
 Mixed / non conventional 6.00 12.00 35.00 41.00 50.99 1.1 0.00 -69.5 -17.886 714.570 0.00 0.00 0.00 0.00 0.00
 Mixed / non conventional 6.00 12.00 41.00 47.00 25.94 2.0 0.00 -5.9 -5.104 714.570 0.00 0.00 0.00 0.00 0.00
 Mixed / non conventional 7.00 8.00 9.00 10.00 17.42 0.1 0.00 -41.6 -651.087 704.421 0.00 0.00 0.00 0.00 0.00
 Mixed / non conventional 7.00 8.00 10.00 11.00 16.39 0.1 0.00 72.5 -153.100 704.421 0.00 0.00 0.00 0.00 0.00
 Mixed / non conventional 7.00 8.00 11.00 12.00 16.35 1.9 0.00 43.5 -61.106 704.421 0.00 0.00 0.00 0.00 0.00
 Mixed / non conventional 7.00 8.00 12.00 13.00 17.83 3.3 0.00 -499.0 -33.310 704.421 0.00 0.00 0.00 0.00 0.00
 Mixed / non conventional 7.00 8.00 13.00 14.00 18.68 0.1 0.00 -14.8 -19.941 704.421 0.00 0.00 0.00 0.00 0.00
 Mixed / non conventional 7.00 8.00 14.00 15.00 19.51 0.2 0.00 -7.5 -13.021 704.421 0.00 0.00 0.00 0.00 0.00
 Mixed / non conventional 7.00 8.00 15.00 16.00 19.28 0.1 0.00 44.2 -8.579 704.421 0.00 0.00 0.00 0.00 0.00
 Mixed / non conventional 7.00 8.00 16.00 17.00 18.50 0.3 0.00 -8.4 -5.760 704.421 0.00 0.00 0.00 0.00 0.00
 Mixed / non conventional 7.00 8.00 17.00 18.00 18.13 0.5 0.00 -19.3 -4.106 704.421 0.00 0.00 0.00 0.00 0.00
 Mixed / non conventional 7.00 8.00 18.00 19.00 17.02 0.8 0.00 11.0 -2.891 704.421 0.00 0.00 0.00 0.00 0.00
 Mixed / non conventional 7.00 9.00 11.00 13.00 17.35 0.0 0.00 -449.3 -320.478 696.483 0.00 0.00 0.00 0.00 0.00
 Mixed / non conventional 7.00 9.00 13.00 15.00 18.93 0.1 0.00 -22.7 -87.426 696.483 0.00 0.00 0.00 0.00 0.00
 Mixed / non conventional 7.00 9.00 15.00 17.00 18.96 0.1 0.00 35.7 -35.033 696.483 0.00 0.00 0.00 0.00 0.00
 Mixed / non conventional 7.00 9.00 17.00 19.00 17.82 0.1 0.00 -7.7 -16.462 696.483 0.00 0.00 0.00 0.00 0.00
 Mixed / non conventional 7.00 9.00 19.00 21.00 17.57 0.2 0.00 18.0 -9.276 696.483 0.00 0.00 0.00 0.00 0.00
 Mixed / non conventional 7.00 9.00 21.00 23.00 19.15 0.4 0.00 13.3 -6.316 696.483 0.00 0.00 0.00 0.00 0.00
 Mixed / non conventional 7.00 9.00 23.00 25.00 29.90 0.8 0.00 2.4 -6.577 696.483 0.00 0.00 0.00 0.00 0.00
 Mixed / non conventional 7.00 9.00 25.00 27.00 64.09 0.8 0.00 -25.1 -9.866 696.483 0.00 0.00 0.00 0.00 0.00
 Mixed / non conventional 7.00 9.00 27.00 29.00 39.69 1.1 0.00 14.8 -4.445 696.483 0.00 0.00 0.00 0.00 0.00
 Mixed / non conventional 7.00 9.00 29.00 31.00 31.71 1.6 0.00 27.2 -2.663 696.483 0.00 0.00 0.00 0.00 0.00
 Mixed / non conventional 7.00 9.00 12.00 14.00 18.13 0.0 0.00 -411.8 -153.225 696.870 0.00 0.00 0.00 0.00 0.00
 Mixed / non conventional 7.00 9.00 14.00 16.00 19.36 0.0 0.00 36.0 -54.541 696.870 0.00 0.00 0.00 0.00 0.00
 Mixed / non conventional 7.00 9.00 16.00 18.00 18.40 0.1 0.00 -27.7 -23.562 696.870 0.00 0.00 0.00 0.00 0.00
 Mixed / non conventional 7.00 9.00 18.00 20.00 17.39 0.1 0.00 -0.2 -11.986 696.870 0.00 0.00 0.00 0.00 0.00
 Mixed / non conventional 7.00 9.00 20.00 22.00 17.97 0.3 0.00 12.3 -7.433 696.870 0.00 0.00 0.00 0.00 0.00
 Mixed / non conventional 7.00 9.00 22.00 24.00 21.04 0.3 0.00 78.7 -5.633 696.870 0.00 0.00 0.00 0.00 0.00
 Mixed / non conventional 7.00 9.00 24.00 26.00 49.66 0.4 0.00 -62.3 -9.094 696.870 0.00 0.00 0.00 0.00 0.00
 Mixed / non conventional 7.00 9.00 26.00 28.00 55.03 0.4 0.00 -2.4 -7.199 696.870 0.00 0.00 0.00 0.00 0.00
 Mixed / non conventional 7.00 9.00 28.00 30.00 35.05 0.4 0.00 17.2 -3.389 696.870 0.00 0.00 0.00 0.00 0.00
 Mixed / non conventional 7.00 9.00 30.00 32.00 33.66 0.8 0.00 44.3 -2.473 696.870 0.00 0.00 0.00 0.00 0.00
 Mixed / non conventional 7.00 10.00 13.00 16.00 18.32 0.1 0.00 21.1 -229.841 709.348 0.00 0.00 0.00 0.00 0.00
 Mixed / non conventional 7.00 10.00 16.00 19.00 17.73 0.1 0.00 -17.0 -55.591 709.348 0.00 0.00 0.00 0.00 0.00
 Mixed / non conventional 7.00 10.00 19.00 22.00 17.62 0.2 0.00 0.5 -22.105 709.348 0.00 0.00 0.00 0.00 0.00
 Mixed / non conventional 7.00 10.00 22.00 25.00 25.70 0.3 0.00 31.7 -16.122 709.348 0.00 0.00 0.00 0.00 0.00
 Mixed / non conventional 7.00 10.00 25.00 28.00 57.82 0.3 0.00 -18.3 -20.724 709.348 0.00 0.00 0.00 0.00 0.00
 Mixed / non conventional 7.00 10.00 28.00 31.00 33.54 0.5 0.00 34.1 -7.514 709.348 0.00 0.00 0.00 0.00 0.00
 Mixed / non conventional 7.00 10.00 31.00 34.00 46.49 0.5 0.00 82.1 -6.943 709.348 0.00 0.00 0.00 0.00 0.00
 Mixed / non conventional 7.00 10.00 34.00 37.00 51.79 0.8 0.00 66.3 -5.413 709.348 0.00 0.00 0.00 0.00 0.00
 Mixed / non conventional 7.00 10.00 37.00 40.00 53.89 1.3 0.00 -139.6 -4.097 709.348 0.00 0.00 0.00 0.00 0.00
 Mixed / non conventional 7.00 10.00 40.00 43.00 27.85 1.5 0.00 -49.3 -1.588 709.348 0.00 0.00 0.00 0.00 0.00
 Mixed / non conventional 7.00 10.00 14.00 17.00 18.54 0.1 0.00 27.5 -134.308 708.119 0.00 0.00 0.00 0.00 0.00
 Mixed / non conventional 7.00 10.00 17.00 20.00 17.44 0.1 0.00 -19.8 -38.876 708.119 0.00 0.00 0.00 0.00 0.00
 Mixed / non conventional 7.00 10.00 20.00 23.00 18.31 0.1 0.00 41.9 -17.858 708.119 0.00 0.00 0.00 0.00 0.00
 Mixed / non conventional 7.00 10.00 23.00 26.00 38.53 0.1 0.00 -13.8 -19.776 708.119 0.00 0.00 0.00 0.00 0.00
 Mixed / non conventional 7.00 10.00 26.00 29.00 49.65 0.2 0.00 4.6 -15.061 708.119 0.00 0.00 0.00 0.00 0.00
 Mixed / non conventional 7.00 10.00 29.00 32.00 33.64 0.4 0.00 54.9 -6.531 708.119 0.00 0.00 0.00 0.00 0.00
 Mixed / non conventional 7.00 10.00 32.00 35.00 52.32 0.6 0.00 39.9 -6.892 708.119 0.00 0.00 0.00 0.00 0.00
 Mixed / non conventional 7.00 10.00 35.00 38.00 51.19 0.6 0.00 -36.2 -4.785 708.119 0.00 0.00 0.00 0.00 0.00
 Mixed / non conventional 7.00 10.00 38.00 41.00 46.83 1.5 0.00 -33.9 -3.219 708.119 0.00 0.00 0.00 0.00 0.00
 Mixed / non conventional 7.00 10.00 41.00 44.00 23.32 2.1 0.00 -10.5 -1.213 708.119 0.00 0.00 0.00 0.00 0.00
 Mixed / non conventional 7.00 10.00 15.00 18.00 18.26 0.1 0.00 16.0 -84.020 706.815 0.00 0.00 0.00 0.00 0.00
 Mixed / non conventional 7.00 10.00 18.00 21.00 17.16 0.2 0.00 28.4 -28.207 706.815 0.00 0.00 0.00 0.00 0.00
 Mixed / non conventional 7.00 10.00 21.00 24.00 19.86 0.3 0.00 61.5 -15.359 706.815 0.00 0.00 0.00 0.00 0.00
 Mixed / non conventional 7.00 10.00 24.00 27.00 53.89 0.5 0.00 -72.5 -22.924 706.815 0.00 0.00 0.00 0.00 0.00
 Mixed / non conventional 7.00 10.00 27.00 30.00 37.85 0.6 0.00 25.0 -9.800 706.815 0.00 0.00 0.00 0.00 0.00
 Mixed / non conventional 7.00 10.00 30.00 33.00 36.80 0.8 0.00 183.2 -6.230 706.815 0.00 0.00 0.00 0.00 0.00
 Mixed / non conventional 7.00 10.00 33.00 36.00 57.80 1.0 0.00 -90.3 -6.749 706.815 0.00 0.00 0.00 0.00 0.00
 Mixed / non conventional 7.00 10.00 36.00 39.00 48.70 1.4 0.00 -30.5 -4.087 706.815 0.00 0.00 0.00 0.00 0.00
 Mixed / non conventional 7.00 10.00 39.00 42.00 38.20 2.2 0.00 -55.6 -2.381 706.815 0.00 0.00 0.00 0.00 0.00
 Mixed / non conventional 7.00 10.00 42.00 45.00 22.25 2.6 0.00 -11.1 -1.059 706.815 0.00 0.00 0.00 0.00 0.00
 Mixed / non conventional 7.00 12.00 17.00 22.00 17.23 0.2 0.00 -7.8 -125.501 686.454 0.00 0.00 0.00 0.00 0.00
 Mixed / non conventional 7.00 12.00 22.00 27.00 36.70 0.3 0.00 5.4 -66.817 686.454 0.00 0.00 0.00 0.00 0.00
 Mixed / non conventional 7.00 12.00 27.00 32.00 37.47 0.2 0.00 69.0 -27.291 686.454 0.00 0.00 0.00 0.00 0.00
 Mixed / non conventional 7.00 12.00 32.00 37.00 53.15 0.2 0.00 120.9 -19.354 686.454 0.00 0.00 0.00 0.00 0.00
 Mixed / non conventional 7.00 12.00 37.00 42.00 47.06 0.6 0.00 -158.7 -9.793 686.454 0.00 0.00 0.00 0.00 0.00
 Mixed / non conventional 7.00 12.00 42.00 47.00 25.46 1.1 0.00 1.3 -3.311 686.454 0.00 0.00 0.00 0.00 0.00
 Mixed / non conventional 7.00 12.00 18.00 23.00 17.44 0.1 0.00 41.1 -89.817 683.417 0.00 0.00 0.00 0.00 0.00
 Mixed / non conventional 7.00 12.00 23.00 28.00 43.65 0.2 0.00 -16.9 -64.227 683.417 0.00 0.00 0.00 0.00 0.00
 Mixed / non conventional 7.00 12.00 28.00 33.00 36.91 0.1 0.00 199.9 -22.976 683.417 0.00 0.00 0.00 0.00 0.00
 Mixed / non conventional 7.00 12.00 33.00 38.00 55.64 0.1 0.00 -134.9 -17.878 683.417 0.00 0.00 0.00 0.00 0.00
 Mixed / non conventional 7.00 12.00 38.00 43.00 40.56 0.2 0.00 -71.0 -7.603 683.417 0.00 0.00 0.00 0.00 0.00
 Mixed / non conventional 7.00 12.00 19.00 24.00 18.38 0.2 0.00 78.6 -69.564 678.992 0.00 0.00 0.00 0.00 0.00
 Mixed / non conventional 7.00 12.00 24.00 29.00 50.20 0.3 0.00 -58.4 -60.443 678.992 0.00 0.00 0.00 0.00 0.00
 Mixed / non conventional 7.00 12.00 29.00 34.00 40.41 0.4 0.00 108.9 -21.622 678.992 0.00 0.00 0.00 0.00 0.00
 Mixed / non conventional 7.00 12.00 34.00 39.00 54.27 0.4 0.00 -36.6 -15.427 678.992 0.00 0.00 0.00 0.00 0.00
 Mixed / non conventional 7.00 12.00 39.00 44.00 33.32 0.3 0.00 -58.1 -5.631 678.992 0.00 0.00 0.00 0.00 0.00
 Mixed / non conventional 7.00 12.00 20.00 25.00 21.34 0.2 0.00 43.4 -61.061 673.127 0.00 0.00 0.00 0.00 0.00
 Mixed / non conventional 7.00 12.00 25.00 30.00 51.74 0.3 0.00 -1.4 -51.498 673.127 0.00 0.00 0.00 0.00 0.00
 Mixed / non conventional 7.00 12.00 30.00 35.00 44.71 0.3 0.00 83.9 -20.658 673.127 0.00 0.00 0.00 0.00 0.00
 Mixed / non conventional 7.00 12.00 35.00 40.00 53.48 0.4 0.00 -58.0 -13.481 673.127 0.00 0.00 0.00 0.00 0.00
 Mixed / non conventional 7.00 12.00 40.00 45.00 26.44 0.2 0.00 -30.2 -4.034 673.127 0.00 0.00 0.00 0.00 0.00
 Mixed / non conventional 7.00 12.00 21.00 26.00 28.21 5.4 0.00 2.0 -50.202 535.395 0.00 0.00 0.00 0.00 0.00
 Mixed / non conventional 7.00 12.00 26.00 31.00 45.31 3.3 0.00 33.1 -30.241 535.395 0.00 0.00 0.00 0.00 0.00
 Mixed / non conventional 7.00 12.00 31.00 36.00 51.69 4.8 0.00 76.6 -16.654 535.395 0.00 0.00 0.00 0.00 0.00
 Mixed / non conventional 7.00 12.00 36.00 41.00 48.38 10.0 0.00 -77.7 -8.711 535.395 0.00 0.00 0.00 0.00 0.00
 Mixed / non conventional 7.00 12.00 41.00 46.00 25.36 14.8 0.00 43.8 -2.810 535.395 0.00 0.00 0.00 0.00 0.00
 Mixed / non conventional 7.00 13.00 19.00 25.00 20.12 0.4 0.00 31.5 -121.304 681.880 0.00 0.00 0.00 0.00 0.00
 Mixed / non conventional 7.00 13.00 25.00 31.00 50.62 0.5 0.00 15.1 -76.305 681.880 0.00 0.00 0.00 0.00 0.00
 Mixed / non conventional 7.00 13.00 31.00 37.00 51.45 0.7 0.00 148.6 -31.021 681.880 0.00 0.00 0.00 0.00 0.00
 Mixed / non conventional 7.00 13.00 37.00 43.00 45.09 1.2 0.00 -188.8 -13.592 681.880 0.00 0.00 0.00 0.00 0.00
 Mixed / non conventional 7.00 13.00 20.00 26.00 25.00 36.9 0.00 18.1 -75.089 453.209 0.00 0.00 0.00 0.00 0.00
 Mixed / non conventional 7.00 13.00 26.00 32.00 45.53 41.3 0.00 53.7 -38.289 453.209 0.00 0.00 0.00 0.00 0.00
 Mixed / non conventional 7.00 13.00 32.00 38.00 54.99 12.6 0.00 0.8 -19.394 453.209 0.00 0.00 0.00 0.00 0.00
 Mixed / non conventional 7.00 13.00 38.00 44.00 39.02 85.4 0.00 -45.2 -7.066 453.209 0.00 0.00 0.00 0.00 0.00
 Mixed / non conventional 7.00 13.00 21.00 27.00 31.76 1.0 0.00 -16.5 -106.575 656.041 0.00 0.00 0.00 0.00 0.00
 Mixed / non conventional 7.00 13.00 27.00 33.00 39.30 1.0 0.00 204.9 -40.585 656.041 0.00 0.00 0.00 0.00 0.00
 Mixed / non conventional 7.00 13.00 33.00 39.00 57.33 1.1 0.00 -122.1 -25.899 656.041 0.00 0.00 0.00 0.00 0.00
 Mixed / non conventional 7.00 13.00 39.00 45.00 33.03 2.0 0.00 -66.8 -7.855 656.041 0.00 0.00 0.00 0.00 0.00
 Mixed / non conventional 7.00 13.00 22.00 28.00 37.88 92.1 0.00 6.4 -70.025 457.291 0.00 0.00 0.00 0.00 0.00
 Mixed / non conventional 7.00 13.00 28.00 34.00 40.86 102.6 0.00 113.6 -25.176 457.291 0.00 0.00 0.00 0.00 0.00
 Mixed / non conventional 7.00 13.00 34.00 40.00 56.01 116.4 0.00 -73.1 -15.687 457.291 0.00 0.00 0.00 0.00 0.00
 Mixed / non conventional 7.00 13.00 40.00 46.00 27.73 152.0 0.00 31.7 -4.182 457.291 0.00 0.00 0.00 0.00 0.00
 Mixed / non conventional 7.00 13.00 23.00 29.00 44.24 21.6 0.00 -8.8 -72.883 506.002 0.00 0.00 0.00 0.00 0.00
 Mixed / non conventional 7.00 13.00 29.00 35.00 44.05 20.7 0.00 94.9 -25.914 506.002 0.00 0.00 0.00 0.00 0.00
 Mixed / non conventional 7.00 13.00 35.00 41.00 53.34 17.4 0.00 -68.8 -14.768 506.002 0.00 0.00 0.00 0.00 0.00
 Mixed / non conventional 7.00 13.00 41.00 47.00 26.96 8.3 0.00 -5.5 -4.106 506.002 0.00 0.00 0.00 0.00 0.00
 Mixed / non conventional 7.00 13.00 24.00 30.00 50.57 63.0 0.00 -51.7 -63.134 468.583 0.00 0.00 0.00 0.00 0.00
 Mixed / non conventional 7.00 13.00 30.00 36.00 49.05 67.0 0.00 90.8 -23.227 468.583 0.00 0.00 0.00 0.00 0.00
 Mixed / non conventional 7.00 13.00 36.00 42.00 47.88 69.6 0.00 -85.7 -11.013 468.583 0.00 0.00 0.00 0.00 0.00
 Mixed / non conventional 8.00 9.00 10.00 11.00 17.82 15.2 0.00 -75.7 -442.143 467.689 0.00 0.00 0.00 0.00 0.00
 Mixed / non conventional 8.00 9.00 11.00 12.00 17.42 25.4 0.00 -143.5 -108.084 467.689 0.00 0.00 0.00 0.00 0.00
 Mixed / non conventional 8.00 9.00 12.00 13.00 18.00 52.7 0.00 -476.1 -44.666 467.689 0.00 0.00 0.00 0.00 0.00
 Mixed / non conventional 8.00 9.00 13.00 14.00 18.56 274.5 0.00 184.5 -23.028 467.689 0.00 0.00 0.00 0.00 0.00
 Mixed / non conventional 8.00 9.00 14.00 15.00 19.42 19.1 0.00 -9.0 -13.766 467.689 0.00 0.00 0.00 0.00 0.00
 Mixed / non conventional 8.00 9.00 15.00 16.00 19.26 41.0 0.00 43.3 -8.535 467.689 0.00 0.00 0.00 0.00 0.00
 Mixed / non conventional 8.00 9.00 16.00 17.00 18.59 43.9 0.00 -9.0 -5.490 467.689 0.00 0.00 0.00 0.00 0.00
 Mixed / non conventional 8.00 9.00 17.00 18.00 18.34 40.3 0.00 -19.4 -3.792 467.689 0.00 0.00 0.00 0.00 0.00
 Mixed / non conventional 8.00 9.00 18.00 19.00 17.37 39.9 0.00 10.7 -2.612 467.689 0.00 0.00 0.00 0.00 0.00
 Mixed / non conventional 8.00 9.00 19.00 20.00 17.80 39.9 0.00 -11.9 -2.008 467.689 0.00 0.00 0.00 0.00 0.00
 Mixed / non conventional 8.00 10.00 12.00 14.00 17.83 89.7 0.00 -313.8 -232.506 491.723 0.00 0.00 0.00 0.00 0.00
 Mixed / non conventional 8.00 10.00 14.00 16.00 18.74 91.4 0.00 29.8 -61.113 491.723 0.00 0.00 0.00 0.00 0.00
 Mixed / non conventional 8.00 10.00 16.00 18.00 18.09 91.9 0.00 -30.1 -23.592 491.723 0.00 0.00 0.00 0.00 0.00
 Mixed / non conventional 8.00 10.00 18.00 20.00 17.30 92.7 0.00 -1.4 -11.282 491.723 0.00 0.00 0.00 0.00 0.00
 Mixed / non conventional 8.00 10.00 20.00 22.00 18.01 93.7 0.00 11.4 -6.711 491.723 0.00 0.00 0.00 0.00 0.00
 Mixed / non conventional 8.00 10.00 22.00 24.00 21.20 95.9 0.00 77.9 -4.938 491.723 0.00 0.00 0.00 0.00 0.00
 Mixed / non conventional 8.00 10.00 24.00 26.00 50.04 86.7 0.00 -63.0 -7.769 491.723 0.00 0.00 0.00 0.00 0.00
 Mixed / non conventional 8.00 10.00 26.00 28.00 55.83 100.3 0.00 -3.2 -6.068 491.723 0.00 0.00 0.00 0.00 0.00
 Mixed / non conventional 8.00 10.00 28.00 30.00 35.61 103.7 0.00 16.8 -2.815 491.723 0.00 0.00 0.00 0.00 0.00
 Mixed / non conventional 8.00 10.00 30.00 32.00 34.45 118.9 0.00 43.8 -2.043 491.723 0.00 0.00 0.00 0.00 0.00
 Mixed / non conventional 8.00 10.00 13.00 15.00 18.20 10.0 0.00 4.9 -102.518 464.425 0.00 0.00 0.00 0.00 0.00
 Mixed / non conventional 8.00 10.00 15.00 17.00 18.29 5.7 0.00 32.1 -34.333 464.425 0.00 0.00 0.00 0.00 0.00
 Mixed / non conventional 8.00 10.00 17.00 19.00 17.50 31.1 0.00 -9.1 -14.933 464.425 0.00 0.00 0.00 0.00 0.00
 Mixed / non conventional 8.00 10.00 19.00 21.00 17.44 40.2 0.00 16.9 -8.011 464.425 0.00 0.00 0.00 0.00 0.00
 Mixed / non conventional 8.00 10.00 21.00 23.00 19.11 41.3 0.00 12.6 -5.268 464.425 0.00 0.00 0.00 0.00 0.00
 Mixed / non conventional 8.00 10.00 23.00 25.00 29.85 40.5 0.00 1.5 -5.324 464.425 0.00 0.00 0.00 0.00 0.00
 Mixed / non conventional 8.00 10.00 25.00 27.00 64.28 11.2 0.00 -26.3 -7.846 464.425 0.00 0.00 0.00 0.00 0.00
 Mixed / non conventional 8.00 10.00 27.00 29.00 40.05 16.7 0.00 14.2 -3.491 464.425 0.00 0.00 0.00 0.00 0.00
 Mixed / non conventional 8.00 10.00 29.00 31.00 32.24 140.5 0.00 26.7 -2.078 464.425 0.00 0.00 0.00 0.00 0.00
 Mixed / non conventional 8.00 10.00 31.00 33.00 41.74 40.2 0.00 164.8 -2.044 464.425 0.00 0.00 0.00 0.00 0.00
 Mixed / non conventional 8.00 11.00 14.00 17.00 18.12 76.9 0.00 8.6 -154.494 482.190 0.00 0.00 0.00 0.00 0.00
 Mixed / non conventional 8.00 11.00 17.00 20.00 17.18 88.2 0.00 -24.1 -36.628 482.190 0.00 0.00 0.00 0.00 0.00
 Mixed / non conventional 8.00 11.00 20.00 23.00 18.27 78.9 0.00 40.0 -15.575 482.190 0.00 0.00 0.00 0.00 0.00
 Mixed / non conventional 8.00 11.00 23.00 26.00 38.55 125.8 0.00 -15.8 -16.435 482.190 0.00 0.00 0.00 0.00 0.00
 Mixed / non conventional 8.00 11.00 26.00 29.00 50.29 156.1 0.00 3.2 -12.251 482.190 0.00 0.00 0.00 0.00 0.00
 Mixed / non conventional 8.00 11.00 29.00 32.00 34.23 185.1 0.00 54.2 -5.213 482.190 0.00 0.00 0.00 0.00 0.00
 Mixed / non conventional 8.00 11.00 32.00 35.00 53.41 214.7 0.00 39.2 -5.421 482.190 0.00 0.00 0.00 0.00 0.00
 Mixed / non conventional 8.00 11.00 35.00 38.00 52.31 208.6 0.00 -36.3 -3.717 482.190 0.00 0.00 0.00 0.00 0.00
 Mixed / non conventional 8.00 11.00 38.00 41.00 48.11 395.1 0.00 -34.3 -2.486 482.190 0.00 0.00 0.00 0.00 0.00
 Mixed / non conventional 8.00 11.00 41.00 44.00 24.07 421.3 0.00 -10.3 -0.933 482.190 0.00 0.00 0.00 0.00 0.00
 Mixed / non conventional 8.00 11.00 15.00 18.00 18.07 78.2 0.00 24.6 -67.809 366.762 0.00 0.00 0.00 0.00 0.00
 Mixed / non conventional 8.00 11.00 18.00 21.00 17.29 69.6 0.00 30.9 -19.960 366.762 0.00 0.00 0.00 0.00 0.00
 Mixed / non conventional 8.00 11.00 21.00 24.00 20.21 64.7 0.00 62.4 -10.211 366.762 0.00 0.00 0.00 0.00 0.00
 Mixed / non conventional 8.00 11.00 24.00 27.00 55.04 58.8 0.00 -70.1 -14.632 366.762 0.00 0.00 0.00 0.00 0.00
 Mixed / non conventional 8.00 11.00 27.00 30.00 39.03 60.1 0.00 25.9 -6.132 366.762 0.00 0.00 0.00 0.00 0.00
 Mixed / non conventional 8.00 11.00 30.00 33.00 38.20 38.9 0.00 182.7 -3.841 366.762 0.00 0.00 0.00 0.00 0.00
 Mixed / non conventional 8.00 11.00 33.00 36.00 60.14 20.0 0.00 -89.0 -4.103 366.762 0.00 0.00 0.00 0.00 0.00
 Mixed / non conventional 8.00 11.00 36.00 39.00 50.73 30.7 0.00 -29.8 -2.456 366.762 0.00 0.00 0.00 0.00 0.00
 Mixed / non conventional 8.00 11.00 39.00 42.00 39.56 42.6 0.00 -55.1 -1.408 366.762 0.00 0.00 0.00 0.00 0.00
 Mixed / non conventional 8.00 11.00 42.00 45.00 22.60 282.7 0.00 -10.9 -0.609 366.762 0.00 0.00 0.00 0.00 0.00
 Mixed / non conventional 8.00 11.00 16.00 19.00 17.36 36.2 0.00 -21.8 -52.715 466.394 0.00 0.00 0.00 0.00 0.00
 Mixed / non conventional 8.00 11.00 19.00 22.00 17.55 38.0 0.00 -1.8 -19.038 466.394 0.00 0.00 0.00 0.00 0.00
 Mixed / non conventional 8.00 11.00 22.00 25.00 25.76 47.7 0.00 30.5 -13.149 466.394 0.00 0.00 0.00 0.00 0.00
 Mixed / non conventional 8.00 11.00 25.00 28.00 58.46 109.9 0.00 -19.6 -16.410 466.394 0.00 0.00 0.00 0.00 0.00
 Mixed / non conventional 8.00 11.00 28.00 31.00 34.18 183.9 0.00 33.6 -5.839 466.394 0.00 0.00 0.00 0.00 0.00
 Mixed / non conventional 8.00 11.00 31.00 34.00 47.60 229.1 0.00 81.3 -5.318 466.394 0.00 0.00 0.00 0.00 0.00
 Mixed / non conventional 8.00 11.00 34.00 37.00 53.01 334.1 0.00 67.5 -4.084 466.394 0.00 0.00 0.00 0.00 0.00
 Mixed / non conventional 8.00 11.00 37.00 40.00 55.19 539.0 0.00 -140.4 -3.056 466.394 0.00 0.00 0.00 0.00 0.00
 Mixed / non conventional 8.00 11.00 40.00 43.00 28.71 697.3 0.00 -49.4 -1.181 466.394 0.00 0.00 0.00 0.00 0.00
 Mixed / non conventional 8.00 11.00 43.00 46.00 25.37 862.4 0.00 80.4 -0.796 466.394 0.00 0.00 0.00 0.00 0.00
 Mixed / non conventional 8.00 13.00 18.00 23.00 17.93 6.9 0.00 44.5 -75.201 395.177 0.00 0.00 0.00 0.00 0.00
 Mixed / non conventional 8.00 13.00 23.00 28.00 45.52 9.9 0.00 -14.8 -47.719 395.177 0.00 0.00 0.00 0.00 0.00
 Mixed / non conventional 8.00 13.00 28.00 33.00 39.20 24.4 0.00 199.6 -16.435 395.177 0.00 0.00 0.00 0.00 0.00
 Mixed / non conventional 8.00 13.00 33.00 38.00 59.73 71.7 0.00 -133.3 -12.522 395.177 0.00 0.00 0.00 0.00 0.00
 Mixed / non conventional 8.00 13.00 38.00 43.00 43.41 260.7 0.00 -70.9 -5.200 395.177 0.00 0.00 0.00 0.00 0.00
 Mixed / non conventional 8.00 13.00 19.00 24.00 18.62 65.6 0.00 85.7 -51.323 365.805 0.00 0.00 0.00 0.00 0.00
 Mixed / non conventional 8.00 13.00 24.00 29.00 51.78 98.8 0.00 -52.0 -40.784 365.805 0.00 0.00 0.00 0.00 0.00
 Mixed / non conventional 8.00 13.00 29.00 34.00 42.18 203.0 0.00 110.5 -14.053 365.805 0.00 0.00 0.00 0.00 0.00
 Mixed / non conventional 8.00 13.00 34.00 39.00 57.05 316.1 0.00 -34.9 -9.811 365.805 0.00 0.00 0.00 0.00 0.00
 Mixed / non conventional 8.00 13.00 39.00 44.00 34.98 633.6 0.00 -57.3 -3.510 365.805 0.00 0.00 0.00 0.00 0.00
 Mixed / non conventional 8.00 13.00 20.00 25.00 21.49 54.3 0.00 50.2 -43.645 364.430 0.00 0.00 0.00 0.00 0.00
 Mixed / non conventional 8.00 13.00 25.00 30.00 53.38 165.0 0.00 4.2 -34.494 364.430 0.00 0.00 0.00 0.00 0.00
 Mixed / non conventional 8.00 13.00 30.00 35.00 46.51 343.1 0.00 85.8 -13.357 364.430 0.00 0.00 0.00 0.00 0.00
 Mixed / non conventional 8.00 13.00 35.00 40.00 55.98 564.9 0.00 -56.5 -8.540 364.430 0.00 0.00 0.00 0.00 0.00
 Mixed / non conventional 8.00 13.00 40.00 45.00 27.78 1285.3 0.00 -29.7 -2.520 364.430 0.00 0.00 0.00 0.00 0.00
 Mixed / non conventional 8.00 13.00 21.00 26.00 28.28 68.4 0.00 5.6 -43.782 364.134 0.00 0.00 0.00 0.00 0.00
 Mixed / non conventional 8.00 13.00 26.00 31.00 46.67 182.8 0.00 35.2 -25.129 364.134 0.00 0.00 0.00 0.00 0.00
 Mixed / non conventional 8.00 13.00 31.00 36.00 53.62 390.6 0.00 77.4 -13.405 364.134 0.00 0.00 0.00 0.00 0.00
 Mixed / non conventional 8.00 13.00 36.00 41.00 50.41 736.5 0.00 -76.9 -6.874 364.134 0.00 0.00 0.00 0.00 0.00
 Mixed / non conventional 8.00 13.00 41.00 46.00 26.49 1218.1 0.00 44.0 -2.187 364.134 0.00 0.00 0.00 0.00 0.00
 Mixed / non conventional 8.00 13.00 22.00 27.00 37.01 54.4 0.00 11.9 -43.832 356.261 0.00 0.00 0.00 0.00 0.00
 Mixed / non conventional 8.00 13.00 27.00 32.00 38.74 48.9 0.00 71.1 -17.202 356.261 0.00 0.00 0.00 0.00 0.00
 Mixed / non conventional 8.00 13.00 32.00 37.00 55.36 111.6 0.00 124.2 -11.868 356.261 0.00 0.00 0.00 0.00 0.00
 Mixed / non conventional 8.00 13.00 37.00 42.00 48.93 247.5 0.00 -159.2 -5.862 356.261 0.00 0.00 0.00 0.00 0.00
 Mixed / non conventional 8.00 13.00 42.00 47.00 26.40 386.2 0.00 1.5 -1.946 356.261 0.00 0.00 0.00 0.00 0.00
 Mixed / non conventional 8.00 14.00 20.00 26.00 24.67 64.6 0.00 38.9 -77.076 353.320 0.00 0.00 0.00 0.00 0.00
 Mixed / non conventional 8.00 14.00 26.00 32.00 46.79 55.2 0.00 63.9 -36.545 353.320 0.00 0.00 0.00 0.00 0.00
 Mixed / non conventional 8.00 14.00 32.00 38.00 56.97 19.2 0.00 6.3 -17.797 353.320 0.00 0.00 0.00 0.00 0.00
 Mixed / non conventional 8.00 14.00 38.00 44.00 40.26 54.6 0.00 -42.9 -6.289 353.320 0.00 0.00 0.00 0.00 0.00
 Mixed / non conventional 8.00 14.00 21.00 27.00 31.56 32.5 0.00 -5.7 -66.763 319.158 0.00 0.00 0.00 0.00 0.00
 Mixed / non conventional 8.00 14.00 27.00 33.00 40.56 47.9 0.00 208.1 -24.020 319.158 0.00 0.00 0.00 0.00 0.00
 Mixed / non conventional 8.00 14.00 33.00 39.00 59.65 48.7 0.00 -118.2 -14.815 319.158 0.00 0.00 0.00 0.00 0.00
 Mixed / non conventional 8.00 14.00 39.00 45.00 34.28 71.2 0.00 -65.5 -4.373 319.158 0.00 0.00 0.00 0.00 0.00
 Mixed / non conventional 8.00 14.00 22.00 28.00 37.36 17.4 0.00 23.7 -67.216 351.664 0.00 0.00 0.00 0.00 0.00
 Mixed / non conventional 8.00 14.00 28.00 34.00 41.31 50.0 0.00 118.6 -22.869 351.664 0.00 0.00 0.00 0.00 0.00
 Mixed / non conventional 8.00 14.00 34.00 40.00 57.10 18.6 0.00 -70.3 -13.828 351.664 0.00 0.00 0.00 0.00 0.00
 Mixed / non conventional 8.00 14.00 40.00 46.00 28.16 57.8 0.00 31.9 -3.589 351.664 0.00 0.00 0.00 0.00 0.00
 Mixed / non conventional 8.00 14.00 23.00 29.00 43.61 111.9 0.00 -1.0 -60.646 344.055 0.00 0.00 0.00 0.00 0.00
 Mixed / non conventional 8.00 14.00 29.00 35.00 44.19 190.0 0.00 96.8 -20.483 344.055 0.00 0.00 0.00 0.00 0.00
 Mixed / non conventional 8.00 14.00 35.00 41.00 53.63 313.2 0.00 -68.2 -11.301 344.055 0.00 0.00 0.00 0.00 0.00
 Mixed / non conventional 8.00 14.00 41.00 47.00 26.82 496.5 0.00 -5.5 -3.043 344.055 0.00 0.00 0.00 0.00 0.00
 Mixed / non conventional 8.00 14.00 24.00 30.00 50.30 52.9 0.00 -42.1 -53.399 326.084 0.00 0.00 0.00 0.00 0.00
 Mixed / non conventional 8.00 14.00 30.00 36.00 49.38 61.9 0.00 93.3 -18.722 326.084 0.00 0.00 0.00 0.00 0.00
 Mixed / non conventional 8.00 14.00 36.00 42.00 48.28 204.3 0.00 -84.5 -8.613 326.084 0.00 0.00 0.00 0.00 0.00
 Mixed / non conventional 8.00 14.00 25.00 31.00 52.55 24.2 0.00 16.4 -41.244 294.568 0.00 0.00 0.00 0.00 0.00
 Mixed / non conventional 8.00 14.00 31.00 37.00 53.89 38.8 0.00 149.9 -16.044 294.568 0.00 0.00 0.00 0.00 0.00
 Mixed / non conventional 8.00 14.00 37.00 43.00 47.25 55.7 0.00 -189.6 -6.832 294.568 0.00 0.00 0.00 0.00 0.00
 Mixed / non conventional 9.00 10.00 11.00 12.00 17.79 38.1 0.00 -165.9 -246.076 260.686 0.00 0.00 0.00 0.00 0.00
 Mixed / non conventional 9.00 10.00 12.00 13.00 18.04 51.3 0.00 -95.0 -62.370 260.686 0.00 0.00 0.00 0.00 0.00
 Mixed / non conventional 9.00 10.00 13.00 14.00 18.34 142.3 0.00 -573.6 -25.369 260.686 0.00 0.00 0.00 0.00 0.00
 Mixed / non conventional 9.00 10.00 14.00 15.00 18.86 298.6 0.00 342.7 -13.043 260.686 0.00 0.00 0.00 0.00 0.00
 Mixed / non conventional 9.00 10.00 15.00 16.00 18.69 27.9 0.00 43.3 -7.387 260.686 0.00 0.00 0.00 0.00 0.00
 Mixed / non conventional 9.00 10.00 16.00 17.00 18.22 76.3 0.00 -9.0 -4.500 260.686 0.00 0.00 0.00 0.00 0.00
 Mixed / non conventional 9.00 10.00 17.00 18.00 18.13 119.7 0.00 -19.0 -2.986 260.686 0.00 0.00 0.00 0.00 0.00
 Mixed / non conventional 9.00 10.00 18.00 19.00 17.24 30.7 0.00 11.0 -1.987 260.686 0.00 0.00 0.00 0.00 0.00
 Mixed / non conventional 9.00 10.00 19.00 20.00 17.73 33.0 0.00 -12.0 -1.486 260.686 0.00 0.00 0.00 0.00 0.00
 Mixed / non conventional 9.00 10.00 20.00 21.00 17.68 37.1 0.00 28.8 -1.111 260.686 0.00 0.00 0.00 0.00 0.00
 Mixed / non conventional 9.00 11.00 13.00 15.00 18.39 16.7 0.00 -229.1 -150.661 308.898 0.00 0.00 0.00 0.00 0.00
 Mixed / non conventional 9.00 11.00 15.00 17.00 17.83 26.6 0.00 36.7 -36.523 308.898 0.00 0.00 0.00 0.00 0.00
 Mixed / non conventional 9.00 11.00 17.00 19.00 17.23 13.7 0.00 -7.0 -14.116 308.898 0.00 0.00 0.00 0.00 0.00
 Mixed / non conventional 9.00 11.00 19.00 21.00 17.36 58.0 0.00 17.8 -7.111 308.898 0.00 0.00 0.00 0.00 0.00
 Mixed / non conventional 9.00 11.00 21.00 23.00 19.20 160.3 0.00 13.2 -4.496 308.898 0.00 0.00 0.00 0.00 0.00
 Mixed / non conventional 9.00 11.00 23.00 25.00 30.04 137.6 0.00 1.9 -4.395 308.898 0.00 0.00 0.00 0.00 0.00
 Mixed / non conventional 9.00 11.00 25.00 27.00 65.01 171.1 0.00 -25.4 -6.342 308.898 0.00 0.00 0.00 0.00 0.00
 Mixed / non conventional 9.00 11.00 27.00 29.00 40.91 267.4 0.00 14.5 -2.793 308.898 0.00 0.00 0.00 0.00 0.00
 Mixed / non conventional 9.00 11.00 29.00 31.00 32.97 344.9 0.00 26.8 -1.637 308.898 0.00 0.00 0.00 0.00 0.00
 Mixed / non conventional 9.00 11.00 31.00 33.00 42.95 353.7 0.00 164.0 -1.600 308.898 0.00 0.00 0.00 0.00 0.00
 Mixed / non conventional 9.00 11.00 14.00 16.00 18.40 21.4 0.00 266.8 -63.917 286.456 0.00 0.00 0.00 0.00 0.00
 Mixed / non conventional 9.00 11.00 16.00 18.00 18.12 7.6 0.00 -28.6 -20.979 286.456 0.00 0.00 0.00 0.00 0.00
 Mixed / non conventional 9.00 11.00 18.00 20.00 17.20 69.2 0.00 -0.6 -9.054 286.456 0.00 0.00 0.00 0.00 0.00
 Mixed / non conventional 9.00 11.00 20.00 22.00 18.05 39.3 0.00 11.8 -5.115 286.456 0.00 0.00 0.00 0.00 0.00
 Mixed / non conventional 9.00 11.00 22.00 24.00 21.39 84.0 0.00 78.0 -3.637 286.456 0.00 0.00 0.00 0.00 0.00
 Mixed / non conventional 9.00 11.00 24.00 26.00 50.66 63.8 0.00 -61.9 -5.574 286.456 0.00 0.00 0.00 0.00 0.00
 Mixed / non conventional 9.00 11.00 26.00 28.00 56.77 93.9 0.00 -2.5 -4.273 286.456 0.00 0.00 0.00 0.00 0.00
 Mixed / non conventional 9.00 11.00 28.00 30.00 36.34 229.1 0.00 17.2 -1.954 286.456 0.00 0.00 0.00 0.00 0.00
 Mixed / non conventional 9.00 11.00 30.00 32.00 35.48 233.8 0.00 43.8 -1.410 286.456 0.00 0.00 0.00 0.00 0.00
 Mixed / non conventional 9.00 11.00 32.00 34.00 53.94 97.5 0.00 53.6 -1.629 286.456 0.00 0.00 0.00 0.00 0.00
 Mixed / non conventional 9.00 12.00 15.00 18.00 17.93 0.3 0.00 17.7 -92.988 293.341 0.00 0.00 0.00 0.00 0.00
 Mixed / non conventional 9.00 12.00 18.00 21.00 17.17 25.4 0.00 28.6 -22.270 293.341 0.00 0.00 0.00 0.00 0.00
 Mixed / non conventional 9.00 12.00 21.00 24.00 20.34 59.6 0.00 60.7 -10.550 293.341 0.00 0.00 0.00 0.00 0.00
 Mixed / non conventional 9.00 12.00 24.00 27.00 55.65 95.0 0.00 -71.8 -14.435 293.341 0.00 0.00 0.00 0.00 0.00
 Mixed / non conventional 9.00 12.00 27.00 30.00 39.90 62.8 0.00 25.0 -5.914 293.341 0.00 0.00 0.00 0.00 0.00
 Mixed / non conventional 9.00 12.00 30.00 33.00 39.30 208.5 0.00 181.0 -3.640 293.341 0.00 0.00 0.00 0.00 0.00
 Mixed / non conventional 9.00 12.00 33.00 36.00 61.94 182.8 0.00 -89.0 -3.825 293.341 0.00 0.00 0.00 0.00 0.00
 Mixed / non conventional 9.00 12.00 36.00 39.00 52.11 211.2 0.00 -30.1 -2.253 293.341 0.00 0.00 0.00 0.00 0.00
 Mixed / non conventional 9.00 12.00 39.00 42.00 40.35 383.7 0.00 -55.4 -1.269 293.341 0.00 0.00 0.00 0.00 0.00
 Mixed / non conventional 9.00 12.00 42.00 45.00 23.60 653.6 0.00 -10.9 -0.556 293.341 0.00 0.00 0.00 0.00 0.00
 Mixed / non conventional 9.00 12.00 16.00 19.00 17.71 60.2 0.00 -23.5 -44.572 246.005 0.00 0.00 0.00 0.00 0.00
 Mixed / non conventional 9.00 12.00 19.00 22.00 18.11 69.3 0.00 -2.4 -14.028 246.005 0.00 0.00 0.00 0.00 0.00
 Mixed / non conventional 9.00 12.00 22.00 25.00 26.73 80.5 0.00 30.1 -9.058 246.005 0.00 0.00 0.00 0.00 0.00
 Mixed / non conventional 9.00 12.00 25.00 28.00 61.42 100.5 0.00 -20.0 -10.953 246.005 0.00 0.00 0.00 0.00 0.00
 Mixed / non conventional 9.00 12.00 28.00 31.00 36.16 135.7 0.00 33.4 -3.810 246.005 0.00 0.00 0.00 0.00 0.00
 Mixed / non conventional 9.00 12.00 31.00 34.00 50.53 150.8 0.00 80.7 -3.408 246.005 0.00 0.00 0.00 0.00 0.00
 Mixed / non conventional 9.00 12.00 34.00 37.00 56.38 385.0 0.00 68.5 -2.580 246.005 0.00 0.00 0.00 0.00 0.00
 Mixed / non conventional 9.00 12.00 37.00 40.00 59.11 263.2 0.00 -141.5 -1.920 246.005 0.00 0.00 0.00 0.00 0.00
 Mixed / non conventional 9.00 12.00 40.00 43.00 29.62 417.7 0.00 -49.7 -0.707 246.005 0.00 0.00 0.00 0.00 0.00
 Mixed / non conventional 9.00 12.00 43.00 46.00 26.30 695.0 0.00 80.3 -0.475 246.005 0.00 0.00 0.00 0.00 0.00
 Mixed / non conventional 9.00 12.00 17.00 20.00 17.65 45.7 0.00 -23.3 -28.850 250.991 0.00 0.00 0.00 0.00 0.00
 Mixed / non conventional 9.00 12.00 20.00 23.00 19.03 87.4 0.00 40.1 -11.106 250.991 0.00 0.00 0.00 0.00 0.00
 Mixed / non conventional 9.00 12.00 23.00 26.00 40.33 118.7 0.00 -15.7 -11.076 250.991 0.00 0.00 0.00 0.00 0.00
 Mixed / non conventional 9.00 12.00 26.00 29.00 53.39 163.6 0.00 3.3 -8.065 250.991 0.00 0.00 0.00 0.00 0.00
 Mixed / non conventional 9.00 12.00 29.00 32.00 36.58 196.9 0.00 54.0 -3.363 250.991 0.00 0.00 0.00 0.00 0.00
 Mixed / non conventional 9.00 12.00 32.00 35.00 57.21 241.4 0.00 39.0 -3.440 250.991 0.00 0.00 0.00 0.00 0.00
 Mixed / non conventional 9.00 12.00 35.00 38.00 56.06 371.1 0.00 -36.1 -2.324 250.991 0.00 0.00 0.00 0.00 0.00
 Mixed / non conventional 9.00 12.00 38.00 41.00 51.32 538.8 0.00 -34.6 -1.529 250.991 0.00 0.00 0.00 0.00 0.00
 Mixed / non conventional 9.00 12.00 41.00 44.00 25.35 587.0 0.00 -10.0 -0.561 250.991 0.00 0.00 0.00 0.00 0.00
 Mixed / non conventional 9.00 12.00 44.00 47.00 30.20 591.0 0.00 3.3 -0.510 250.991 0.00 0.00 0.00 0.00 0.00
 Mixed / non conventional 9.00 14.00 19.00 24.00 18.31 94.3 0.00 66.9 -45.490 234.214 0.00 0.00 0.00 0.00 0.00
 Mixed / non conventional 9.00 14.00 24.00 29.00 52.19 136.4 0.00 -65.4 -32.422 234.214 0.00 0.00 0.00 0.00 0.00
 Mixed / non conventional 9.00 14.00 29.00 34.00 43.03 194.8 0.00 105.4 -10.693 234.214 0.00 0.00 0.00 0.00 0.00
 Mixed / non conventional 9.00 14.00 34.00 39.00 58.56 296.6 0.00 -38.0 -7.276 234.214 0.00 0.00 0.00 0.00 0.00
 Mixed / non conventional 9.00 14.00 39.00 44.00 35.79 585.6 0.00 -58.3 -2.541 234.214 0.00 0.00 0.00 0.00 0.00
 Mixed / non conventional 9.00 14.00 20.00 25.00 21.11 78.0 0.00 33.9 -37.075 233.016 0.00 0.00 0.00 0.00 0.00
 Mixed / non conventional 9.00 14.00 25.00 30.00 54.02 120.9 0.00 -7.8 -27.104 233.016 0.00 0.00 0.00 0.00 0.00
 Mixed / non conventional 9.00 14.00 30.00 35.00 47.44 180.9 0.00 81.0 -10.070 233.016 0.00 0.00 0.00 0.00 0.00
 Mixed / non conventional 9.00 14.00 35.00 40.00 57.22 241.9 0.00 -59.2 -6.268 233.016 0.00 0.00 0.00 0.00 0.00
 Mixed / non conventional 9.00 14.00 40.00 45.00 28.09 412.7 0.00 -30.4 -1.795 233.016 0.00 0.00 0.00 0.00 0.00
 Mixed / non conventional 9.00 14.00 21.00 26.00 27.77 198.6 0.00 -10.4 -35.973 232.429 0.00 0.00 0.00 0.00 0.00
 Mixed / non conventional 9.00 14.00 26.00 31.00 47.31 375.3 0.00 26.4 -19.496 232.429 0.00 0.00 0.00 0.00 0.00
 Mixed / non conventional 9.00 14.00 31.00 36.00 54.72 596.9 0.00 72.5 -10.022 232.429 0.00 0.00 0.00 0.00 0.00
 Mixed / non conventional 9.00 14.00 36.00 41.00 51.38 1058.2 0.00 -79.0 -4.999 232.429 0.00 0.00 0.00 0.00 0.00
 Mixed / non conventional 9.00 14.00 41.00 46.00 26.66 2273.6 0.00 43.3 -1.542 232.429 0.00 0.00 0.00 0.00 0.00
 Mixed / non conventional 9.00 14.00 22.00 27.00 36.62 657.1 0.00 -3.1 -36.182 232.432 0.00 0.00 0.00 0.00 0.00
 Mixed / non conventional 9.00 14.00 27.00 32.00 39.34 1211.0 0.00 65.3 -13.521 232.432 0.00 0.00 0.00 0.00 0.00
 Mixed / non conventional 9.00 14.00 32.00 37.00 56.68 1649.1 0.00 121.0 -9.044 232.432 0.00 0.00 0.00 0.00 0.00
 Mixed / non conventional 9.00 14.00 37.00 42.00 50.34 2580.3 0.00 -161.3 -4.381 232.432 0.00 0.00 0.00 0.00 0.00
 Mixed / non conventional 9.00 14.00 42.00 47.00 26.81 5281.4 0.00 1.0 -1.412 232.432 0.00 0.00 0.00 0.00 0.00
 Mixed / non conventional 9.00 14.00 23.00 28.00 1.01 120.3 0.00 -24.8 -33.724 9999.000 0.00 0.00 0.00 0.00 0.00
 Mixed / non conventional 9.00 14.00 28.00 33.00 0.89 120.7 0.00 194.8 -11.110 9999.000 0.00 0.00 0.00 0.00 0.00
 Mixed / non conventional 9.00 14.00 33.00 38.00 1.36 121.1 0.00 -134.2 -8.213 9999.000 0.00 0.00 0.00 0.00 0.00
 Mixed / non conventional 9.00 14.00 38.00 43.00 0.99 122.1 0.00 -71.9 -3.328 9999.000 0.00 0.00 0.00 0.00 0.00
 Mixed / non conventional 9.00 15.00 21.00 27.00 30.22 0.0 0.00 -12.6 -216.154 809.028 0.00 0.00 0.00 0.00 0.00
 Mixed / non conventional 9.00 15.00 27.00 33.00 40.53 0.2 0.00 199.8 -72.481 809.028 0.00 0.00 0.00 0.00 0.00
 Mixed / non conventional 9.00 15.00 33.00 39.00 60.27 0.4 0.00 -114.8 -43.113 809.028 0.00 0.00 0.00 0.00 0.00
 Mixed / non conventional 9.00 15.00 39.00 45.00 34.45 1.0 0.00 -64.9 -12.322 809.028 0.00 0.00 0.00 0.00 0.00
 Mixed / non conventional 9.00 15.00 22.00 28.00 36.50 0.0 0.00 12.5 -195.306 807.407 0.00 0.00 0.00 0.00 0.00
 Mixed / non conventional 9.00 15.00 28.00 34.00 41.89 0.2 0.00 112.5 -62.771 807.407 0.00 0.00 0.00 0.00 0.00
 Mixed / non conventional 9.00 15.00 34.00 40.00 58.40 0.4 0.00 -70.9 -36.696 807.407 0.00 0.00 0.00 0.00 0.00
 Mixed / non conventional 9.00 15.00 40.00 46.00 28.68 1.1 0.00 30.5 -9.253 807.407 0.00 0.00 0.00 0.00 0.00
 Mixed / non conventional 9.00 15.00 23.00 29.00 43.12 0.0 0.00 -10.9 -177.501 804.598 0.00 0.00 0.00 0.00 0.00
 Mixed / non conventional 9.00 15.00 29.00 35.00 44.81 0.1 0.00 92.0 -56.751 804.598 0.00 0.00 0.00 0.00 0.00
 Mixed / non conventional 9.00 15.00 35.00 41.00 54.90 0.2 0.00 -70.3 -30.419 804.598 0.00 0.00 0.00 0.00 0.00
 Mixed / non conventional 9.00 15.00 41.00 47.00 27.35 0.5 0.00 -5.6 -7.976 804.598 0.00 0.00 0.00 0.00 0.00
 Mixed / non conventional 9.00 15.00 24.00 30.00 49.92 0.1 0.00 -46.8 -162.298 804.308 0.00 0.00 0.00 0.00 0.00
 Mixed / non conventional 9.00 15.00 30.00 36.00 49.79 0.2 0.00 89.2 -53.960 804.308 0.00 0.00 0.00 0.00 0.00
 Mixed / non conventional 9.00 15.00 36.00 42.00 48.96 0.5 0.00 -84.2 -24.117 804.308 0.00 0.00 0.00 0.00 0.00
 Mixed / non conventional 9.00 15.00 25.00 31.00 51.78 0.2 0.00 15.1 -135.354 802.898 0.00 0.00 0.00 0.00 0.00
 Mixed / non conventional 9.00 15.00 31.00 37.00 53.75 0.5 0.00 146.1 -50.171 802.898 0.00 0.00 0.00 0.00 0.00
 Mixed / non conventional 9.00 15.00 37.00 43.00 47.23 0.9 0.00 -187.5 -20.749 802.898 0.00 0.00 0.00 0.00 0.00
 Mixed / non conventional 9.00 15.00 26.00 32.00 46.86 0.3 0.00 57.4 -100.177 802.314 0.00 0.00 0.00 0.00 0.00
 Mixed / non conventional 9.00 15.00 32.00 38.00 57.63 0.6 0.00 3.9 -46.730 802.314 0.00 0.00 0.00 0.00 0.00
 Mixed / non conventional 9.00 15.00 38.00 44.00 40.74 1.3 0.00 -43.5 -16.043 802.314 0.00 0.00 0.00 0.00 0.00
 Mixed / non conventional 10.00 11.00 12.00 13.00 18.05 0.0 0.00 -30.5 -798.007 833.301 0.00 0.00 0.00 0.00 0.00
 Mixed / non conventional 10.00 11.00 13.00 14.00 18.21 0.0 0.00 -2.5 -201.242 833.301 0.00 0.00 0.00 0.00 0.00
 Mixed / non conventional 10.00 11.00 14.00 15.00 18.13 1.9 0.00 343.3 -80.164 833.301 0.00 0.00 0.00 0.00 0.00
 Mixed / non conventional 10.00 11.00 15.00 16.00 17.74 3.9 0.00 -513.3 -39.222 833.301 0.00 0.00 0.00 0.00 0.00
 Mixed / non conventional 10.00 11.00 16.00 17.00 17.07 0.2 0.00 -9.3 -21.566 833.301 0.00 0.00 0.00 0.00 0.00
 Mixed / non conventional 10.00 11.00 17.00 18.00 17.16 0.3 0.00 -18.1 -13.544 833.301 0.00 0.00 0.00 0.00 0.00
 Mixed / non conventional 10.00 11.00 18.00 19.00 16.42 0.3 0.00 11.4 -8.640 833.301 0.00 0.00 0.00 0.00 0.00
 Mixed / non conventional 10.00 11.00 19.00 20.00 17.06 0.5 0.00 -12.1 -6.286 833.301 0.00 0.00 0.00 0.00 0.00
 Mixed / non conventional 10.00 11.00 20.00 21.00 17.18 0.6 0.00 28.9 -4.604 833.301 0.00 0.00 0.00 0.00 0.00
 Mixed / non conventional 10.00 11.00 21.00 22.00 18.37 1.0 0.00 -18.1 -3.691 833.301 0.00 0.00 0.00 0.00 0.00
 Mixed / non conventional 10.00 12.00 14.00 16.00 18.64 0.0 0.00 -169.7 -404.104 817.448 0.00 0.00 0.00 0.00 0.00
 Mixed / non conventional 10.00 12.00 16.00 18.00 17.08 0.1 0.00 -27.8 -92.595 817.448 0.00 0.00 0.00 0.00 0.00
 Mixed / non conventional 10.00 12.00 18.00 20.00 16.65 0.2 0.00 -0.9 -36.093 817.448 0.00 0.00 0.00 0.00 0.00
 Mixed / non conventional 10.00 12.00 20.00 22.00 17.74 0.4 0.00 11.1 -19.234 817.448 0.00 0.00 0.00 0.00 0.00
 Mixed / non conventional 10.00 12.00 22.00 24.00 21.11 0.6 0.00 76.7 -13.079 817.448 0.00 0.00 0.00 0.00 0.00
 Mixed / non conventional 10.00 12.00 24.00 26.00 50.19 0.8 0.00 -60.4 -19.434 817.448 0.00 0.00 0.00 0.00 0.00
 Mixed / non conventional 10.00 12.00 26.00 28.00 56.83 1.1 0.00 -2.5 -14.671 817.448 0.00 0.00 0.00 0.00 0.00
 Mixed / non conventional 10.00 12.00 28.00 30.00 36.66 1.5 0.00 17.2 -6.625 817.448 0.00 0.00 0.00 0.00 0.00
 Mixed / non conventional 10.00 12.00 30.00 32.00 35.82 1.6 0.00 43.1 -4.707 817.448 0.00 0.00 0.00 0.00 0.00
 Mixed / non conventional 10.00 12.00 32.00 34.00 54.69 2.0 0.00 52.2 -5.390 817.448 0.00 0.00 0.00 0.00 0.00
 Mixed / non conventional 10.00 12.00 15.00 17.00 17.57 0.0 0.00 -400.4 -174.448 818.630 0.00 0.00 0.00 0.00 0.00
 Mixed / non conventional 10.00 12.00 17.00 19.00 16.80 0.1 0.00 -7.2 -55.605 818.630 0.00 0.00 0.00 0.00 0.00
 Mixed / non conventional 10.00 12.00 19.00 21.00 17.10 0.2 0.00 16.9 -25.714 818.630 0.00 0.00 0.00 0.00 0.00
 Mixed / non conventional 10.00 12.00 21.00 23.00 19.13 0.4 0.00 12.7 -15.489 818.630 0.00 0.00 0.00 0.00 0.00
 Mixed / non conventional 10.00 12.00 23.00 25.00 29.96 0.6 0.00 1.0 -14.557 818.630 0.00 0.00 0.00 0.00 0.00
 Mixed / non conventional 10.00 12.00 25.00 27.00 65.31 0.7 0.00 -25.4 -20.536 818.630 0.00 0.00 0.00 0.00 0.00
 Mixed / non conventional 10.00 12.00 27.00 29.00 41.24 0.9 0.00 14.6 -8.871 818.630 0.00 0.00 0.00 0.00 0.00
 Mixed / non conventional 10.00 12.00 29.00 31.00 33.35 1.4 0.00 26.7 -5.124 818.630 0.00 0.00 0.00 0.00 0.00
 Mixed / non conventional 10.00 12.00 31.00 33.00 43.64 1.4 0.00 158.1 -4.956 818.630 0.00 0.00 0.00 0.00 0.00
 Mixed / non conventional 10.00 12.00 33.00 35.00 60.86 1.7 0.00 -92.7 -5.254 818.630 0.00 0.00 0.00 0.00 0.00
 Mixed / non conventional 10.00 13.00 16.00 19.00 17.29 0.0 0.00 -16.5 -255.466 835.489 0.00 0.00 0.00 0.00 0.00
 Mixed / non conventional 10.00 13.00 19.00 22.00 17.61 0.0 0.00 -1.5 -65.035 835.489 0.00 0.00 0.00 0.00 0.00
 Mixed / non conventional 10.00 13.00 22.00 25.00 26.31 0.2 0.00 31.4 -38.867 835.489 0.00 0.00 0.00 0.00 0.00
 Mixed / non conventional 10.00 13.00 25.00 28.00 61.29 0.2 0.00 -17.9 -45.280 835.489 0.00 0.00 0.00 0.00 0.00
 Mixed / non conventional 10.00 13.00 28.00 31.00 36.57 0.3 0.00 33.9 -15.438 835.489 0.00 0.00 0.00 0.00 0.00
 Mixed / non conventional 10.00 13.00 31.00 34.00 51.57 0.4 0.00 79.4 -13.606 835.489 0.00 0.00 0.00 0.00 0.00
 Mixed / non conventional 10.00 13.00 34.00 37.00 58.05 0.6 0.00 67.8 -10.210 835.489 0.00 0.00 0.00 0.00 0.00
 Mixed / non conventional 10.00 13.00 37.00 40.00 60.59 0.7 0.00 -137.9 -7.459 835.489 0.00 0.00 0.00 0.00 0.00
 Mixed / non conventional 10.00 13.00 40.00 43.00 31.67 1.4 0.00 -49.9 -2.836 835.489 0.00 0.00 0.00 0.00 0.00
 Mixed / non conventional 10.00 13.00 43.00 46.00 28.07 2.1 0.00 80.2 -1.885 835.489 0.00 0.00 0.00 0.00 0.00
 Mixed / non conventional 10.00 13.00 17.00 20.00 17.00 0.1 0.00 -19.3 -145.429 836.193 0.00 0.00 0.00 0.00 0.00
 Mixed / non conventional 10.00 13.00 20.00 23.00 18.52 0.3 0.00 41.3 -48.760 836.193 0.00 0.00 0.00 0.00 0.00
 Mixed / non conventional 10.00 13.00 23.00 26.00 39.41 0.5 0.00 -14.6 -45.392 836.193 0.00 0.00 0.00 0.00 0.00
 Mixed / non conventional 10.00 13.00 26.00 29.00 53.00 0.8 0.00 4.5 -32.126 836.193 0.00 0.00 0.00 0.00 0.00
 Mixed / non conventional 10.00 13.00 29.00 32.00 36.56 1.3 0.00 53.7 -13.094 836.193 0.00 0.00 0.00 0.00 0.00
 Mixed / non conventional 10.00 13.00 32.00 35.00 57.68 1.5 0.00 39.3 -13.221 836.193 0.00 0.00 0.00 0.00 0.00
 Mixed / non conventional 10.00 13.00 35.00 38.00 56.85 2.0 0.00 -34.5 -8.843 836.193 0.00 0.00 0.00 0.00 0.00
 Mixed / non conventional 10.00 13.00 38.00 41.00 51.77 3.4 0.00 -35.2 -5.715 836.193 0.00 0.00 0.00 0.00 0.00
 Mixed / non conventional 10.00 13.00 41.00 44.00 25.81 4.8 0.00 -8.2 -2.095 836.193 0.00 0.00 0.00 0.00 0.00
 Mixed / non conventional 10.00 13.00 44.00 47.00 29.84 4.6 0.00 2.5 -1.833 836.193 0.00 0.00 0.00 0.00 0.00
 Mixed / non conventional 10.00 13.00 18.00 21.00 16.87 0.1 0.00 27.9 -92.175 839.291 0.00 0.00 0.00 0.00 0.00
 Mixed / non conventional 10.00 13.00 21.00 24.00 20.28 0.4 0.00 58.1 -39.582 839.291 0.00 0.00 0.00 0.00 0.00
 Mixed / non conventional 10.00 13.00 24.00 27.00 55.83 0.7 0.00 -70.6 -51.275 839.291 0.00 0.00 0.00 0.00 0.00
 Mixed / non conventional 10.00 13.00 27.00 30.00 40.60 1.0 0.00 24.8 -20.506 839.291 0.00 0.00 0.00 0.00 0.00
 Mixed / non conventional 10.00 13.00 30.00 33.00 40.26 1.5 0.00 175.0 -12.377 839.291 0.00 0.00 0.00 0.00 0.00
 Mixed / non conventional 10.00 13.00 33.00 36.00 63.81 1.9 0.00 -84.9 -12.828 839.291 0.00 0.00 0.00 0.00 0.00
 Mixed / non conventional 10.00 13.00 36.00 39.00 53.66 2.6 0.00 -28.9 -7.440 839.291 0.00 0.00 0.00 0.00 0.00
 Mixed / non conventional 10.00 13.00 39.00 42.00 41.66 4.6 0.00 -54.6 -4.151 839.291 0.00 0.00 0.00 0.00 0.00
 Mixed / non conventional 10.00 13.00 42.00 45.00 24.44 5.3 0.00 -10.2 -1.809 839.291 0.00 0.00 0.00 0.00 0.00
 Mixed / non conventional 10.00 15.00 20.00 25.00 20.41 0.1 0.00 42.0 -178.317 823.266 0.00 0.00 0.00 0.00 0.00
 Mixed / non conventional 10.00 15.00 25.00 30.00 54.22 0.3 0.00 -1.2 -118.408 823.266 0.00 0.00 0.00 0.00 0.00
 Mixed / non conventional 10.00 15.00 30.00 35.00 48.16 0.7 0.00 82.2 -42.067 823.266 0.00 0.00 0.00 0.00 0.00
 Mixed / non conventional 10.00 15.00 35.00 40.00 58.39 1.2 0.00 -56.9 -25.504 823.266 0.00 0.00 0.00 0.00 0.00
 Mixed / non conventional 10.00 15.00 40.00 45.00 28.47 2.8 0.00 -29.3 -7.107 823.266 0.00 0.00 0.00 0.00 0.00
 Mixed / non conventional 10.00 15.00 21.00 26.00 26.94 0.2 0.00 -2.5 -167.542 825.209 0.00 0.00 0.00 0.00 0.00
 Mixed / non conventional 10.00 15.00 26.00 31.00 47.76 0.4 0.00 30.6 -84.852 825.209 0.00 0.00 0.00 0.00 0.00
 Mixed / non conventional 10.00 15.00 31.00 36.00 55.73 0.7 0.00 73.0 -41.889 825.209 0.00 0.00 0.00 0.00 0.00
 Mixed / non conventional 10.00 15.00 36.00 41.00 52.26 1.4 0.00 -77.2 -20.277 825.209 0.00 0.00 0.00 0.00 0.00
 Mixed / non conventional 10.00 15.00 41.00 46.00 26.96 2.5 0.00 43.6 -6.102 825.209 0.00 0.00 0.00 0.00 0.00
 Mixed / non conventional 10.00 15.00 22.00 27.00 35.70 0.3 0.00 5.5 -164.534 827.105 0.00 0.00 0.00 0.00 0.00
 Mixed / non conventional 10.00 15.00 27.00 32.00 39.81 0.5 0.00 67.5 -58.389 827.105 0.00 0.00 0.00 0.00 0.00
 Mixed / non conventional 10.00 15.00 32.00 37.00 57.95 1.1 0.00 120.8 -37.772 827.105 0.00 0.00 0.00 0.00 0.00
 Mixed / non conventional 10.00 15.00 37.00 42.00 51.06 2.0 0.00 -158.2 -17.682 827.105 0.00 0.00 0.00 0.00 0.00
 Mixed / non conventional 10.00 15.00 42.00 47.00 27.17 3.4 0.00 1.1 -5.594 827.105 0.00 0.00 0.00 0.00 0.00
 Mixed / non conventional 10.00 15.00 23.00 28.00 3.50 85.8 0.00 -28.7 -49.531 3333.000 0.00 0.00 0.00 0.00 0.00
 Mixed / non conventional 10.00 15.00 28.00 33.00 3.16 85.9 0.00 188.0 -15.595 3333.000 0.00 0.00 0.00 0.00 0.00
 Mixed / non conventional 10.00 15.00 33.00 38.00 4.89 85.8 0.00 -129.4 -11.199 3333.000 0.00 0.00 0.00 0.00 0.00
 Mixed / non conventional 10.00 15.00 38.00 43.00 3.55 85.9 0.00 -73.1 -4.428 3333.000 0.00 0.00 0.00 0.00 0.00
 Mixed / non conventional 10.00 15.00 24.00 29.00 51.58 0.1 0.00 -56.0 -144.529 842.913 0.00 0.00 0.00 0.00 0.00
 Mixed / non conventional 10.00 15.00 29.00 34.00 43.27 0.1 0.00 105.1 -45.468 842.913 0.00 0.00 0.00 0.00 0.00
 Mixed / non conventional 10.00 15.00 34.00 39.00 59.37 0.1 0.00 -34.5 -30.114 842.913 0.00 0.00 0.00 0.00 0.00
 Mixed / non conventional 10.00 15.00 39.00 44.00 36.08 0.1 0.00 -55.8 -10.227 842.913 0.00 0.00 0.00 0.00 0.00
 Mixed / non conventional 10.00 16.00 22.00 28.00 35.19 0.0 0.00 13.1 -255.905 822.434 0.00 0.00 0.00 0.00 0.00
 Mixed / non conventional 10.00 16.00 28.00 34.00 42.15 0.0 0.00 112.2 -76.622 822.434 0.00 0.00 0.00 0.00 0.00
 Mixed / non conventional 10.00 16.00 34.00 40.00 59.35 0.0 0.00 -69.7 -43.158 822.434 0.00 0.00 0.00 0.00 0.00
 Mixed / non conventional 10.00 16.00 40.00 46.00 29.08 0.1 0.00 30.6 -10.574 822.434 0.00 0.00 0.00 0.00 0.00
 Mixed / non conventional 10.00 16.00 23.00 29.00 42.18 0.0 0.00 -10.7 -229.572 821.196 0.00 0.00 0.00 0.00 0.00
 Mixed / non conventional 10.00 16.00 29.00 35.00 45.18 0.0 0.00 91.9 -68.854 821.196 0.00 0.00 0.00 0.00 0.00
 Mixed / non conventional 10.00 16.00 35.00 41.00 55.89 0.1 0.00 -69.7 -35.715 821.196 0.00 0.00 0.00 0.00 0.00
 Mixed / non conventional 10.00 16.00 41.00 47.00 27.79 0.1 0.00 -5.1 -9.121 821.196 0.00 0.00 0.00 0.00 0.00
 Mixed / non conventional 10.00 16.00 24.00 30.00 49.43 0.0 0.00 -45.8 -207.141 819.229 0.00 0.00 0.00 0.00 0.00
 Mixed / non conventional 10.00 16.00 30.00 36.00 50.27 0.0 0.00 89.1 -64.822 819.229 0.00 0.00 0.00 0.00 0.00
 Mixed / non conventional 10.00 16.00 36.00 42.00 49.65 0.1 0.00 -83.2 -28.012 819.229 0.00 0.00 0.00 0.00 0.00
 Mixed / non conventional 10.00 16.00 25.00 31.00 51.76 0.0 0.00 15.8 -171.894 821.677 0.00 0.00 0.00 0.00 0.00
 Mixed / non conventional 10.00 16.00 31.00 37.00 54.50 0.0 0.00 150.0 -60.340 821.677 0.00 0.00 0.00 0.00 0.00
 Mixed / non conventional 10.00 16.00 37.00 43.00 48.01 0.2 0.00 -190.3 -24.158 821.677 0.00 0.00 0.00 0.00 0.00
 Mixed / non conventional 10.00 16.00 26.00 32.00 47.02 0.1 0.00 57.4 -125.730 821.459 0.00 0.00 0.00 0.00 0.00
 Mixed / non conventional 10.00 16.00 32.00 38.00 58.53 0.1 0.00 4.4 -55.896 821.459 0.00 0.00 0.00 0.00 0.00
 Mixed / non conventional 10.00 16.00 38.00 44.00 41.38 0.3 0.00 -43.1 -18.597 821.459 0.00 0.00 0.00 0.00 0.00
 Mixed / non conventional 10.00 16.00 27.00 33.00 40.66 0.1 0.00 197.3 -89.213 823.513 0.00 0.00 0.00 0.00 0.00
 Mixed / non conventional 10.00 16.00 33.00 39.00 61.12 0.1 0.00 -112.9 -50.863 823.513 0.00 0.00 0.00 0.00 0.00
 Mixed / non conventional 10.00 16.00 39.00 45.00 34.83 0.3 0.00 -64.5 -14.077 823.513 0.00 0.00 0.00 0.00 0.00
 Mixed / non conventional 11.00 12.00 13.00 14.00 18.66 0.0 0.00 -142.2 -812.811 820.918 0.00 0.00 0.00 0.00 0.00
 Mixed / non conventional 11.00 12.00 14.00 15.00 19.29 0.0 0.00 251.7 -210.036 820.918 0.00 0.00 0.00 0.00 0.00
 Mixed / non conventional 11.00 12.00 15.00 16.00 17.91 1.7 0.00 91.8 -77.995 820.918 0.00 0.00 0.00 0.00 0.00
 Mixed / non conventional 11.00 12.00 16.00 17.00 17.23 3.6 0.00 -498.1 -37.529 820.918 0.00 0.00 0.00 0.00 0.00
 Mixed / non conventional 11.00 12.00 17.00 18.00 17.06 0.1 0.00 -17.9 -21.229 820.918 0.00 0.00 0.00 0.00 0.00
 Mixed / non conventional 11.00 12.00 18.00 19.00 16.37 0.0 0.00 11.5 -12.735 820.918 0.00 0.00 0.00 0.00 0.00
 Mixed / non conventional 11.00 12.00 19.00 20.00 17.04 0.1 0.00 -12.0 -8.835 820.918 0.00 0.00 0.00 0.00 0.00
 Mixed / non conventional 11.00 12.00 20.00 21.00 17.30 0.2 0.00 29.1 -6.278 820.918 0.00 0.00 0.00 0.00 0.00
 Mixed / non conventional 11.00 12.00 21.00 22.00 18.61 0.1 0.00 -18.4 -4.912 820.918 0.00 0.00 0.00 0.00 0.00
 Mixed / non conventional 11.00 12.00 22.00 23.00 20.19 0.1 0.00 30.7 -3.996 820.918 0.00 0.00 0.00 0.00 0.00
 Mixed / non conventional 11.00 13.00 15.00 17.00 18.58 0.0 0.00 -399.5 -412.965 838.065 0.00 0.00 0.00 0.00 0.00
 Mixed / non conventional 11.00 13.00 17.00 19.00 17.00 0.0 0.00 -6.9 -94.476 838.065 0.00 0.00 0.00 0.00 0.00
 Mixed / non conventional 11.00 13.00 19.00 21.00 17.29 0.0 0.00 16.9 -38.441 838.065 0.00 0.00 0.00 0.00 0.00
 Mixed / non conventional 11.00 13.00 21.00 23.00 19.58 0.1 0.00 12.7 -21.764 838.065 0.00 0.00 0.00 0.00 0.00
 Mixed / non conventional 11.00 13.00 23.00 25.00 30.75 0.2 0.00 0.8 -19.532 838.065 0.00 0.00 0.00 0.00 0.00
 Mixed / non conventional 11.00 13.00 25.00 27.00 67.58 0.2 0.00 -25.1 -26.826 838.065 0.00 0.00 0.00 0.00 0.00
 Mixed / non conventional 11.00 13.00 27.00 29.00 43.02 0.3 0.00 14.7 -11.385 838.065 0.00 0.00 0.00 0.00 0.00
 Mixed / non conventional 11.00 13.00 29.00 31.00 35.02 0.5 0.00 26.7 -6.488 838.065 0.00 0.00 0.00 0.00 0.00
 Mixed / non conventional 11.00 13.00 31.00 33.00 45.93 0.7 0.00 156.3 -6.188 838.065 0.00 0.00 0.00 0.00 0.00
 Mixed / non conventional 11.00 13.00 33.00 35.00 64.09 0.8 0.00 -91.0 -6.476 838.065 0.00 0.00 0.00 0.00 0.00
 Mixed / non conventional 11.00 13.00 16.00 18.00 17.53 0.0 0.00 -392.0 -178.435 839.447 0.00 0.00 0.00 0.00 0.00
 Mixed / non conventional 11.00 13.00 18.00 20.00 16.75 0.1 0.00 -1.1 -56.845 839.447 0.00 0.00 0.00 0.00 0.00
 Mixed / non conventional 11.00 13.00 20.00 22.00 18.05 0.1 0.00 10.8 -27.838 839.447 0.00 0.00 0.00 0.00 0.00
 Mixed / non conventional 11.00 13.00 22.00 24.00 21.66 0.2 0.00 76.4 -17.989 839.447 0.00 0.00 0.00 0.00 0.00
 Mixed / non conventional 11.00 13.00 24.00 26.00 51.68 0.2 0.00 -59.7 -25.750 839.447 0.00 0.00 0.00 0.00 0.00
 Mixed / non conventional 11.00 13.00 26.00 28.00 59.06 0.3 0.00 -2.3 -19.043 839.447 0.00 0.00 0.00 0.00 0.00
 Mixed / non conventional 11.00 13.00 28.00 30.00 38.27 0.4 0.00 17.5 -8.444 839.447 0.00 0.00 0.00 0.00 0.00
 Mixed / non conventional 11.00 13.00 30.00 32.00 37.61 0.5 0.00 43.2 -5.927 839.447 0.00 0.00 0.00 0.00 0.00
 Mixed / non conventional 11.00 13.00 32.00 34.00 57.68 0.6 0.00 51.9 -6.718 839.447 0.00 0.00 0.00 0.00 0.00
 Mixed / non conventional 11.00 13.00 34.00 36.00 64.44 0.8 0.00 -5.8 -5.703 839.447 0.00 0.00 0.00 0.00 0.00
 Mixed / non conventional 11.00 14.00 17.00 20.00 16.76 0.1 0.00 -19.1 -239.759 809.034 0.00 0.00 0.00 0.00 0.00
 Mixed / non conventional 11.00 14.00 20.00 23.00 18.25 0.1 0.00 41.2 -65.280 809.034 0.00 0.00 0.00 0.00 0.00
 Mixed / non conventional 11.00 14.00 23.00 26.00 39.23 0.1 0.00 -14.7 -56.128 809.034 0.00 0.00 0.00 0.00 0.00
 Mixed / non conventional 11.00 14.00 26.00 29.00 53.75 0.1 0.00 4.5 -38.447 809.034 0.00 0.00 0.00 0.00 0.00
 Mixed / non conventional 11.00 14.00 29.00 32.00 37.33 0.2 0.00 53.4 -15.260 809.034 0.00 0.00 0.00 0.00 0.00
 Mixed / non conventional 11.00 14.00 32.00 35.00 59.26 0.3 0.00 39.1 -15.141 809.034 0.00 0.00 0.00 0.00 0.00
 Mixed / non conventional 11.00 14.00 35.00 38.00 58.49 0.6 0.00 -34.0 -9.962 809.034 0.00 0.00 0.00 0.00 0.00
 Mixed / non conventional 11.00 14.00 38.00 41.00 53.07 0.9 0.00 -35.5 -6.327 809.034 0.00 0.00 0.00 0.00 0.00
 Mixed / non conventional 11.00 14.00 41.00 44.00 26.33 1.2 0.00 -7.7 -2.283 809.034 0.00 0.00 0.00 0.00 0.00
 Mixed / non conventional 11.00 14.00 44.00 47.00 30.58 1.1 0.00 2.2 -1.989 809.034 0.00 0.00 0.00 0.00 0.00
 Mixed / non conventional 11.00 14.00 18.00 21.00 16.46 0.0 0.00 27.8 -136.633 811.218 0.00 0.00 0.00 0.00 0.00
 Mixed / non conventional 11.00 14.00 21.00 24.00 20.12 0.0 0.00 57.4 -51.390 811.218 0.00 0.00 0.00 0.00 0.00
 Mixed / non conventional 11.00 14.00 24.00 27.00 55.92 0.1 0.00 -70.2 -62.485 811.218 0.00 0.00 0.00 0.00 0.00
 Mixed / non conventional 11.00 14.00 27.00 30.00 41.28 0.1 0.00 24.8 -24.273 811.218 0.00 0.00 0.00 0.00 0.00
 Mixed / non conventional 11.00 14.00 30.00 33.00 41.21 0.3 0.00 173.0 -14.322 811.218 0.00 0.00 0.00 0.00 0.00
 Mixed / non conventional 11.00 14.00 33.00 36.00 65.65 0.2 0.00 -83.5 -14.600 811.218 0.00 0.00 0.00 0.00 0.00
 Mixed / non conventional 11.00 14.00 36.00 39.00 55.14 0.4 0.00 -28.5 -8.321 811.218 0.00 0.00 0.00 0.00 0.00
 Mixed / non conventional 11.00 14.00 39.00 42.00 42.59 0.7 0.00 -54.5 -4.561 811.218 0.00 0.00 0.00 0.00 0.00
 Mixed / non conventional 11.00 14.00 42.00 45.00 24.91 1.0 0.00 -10.0 -1.962 811.218 0.00 0.00 0.00 0.00 0.00
 Mixed / non conventional 11.00 14.00 19.00 22.00 17.15 0.0 0.00 -1.9 -90.790 812.846 0.00 0.00 0.00 0.00 0.00
 Mixed / non conventional 11.00 14.00 22.00 25.00 26.16 0.1 0.00 31.0 -49.441 812.846 0.00 0.00 0.00 0.00 0.00
 Mixed / non conventional 11.00 14.00 25.00 28.00 61.51 0.1 0.00 -18.2 -54.710 812.846 0.00 0.00 0.00 0.00 0.00
 Mixed / non conventional 11.00 14.00 28.00 31.00 36.96 0.1 0.00 33.7 -18.083 812.846 0.00 0.00 0.00 0.00 0.00
 Mixed / non conventional 11.00 14.00 31.00 34.00 52.32 0.2 0.00 78.5 -15.581 812.846 0.00 0.00 0.00 0.00 0.00
 Mixed / non conventional 11.00 14.00 34.00 37.00 59.13 0.3 0.00 71.9 -11.513 812.846 0.00 0.00 0.00 0.00 0.00
 Mixed / non conventional 11.00 14.00 37.00 40.00 60.76 0.2 0.00 -141.4 -8.158 812.846 0.00 0.00 0.00 0.00 0.00
 Mixed / non conventional 11.00 14.00 40.00 43.00 31.03 0.3 0.00 -50.1 -2.995 812.846 0.00 0.00 0.00 0.00 0.00
 Mixed / non conventional 11.00 14.00 43.00 46.00 27.40 1.0 0.00 80.0 -1.965 812.846 0.00 0.00 0.00 0.00 0.00
 Mixed / non conventional 11.00 16.00 21.00 26.00 25.62 0.0 0.00 -2.6 -220.345 810.633 0.00 0.00 0.00 0.00 0.00
 Mixed / non conventional 11.00 16.00 26.00 31.00 47.75 0.0 0.00 30.6 -102.671 810.633 0.00 0.00 0.00 0.00 0.00
 Mixed / non conventional 11.00 16.00 31.00 36.00 56.32 0.0 0.00 72.6 -48.442 810.633 0.00 0.00 0.00 0.00 0.00
 Mixed / non conventional 11.00 16.00 36.00 41.00 53.01 0.1 0.00 -76.8 -22.799 810.633 0.00 0.00 0.00 0.00 0.00
 Mixed / non conventional 11.00 16.00 41.00 46.00 27.30 0.1 0.00 43.6 -6.709 810.633 0.00 0.00 0.00 0.00 0.00
 Mixed / non conventional 11.00 16.00 22.00 27.00 34.22 0.0 0.00 5.7 -209.293 811.585 0.00 0.00 0.00 0.00 0.00
 Mixed / non conventional 11.00 16.00 27.00 32.00 39.84 0.0 0.00 67.3 -69.611 811.585 0.00 0.00 0.00 0.00 0.00
 Mixed / non conventional 11.00 16.00 32.00 37.00 58.64 0.1 0.00 123.7 -43.354 811.585 0.00 0.00 0.00 0.00 0.00
 Mixed / non conventional 11.00 16.00 37.00 42.00 51.73 0.1 0.00 -160.6 -19.739 811.585 0.00 0.00 0.00 0.00 0.00
 Mixed / non conventional 11.00 16.00 42.00 47.00 27.49 0.3 0.00 1.2 -6.118 811.585 0.00 0.00 0.00 0.00 0.00
 Mixed / non conventional 11.00 16.00 23.00 28.00 42.38 0.0 0.00 -17.6 -192.291 814.275 0.00 0.00 0.00 0.00 0.00
 Mixed / non conventional 11.00 16.00 28.00 33.00 39.50 0.1 0.00 189.7 -57.030 814.275 0.00 0.00 0.00 0.00 0.00
 Mixed / non conventional 11.00 16.00 33.00 38.00 61.81 0.1 0.00 -124.7 -39.664 814.275 0.00 0.00 0.00 0.00 0.00
 Mixed / non conventional 11.00 16.00 38.00 43.00 44.53 0.2 0.00 -72.2 -15.181 814.275 0.00 0.00 0.00 0.00 0.00
 Mixed / non conventional 11.00 16.00 24.00 29.00 50.80 0.0 0.00 -55.7 -176.313 816.502 0.00 0.00 0.00 0.00 0.00
 Mixed / non conventional 11.00 16.00 29.00 34.00 43.47 0.1 0.00 104.8 -52.476 816.502 0.00 0.00 0.00 0.00 0.00
 Mixed / non conventional 11.00 16.00 34.00 39.00 60.16 0.1 0.00 -34.2 -33.721 816.502 0.00 0.00 0.00 0.00 0.00
 Mixed / non conventional 11.00 16.00 39.00 44.00 36.42 0.3 0.00 -55.5 -11.136 816.502 0.00 0.00 0.00 0.00 0.00
 Mixed / non conventional 11.00 16.00 25.00 30.00 53.90 0.0 0.00 -0.8 -146.489 817.686 0.00 0.00 0.00 0.00 0.00
 Mixed / non conventional 11.00 16.00 30.00 35.00 48.50 0.1 0.00 81.8 -49.436 817.686 0.00 0.00 0.00 0.00 0.00
 Mixed / non conventional 11.00 16.00 35.00 40.00 59.20 0.1 0.00 -56.2 -29.127 817.686 0.00 0.00 0.00 0.00 0.00
 Mixed / non conventional 11.00 16.00 40.00 45.00 28.77 0.2 0.00 -29.0 -7.911 817.686 0.00 0.00 0.00 0.00 0.00
 Mixed / non conventional 11.00 17.00 23.00 29.00 40.37 0.0 0.00 -10.4 -299.290 838.427 0.00 0.00 0.00 0.00 0.00
 Mixed / non conventional 11.00 17.00 29.00 35.00 44.92 0.0 0.00 92.0 -83.255 838.427 0.00 0.00 0.00 0.00 0.00
 Mixed / non conventional 11.00 17.00 35.00 41.00 56.12 0.0 0.00 -69.3 -41.602 838.427 0.00 0.00 0.00 0.00 0.00
 Mixed / non conventional 11.00 17.00 41.00 47.00 27.71 0.1 0.00 -4.8 -10.270 838.427 0.00 0.00 0.00 0.00 0.00
 Mixed / non conventional 11.00 17.00 24.00 30.00 48.09 0.0 0.00 -45.0 -267.690 839.841 0.00 0.00 0.00 0.00 0.00
 Mixed / non conventional 11.00 17.00 30.00 36.00 50.10 0.1 0.00 89.3 -78.088 839.841 0.00 0.00 0.00 0.00 0.00
 Mixed / non conventional 11.00 17.00 36.00 42.00 49.77 0.2 0.00 -82.4 -32.526 839.841 0.00 0.00 0.00 0.00 0.00
 Mixed / non conventional 11.00 17.00 25.00 31.00 50.91 0.0 0.00 15.8 -219.435 842.574 0.00 0.00 0.00 0.00 0.00
 Mixed / non conventional 11.00 17.00 31.00 37.00 54.51 0.1 0.00 150.9 -72.300 842.574 0.00 0.00 0.00 0.00 0.00
 Mixed / non conventional 11.00 17.00 37.00 43.00 48.14 0.2 0.00 -191.4 -27.930 842.574 0.00 0.00 0.00 0.00 0.00
 Mixed / non conventional 11.00 17.00 26.00 32.00 46.51 0.0 0.00 57.2 -158.701 844.211 0.00 0.00 0.00 0.00 0.00
 Mixed / non conventional 11.00 17.00 32.00 38.00 58.72 0.1 0.00 4.6 -66.794 844.211 0.00 0.00 0.00 0.00 0.00
 Mixed / non conventional 11.00 17.00 38.00 44.00 41.49 0.1 0.00 -42.9 -21.450 844.211 0.00 0.00 0.00 0.00 0.00
 Mixed / non conventional 11.00 17.00 27.00 33.00 40.27 0.0 0.00 196.6 -110.722 844.587 0.00 0.00 0.00 0.00 0.00
 Mixed / non conventional 11.00 17.00 33.00 39.00 61.37 0.0 0.00 -111.7 -60.259 844.587 0.00 0.00 0.00 0.00 0.00
 Mixed / non conventional 11.00 17.00 39.00 45.00 34.85 0.1 0.00 -64.1 -16.103 844.587 0.00 0.00 0.00 0.00 0.00
 Mixed / non conventional 11.00 17.00 28.00 34.00 41.79 0.1 0.00 111.7 -94.321 847.155 0.00 0.00 0.00 0.00 0.00
 Mixed / non conventional 11.00 17.00 34.00 40.00 59.52 0.1 0.00 -69.3 -50.956 847.155 0.00 0.00 0.00 0.00 0.00
 Mixed / non conventional 11.00 17.00 40.00 46.00 28.94 0.4 0.00 30.4 -12.035 847.155 0.00 0.00 0.00 0.00 0.00
 Mixed / non conventional 12.00 13.00 14.00 15.00 20.86 0.0 0.00 77.1 -916.908 828.475 0.00 0.00 0.00 0.00 0.00
 Mixed / non conventional 12.00 13.00 15.00 16.00 19.38 0.0 0.00 16.6 -212.944 828.475 0.00 0.00 0.00 0.00 0.00
 Mixed / non conventional 12.00 13.00 16.00 17.00 17.85 2.0 0.00 143.8 -78.451 828.475 0.00 0.00 0.00 0.00 0.00
 Mixed / non conventional 12.00 13.00 17.00 18.00 17.60 4.1 0.00 -530.7 -38.685 828.475 0.00 0.00 0.00 0.00 0.00
 Mixed / non conventional 12.00 13.00 18.00 19.00 16.56 0.1 0.00 11.2 -20.800 828.475 0.00 0.00 0.00 0.00 0.00
 Mixed / non conventional 12.00 13.00 19.00 20.00 17.26 0.0 0.00 -12.1 -13.546 828.475 0.00 0.00 0.00 0.00 0.00
 Mixed / non conventional 12.00 13.00 20.00 21.00 17.56 0.1 0.00 29.3 -9.188 828.475 0.00 0.00 0.00 0.00 0.00
 Mixed / non conventional 12.00 13.00 21.00 22.00 19.13 0.2 0.00 -18.4 -7.006 828.475 0.00 0.00 0.00 0.00 0.00
 Mixed / non conventional 12.00 13.00 22.00 23.00 20.84 0.3 0.00 30.8 -5.551 828.475 0.00 0.00 0.00 0.00 0.00
 Mixed / non conventional 12.00 13.00 23.00 24.00 23.54 0.3 0.00 45.0 -4.702 828.475 0.00 0.00 0.00 0.00 0.00
 Mixed / non conventional 12.00 14.00 16.00 18.00 17.74 0.0 0.00 -384.3 -376.984 801.262 0.00 0.00 0.00 0.00 0.00
 Mixed / non conventional 12.00 14.00 18.00 20.00 16.24 0.0 0.00 -1.4 -86.279 801.262 0.00 0.00 0.00 0.00 0.00
 Mixed / non conventional 12.00 14.00 20.00 22.00 17.49 0.0 0.00 10.7 -37.165 801.262 0.00 0.00 0.00 0.00 0.00
 Mixed / non conventional 12.00 14.00 22.00 24.00 21.67 0.1 0.00 76.1 -23.029 801.262 0.00 0.00 0.00 0.00 0.00
 Mixed / non conventional 12.00 14.00 24.00 26.00 51.29 0.2 0.00 -59.5 -31.145 801.262 0.00 0.00 0.00 0.00 0.00
 Mixed / non conventional 12.00 14.00 26.00 28.00 59.23 0.2 0.00 -2.3 -22.479 801.262 0.00 0.00 0.00 0.00 0.00
 Mixed / non conventional 12.00 14.00 28.00 30.00 38.64 0.3 0.00 17.5 -9.777 801.262 0.00 0.00 0.00 0.00 0.00
 Mixed / non conventional 12.00 14.00 30.00 32.00 38.16 0.4 0.00 43.0 -6.758 801.262 0.00 0.00 0.00 0.00 0.00
 Mixed / non conventional 12.00 14.00 32.00 34.00 58.83 0.5 0.00 51.7 -7.578 801.262 0.00 0.00 0.00 0.00 0.00
 Mixed / non conventional 12.00 14.00 34.00 36.00 65.72 0.5 0.00 -5.7 -6.350 801.262 0.00 0.00 0.00 0.00 0.00
 Mixed / non conventional 12.00 14.00 17.00 19.00 16.77 0.1 0.00 -398.1 -163.237 802.916 0.00 0.00 0.00 0.00 0.00
 Mixed / non conventional 12.00 14.00 19.00 21.00 16.76 0.1 0.00 16.6 -54.398 802.916 0.00 0.00 0.00 0.00 0.00
 Mixed / non conventional 12.00 14.00 21.00 23.00 19.24 0.2 0.00 12.5 -28.377 802.916 0.00 0.00 0.00 0.00 0.00
 Mixed / non conventional 12.00 14.00 23.00 25.00 30.45 0.3 0.00 0.7 -24.190 802.916 0.00 0.00 0.00 0.00 0.00
 Mixed / non conventional 12.00 14.00 25.00 27.00 67.47 0.4 0.00 -24.9 -32.154 802.916 0.00 0.00 0.00 0.00 0.00
 Mixed / non conventional 12.00 14.00 27.00 29.00 43.42 0.4 0.00 14.8 -13.391 802.916 0.00 0.00 0.00 0.00 0.00
 Mixed / non conventional 12.00 14.00 29.00 31.00 35.49 0.7 0.00 26.9 -7.488 802.916 0.00 0.00 0.00 0.00 0.00
 Mixed / non conventional 12.00 14.00 31.00 33.00 47.12 1.0 0.00 155.6 -7.101 802.916 0.00 0.00 0.00 0.00 0.00
 Mixed / non conventional 12.00 14.00 33.00 35.00 65.70 0.9 0.00 -90.1 -7.319 802.916 0.00 0.00 0.00 0.00 0.00
 Mixed / non conventional 12.00 14.00 35.00 37.00 57.75 1.0 0.00 85.6 -4.890 802.916 0.00 0.00 0.00 0.00 0.00
 Mixed / non conventional 12.00 15.00 18.00 21.00 15.91 0.1 0.00 27.8 -228.472 811.863 0.00 0.00 0.00 0.00 0.00
 Mixed / non conventional 12.00 15.00 21.00 24.00 19.57 0.1 0.00 57.2 -70.237 811.863 0.00 0.00 0.00 0.00 0.00
 Mixed / non conventional 12.00 15.00 24.00 27.00 55.09 0.2 0.00 -69.6 -79.087 811.863 0.00 0.00 0.00 0.00 0.00
 Mixed / non conventional 12.00 15.00 27.00 30.00 41.41 0.4 0.00 24.9 -29.727 811.863 0.00 0.00 0.00 0.00 0.00
 Mixed / non conventional 12.00 15.00 30.00 33.00 41.71 0.5 0.00 172.2 -17.111 811.863 0.00 0.00 0.00 0.00 0.00
 Mixed / non conventional 12.00 15.00 33.00 36.00 66.88 0.7 0.00 -82.6 -17.146 811.863 0.00 0.00 0.00 0.00 0.00
 Mixed / non conventional 12.00 15.00 36.00 39.00 56.15 1.1 0.00 -28.1 -9.596 811.863 0.00 0.00 0.00 0.00 0.00
 Mixed / non conventional 12.00 15.00 39.00 42.00 43.47 2.0 0.00 -54.2 -5.200 811.863 0.00 0.00 0.00 0.00 0.00
 Mixed / non conventional 12.00 15.00 42.00 45.00 25.38 2.3 0.00 -9.8 -2.208 811.863 0.00 0.00 0.00 0.00 0.00
 Mixed / non conventional 12.00 15.00 19.00 22.00 16.51 0.1 0.00 -2.0 -137.261 812.690 0.00 0.00 0.00 0.00 0.00
 Mixed / non conventional 12.00 15.00 22.00 25.00 25.33 0.2 0.00 31.0 -64.808 812.690 0.00 0.00 0.00 0.00 0.00
 Mixed / non conventional 12.00 15.00 25.00 28.00 61.08 0.3 0.00 -17.9 -68.364 812.690 0.00 0.00 0.00 0.00 0.00
 Mixed / non conventional 12.00 15.00 28.00 31.00 37.18 0.4 0.00 33.8 -21.900 812.690 0.00 0.00 0.00 0.00 0.00
 Mixed / non conventional 12.00 15.00 31.00 34.00 52.97 0.6 0.00 78.3 -18.438 812.690 0.00 0.00 0.00 0.00 0.00
 Mixed / non conventional 12.00 15.00 34.00 37.00 59.99 0.7 0.00 73.2 -13.366 812.690 0.00 0.00 0.00 0.00 0.00
 Mixed / non conventional 12.00 15.00 37.00 40.00 61.58 1.6 0.00 -141.9 -9.309 812.690 0.00 0.00 0.00 0.00 0.00
 Mixed / non conventional 12.00 15.00 40.00 43.00 31.40 2.6 0.00 -50.0 -3.369 812.690 0.00 0.00 0.00 0.00 0.00
 Mixed / non conventional 12.00 15.00 43.00 46.00 27.08 4.4 0.00 80.1 -2.136 812.690 0.00 0.00 0.00 0.00 0.00
 Mixed / non conventional 12.00 15.00 20.00 23.00 17.60 0.1 0.00 41.2 -93.359 814.487 0.00 0.00 0.00 0.00 0.00
 Mixed / non conventional 12.00 15.00 23.00 26.00 38.27 0.2 0.00 -15.1 -72.487 814.487 0.00 0.00 0.00 0.00 0.00
 Mixed / non conventional 12.00 15.00 26.00 29.00 53.67 0.3 0.00 4.2 -47.833 814.487 0.00 0.00 0.00 0.00 0.00
 Mixed / non conventional 12.00 15.00 29.00 32.00 37.59 0.6 0.00 53.2 -18.424 814.487 0.00 0.00 0.00 0.00 0.00
 Mixed / non conventional 12.00 15.00 32.00 35.00 60.05 0.8 0.00 38.9 -17.918 814.487 0.00 0.00 0.00 0.00 0.00
 Mixed / non conventional 12.00 15.00 35.00 38.00 59.45 1.0 0.00 -33.8 -11.599 814.487 0.00 0.00 0.00 0.00 0.00
 Mixed / non conventional 12.00 15.00 38.00 41.00 53.56 2.0 0.00 -35.6 -7.207 814.487 0.00 0.00 0.00 0.00 0.00
 Mixed / non conventional 12.00 15.00 41.00 44.00 26.42 2.8 0.00 -7.3 -2.555 814.487 0.00 0.00 0.00 0.00 0.00
 Mixed / non conventional 12.00 15.00 44.00 47.00 30.78 2.6 0.00 2.0 -2.211 814.487 0.00 0.00 0.00 0.00 0.00
 Mixed / non conventional 12.00 17.00 22.00 27.00 31.90 0.1 0.00 5.4 -280.889 829.948 0.00 0.00 0.00 0.00 0.00
 Mixed / non conventional 12.00 17.00 27.00 32.00 39.22 0.2 0.00 67.0 -86.353 829.948 0.00 0.00 0.00 0.00 0.00
 Mixed / non conventional 12.00 17.00 32.00 37.00 58.56 0.4 0.00 124.6 -51.565 829.948 0.00 0.00 0.00 0.00 0.00
 Mixed / non conventional 12.00 17.00 37.00 42.00 51.65 0.7 0.00 -161.9 -22.742 829.948 0.00 0.00 0.00 0.00 0.00
 Mixed / non conventional 12.00 17.00 42.00 47.00 27.30 1.1 0.00 1.1 -6.868 829.948 0.00 0.00 0.00 0.00 0.00
 Mixed / non conventional 12.00 17.00 23.00 28.00 40.21 0.1 0.00 -18.1 -252.072 831.960 0.00 0.00 0.00 0.00 0.00
 Mixed / non conventional 12.00 17.00 28.00 33.00 39.00 0.1 0.00 188.6 -69.864 831.960 0.00 0.00 0.00 0.00 0.00
 Mixed / non conventional 12.00 17.00 33.00 38.00 61.74 0.2 0.00 -124.0 -46.792 831.960 0.00 0.00 0.00 0.00 0.00
 Mixed / non conventional 12.00 17.00 38.00 43.00 44.38 0.5 0.00 -72.4 -17.357 831.960 0.00 0.00 0.00 0.00 0.00
 Mixed / non conventional 12.00 17.00 24.00 29.00 49.01 0.0 0.00 -55.7 -227.630 833.389 0.00 0.00 0.00 0.00 0.00
 Mixed / non conventional 12.00 17.00 29.00 34.00 42.97 0.0 0.00 104.4 -63.490 833.389 0.00 0.00 0.00 0.00 0.00
 Mixed / non conventional 12.00 17.00 34.00 39.00 60.06 0.1 0.00 -34.1 -39.443 833.389 0.00 0.00 0.00 0.00 0.00
 Mixed / non conventional 12.00 17.00 39.00 44.00 36.22 0.2 0.00 -55.3 -12.638 833.389 0.00 0.00 0.00 0.00 0.00
 Mixed / non conventional 12.00 17.00 25.00 30.00 52.61 0.0 0.00 -1.0 -186.339 833.201 0.00 0.00 0.00 0.00 0.00
 Mixed / non conventional 12.00 17.00 30.00 35.00 48.07 0.1 0.00 81.4 -59.220 833.201 0.00 0.00 0.00 0.00 0.00
 Mixed / non conventional 12.00 17.00 35.00 40.00 59.05 0.1 0.00 -56.2 -33.774 833.201 0.00 0.00 0.00 0.00 0.00
 Mixed / non conventional 12.00 17.00 40.00 45.00 28.57 0.1 0.00 -29.0 -8.913 833.201 0.00 0.00 0.00 0.00 0.00
 Mixed / non conventional 12.00 17.00 26.00 31.00 46.91 0.0 0.00 30.6 -130.060 834.043 0.00 0.00 0.00 0.00 0.00
 Mixed / non conventional 12.00 17.00 31.00 36.00 55.97 0.1 0.00 72.0 -58.192 834.043 0.00 0.00 0.00 0.00 0.00
 Mixed / non conventional 12.00 17.00 36.00 41.00 52.80 0.1 0.00 -76.6 -26.501 834.043 0.00 0.00 0.00 0.00 0.00
 Mixed / non conventional 12.00 17.00 41.00 46.00 27.04 0.0 0.00 43.6 -7.585 834.043 0.00 0.00 0.00 0.00 0.00
 Mixed / non conventional 12.00 18.00 24.00 30.00 46.88 0.0 0.00 -45.4 -339.128 818.107 0.00 0.00 0.00 0.00 0.00
 Mixed / non conventional 12.00 18.00 30.00 36.00 50.14 0.1 0.00 88.5 -90.682 818.107 0.00 0.00 0.00 0.00 0.00
 Mixed / non conventional 12.00 18.00 36.00 42.00 50.07 0.2 0.00 -82.7 -36.222 818.107 0.00 0.00 0.00 0.00 0.00
 Mixed / non conventional 12.00 18.00 25.00 31.00 50.28 0.1 0.00 15.4 -273.402 820.516 0.00 0.00 0.00 0.00 0.00
 Mixed / non conventional 12.00 18.00 31.00 37.00 54.75 0.1 0.00 151.5 -83.371 820.516 0.00 0.00 0.00 0.00 0.00
 Mixed / non conventional 12.00 18.00 37.00 43.00 48.45 0.1 0.00 -192.5 -30.940 820.516 0.00 0.00 0.00 0.00 0.00
 Mixed / non conventional 12.00 18.00 26.00 32.00 46.21 0.0 0.00 57.0 -194.034 820.818 0.00 0.00 0.00 0.00 0.00
 Mixed / non conventional 12.00 18.00 32.00 38.00 59.10 0.1 0.00 4.7 -76.363 820.818 0.00 0.00 0.00 0.00 0.00
 Mixed / non conventional 12.00 18.00 38.00 44.00 41.68 0.3 0.00 -42.8 -23.559 820.818 0.00 0.00 0.00 0.00 0.00
 Mixed / non conventional 12.00 18.00 27.00 33.00 40.05 0.1 0.00 196.0 -132.862 820.822 0.00 0.00 0.00 0.00 0.00
 Mixed / non conventional 12.00 18.00 33.00 39.00 61.88 0.2 0.00 -110.4 -68.431 820.822 0.00 0.00 0.00 0.00 0.00
 Mixed / non conventional 12.00 18.00 39.00 45.00 34.99 0.4 0.00 -63.7 -17.590 820.822 0.00 0.00 0.00 0.00 0.00
 Mixed / non conventional 12.00 18.00 28.00 34.00 41.61 0.1 0.00 111.3 -111.538 823.322 0.00 0.00 0.00 0.00 0.00
 Mixed / non conventional 12.00 18.00 34.00 40.00 59.95 0.2 0.00 -69.3 -57.383 823.322 0.00 0.00 0.00 0.00 0.00
 Mixed / non conventional 12.00 18.00 40.00 46.00 28.99 0.3 0.00 30.2 -13.060 823.322 0.00 0.00 0.00 0.00 0.00
 Mixed / non conventional 12.00 18.00 29.00 35.00 44.84 0.1 0.00 91.5 -98.492 824.513 0.00 0.00 0.00 0.00 0.00
 Mixed / non conventional 12.00 18.00 35.00 41.00 56.44 0.2 0.00 -69.8 -47.029 824.513 0.00 0.00 0.00 0.00 0.00
 Mixed / non conventional 12.00 18.00 41.00 47.00 27.71 0.5 0.00 -5.0 -11.213 824.513 0.00 0.00 0.00 0.00 0.00
 Mixed / non conventional 13.00 14.00 15.00 16.00 18.95 0.0 0.00 -71.8 -825.157 820.777 0.00 0.00 0.00 0.00 0.00
 Mixed / non conventional 13.00 14.00 16.00 17.00 18.01 0.0 0.00 37.6 -196.050 820.777 0.00 0.00 0.00 0.00 0.00
 Mixed / non conventional 13.00 14.00 17.00 18.00 16.86 2.3 0.00 162.4 -73.394 820.777 0.00 0.00 0.00 0.00 0.00
 Mixed / non conventional 13.00 14.00 18.00 19.00 16.03 4.9 0.00 -538.0 -34.896 820.777 0.00 0.00 0.00 0.00 0.00
 Mixed / non conventional 13.00 14.00 19.00 20.00 16.23 0.1 0.00 -12.6 -20.189 820.777 0.00 0.00 0.00 0.00 0.00
 Mixed / non conventional 13.00 14.00 20.00 21.00 16.63 0.2 0.00 29.3 -12.932 820.777 0.00 0.00 0.00 0.00 0.00
 Mixed / non conventional 13.00 14.00 21.00 22.00 17.60 0.2 0.00 -18.3 -9.122 820.777 0.00 0.00 0.00 0.00 0.00
 Mixed / non conventional 13.00 14.00 22.00 23.00 20.65 0.3 0.00 31.0 -7.494 820.777 0.00 0.00 0.00 0.00 0.00
 Mixed / non conventional 13.00 14.00 23.00 24.00 22.67 0.2 0.00 44.7 -5.983 820.777 0.00 0.00 0.00 0.00 0.00
 Mixed / non conventional 13.00 14.00 24.00 25.00 39.75 0.2 0.00 -44.5 -7.868 820.777 0.00 0.00 0.00 0.00 0.00
 Mixed / non conventional 13.00 15.00 17.00 19.00 16.84 0.0 0.00 -372.8 -371.179 831.141 0.00 0.00 0.00 0.00 0.00
 Mixed / non conventional 13.00 15.00 19.00 21.00 15.85 0.1 0.00 16.3 -87.363 831.141 0.00 0.00 0.00 0.00 0.00
 Mixed / non conventional 13.00 15.00 21.00 23.00 18.41 0.1 0.00 12.5 -40.581 831.141 0.00 0.00 0.00 0.00 0.00
 Mixed / non conventional 13.00 15.00 23.00 25.00 29.31 0.1 0.00 0.6 -32.309 831.141 0.00 0.00 0.00 0.00 0.00
 Mixed / non conventional 13.00 15.00 25.00 27.00 65.70 0.1 0.00 -24.9 -41.387 831.141 0.00 0.00 0.00 0.00 0.00
 Mixed / non conventional 13.00 15.00 27.00 29.00 42.76 0.2 0.00 14.8 -16.834 831.141 0.00 0.00 0.00 0.00 0.00
 Mixed / non conventional 13.00 15.00 29.00 31.00 35.16 0.3 0.00 26.9 -9.229 831.141 0.00 0.00 0.00 0.00 0.00
 Mixed / non conventional 13.00 15.00 31.00 33.00 46.71 0.7 0.00 154.8 -8.582 831.141 0.00 0.00 0.00 0.00 0.00
 Mixed / non conventional 13.00 15.00 33.00 35.00 65.75 0.6 0.00 -89.3 -8.786 831.141 0.00 0.00 0.00 0.00 0.00
 Mixed / non conventional 13.00 15.00 35.00 37.00 57.88 0.6 0.00 86.2 -5.800 831.141 0.00 0.00 0.00 0.00 0.00
 Mixed / non conventional 13.00 15.00 18.00 20.00 15.61 0.0 0.00 -428.0 -157.596 832.780 0.00 0.00 0.00 0.00 0.00
 Mixed / non conventional 13.00 15.00 20.00 22.00 16.70 0.1 0.00 10.3 -56.217 832.780 0.00 0.00 0.00 0.00 0.00
 Mixed / non conventional 13.00 15.00 22.00 24.00 20.58 0.1 0.00 75.8 -31.483 832.780 0.00 0.00 0.00 0.00 0.00
 Mixed / non conventional 13.00 15.00 24.00 26.00 49.63 0.2 0.00 -59.4 -40.891 832.780 0.00 0.00 0.00 0.00 0.00
 Mixed / non conventional 13.00 15.00 26.00 28.00 58.11 0.2 0.00 -2.4 -28.724 832.780 0.00 0.00 0.00 0.00 0.00
 Mixed / non conventional 13.00 15.00 28.00 30.00 38.22 0.3 0.00 17.5 -12.225 832.780 0.00 0.00 0.00 0.00 0.00
 Mixed / non conventional 13.00 15.00 30.00 32.00 37.95 0.2 0.00 43.1 -8.306 832.780 0.00 0.00 0.00 0.00 0.00
 Mixed / non conventional 13.00 15.00 32.00 34.00 58.73 0.2 0.00 51.6 -9.181 832.780 0.00 0.00 0.00 0.00 0.00
 Mixed / non conventional 13.00 15.00 34.00 36.00 65.98 0.3 0.00 -5.8 -7.623 832.780 0.00 0.00 0.00 0.00 0.00
 Mixed / non conventional 13.00 15.00 36.00 38.00 53.57 0.4 0.00 -40.8 -4.704 832.780 0.00 0.00 0.00 0.00 0.00
 Mixed / non conventional 13.00 16.00 19.00 22.00 15.57 0.1 0.00 -2.1 -225.075 817.557 0.00 0.00 0.00 0.00 0.00
 Mixed / non conventional 13.00 16.00 22.00 25.00 24.04 0.0 0.00 31.0 -86.873 817.557 0.00 0.00 0.00 0.00 0.00
 Mixed / non conventional 13.00 16.00 25.00 28.00 59.24 0.1 0.00 -17.8 -85.641 817.557 0.00 0.00 0.00 0.00 0.00
 Mixed / non conventional 13.00 16.00 28.00 31.00 36.54 0.1 0.00 33.8 -26.415 817.557 0.00 0.00 0.00 0.00 0.00
 Mixed / non conventional 13.00 16.00 31.00 34.00 52.39 0.1 0.00 78.2 -21.641 817.557 0.00 0.00 0.00 0.00 0.00
 Mixed / non conventional 13.00 16.00 34.00 37.00 59.64 0.1 0.00 73.8 -15.398 817.557 0.00 0.00 0.00 0.00 0.00
 Mixed / non conventional 13.00 16.00 37.00 40.00 61.19 0.2 0.00 -142.1 -10.532 817.557 0.00 0.00 0.00 0.00 0.00
 Mixed / non conventional 13.00 16.00 40.00 43.00 30.92 0.3 0.00 -50.0 -3.725 817.557 0.00 0.00 0.00 0.00 0.00
 Mixed / non conventional 13.00 16.00 43.00 46.00 26.94 0.8 0.00 80.1 -2.361 817.557 0.00 0.00 0.00 0.00 0.00
 Mixed / non conventional 13.00 16.00 20.00 23.00 16.54 0.0 0.00 41.2 -138.819 820.226 0.00 0.00 0.00 0.00 0.00
 Mixed / non conventional 13.00 16.00 23.00 26.00 36.44 0.0 0.00 -15.1 -94.083 820.226 0.00 0.00 0.00 0.00 0.00
 Mixed / non conventional 13.00 16.00 26.00 29.00 52.41 0.0 0.00 4.4 -59.207 820.226 0.00 0.00 0.00 0.00 0.00
 Mixed / non conventional 13.00 16.00 29.00 32.00 37.06 0.0 0.00 53.2 -22.032 820.226 0.00 0.00 0.00 0.00 0.00
 Mixed / non conventional 13.00 16.00 32.00 35.00 59.56 0.1 0.00 39.0 -20.927 820.226 0.00 0.00 0.00 0.00 0.00
 Mixed / non conventional 13.00 16.00 35.00 38.00 59.04 0.1 0.00 -33.5 -13.275 820.226 0.00 0.00 0.00 0.00 0.00
 Mixed / non conventional 13.00 16.00 38.00 41.00 53.06 0.2 0.00 -35.6 -8.095 820.226 0.00 0.00 0.00 0.00 0.00
 Mixed / non conventional 13.00 16.00 41.00 44.00 26.05 0.6 0.00 -7.0 -2.820 820.226 0.00 0.00 0.00 0.00 0.00
 Mixed / non conventional 13.00 16.00 44.00 47.00 30.39 0.2 0.00 2.0 -2.419 820.226 0.00 0.00 0.00 0.00 0.00
 Mixed / non conventional 13.00 16.00 21.00 24.00 18.53 0.0 0.00 56.9 -99.042 821.086 0.00 0.00 0.00 0.00 0.00
 Mixed / non conventional 13.00 16.00 24.00 27.00 52.90 0.0 0.00 -69.7 -101.001 821.086 0.00 0.00 0.00 0.00 0.00
 Mixed / non conventional 13.00 16.00 27.00 30.00 40.55 0.0 0.00 24.8 -36.437 821.086 0.00 0.00 0.00 0.00 0.00
 Mixed / non conventional 13.00 16.00 30.00 33.00 41.21 0.1 0.00 171.1 -20.362 821.086 0.00 0.00 0.00 0.00 0.00
 Mixed / non conventional 13.00 16.00 33.00 36.00 66.34 0.1 0.00 -81.9 -19.954 821.086 0.00 0.00 0.00 0.00 0.00
 Mixed / non conventional 13.00 16.00 36.00 39.00 55.61 0.2 0.00 -27.9 -10.938 821.086 0.00 0.00 0.00 0.00 0.00
 Mixed / non conventional 13.00 16.00 39.00 42.00 42.70 0.3 0.00 -54.0 -5.792 821.086 0.00 0.00 0.00 0.00 0.00
 Mixed / non conventional 13.00 16.00 42.00 45.00 24.93 0.5 0.00 -9.5 -2.431 821.086 0.00 0.00 0.00 0.00 0.00
 Mixed / non conventional 13.00 18.00 23.00 28.00 38.02 0.0 0.00 -17.6 -338.130 838.101 0.00 0.00 0.00 0.00 0.00
 Mixed / non conventional 13.00 18.00 28.00 33.00 38.66 0.0 0.00 188.0 -85.936 838.101 0.00 0.00 0.00 0.00 0.00
 Mixed / non conventional 13.00 18.00 33.00 38.00 61.90 0.1 0.00 -122.6 -55.048 838.101 0.00 0.00 0.00 0.00 0.00
 Mixed / non conventional 13.00 18.00 38.00 43.00 44.34 0.1 0.00 -72.1 -19.714 838.101 0.00 0.00 0.00 0.00 0.00
 Mixed / non conventional 13.00 18.00 24.00 29.00 47.35 0.0 0.00 -55.1 -299.492 839.348 0.00 0.00 0.00 0.00 0.00
 Mixed / non conventional 13.00 18.00 29.00 34.00 42.60 0.0 0.00 104.5 -76.993 839.348 0.00 0.00 0.00 0.00 0.00
 Mixed / non conventional 13.00 18.00 34.00 39.00 60.08 0.1 0.00 -33.6 -45.932 839.348 0.00 0.00 0.00 0.00 0.00
 Mixed / non conventional 13.00 18.00 39.00 44.00 36.03 0.2 0.00 -54.9 -14.217 839.348 0.00 0.00 0.00 0.00 0.00
 Mixed / non conventional 13.00 18.00 25.00 30.00 51.52 0.0 0.00 -0.1 -241.127 839.833 0.00 0.00 0.00 0.00 0.00
 Mixed / non conventional 13.00 18.00 30.00 35.00 47.80 0.1 0.00 81.9 -71.179 839.833 0.00 0.00 0.00 0.00 0.00
 Mixed / non conventional 13.00 18.00 35.00 40.00 59.03 0.1 0.00 -55.3 -39.071 839.833 0.00 0.00 0.00 0.00 0.00
 Mixed / non conventional 13.00 18.00 40.00 45.00 28.36 0.2 0.00 -28.5 -9.970 839.833 0.00 0.00 0.00 0.00 0.00
 Mixed / non conventional 13.00 18.00 26.00 31.00 46.29 0.0 0.00 31.7 -165.650 841.852 0.00 0.00 0.00 0.00 0.00
 Mixed / non conventional 13.00 18.00 31.00 36.00 55.79 0.0 0.00 73.1 -69.442 841.852 0.00 0.00 0.00 0.00 0.00
 Mixed / non conventional 13.00 18.00 36.00 41.00 52.63 0.1 0.00 -75.2 -30.415 841.852 0.00 0.00 0.00 0.00 0.00
 Mixed / non conventional 13.00 18.00 41.00 46.00 26.75 0.1 0.00 44.3 -8.434 841.852 0.00 0.00 0.00 0.00 0.00
 Mixed / non conventional 13.00 18.00 27.00 32.00 38.77 0.0 0.00 68.2 -108.489 841.865 0.00 0.00 0.00 0.00 0.00
 Mixed / non conventional 13.00 18.00 32.00 37.00 58.55 0.1 0.00 126.5 -61.443 841.865 0.00 0.00 0.00 0.00 0.00
 Mixed / non conventional 13.00 18.00 37.00 42.00 51.50 0.2 0.00 -160.7 -26.091 841.865 0.00 0.00 0.00 0.00 0.00
 Mixed / non conventional 13.00 18.00 42.00 47.00 27.00 0.2 0.00 2.0 -7.645 841.865 0.00 0.00 0.00 0.00 0.00
 Mixed / non conventional 13.00 19.00 25.00 31.00 49.52 0.0 0.00 16.8 -367.129 838.452 0.00 0.00 0.00 0.00 0.00
 Mixed / non conventional 13.00 19.00 31.00 37.00 55.00 0.1 0.00 152.9 -101.937 838.452 0.00 0.00 0.00 0.00 0.00
 Mixed / non conventional 13.00 19.00 37.00 43.00 48.67 0.1 0.00 -191.4 -36.081 838.452 0.00 0.00 0.00 0.00 0.00
 Mixed / non conventional 13.00 19.00 26.00 32.00 45.87 0.1 0.00 57.8 -256.165 842.715 0.00 0.00 0.00 0.00 0.00
 Mixed / non conventional 13.00 19.00 32.00 38.00 59.51 0.1 0.00 5.8 -93.072 842.715 0.00 0.00 0.00 0.00 0.00
 Mixed / non conventional 13.00 19.00 38.00 44.00 41.87 0.2 0.00 -42.1 -27.460 842.715 0.00 0.00 0.00 0.00 0.00
 Mixed / non conventional 13.00 19.00 27.00 33.00 39.77 0.1 0.00 194.6 -171.602 843.447 0.00 0.00 0.00 0.00 0.00
 Mixed / non conventional 13.00 19.00 33.00 39.00 62.35 0.2 0.00 -110.4 -82.784 843.447 0.00 0.00 0.00 0.00 0.00
 Mixed / non conventional 13.00 19.00 39.00 45.00 35.03 0.4 0.00 -63.9 -20.350 843.447 0.00 0.00 0.00 0.00 0.00
 Mixed / non conventional 13.00 19.00 28.00 34.00 41.39 0.1 0.00 110.5 -141.375 845.120 0.00 0.00 0.00 0.00 0.00
 Mixed / non conventional 13.00 19.00 34.00 40.00 60.32 0.3 0.00 -69.6 -68.679 845.120 0.00 0.00 0.00 0.00 0.00
 Mixed / non conventional 13.00 19.00 40.00 46.00 28.89 0.6 0.00 29.7 -14.950 845.120 0.00 0.00 0.00 0.00 0.00
 Mixed / non conventional 13.00 19.00 29.00 35.00 44.71 0.2 0.00 90.7 -123.171 846.302 0.00 0.00 0.00 0.00 0.00
 Mixed / non conventional 13.00 19.00 35.00 41.00 56.77 0.4 0.00 -70.5 -55.864 846.302 0.00 0.00 0.00 0.00 0.00
 Mixed / non conventional 13.00 19.00 41.00 47.00 27.60 1.0 0.00 -5.2 -12.781 846.302 0.00 0.00 0.00 0.00 0.00
 Mixed / non conventional 13.00 19.00 30.00 36.00 50.12 0.3 0.00 88.0 -113.172 847.532 0.00 0.00 0.00 0.00 0.00
 Mixed / non conventional 13.00 19.00 36.00 42.00 50.24 0.6 0.00 -82.8 -43.033 847.532 0.00 0.00 0.00 0.00 0.00
 Mixed / non conventional 14.00 15.00 16.00 17.00 18.40 0.0 0.00 -51.1 -788.623 808.064 0.00 0.00 0.00 0.00 0.00
 Mixed / non conventional 14.00 15.00 17.00 18.00 17.54 0.1 0.00 67.0 -187.954 808.064 0.00 0.00 0.00 0.00 0.00
 Mixed / non conventional 14.00 15.00 18.00 19.00 15.40 2.1 0.00 121.8 -66.036 808.064 0.00 0.00 0.00 0.00 0.00
 Mixed / non conventional 14.00 15.00 19.00 20.00 15.58 4.3 0.00 -539.5 -33.391 808.064 0.00 0.00 0.00 0.00 0.00
 Mixed / non conventional 14.00 15.00 20.00 21.00 15.75 0.2 0.00 29.2 -19.296 808.064 0.00 0.00 0.00 0.00 0.00
 Mixed / non conventional 14.00 15.00 21.00 22.00 17.74 0.2 0.00 -18.5 -13.577 808.064 0.00 0.00 0.00 0.00 0.00
 Mixed / non conventional 14.00 15.00 22.00 23.00 18.65 0.4 0.00 31.2 -9.517 808.064 0.00 0.00 0.00 0.00 0.00
 Mixed / non conventional 14.00 15.00 23.00 24.00 21.79 0.5 0.00 44.5 -7.785 808.064 0.00 0.00 0.00 0.00 0.00
 Mixed / non conventional 14.00 15.00 24.00 25.00 38.43 0.7 0.00 -44.3 -9.984 808.064 0.00 0.00 0.00 0.00 0.00
 Mixed / non conventional 14.00 15.00 25.00 26.00 62.93 0.7 0.00 -15.2 -12.262 808.064 0.00 0.00 0.00 0.00 0.00
 Mixed / non conventional 14.00 16.00 18.00 20.00 15.43 0.1 0.00 -413.2 -326.336 797.140 0.00 0.00 0.00 0.00 0.00
 Mixed / non conventional 14.00 16.00 20.00 22.00 15.75 0.1 0.00 10.1 -83.232 797.140 0.00 0.00 0.00 0.00 0.00
 Mixed / non conventional 14.00 16.00 22.00 24.00 19.47 0.2 0.00 75.5 -41.175 797.140 0.00 0.00 0.00 0.00 0.00
 Mixed / non conventional 14.00 16.00 24.00 26.00 47.63 0.4 0.00 -59.1 -50.358 797.140 0.00 0.00 0.00 0.00 0.00
 Mixed / non conventional 14.00 16.00 26.00 28.00 56.57 0.6 0.00 -2.4 -34.173 797.140 0.00 0.00 0.00 0.00 0.00
 Mixed / non conventional 14.00 16.00 28.00 30.00 37.58 0.7 0.00 17.5 -14.191 797.140 0.00 0.00 0.00 0.00 0.00
 Mixed / non conventional 14.00 16.00 30.00 32.00 37.47 1.0 0.00 43.0 -9.432 797.140 0.00 0.00 0.00 0.00 0.00
 Mixed / non conventional 14.00 16.00 32.00 34.00 58.26 1.3 0.00 51.5 -10.265 797.140 0.00 0.00 0.00 0.00 0.00
 Mixed / non conventional 14.00 16.00 34.00 36.00 65.57 1.6 0.00 -5.7 -8.403 797.140 0.00 0.00 0.00 0.00 0.00
 Mixed / non conventional 14.00 16.00 36.00 38.00 53.16 2.2 0.00 -40.5 -5.109 797.140 0.00 0.00 0.00 0.00 0.00
 Mixed / non conventional 14.00 16.00 19.00 21.00 15.04 0.0 0.00 -401.6 -145.891 799.955 0.00 0.00 0.00 0.00 0.00
 Mixed / non conventional 14.00 16.00 21.00 23.00 17.39 0.1 0.00 12.2 -56.243 799.955 0.00 0.00 0.00 0.00 0.00
 Mixed / non conventional 14.00 16.00 23.00 25.00 27.93 0.2 0.00 0.3 -41.049 799.955 0.00 0.00 0.00 0.00 0.00
 Mixed / non conventional 14.00 16.00 25.00 27.00 63.32 0.3 0.00 -24.9 -50.110 799.955 0.00 0.00 0.00 0.00 0.00
 Mixed / non conventional 14.00 16.00 27.00 29.00 41.63 0.4 0.00 14.7 -19.769 799.955 0.00 0.00 0.00 0.00 0.00
 Mixed / non conventional 14.00 16.00 29.00 31.00 34.50 0.6 0.00 26.9 -10.600 799.955 0.00 0.00 0.00 0.00 0.00
 Mixed / non conventional 14.00 16.00 31.00 33.00 46.08 0.8 0.00 154.0 -9.687 799.955 0.00 0.00 0.00 0.00 0.00
 Mixed / non conventional 14.00 16.00 33.00 35.00 64.84 1.1 0.00 -88.4 -9.736 799.955 0.00 0.00 0.00 0.00 0.00
 Mixed / non conventional 14.00 16.00 35.00 37.00 57.15 1.3 0.00 87.2 -6.343 799.955 0.00 0.00 0.00 0.00 0.00
 Mixed / non conventional 14.00 16.00 37.00 39.00 61.28 1.9 0.00 -108.4 -5.169 799.955 0.00 0.00 0.00 0.00 0.00
 Mixed / non conventional 14.00 17.00 20.00 23.00 15.27 0.0 0.00 41.3 -222.290 823.348 0.00 0.00 0.00 0.00 0.00
 Mixed / non conventional 14.00 17.00 23.00 26.00 34.05 0.2 0.00 -14.8 -123.933 823.348 0.00 0.00 0.00 0.00 0.00
 Mixed / non conventional 14.00 17.00 26.00 29.00 50.70 0.3 0.00 4.8 -73.819 823.348 0.00 0.00 0.00 0.00 0.00
 Mixed / non conventional 14.00 17.00 29.00 32.00 36.26 0.5 0.00 53.3 -26.399 823.348 0.00 0.00 0.00 0.00 0.00
 Mixed / non conventional 14.00 17.00 32.00 35.00 58.83 0.7 0.00 39.3 -24.472 823.348 0.00 0.00 0.00 0.00 0.00
 Mixed / non conventional 14.00 17.00 35.00 38.00 58.55 1.0 0.00 -32.9 -15.223 823.348 0.00 0.00 0.00 0.00 0.00
 Mixed / non conventional 14.00 17.00 38.00 41.00 52.34 1.9 0.00 -35.3 -9.073 823.348 0.00 0.00 0.00 0.00 0.00
 Mixed / non conventional 14.00 17.00 41.00 44.00 25.85 2.6 0.00 -6.6 -3.137 823.348 0.00 0.00 0.00 0.00 0.00
 Mixed / non conventional 14.00 17.00 44.00 47.00 29.99 2.9 0.00 2.1 -2.647 823.348 0.00 0.00 0.00 0.00 0.00
 Mixed / non conventional 14.00 17.00 21.00 24.00 17.17 0.1 0.00 56.9 -145.149 826.398 0.00 0.00 0.00 0.00 0.00
 Mixed / non conventional 14.00 17.00 24.00 27.00 50.07 0.3 0.00 -68.5 -130.253 826.398 0.00 0.00 0.00 0.00 0.00
 Mixed / non conventional 14.00 17.00 27.00 30.00 39.36 0.5 0.00 25.4 -44.805 826.398 0.00 0.00 0.00 0.00 0.00
 Mixed / non conventional 14.00 17.00 30.00 33.00 40.37 0.8 0.00 170.8 -24.185 826.398 0.00 0.00 0.00 0.00 0.00
 Mixed / non conventional 14.00 17.00 33.00 36.00 65.49 1.1 0.00 -80.3 -23.184 826.398 0.00 0.00 0.00 0.00 0.00
 Mixed / non conventional 14.00 17.00 36.00 39.00 54.86 1.6 0.00 -26.8 -12.429 826.398 0.00 0.00 0.00 0.00 0.00
 Mixed / non conventional 14.00 17.00 39.00 42.00 41.88 3.0 0.00 -53.3 -6.439 826.398 0.00 0.00 0.00 0.00 0.00
 Mixed / non conventional 14.00 17.00 42.00 45.00 24.41 3.8 0.00 -9.0 -2.663 826.398 0.00 0.00 0.00 0.00 0.00
 Mixed / non conventional 14.00 17.00 22.00 25.00 22.28 0.1 0.00 31.5 -120.596 831.161 0.00 0.00 0.00 0.00 0.00
 Mixed / non conventional 14.00 17.00 25.00 28.00 56.78 0.2 0.00 -16.9 -109.746 831.161 0.00 0.00 0.00 0.00 0.00
 Mixed / non conventional 14.00 17.00 28.00 31.00 35.65 0.4 0.00 34.2 -32.425 831.161 0.00 0.00 0.00 0.00 0.00
 Mixed / non conventional 14.00 17.00 31.00 34.00 51.50 0.7 0.00 78.6 -25.764 831.161 0.00 0.00 0.00 0.00 0.00
 Mixed / non conventional 14.00 17.00 34.00 37.00 58.94 1.0 0.00 76.4 -17.945 831.161 0.00 0.00 0.00 0.00 0.00
 Mixed / non conventional 14.00 17.00 37.00 40.00 60.28 1.5 0.00 -142.5 -12.001 831.161 0.00 0.00 0.00 0.00 0.00
 Mixed / non conventional 14.00 17.00 40.00 43.00 30.35 2.8 0.00 -49.3 -4.167 831.161 0.00 0.00 0.00 0.00 0.00
 Mixed / non conventional 14.00 17.00 43.00 46.00 26.47 3.5 0.00 80.5 -2.612 831.161 0.00 0.00 0.00 0.00 0.00
 Mixed / non conventional 14.00 19.00 24.00 29.00 45.68 0.1 0.00 -53.9 -398.308 821.837 0.00 0.00 0.00 0.00 0.00
 Mixed / non conventional 14.00 19.00 29.00 34.00 42.58 0.3 0.00 104.9 -92.833 821.837 0.00 0.00 0.00 0.00 0.00
 Mixed / non conventional 14.00 19.00 34.00 39.00 60.64 0.6 0.00 -32.5 -52.878 821.837 0.00 0.00 0.00 0.00 0.00
 Mixed / non conventional 14.00 19.00 39.00 44.00 36.16 1.3 0.00 -54.2 -15.767 821.837 0.00 0.00 0.00 0.00 0.00
 Mixed / non conventional 14.00 19.00 25.00 30.00 50.63 0.1 0.00 -0.5 -314.142 823.379 0.00 0.00 0.00 0.00 0.00
 Mixed / non conventional 14.00 19.00 30.00 35.00 47.89 0.3 0.00 81.3 -84.906 823.379 0.00 0.00 0.00 0.00 0.00
 Mixed / non conventional 14.00 19.00 35.00 40.00 59.52 0.7 0.00 -55.7 -44.645 823.379 0.00 0.00 0.00 0.00 0.00
 Mixed / non conventional 14.00 19.00 40.00 45.00 28.38 1.6 0.00 -28.7 -10.988 823.379 0.00 0.00 0.00 0.00 0.00
 Mixed / non conventional 14.00 19.00 26.00 31.00 45.95 0.1 0.00 30.9 -211.193 824.780 0.00 0.00 0.00 0.00 0.00
 Mixed / non conventional 14.00 19.00 31.00 36.00 56.11 0.4 0.00 71.9 -82.051 824.780 0.00 0.00 0.00 0.00 0.00
 Mixed / non conventional 14.00 19.00 36.00 41.00 53.01 0.9 0.00 -76.0 -34.454 824.780 0.00 0.00 0.00 0.00 0.00
 Mixed / non conventional 14.00 19.00 41.00 46.00 26.81 1.9 0.00 43.8 -9.258 824.780 0.00 0.00 0.00 0.00 0.00
 Mixed / non conventional 14.00 19.00 27.00 32.00 38.58 0.1 0.00 67.4 -135.509 826.287 0.00 0.00 0.00 0.00 0.00
 Mixed / non conventional 14.00 19.00 32.00 37.00 59.07 0.1 0.00 127.1 -72.171 826.287 0.00 0.00 0.00 0.00 0.00
 Mixed / non conventional 14.00 19.00 37.00 42.00 51.94 0.2 0.00 -162.8 -29.464 826.287 0.00 0.00 0.00 0.00 0.00
 Mixed / non conventional 14.00 19.00 42.00 47.00 27.03 0.4 0.00 1.6 -8.362 826.287 0.00 0.00 0.00 0.00 0.00
 Mixed / non conventional 14.00 19.00 28.00 33.00 38.54 0.0 0.00 187.0 -105.988 827.345 0.00 0.00 0.00 0.00 0.00
 Mixed / non conventional 14.00 19.00 33.00 38.00 62.45 0.1 0.00 -121.1 -64.409 827.345 0.00 0.00 0.00 0.00 0.00
 Mixed / non conventional 14.00 19.00 38.00 43.00 44.44 0.1 0.00 -72.0 -22.125 827.345 0.00 0.00 0.00 0.00 0.00
 Mixed / non conventional 14.00 20.00 26.00 32.00 46.60 0.0 0.00 57.0 -326.007 791.221 0.00 0.00 0.00 0.00 0.00
 Mixed / non conventional 14.00 20.00 32.00 38.00 61.53 0.1 0.00 5.0 -107.622 791.221 0.00 0.00 0.00 0.00 0.00
 Mixed / non conventional 14.00 20.00 38.00 44.00 43.13 0.4 0.00 -42.7 -30.171 791.221 0.00 0.00 0.00 0.00 0.00
 Mixed / non conventional 14.00 20.00 27.00 33.00 40.47 0.0 0.00 193.8 -212.955 793.884 0.00 0.00 0.00 0.00 0.00
 Mixed / non conventional 14.00 20.00 33.00 39.00 64.52 0.0 0.00 -109.2 -95.050 793.884 0.00 0.00 0.00 0.00 0.00
 Mixed / non conventional 14.00 20.00 39.00 45.00 35.94 0.2 0.00 -63.5 -22.205 793.884 0.00 0.00 0.00 0.00 0.00
 Mixed / non conventional 14.00 20.00 28.00 34.00 42.21 0.0 0.00 111.0 -171.617 794.797 0.00 0.00 0.00 0.00 0.00
 Mixed / non conventional 14.00 20.00 34.00 40.00 62.40 0.0 0.00 -68.2 -78.063 794.797 0.00 0.00 0.00 0.00 0.00
 Mixed / non conventional 14.00 20.00 40.00 46.00 29.57 0.1 0.00 30.2 -16.186 794.797 0.00 0.00 0.00 0.00 0.00
 Mixed / non conventional 14.00 20.00 29.00 35.00 45.70 0.0 0.00 91.2 -146.961 795.552 0.00 0.00 0.00 0.00 0.00
 Mixed / non conventional 14.00 20.00 35.00 41.00 58.65 0.1 0.00 -69.6 -62.866 795.552 0.00 0.00 0.00 0.00 0.00
 Mixed / non conventional 14.00 20.00 41.00 47.00 28.15 0.1 0.00 -4.7 -13.715 795.552 0.00 0.00 0.00 0.00 0.00
 Mixed / non conventional 14.00 20.00 30.00 36.00 51.45 0.2 0.00 88.0 -133.533 797.326 0.00 0.00 0.00 0.00 0.00
 Mixed / non conventional 14.00 20.00 36.00 42.00 51.89 0.5 0.00 -82.3 -48.107 797.326 0.00 0.00 0.00 0.00 0.00
 Mixed / non conventional 14.00 20.00 31.00 37.00 56.70 0.3 0.00 152.3 -120.701 798.940 0.00 0.00 0.00 0.00 0.00
 Mixed / non conventional 14.00 20.00 37.00 43.00 50.22 0.7 0.00 -194.2 -40.547 798.940 0.00 0.00 0.00 0.00 0.00
 Mixed / non conventional 15.00 16.00 17.00 18.00 17.88 0.0 0.00 -44.7 -768.469 810.036 0.00 0.00 0.00 0.00 0.00
 Mixed / non conventional 15.00 16.00 18.00 19.00 15.68 0.0 0.00 -32.1 -168.432 810.036 0.00 0.00 0.00 0.00 0.00
 Mixed / non conventional 15.00 16.00 19.00 20.00 14.47 3.5 0.00 269.8 -62.181 810.036 0.00 0.00 0.00 0.00 0.00
 Mixed / non conventional 15.00 16.00 20.00 21.00 15.38 6.7 0.00 -583.5 -33.047 810.036 0.00 0.00 0.00 0.00 0.00
 Mixed / non conventional 15.00 16.00 21.00 22.00 16.29 0.2 0.00 -19.1 -20.000 810.036 0.00 0.00 0.00 0.00 0.00
 Mixed / non conventional 15.00 16.00 22.00 23.00 18.08 0.3 0.00 31.1 -13.878 810.036 0.00 0.00 0.00 0.00 0.00
 Mixed / non conventional 15.00 16.00 23.00 24.00 20.78 0.3 0.00 44.3 -10.631 810.036 0.00 0.00 0.00 0.00 0.00
 Mixed / non conventional 15.00 16.00 24.00 25.00 36.82 0.6 0.00 -44.2 -13.188 810.036 0.00 0.00 0.00 0.00 0.00
 Mixed / non conventional 15.00 16.00 25.00 26.00 60.10 0.6 0.00 -15.3 -15.653 810.036 0.00 0.00 0.00 0.00 0.00
 Mixed / non conventional 15.00 16.00 26.00 27.00 65.00 0.8 0.00 -10.2 -12.698 810.036 0.00 0.00 0.00 0.00 0.00
 Mixed / non conventional 15.00 17.00 19.00 21.00 14.37 0.0 0.00 -319.5 -318.912 836.857 0.00 0.00 0.00 0.00 0.00
 Mixed / non conventional 15.00 17.00 21.00 23.00 16.01 0.0 0.00 11.7 -88.856 836.857 0.00 0.00 0.00 0.00 0.00
 Mixed / non conventional 15.00 17.00 23.00 25.00 26.00 0.0 0.00 0.1 -57.725 836.857 0.00 0.00 0.00 0.00 0.00
 Mixed / non conventional 15.00 17.00 25.00 27.00 59.93 0.1 0.00 -25.1 -66.517 836.857 0.00 0.00 0.00 0.00 0.00
 Mixed / non conventional 15.00 17.00 27.00 29.00 40.02 0.1 0.00 14.6 -25.383 836.857 0.00 0.00 0.00 0.00 0.00
 Mixed / non conventional 15.00 17.00 29.00 31.00 33.43 0.2 0.00 26.7 -13.253 836.857 0.00 0.00 0.00 0.00 0.00
 Mixed / non conventional 15.00 17.00 31.00 33.00 44.97 0.2 0.00 153.1 -11.884 836.857 0.00 0.00 0.00 0.00 0.00
 Mixed / non conventional 15.00 17.00 33.00 35.00 63.31 0.3 0.00 -87.8 -11.711 836.857 0.00 0.00 0.00 0.00 0.00
 Mixed / non conventional 15.00 17.00 35.00 37.00 55.77 0.2 0.00 88.2 -7.503 836.857 0.00 0.00 0.00 0.00 0.00
 Mixed / non conventional 15.00 17.00 37.00 39.00 59.52 0.8 0.00 -109.4 -6.005 836.857 0.00 0.00 0.00 0.00 0.00
 Mixed / non conventional 15.00 17.00 20.00 22.00 14.72 0.1 0.00 -455.6 -149.501 837.331 0.00 0.00 0.00 0.00 0.00
 Mixed / non conventional 15.00 17.00 22.00 24.00 18.17 0.1 0.00 75.0 -61.494 837.331 0.00 0.00 0.00 0.00 0.00
 Mixed / non conventional 15.00 17.00 24.00 26.00 44.67 0.2 0.00 -59.1 -68.728 837.331 0.00 0.00 0.00 0.00 0.00
 Mixed / non conventional 15.00 17.00 26.00 28.00 54.06 0.3 0.00 -2.5 -44.779 837.331 0.00 0.00 0.00 0.00 0.00
 Mixed / non conventional 15.00 17.00 28.00 30.00 36.31 0.4 0.00 17.5 -18.047 837.331 0.00 0.00 0.00 0.00 0.00
 Mixed / non conventional 15.00 17.00 30.00 32.00 36.48 0.6 0.00 42.9 -11.731 837.331 0.00 0.00 0.00 0.00 0.00
 Mixed / non conventional 15.00 17.00 32.00 34.00 56.86 0.9 0.00 51.4 -12.512 837.331 0.00 0.00 0.00 0.00 0.00
 Mixed / non conventional 15.00 17.00 34.00 36.00 64.12 1.2 0.00 -5.5 -10.078 837.331 0.00 0.00 0.00 0.00 0.00
 Mixed / non conventional 15.00 17.00 36.00 38.00 52.11 1.7 0.00 -40.2 -6.053 837.331 0.00 0.00 0.00 0.00 0.00
 Mixed / non conventional 15.00 17.00 38.00 40.00 58.33 2.5 0.00 -22.5 -5.150 837.331 0.00 0.00 0.00 0.00 0.00
 Mixed / non conventional 15.00 18.00 21.00 24.00 16.11 0.0 0.00 56.3 -235.869 828.130 0.00 0.00 0.00 0.00 0.00
 Mixed / non conventional 15.00 18.00 24.00 27.00 47.94 0.1 0.00 -69.1 -175.511 828.130 0.00 0.00 0.00 0.00 0.00
 Mixed / non conventional 15.00 18.00 27.00 30.00 38.82 0.3 0.00 24.9 -56.844 828.130 0.00 0.00 0.00 0.00 0.00
 Mixed / non conventional 15.00 18.00 30.00 33.00 40.14 0.5 0.00 169.4 -29.392 828.130 0.00 0.00 0.00 0.00 0.00
 Mixed / non conventional 15.00 18.00 33.00 36.00 65.52 0.8 0.00 -80.5 -27.415 828.130 0.00 0.00 0.00 0.00 0.00
 Mixed / non conventional 15.00 18.00 36.00 39.00 54.70 1.4 0.00 -27.4 -14.306 828.130 0.00 0.00 0.00 0.00 0.00
 Mixed / non conventional 15.00 18.00 39.00 42.00 41.59 2.2 0.00 -53.7 -7.251 828.130 0.00 0.00 0.00 0.00 0.00
 Mixed / non conventional 15.00 18.00 42.00 45.00 24.05 3.1 0.00 -9.3 -2.935 828.130 0.00 0.00 0.00 0.00 0.00
 Mixed / non conventional 15.00 18.00 22.00 25.00 20.92 0.1 0.00 31.1 -177.747 830.273 0.00 0.00 0.00 0.00 0.00
 Mixed / non conventional 15.00 18.00 25.00 28.00 55.17 0.2 0.00 -17.6 -144.195 830.273 0.00 0.00 0.00 0.00 0.00
 Mixed / non conventional 15.00 18.00 28.00 31.00 35.32 0.4 0.00 33.8 -40.392 830.273 0.00 0.00 0.00 0.00 0.00
 Mixed / non conventional 15.00 18.00 31.00 34.00 51.35 0.7 0.00 77.8 -30.904 830.273 0.00 0.00 0.00 0.00 0.00
 Mixed / non conventional 15.00 18.00 34.00 37.00 59.01 1.0 0.00 76.7 -20.988 830.273 0.00 0.00 0.00 0.00 0.00
 Mixed / non conventional 15.00 18.00 37.00 40.00 60.05 1.9 0.00 -143.7 -13.668 830.273 0.00 0.00 0.00 0.00 0.00
 Mixed / non conventional 15.00 18.00 40.00 43.00 30.11 2.9 0.00 -49.7 -4.650 830.273 0.00 0.00 0.00 0.00 0.00
 Mixed / non conventional 15.00 18.00 43.00 46.00 26.06 3.9 0.00 80.2 -2.857 830.273 0.00 0.00 0.00 0.00 0.00
 Mixed / non conventional 15.00 18.00 23.00 26.00 32.07 0.1 0.00 -14.9 -173.699 831.887 0.00 0.00 0.00 0.00 0.00
 Mixed / non conventional 15.00 18.00 26.00 29.00 49.75 0.2 0.00 4.4 -96.241 831.887 0.00 0.00 0.00 0.00 0.00
 Mixed / non conventional 15.00 18.00 29.00 32.00 36.06 0.4 0.00 53.0 -32.829 831.887 0.00 0.00 0.00 0.00 0.00
 Mixed / non conventional 15.00 18.00 32.00 35.00 58.81 0.6 0.00 39.1 -29.442 831.887 0.00 0.00 0.00 0.00 0.00
 Mixed / non conventional 15.00 18.00 35.00 38.00 58.60 0.9 0.00 -32.9 -17.860 831.887 0.00 0.00 0.00 0.00 0.00
 Mixed / non conventional 15.00 18.00 38.00 41.00 52.21 1.5 0.00 -35.6 -10.403 831.887 0.00 0.00 0.00 0.00 0.00
 Mixed / non conventional 15.00 18.00 41.00 44.00 25.64 2.1 0.00 -6.3 -3.523 831.887 0.00 0.00 0.00 0.00 0.00
 Mixed / non conventional 15.00 18.00 44.00 47.00 29.62 2.9 0.00 2.0 -2.925 831.887 0.00 0.00 0.00 0.00 0.00
 Mixed / non conventional 15.00 20.00 25.00 30.00 50.77 0.0 0.00 -0.6 -432.748 803.334 0.00 0.00 0.00 0.00 0.00
 Mixed / non conventional 15.00 20.00 30.00 35.00 49.28 0.2 0.00 81.1 -105.011 803.334 0.00 0.00 0.00 0.00 0.00
 Mixed / non conventional 15.00 20.00 35.00 40.00 61.66 0.5 0.00 -55.5 -52.559 803.334 0.00 0.00 0.00 0.00 0.00
 Mixed / non conventional 15.00 20.00 40.00 45.00 29.08 1.3 0.00 -28.6 -12.395 803.334 0.00 0.00 0.00 0.00 0.00
 Mixed / non conventional 15.00 20.00 26.00 31.00 46.72 0.1 0.00 30.9 -283.588 805.473 0.00 0.00 0.00 0.00 0.00
 Mixed / non conventional 15.00 20.00 31.00 36.00 58.00 0.3 0.00 71.7 -100.580 805.473 0.00 0.00 0.00 0.00 0.00
 Mixed / non conventional 15.00 20.00 36.00 41.00 54.91 0.7 0.00 -75.8 -40.287 805.473 0.00 0.00 0.00 0.00 0.00
 Mixed / non conventional 15.00 20.00 41.00 46.00 27.54 1.3 0.00 43.8 -10.429 805.473 0.00 0.00 0.00 0.00 0.00
 Mixed / non conventional 15.00 20.00 27.00 32.00 39.35 0.2 0.00 67.2 -176.991 807.210 0.00 0.00 0.00 0.00 0.00
 Mixed / non conventional 15.00 20.00 32.00 37.00 61.30 0.3 0.00 128.2 -87.737 807.210 0.00 0.00 0.00 0.00 0.00
 Mixed / non conventional 15.00 20.00 37.00 42.00 53.66 0.7 0.00 -164.0 -34.131 807.210 0.00 0.00 0.00 0.00 0.00
 Mixed / non conventional 15.00 20.00 42.00 47.00 27.64 1.3 0.00 1.6 -9.342 807.210 0.00 0.00 0.00 0.00 0.00
 Mixed / non conventional 15.00 20.00 28.00 33.00 39.43 0.2 0.00 185.9 -135.564 808.732 0.00 0.00 0.00 0.00 0.00
 Mixed / non conventional 15.00 20.00 33.00 38.00 64.85 0.3 0.00 -120.4 -77.549 808.732 0.00 0.00 0.00 0.00 0.00
 Mixed / non conventional 15.00 20.00 38.00 43.00 45.85 0.8 0.00 -72.2 -25.454 808.732 0.00 0.00 0.00 0.00 0.00
 Mixed / non conventional 15.00 20.00 29.00 34.00 43.66 0.2 0.00 103.6 -117.597 810.255 0.00 0.00 0.00 0.00 0.00
 Mixed / non conventional 15.00 20.00 34.00 39.00 62.90 0.3 0.00 -33.6 -63.528 810.255 0.00 0.00 0.00 0.00 0.00
 Mixed / non conventional 15.00 20.00 39.00 44.00 37.24 0.9 0.00 -54.7 -18.160 810.255 0.00 0.00 0.00 0.00 0.00
 Mixed / non conventional 15.00 21.00 27.00 33.00 42.25 0.1 0.00 192.8 -311.387 833.603 0.00 0.00 0.00 0.00 0.00
 Mixed / non conventional 15.00 21.00 33.00 39.00 68.87 0.3 0.00 -108.3 -126.913 833.603 0.00 0.00 0.00 0.00 0.00
 Mixed / non conventional 15.00 21.00 39.00 45.00 38.15 0.7 0.00 -63.3 -28.117 833.603 0.00 0.00 0.00 0.00 0.00
 Mixed / non conventional 15.00 21.00 28.00 34.00 44.22 0.0 0.00 110.6 -245.001 835.991 0.00 0.00 0.00 0.00 0.00
 Mixed / non conventional 15.00 21.00 34.00 40.00 66.56 0.2 0.00 -68.1 -103.267 835.991 0.00 0.00 0.00 0.00 0.00
 Mixed / non conventional 15.00 21.00 40.00 46.00 31.28 0.6 0.00 30.1 -20.350 835.991 0.00 0.00 0.00 0.00 0.00
 Mixed / non conventional 15.00 21.00 29.00 35.00 48.07 0.1 0.00 91.4 -205.879 837.270 0.00 0.00 0.00 0.00 0.00
 Mixed / non conventional 15.00 21.00 35.00 41.00 62.58 0.2 0.00 -68.9 -82.481 837.270 0.00 0.00 0.00 0.00 0.00
 Mixed / non conventional 15.00 21.00 41.00 47.00 29.72 0.5 0.00 -4.2 -17.139 837.270 0.00 0.00 0.00 0.00 0.00
 Mixed / non conventional 15.00 21.00 30.00 36.00 54.29 0.1 0.00 88.6 -184.221 839.449 0.00 0.00 0.00 0.00 0.00
 Mixed / non conventional 15.00 21.00 36.00 42.00 55.18 0.3 0.00 -81.0 -62.405 839.449 0.00 0.00 0.00 0.00 0.00
 Mixed / non conventional 15.00 21.00 31.00 37.00 60.22 0.1 0.00 154.9 -165.013 841.696 0.00 0.00 0.00 0.00 0.00
 Mixed / non conventional 15.00 21.00 37.00 43.00 53.48 0.2 0.00 -194.6 -52.335 841.696 0.00 0.00 0.00 0.00 0.00
 Mixed / non conventional 15.00 21.00 32.00 38.00 65.52 0.1 0.00 5.8 -147.449 844.722 0.00 0.00 0.00 0.00 0.00
 Mixed / non conventional 15.00 21.00 38.00 44.00 45.73 0.1 0.00 -42.3 -39.041 844.722 0.00 0.00 0.00 0.00 0.00
 Mixed / non conventional 16.00 17.00 18.00 19.00 15.85 0.0 0.00 -74.6 -695.471 827.053 0.00 0.00 0.00 0.00 0.00
 Mixed / non conventional 16.00 17.00 19.00 20.00 14.26 0.0 0.00 106.5 -156.474 827.053 0.00 0.00 0.00 0.00 0.00
 Mixed / non conventional 16.00 17.00 20.00 21.00 13.85 2.8 0.00 129.5 -60.752 827.053 0.00 0.00 0.00 0.00 0.00
 Mixed / non conventional 16.00 17.00 21.00 22.00 15.20 5.3 0.00 -577.9 -33.339 827.053 0.00 0.00 0.00 0.00 0.00
 Mixed / non conventional 16.00 17.00 22.00 23.00 16.56 0.1 0.00 31.1 -20.759 827.053 0.00 0.00 0.00 0.00 0.00
 Mixed / non conventional 16.00 17.00 23.00 24.00 19.12 0.1 0.00 44.1 -14.977 827.053 0.00 0.00 0.00 0.00 0.00
 Mixed / non conventional 16.00 17.00 24.00 25.00 34.14 0.1 0.00 -43.8 -17.831 827.053 0.00 0.00 0.00 0.00 0.00
 Mixed / non conventional 16.00 17.00 25.00 26.00 56.24 0.2 0.00 -15.1 -20.563 827.053 0.00 0.00 0.00 0.00 0.00
 Mixed / non conventional 16.00 17.00 26.00 27.00 61.37 0.2 0.00 -10.3 -16.319 827.053 0.00 0.00 0.00 0.00 0.00
 Mixed / non conventional 16.00 17.00 27.00 28.00 41.29 0.3 0.00 7.3 -8.234 827.053 0.00 0.00 0.00 0.00 0.00
 Mixed / non conventional 16.00 18.00 20.00 22.00 14.47 0.0 0.00 -440.8 -313.430 816.513 0.00 0.00 0.00 0.00 0.00
 Mixed / non conventional 16.00 18.00 22.00 24.00 17.20 0.0 0.00 74.6 -93.121 816.513 0.00 0.00 0.00 0.00 0.00
 Mixed / non conventional 16.00 18.00 24.00 26.00 42.86 0.0 0.00 -59.1 -92.828 816.513 0.00 0.00 0.00 0.00 0.00
 Mixed / non conventional 16.00 18.00 26.00 28.00 53.13 0.1 0.00 -2.7 -57.538 816.513 0.00 0.00 0.00 0.00 0.00
 Mixed / non conventional 16.00 18.00 28.00 30.00 36.16 0.2 0.00 17.4 -22.374 816.513 0.00 0.00 0.00 0.00 0.00
 Mixed / non conventional 16.00 18.00 30.00 32.00 36.52 0.2 0.00 42.7 -14.124 816.513 0.00 0.00 0.00 0.00 0.00
 Mixed / non conventional 16.00 18.00 32.00 34.00 57.32 0.4 0.00 51.2 -14.779 816.513 0.00 0.00 0.00 0.00 0.00
 Mixed / non conventional 16.00 18.00 34.00 36.00 64.80 0.4 0.00 -5.7 -11.696 816.513 0.00 0.00 0.00 0.00 0.00
 Mixed / non conventional 16.00 18.00 36.00 38.00 52.36 0.7 0.00 -40.0 -6.873 816.513 0.00 0.00 0.00 0.00 0.00
 Mixed / non conventional 16.00 18.00 38.00 40.00 58.53 0.9 0.00 -22.6 -5.762 816.513 0.00 0.00 0.00 0.00 0.00
 Mixed / non conventional 16.00 18.00 21.00 23.00 15.15 0.0 0.00 -429.8 -150.389 818.742 0.00 0.00 0.00 0.00 0.00
 Mixed / non conventional 16.00 18.00 23.00 25.00 24.73 0.0 0.00 -0.4 -81.857 818.742 0.00 0.00 0.00 0.00 0.00
 Mixed / non conventional 16.00 18.00 25.00 27.00 58.40 0.0 0.00 -25.3 -87.842 818.742 0.00 0.00 0.00 0.00 0.00
 Mixed / non conventional 16.00 18.00 27.00 29.00 39.80 0.1 0.00 14.5 -32.238 818.742 0.00 0.00 0.00 0.00 0.00
 Mixed / non conventional 16.00 18.00 29.00 31.00 33.76 0.1 0.00 26.6 -16.408 818.742 0.00 0.00 0.00 0.00 0.00
 Mixed / non conventional 16.00 18.00 31.00 33.00 45.58 0.2 0.00 152.0 -14.333 818.742 0.00 0.00 0.00 0.00 0.00
 Mixed / non conventional 16.00 18.00 33.00 35.00 64.83 0.1 0.00 -86.9 -13.949 818.742 0.00 0.00 0.00 0.00 0.00
 Mixed / non conventional 16.00 18.00 35.00 37.00 57.47 0.1 0.00 89.3 -8.833 818.742 0.00 0.00 0.00 0.00 0.00
 Mixed / non conventional 16.00 18.00 37.00 39.00 61.71 0.2 0.00 -110.5 -7.010 818.742 0.00 0.00 0.00 0.00 0.00
 Mixed / non conventional 16.00 18.00 39.00 41.00 47.43 0.3 0.00 -48.5 -4.095 818.742 0.00 0.00 0.00 0.00 0.00
 Mixed / non conventional 16.00 19.00 22.00 25.00 19.41 0.1 0.00 30.8 -280.687 817.923 0.00 0.00 0.00 0.00 0.00
 Mixed / non conventional 16.00 19.00 25.00 28.00 53.91 0.1 0.00 -17.9 -194.938 817.923 0.00 0.00 0.00 0.00 0.00
 Mixed / non conventional 16.00 19.00 28.00 31.00 35.44 0.1 0.00 33.6 -51.259 817.923 0.00 0.00 0.00 0.00 0.00
 Mixed / non conventional 16.00 19.00 31.00 34.00 51.94 0.2 0.00 77.4 -37.560 817.923 0.00 0.00 0.00 0.00 0.00
 Mixed / non conventional 16.00 19.00 34.00 37.00 60.13 0.3 0.00 77.3 -24.850 817.923 0.00 0.00 0.00 0.00 0.00
 Mixed / non conventional 16.00 19.00 37.00 40.00 60.82 0.4 0.00 -144.7 -15.708 817.923 0.00 0.00 0.00 0.00 0.00
 Mixed / non conventional 16.00 19.00 40.00 43.00 30.39 1.0 0.00 -49.9 -5.234 817.923 0.00 0.00 0.00 0.00 0.00
 Mixed / non conventional 16.00 19.00 43.00 46.00 26.27 1.2 0.00 80.0 -3.167 817.923 0.00 0.00 0.00 0.00 0.00
 Mixed / non conventional 16.00 19.00 23.00 26.00 29.95 0.1 0.00 -14.9 -251.164 819.668 0.00 0.00 0.00 0.00 0.00
 Mixed / non conventional 16.00 19.00 26.00 29.00 49.26 0.1 0.00 4.5 -127.105 819.668 0.00 0.00 0.00 0.00 0.00
 Mixed / non conventional 16.00 19.00 29.00 32.00 36.29 0.3 0.00 53.0 -40.969 819.668 0.00 0.00 0.00 0.00 0.00
 Mixed / non conventional 16.00 19.00 32.00 35.00 59.62 0.4 0.00 39.2 -35.426 819.668 0.00 0.00 0.00 0.00 0.00
 Mixed / non conventional 16.00 19.00 35.00 38.00 59.59 0.5 0.00 -32.5 -20.921 819.668 0.00 0.00 0.00 0.00 0.00
 Mixed / non conventional 16.00 19.00 38.00 41.00 52.72 1.0 0.00 -35.5 -11.846 819.668 0.00 0.00 0.00 0.00 0.00
 Mixed / non conventional 16.00 19.00 41.00 44.00 25.64 1.3 0.00 -6.0 -3.909 819.668 0.00 0.00 0.00 0.00 0.00
 Mixed / non conventional 16.00 19.00 44.00 47.00 29.68 1.5 0.00 2.0 -3.211 819.668 0.00 0.00 0.00 0.00 0.00
 Mixed / non conventional 16.00 19.00 24.00 27.00 45.91 0.0 0.00 -68.9 -245.747 822.210 0.00 0.00 0.00 0.00 0.00
 Mixed / non conventional 16.00 19.00 27.00 30.00 38.71 0.0 0.00 24.6 -74.018 822.210 0.00 0.00 0.00 0.00 0.00
 Mixed / non conventional 16.00 19.00 30.00 33.00 40.56 0.0 0.00 168.2 -36.491 822.210 0.00 0.00 0.00 0.00 0.00
 Mixed / non conventional 16.00 19.00 33.00 36.00 66.80 0.0 0.00 -79.8 -33.058 822.210 0.00 0.00 0.00 0.00 0.00
 Mixed / non conventional 16.00 19.00 36.00 39.00 55.69 0.1 0.00 -27.3 -16.773 822.210 0.00 0.00 0.00 0.00 0.00
 Mixed / non conventional 16.00 19.00 39.00 42.00 42.34 0.1 0.00 -53.7 -8.339 822.210 0.00 0.00 0.00 0.00 0.00
 Mixed / non conventional 16.00 19.00 42.00 45.00 24.35 0.4 0.00 -9.0 -3.307 822.210 0.00 0.00 0.00 0.00 0.00
 Mixed / non conventional 16.00 21.00 26.00 31.00 48.72 0.0 0.00 30.6 -426.999 825.946 0.00 0.00 0.00 0.00 0.00
 Mixed / non conventional 16.00 21.00 31.00 36.00 61.96 0.1 0.00 71.4 -135.754 825.946 0.00 0.00 0.00 0.00 0.00
 Mixed / non conventional 16.00 21.00 36.00 41.00 58.87 0.2 0.00 -75.6 -51.589 825.946 0.00 0.00 0.00 0.00 0.00
 Mixed / non conventional 16.00 21.00 41.00 46.00 29.24 0.4 0.00 43.8 -12.811 825.946 0.00 0.00 0.00 0.00 0.00
 Mixed / non conventional 16.00 21.00 27.00 32.00 41.31 0.1 0.00 67.1 -258.334 829.787 0.00 0.00 0.00 0.00 0.00
 Mixed / non conventional 16.00 21.00 32.00 37.00 65.85 0.1 0.00 128.7 -117.651 829.787 0.00 0.00 0.00 0.00 0.00
 Mixed / non conventional 16.00 21.00 37.00 42.00 57.61 0.4 0.00 -164.2 -43.548 829.787 0.00 0.00 0.00 0.00 0.00
 Mixed / non conventional 16.00 21.00 42.00 47.00 29.37 0.6 0.00 1.7 -11.458 829.787 0.00 0.00 0.00 0.00 0.00
 Mixed / non conventional 16.00 21.00 28.00 33.00 41.66 0.1 0.00 185.1 -193.050 831.580 0.00 0.00 0.00 0.00 0.00
 Mixed / non conventional 16.00 21.00 33.00 38.00 69.90 0.2 0.00 -119.4 -103.074 831.580 0.00 0.00 0.00 0.00 0.00
 Mixed / non conventional 16.00 21.00 38.00 43.00 49.27 0.5 0.00 -72.1 -32.291 831.580 0.00 0.00 0.00 0.00 0.00
 Mixed / non conventional 16.00 21.00 29.00 34.00 46.28 0.1 0.00 103.4 -163.973 833.482 0.00 0.00 0.00 0.00 0.00
 Mixed / non conventional 16.00 21.00 34.00 39.00 67.75 0.2 0.00 -33.4 -83.488 833.482 0.00 0.00 0.00 0.00 0.00
 Mixed / non conventional 16.00 21.00 39.00 44.00 39.95 0.5 0.00 -54.5 -22.861 833.482 0.00 0.00 0.00 0.00 0.00
 Mixed / non conventional 16.00 21.00 30.00 35.00 52.44 0.1 0.00 80.9 -145.553 835.000 0.00 0.00 0.00 0.00 0.00
 Mixed / non conventional 16.00 21.00 35.00 40.00 66.34 0.3 0.00 -55.7 -69.046 835.000 0.00 0.00 0.00 0.00 0.00
 Mixed / non conventional 16.00 21.00 40.00 45.00 31.09 0.8 0.00 -28.6 -15.622 835.000 0.00 0.00 0.00 0.00 0.00
 Mixed / non conventional 16.00 22.00 28.00 34.00 47.15 0.1 0.00 110.1 -312.041 748.416 0.00 0.00 0.00 0.00 0.00
 Mixed / non conventional 16.00 22.00 34.00 40.00 73.02 0.2 0.00 -68.1 -120.796 748.416 0.00 0.00 0.00 0.00 0.00
 Mixed / non conventional 16.00 22.00 40.00 46.00 34.08 0.6 0.00 29.8 -22.552 748.416 0.00 0.00 0.00 0.00 0.00
 Mixed / non conventional 16.00 22.00 29.00 35.00 51.65 0.0 0.00 90.6 -257.074 750.962 0.00 0.00 0.00 0.00 0.00
 Mixed / non conventional 16.00 22.00 35.00 41.00 68.73 0.2 0.00 -69.6 -95.788 750.962 0.00 0.00 0.00 0.00 0.00
 Mixed / non conventional 16.00 22.00 41.00 47.00 32.34 0.5 0.00 -4.5 -18.902 750.962 0.00 0.00 0.00 0.00 0.00
 Mixed / non conventional 16.00 22.00 30.00 36.00 58.67 0.1 0.00 86.9 -225.622 751.736 0.00 0.00 0.00 0.00 0.00
 Mixed / non conventional 16.00 22.00 36.00 42.00 60.56 0.3 0.00 -82.2 -71.654 751.736 0.00 0.00 0.00 0.00 0.00
 Mixed / non conventional 16.00 22.00 31.00 37.00 65.61 0.1 0.00 153.2 -200.307 755.338 0.00 0.00 0.00 0.00 0.00
 Mixed / non conventional 16.00 22.00 37.00 43.00 58.77 0.2 0.00 -196.1 -59.814 755.338 0.00 0.00 0.00 0.00 0.00
 Mixed / non conventional 16.00 22.00 32.00 38.00 71.71 0.1 0.00 4.7 -176.778 757.278 0.00 0.00 0.00 0.00 0.00
 Mixed / non conventional 16.00 22.00 38.00 44.00 50.23 0.3 0.00 -43.1 -44.224 757.278 0.00 0.00 0.00 0.00 0.00
 Mixed / non conventional 16.00 22.00 33.00 39.00 75.58 0.1 0.00 -108.1 -152.934 759.462 0.00 0.00 0.00 0.00 0.00
 Mixed / non conventional 16.00 22.00 39.00 45.00 41.75 0.2 0.00 -63.8 -32.041 759.462 0.00 0.00 0.00 0.00 0.00
 Mixed / non conventional 17.00 18.00 19.00 20.00 15.97 0.0 0.00 2.8 -717.396 846.658 0.00 0.00 0.00 0.00 0.00
 Mixed / non conventional 17.00 18.00 20.00 21.00 14.53 0.0 0.00 90.8 -163.189 846.658 0.00 0.00 0.00 0.00 0.00
 Mixed / non conventional 17.00 18.00 21.00 22.00 14.20 3.9 0.00 120.2 -63.800 846.658 0.00 0.00 0.00 0.00 0.00
 Mixed / non conventional 17.00 18.00 22.00 23.00 16.51 6.7 0.00 -568.6 -37.084 846.658 0.00 0.00 0.00 0.00 0.00
 Mixed / non conventional 17.00 18.00 23.00 24.00 18.64 0.0 0.00 43.7 -23.920 846.658 0.00 0.00 0.00 0.00 0.00
 Mixed / non conventional 17.00 18.00 24.00 25.00 33.76 0.1 0.00 -43.9 -27.082 846.658 0.00 0.00 0.00 0.00 0.00
 Mixed / non conventional 17.00 18.00 25.00 26.00 55.82 0.0 0.00 -15.1 -29.847 846.658 0.00 0.00 0.00 0.00 0.00
 Mixed / non conventional 17.00 18.00 26.00 27.00 61.67 0.1 0.00 -10.4 -23.084 846.658 0.00 0.00 0.00 0.00 0.00
 Mixed / non conventional 17.00 18.00 27.00 28.00 41.92 0.1 0.00 7.2 -11.410 846.658 0.00 0.00 0.00 0.00 0.00
 Mixed / non conventional 17.00 18.00 28.00 29.00 37.39 0.1 0.00 6.9 -7.633 846.658 0.00 0.00 0.00 0.00 0.00
 Mixed / non conventional 17.00 19.00 21.00 23.00 14.66 0.0 0.00 -444.2 -329.277 846.651 0.00 0.00 0.00 0.00 0.00
 Mixed / non conventional 17.00 19.00 23.00 25.00 23.45 0.0 0.00 -0.5 -131.684 846.651 0.00 0.00 0.00 0.00 0.00
 Mixed / non conventional 17.00 19.00 25.00 27.00 57.24 0.0 0.00 -25.3 -128.562 846.651 0.00 0.00 0.00 0.00 0.00
 Mixed / non conventional 17.00 19.00 27.00 29.00 39.98 0.0 0.00 14.6 -44.895 846.651 0.00 0.00 0.00 0.00 0.00
 Mixed / non conventional 17.00 19.00 29.00 31.00 34.40 0.1 0.00 26.6 -22.072 846.651 0.00 0.00 0.00 0.00 0.00
 Mixed / non conventional 17.00 19.00 31.00 33.00 46.63 0.1 0.00 151.2 -18.699 846.651 0.00 0.00 0.00 0.00 0.00
 Mixed / non conventional 17.00 19.00 33.00 35.00 66.65 0.2 0.00 -86.2 -17.819 846.651 0.00 0.00 0.00 0.00 0.00
 Mixed / non conventional 17.00 19.00 35.00 37.00 59.26 0.3 0.00 88.9 -11.091 846.651 0.00 0.00 0.00 0.00 0.00
 Mixed / non conventional 17.00 19.00 37.00 39.00 62.88 0.2 0.00 -110.0 -8.558 846.651 0.00 0.00 0.00 0.00 0.00
 Mixed / non conventional 17.00 19.00 39.00 41.00 48.09 0.6 0.00 -48.5 -4.909 846.651 0.00 0.00 0.00 0.00 0.00
 Mixed / non conventional 17.00 19.00 22.00 24.00 16.28 0.1 0.00 -358.3 -167.573 848.666 0.00 0.00 0.00 0.00 0.00
 Mixed / non conventional 17.00 19.00 24.00 26.00 41.34 0.0 0.00 -59.1 -141.799 848.666 0.00 0.00 0.00 0.00 0.00
 Mixed / non conventional 17.00 19.00 26.00 28.00 53.01 0.1 0.00 -2.8 -82.654 848.666 0.00 0.00 0.00 0.00 0.00
 Mixed / non conventional 17.00 19.00 28.00 30.00 36.68 0.1 0.00 17.4 -30.797 848.666 0.00 0.00 0.00 0.00 0.00
 Mixed / non conventional 17.00 19.00 30.00 32.00 37.37 0.1 0.00 42.5 -18.825 848.666 0.00 0.00 0.00 0.00 0.00
 Mixed / non conventional 17.00 19.00 32.00 34.00 59.01 0.1 0.00 51.0 -19.234 848.666 0.00 0.00 0.00 0.00 0.00
 Mixed / non conventional 17.00 19.00 34.00 36.00 66.87 0.2 0.00 -5.6 -14.914 848.666 0.00 0.00 0.00 0.00 0.00
 Mixed / non conventional 17.00 19.00 36.00 38.00 54.08 0.3 0.00 -39.6 -8.615 848.666 0.00 0.00 0.00 0.00 0.00
 Mixed / non conventional 17.00 19.00 38.00 40.00 60.39 0.4 0.00 -22.7 -7.110 848.666 0.00 0.00 0.00 0.00 0.00
 Mixed / non conventional 17.00 19.00 40.00 42.00 33.09 0.9 0.00 -19.6 -2.961 848.666 0.00 0.00 0.00 0.00 0.00
 Mixed / non conventional 17.00 20.00 23.00 26.00 28.11 0.0 0.00 -15.6 -407.050 818.885 0.00 0.00 0.00 0.00 0.00
 Mixed / non conventional 17.00 20.00 26.00 29.00 50.48 0.1 0.00 4.0 -182.758 818.885 0.00 0.00 0.00 0.00 0.00
 Mixed / non conventional 17.00 20.00 29.00 32.00 38.00 0.1 0.00 52.5 -55.024 818.885 0.00 0.00 0.00 0.00 0.00
 Mixed / non conventional 17.00 20.00 32.00 35.00 63.17 0.2 0.00 38.6 -45.738 818.885 0.00 0.00 0.00 0.00 0.00
 Mixed / non conventional 17.00 20.00 35.00 38.00 63.40 0.3 0.00 -32.8 -26.230 818.885 0.00 0.00 0.00 0.00 0.00
 Mixed / non conventional 17.00 20.00 38.00 41.00 55.79 0.5 0.00 -36.1 -14.427 818.885 0.00 0.00 0.00 0.00 0.00
 Mixed / non conventional 17.00 20.00 41.00 44.00 27.03 0.8 0.00 -6.0 -4.660 818.885 0.00 0.00 0.00 0.00 0.00
 Mixed / non conventional 17.00 20.00 44.00 47.00 31.13 0.9 0.00 1.7 -3.757 818.885 0.00 0.00 0.00 0.00 0.00
 Mixed / non conventional 17.00 20.00 24.00 27.00 44.72 0.1 0.00 -69.2 -375.691 821.082 0.00 0.00 0.00 0.00 0.00
 Mixed / non conventional 17.00 20.00 27.00 30.00 40.03 0.1 0.00 24.3 -103.472 821.082 0.00 0.00 0.00 0.00 0.00
 Mixed / non conventional 17.00 20.00 30.00 33.00 42.67 0.1 0.00 167.1 -48.259 821.082 0.00 0.00 0.00 0.00 0.00
 Mixed / non conventional 17.00 20.00 33.00 36.00 70.91 0.1 0.00 -79.5 -42.207 821.082 0.00 0.00 0.00 0.00 0.00
 Mixed / non conventional 17.00 20.00 36.00 39.00 59.04 0.2 0.00 -27.3 -20.765 821.082 0.00 0.00 0.00 0.00 0.00
 Mixed / non conventional 17.00 20.00 39.00 42.00 44.60 0.4 0.00 -53.9 -10.039 821.082 0.00 0.00 0.00 0.00 0.00
 Mixed / non conventional 17.00 20.00 42.00 45.00 25.56 0.5 0.00 -9.0 -3.905 821.082 0.00 0.00 0.00 0.00 0.00
 Mixed / non conventional 17.00 20.00 25.00 28.00 54.21 0.0 0.00 -17.8 -290.533 823.130 0.00 0.00 0.00 0.00 0.00
 Mixed / non conventional 17.00 20.00 28.00 31.00 36.96 0.0 0.00 33.4 -70.740 823.130 0.00 0.00 0.00 0.00 0.00
 Mixed / non conventional 17.00 20.00 31.00 34.00 54.87 0.0 0.00 77.0 -49.425 823.130 0.00 0.00 0.00 0.00 0.00
 Mixed / non conventional 17.00 20.00 34.00 37.00 64.01 0.1 0.00 77.0 -31.711 823.130 0.00 0.00 0.00 0.00 0.00
 Mixed / non conventional 17.00 20.00 37.00 40.00 64.68 0.2 0.00 -144.0 -19.505 823.130 0.00 0.00 0.00 0.00 0.00
 Mixed / non conventional 17.00 20.00 40.00 43.00 32.12 0.3 0.00 -49.8 -6.334 823.130 0.00 0.00 0.00 0.00 0.00
 Mixed / non conventional 17.00 20.00 43.00 46.00 27.56 0.4 0.00 80.1 -3.747 823.130 0.00 0.00 0.00 0.00 0.00
 Mixed / non conventional 17.00 22.00 27.00 32.00 43.99 0.0 0.00 66.5 -362.035 775.737 0.00 0.00 0.00 0.00 0.00
 Mixed / non conventional 17.00 22.00 32.00 37.00 72.79 0.0 0.00 127.5 -149.787 775.737 0.00 0.00 0.00 0.00 0.00
 Mixed / non conventional 17.00 22.00 37.00 42.00 64.08 0.0 0.00 -163.8 -52.745 775.737 0.00 0.00 0.00 0.00 0.00
 Mixed / non conventional 17.00 22.00 42.00 47.00 32.48 0.1 0.00 1.5 -13.366 775.737 0.00 0.00 0.00 0.00 0.00
 Mixed / non conventional 17.00 22.00 28.00 33.00 44.82 0.0 0.00 183.7 -262.782 777.987 0.00 0.00 0.00 0.00 0.00
 Mixed / non conventional 17.00 22.00 33.00 38.00 77.61 0.0 0.00 -119.1 -129.993 777.987 0.00 0.00 0.00 0.00 0.00
 Mixed / non conventional 17.00 22.00 38.00 43.00 54.80 0.1 0.00 -72.7 -38.833 777.987 0.00 0.00 0.00 0.00 0.00
 Mixed / non conventional 17.00 22.00 29.00 34.00 50.14 0.1 0.00 102.8 -217.820 779.557 0.00 0.00 0.00 0.00 0.00
 Mixed / non conventional 17.00 22.00 34.00 39.00 75.22 0.1 0.00 -33.5 -103.976 779.557 0.00 0.00 0.00 0.00 0.00
 Mixed / non conventional 17.00 22.00 39.00 44.00 44.35 0.2 0.00 -54.5 -27.243 779.557 0.00 0.00 0.00 0.00 0.00
 Mixed / non conventional 17.00 22.00 30.00 35.00 57.15 0.1 0.00 80.9 -189.946 781.894 0.00 0.00 0.00 0.00 0.00
 Mixed / non conventional 17.00 22.00 35.00 40.00 73.66 0.1 0.00 -55.3 -85.154 781.894 0.00 0.00 0.00 0.00 0.00
 Mixed / non conventional 17.00 22.00 40.00 45.00 34.44 0.3 0.00 -28.4 -18.486 781.894 0.00 0.00 0.00 0.00 0.00
 Mixed / non conventional 17.00 22.00 31.00 36.00 68.03 0.1 0.00 71.2 -177.261 783.932 0.00 0.00 0.00 0.00 0.00
 Mixed / non conventional 17.00 22.00 36.00 41.00 65.37 0.2 0.00 -75.6 -63.874 783.932 0.00 0.00 0.00 0.00 0.00
 Mixed / non conventional 17.00 22.00 41.00 46.00 32.41 0.3 0.00 43.7 -15.288 783.932 0.00 0.00 0.00 0.00 0.00
 Mixed / non conventional 17.00 23.00 29.00 35.00 56.35 0.0 0.00 90.4 -383.855 770.425 0.00 0.00 0.00 0.00 0.00
 Mixed / non conventional 17.00 23.00 35.00 41.00 77.69 0.1 0.00 -69.9 -132.312 770.425 0.00 0.00 0.00 0.00 0.00
 Mixed / non conventional 17.00 23.00 41.00 47.00 36.48 0.1 0.00 -4.6 -24.852 770.425 0.00 0.00 0.00 0.00 0.00
 Mixed / non conventional 17.00 23.00 30.00 36.00 64.58 0.0 0.00 87.3 -330.571 772.311 0.00 0.00 0.00 0.00 0.00
 Mixed / non conventional 17.00 23.00 36.00 42.00 68.47 0.0 0.00 -81.4 -98.131 772.311 0.00 0.00 0.00 0.00 0.00
 Mixed / non conventional 17.00 23.00 31.00 37.00 73.00 0.1 0.00 153.2 -288.901 773.589 0.00 0.00 0.00 0.00 0.00
 Mixed / non conventional 17.00 23.00 37.00 43.00 66.61 0.0 0.00 -193.4 -81.110 773.589 0.00 0.00 0.00 0.00 0.00
 Mixed / non conventional 17.00 23.00 32.00 38.00 80.34 0.1 0.00 6.1 -251.371 774.092 0.00 0.00 0.00 0.00 0.00
 Mixed / non conventional 17.00 23.00 38.00 44.00 56.96 0.1 0.00 -42.2 -59.405 774.092 0.00 0.00 0.00 0.00 0.00
 Mixed / non conventional 17.00 23.00 33.00 39.00 85.09 0.0 0.00 -106.9 -215.113 776.576 0.00 0.00 0.00 0.00 0.00
 Mixed / non conventional 17.00 23.00 39.00 45.00 47.24 0.1 0.00 -63.4 -42.657 776.576 0.00 0.00 0.00 0.00 0.00
 Mixed / non conventional 17.00 23.00 34.00 40.00 82.28 0.0 0.00 -67.8 -170.612 778.259 0.00 0.00 0.00 0.00 0.00
 Mixed / non conventional 17.00 23.00 40.00 46.00 38.44 0.0 0.00 29.4 -30.234 778.259 0.00 0.00 0.00 0.00 0.00
 Mixed / non conventional 18.00 19.00 20.00 21.00 16.09 0.1 0.00 73.5 -717.821 840.975 0.00 0.00 0.00 0.00 0.00
 Mixed / non conventional 18.00 19.00 21.00 22.00 14.28 0.0 0.00 -6.2 -159.303 840.975 0.00 0.00 0.00 0.00 0.00
 Mixed / non conventional 18.00 19.00 22.00 23.00 15.03 2.3 0.00 117.5 -67.063 840.975 0.00 0.00 0.00 0.00 0.00
 Mixed / non conventional 18.00 19.00 23.00 24.00 17.69 4.0 0.00 -472.5 -39.459 840.975 0.00 0.00 0.00 0.00 0.00
 Mixed / non conventional 18.00 19.00 24.00 25.00 32.20 0.1 0.00 -44.3 -41.050 840.975 0.00 0.00 0.00 0.00 0.00
 Mixed / non conventional 18.00 19.00 25.00 26.00 53.92 0.1 0.00 -15.3 -42.955 840.975 0.00 0.00 0.00 0.00 0.00
 Mixed / non conventional 18.00 19.00 26.00 27.00 60.51 0.0 0.00 -10.4 -32.137 840.975 0.00 0.00 0.00 0.00 0.00
 Mixed / non conventional 18.00 19.00 27.00 28.00 41.67 0.0 0.00 7.3 -15.493 840.975 0.00 0.00 0.00 0.00 0.00
 Mixed / non conventional 18.00 19.00 28.00 29.00 37.57 0.0 0.00 6.9 -10.158 840.975 0.00 0.00 0.00 0.00 0.00
 Mixed / non conventional 18.00 19.00 29.00 30.00 35.70 0.1 0.00 10.0 -7.241 840.975 0.00 0.00 0.00 0.00 0.00
 Mixed / non conventional 18.00 20.00 22.00 24.00 15.47 0.0 0.00 -346.9 -333.321 812.074 0.00 0.00 0.00 0.00 0.00
 Mixed / non conventional 18.00 20.00 24.00 26.00 40.06 0.0 0.00 -59.5 -215.743 812.074 0.00 0.00 0.00 0.00 0.00
 Mixed / non conventional 18.00 20.00 26.00 28.00 54.12 0.0 0.00 -3.0 -116.587 812.074 0.00 0.00 0.00 0.00 0.00
 Mixed / non conventional 18.00 20.00 28.00 30.00 38.29 0.0 0.00 17.3 -41.244 812.074 0.00 0.00 0.00 0.00 0.00
 Mixed / non conventional 18.00 20.00 30.00 32.00 39.56 0.0 0.00 42.4 -24.344 812.074 0.00 0.00 0.00 0.00 0.00
 Mixed / non conventional 18.00 20.00 32.00 34.00 62.99 0.1 0.00 50.8 -24.229 812.074 0.00 0.00 0.00 0.00 0.00
 Mixed / non conventional 18.00 20.00 34.00 36.00 71.67 0.1 0.00 -5.5 -18.380 812.074 0.00 0.00 0.00 0.00 0.00
 Mixed / non conventional 18.00 20.00 36.00 38.00 58.06 0.1 0.00 -39.3 -10.423 812.074 0.00 0.00 0.00 0.00 0.00
 Mixed / non conventional 18.00 20.00 38.00 40.00 64.51 0.0 0.00 -22.7 -8.422 812.074 0.00 0.00 0.00 0.00 0.00
 Mixed / non conventional 18.00 20.00 40.00 42.00 35.02 0.4 0.00 -19.6 -3.429 812.074 0.00 0.00 0.00 0.00 0.00
 Mixed / non conventional 18.00 20.00 23.00 25.00 22.12 0.0 0.00 -400.5 -218.063 813.128 0.00 0.00 0.00 0.00 0.00
 Mixed / non conventional 18.00 20.00 25.00 27.00 57.12 0.1 0.00 -25.6 -187.728 813.128 0.00 0.00 0.00 0.00 0.00
 Mixed / non conventional 18.00 20.00 27.00 29.00 41.37 0.0 0.00 14.5 -61.807 813.128 0.00 0.00 0.00 0.00 0.00
 Mixed / non conventional 18.00 20.00 29.00 31.00 36.14 0.1 0.00 26.6 -29.073 813.128 0.00 0.00 0.00 0.00 0.00
 Mixed / non conventional 18.00 20.00 31.00 33.00 49.60 0.1 0.00 150.2 -23.938 813.128 0.00 0.00 0.00 0.00 0.00
 Mixed / non conventional 18.00 20.00 33.00 35.00 71.32 0.1 0.00 -85.3 -22.273 813.128 0.00 0.00 0.00 0.00 0.00
 Mixed / non conventional 18.00 20.00 35.00 37.00 63.46 0.3 0.00 83.8 -13.561 813.128 0.00 0.00 0.00 0.00 0.00
 Mixed / non conventional 18.00 20.00 37.00 39.00 67.55 0.5 0.00 -104.5 -10.310 813.128 0.00 0.00 0.00 0.00 0.00
 Mixed / non conventional 18.00 20.00 39.00 41.00 51.22 0.2 0.00 -48.4 -5.778 813.128 0.00 0.00 0.00 0.00 0.00
 Mixed / non conventional 18.00 20.00 41.00 43.00 29.24 0.3 0.00 -36.4 -2.507 813.128 0.00 0.00 0.00 0.00 0.00
 Mixed / non conventional 18.00 21.00 24.00 27.00 43.38 0.0 0.00 -70.0 -648.180 845.010 0.00 0.00 0.00 0.00 0.00
 Mixed / non conventional 18.00 21.00 27.00 30.00 42.40 0.0 0.00 24.2 -158.395 845.010 0.00 0.00 0.00 0.00 0.00
 Mixed / non conventional 18.00 21.00 30.00 33.00 46.29 0.1 0.00 166.2 -69.176 845.010 0.00 0.00 0.00 0.00 0.00
 Mixed / non conventional 18.00 21.00 33.00 36.00 77.94 0.0 0.00 -78.9 -58.230 845.010 0.00 0.00 0.00 0.00 0.00
 Mixed / non conventional 18.00 21.00 36.00 39.00 64.96 0.0 0.00 -27.2 -27.733 845.010 0.00 0.00 0.00 0.00 0.00
 Mixed / non conventional 18.00 21.00 39.00 42.00 48.94 0.1 0.00 -53.8 -13.058 845.010 0.00 0.00 0.00 0.00 0.00
 Mixed / non conventional 18.00 21.00 42.00 45.00 27.92 0.2 0.00 -8.9 -4.966 845.010 0.00 0.00 0.00 0.00 0.00
 Mixed / non conventional 18.00 21.00 25.00 28.00 55.08 0.0 0.00 -18.3 -477.085 846.594 0.00 0.00 0.00 0.00 0.00
 Mixed / non conventional 18.00 21.00 28.00 31.00 39.62 0.0 0.00 33.2 -105.598 846.594 0.00 0.00 0.00 0.00 0.00
 Mixed / non conventional 18.00 21.00 31.00 34.00 59.84 0.0 0.00 76.6 -69.776 846.594 0.00 0.00 0.00 0.00 0.00
 Mixed / non conventional 18.00 21.00 34.00 37.00 70.58 0.1 0.00 70.6 -43.317 846.594 0.00 0.00 0.00 0.00 0.00
 Mixed / non conventional 18.00 21.00 37.00 40.00 71.19 0.1 0.00 -137.5 -25.815 846.594 0.00 0.00 0.00 0.00 0.00
 Mixed / non conventional 18.00 21.00 40.00 43.00 35.20 0.1 0.00 -49.9 -8.171 846.594 0.00 0.00 0.00 0.00 0.00
 Mixed / non conventional 18.00 21.00 43.00 46.00 30.10 0.2 0.00 80.0 -4.741 846.594 0.00 0.00 0.00 0.00 0.00
 Mixed / non conventional 18.00 21.00 26.00 29.00 52.73 0.0 0.00 4.1 -291.142 847.950 0.00 0.00 0.00 0.00 0.00
 Mixed / non conventional 18.00 21.00 29.00 32.00 41.01 0.0 0.00 52.2 -80.857 847.950 0.00 0.00 0.00 0.00 0.00
 Mixed / non conventional 18.00 21.00 32.00 35.00 69.19 0.1 0.00 38.6 -64.197 847.950 0.00 0.00 0.00 0.00 0.00
 Mixed / non conventional 18.00 21.00 35.00 38.00 69.95 0.1 0.00 -32.5 -35.699 847.950 0.00 0.00 0.00 0.00 0.00
 Mixed / non conventional 18.00 21.00 38.00 41.00 61.29 0.2 0.00 -36.1 -19.040 847.950 0.00 0.00 0.00 0.00 0.00
 Mixed / non conventional 18.00 21.00 41.00 44.00 29.65 0.4 0.00 -5.7 -6.022 847.950 0.00 0.00 0.00 0.00 0.00
 Mixed / non conventional 18.00 21.00 44.00 47.00 33.83 0.6 0.00 1.9 -4.739 847.950 0.00 0.00 0.00 0.00 0.00
 Mixed / non conventional 18.00 23.00 28.00 33.00 48.43 0.0 0.00 183.2 -393.767 766.220 0.00 0.00 0.00 0.00 0.00
 Mixed / non conventional 18.00 23.00 33.00 38.00 87.80 0.1 0.00 -118.1 -178.440 766.220 0.00 0.00 0.00 0.00 0.00
 Mixed / non conventional 18.00 23.00 38.00 43.00 62.47 0.1 0.00 -72.6 -50.789 766.220 0.00 0.00 0.00 0.00 0.00
 Mixed / non conventional 18.00 23.00 29.00 34.00 54.82 0.0 0.00 102.8 -317.083 767.506 0.00 0.00 0.00 0.00 0.00
 Mixed / non conventional 18.00 23.00 34.00 39.00 85.32 0.1 0.00 -33.0 -140.988 767.506 0.00 0.00 0.00 0.00 0.00
 Mixed / non conventional 18.00 23.00 39.00 44.00 50.59 0.3 0.00 -54.2 -35.367 767.506 0.00 0.00 0.00 0.00 0.00
 Mixed / non conventional 18.00 23.00 30.00 35.00 63.09 0.0 0.00 80.5 -270.316 768.833 0.00 0.00 0.00 0.00 0.00
 Mixed / non conventional 18.00 23.00 35.00 40.00 83.67 0.1 0.00 -55.5 -114.066 768.833 0.00 0.00 0.00 0.00 0.00
 Mixed / non conventional 18.00 23.00 40.00 45.00 39.22 0.3 0.00 -28.5 -23.764 768.833 0.00 0.00 0.00 0.00 0.00
 Mixed / non conventional 18.00 23.00 31.00 36.00 75.82 0.0 0.00 70.7 -248.243 770.199 0.00 0.00 0.00 0.00 0.00
 Mixed / non conventional 18.00 23.00 36.00 41.00 74.27 0.1 0.00 -75.8 -84.583 770.199 0.00 0.00 0.00 0.00 0.00
 Mixed / non conventional 18.00 23.00 41.00 46.00 36.85 0.1 0.00 43.5 -19.484 770.199 0.00 0.00 0.00 0.00 0.00
 Mixed / non conventional 18.00 23.00 32.00 37.00 81.87 0.1 0.00 113.7 -209.904 771.351 0.00 0.00 0.00 0.00 0.00
 Mixed / non conventional 18.00 23.00 37.00 42.00 72.97 0.1 0.00 -150.1 -70.165 771.351 0.00 0.00 0.00 0.00 0.00
 Mixed / non conventional 18.00 23.00 42.00 47.00 36.90 0.3 0.00 1.4 -17.126 771.351 0.00 0.00 0.00 0.00 0.00
 Mixed / non conventional 18.00 24.00 30.00 36.00 73.53 0.0 0.00 86.3 -506.332 778.778 0.00 0.00 0.00 0.00 0.00
 Mixed / non conventional 18.00 24.00 36.00 42.00 80.78 0.1 0.00 -81.5 -139.066 778.778 0.00 0.00 0.00 0.00 0.00
 Mixed / non conventional 18.00 24.00 31.00 37.00 84.24 0.1 0.00 136.0 -436.977 782.704 0.00 0.00 0.00 0.00 0.00
 Mixed / non conventional 18.00 24.00 37.00 43.00 78.80 0.1 0.00 -179.2 -114.456 782.704 0.00 0.00 0.00 0.00 0.00
 Mixed / non conventional 18.00 24.00 32.00 38.00 93.54 0.0 0.00 4.4 -376.557 786.901 0.00 0.00 0.00 0.00 0.00
 Mixed / non conventional 18.00 24.00 38.00 44.00 67.49 0.1 0.00 -43.0 -83.601 786.901 0.00 0.00 0.00 0.00 0.00
 Mixed / non conventional 18.00 24.00 33.00 39.00 99.78 0.0 0.00 -106.8 -318.678 790.162 0.00 0.00 0.00 0.00 0.00
 Mixed / non conventional 18.00 24.00 39.00 45.00 56.00 0.1 0.00 -63.4 -59.618 790.162 0.00 0.00 0.00 0.00 0.00
 Mixed / non conventional 18.00 24.00 34.00 40.00 96.76 0.1 0.00 -67.4 -249.818 793.049 0.00 0.00 0.00 0.00 0.00
 Mixed / non conventional 18.00 24.00 40.00 46.00 45.48 0.2 0.00 29.5 -41.935 793.049 0.00 0.00 0.00 0.00 0.00
 Mixed / non conventional 18.00 24.00 35.00 41.00 91.57 0.0 0.00 -70.0 -193.936 794.961 0.00 0.00 0.00 0.00 0.00
 Mixed / non conventional 18.00 24.00 41.00 47.00 43.08 0.2 0.00 -4.7 -34.613 794.961 0.00 0.00 0.00 0.00 0.00
 Mixed / non conventional 19.00 20.00 21.00 22.00 15.22 0.0 0.00 -34.8 -655.816 812.038 0.00 0.00 0.00 0.00 0.00
 Mixed / non conventional 19.00 20.00 22.00 23.00 14.64 0.0 0.00 82.6 -157.724 812.038 0.00 0.00 0.00 0.00 0.00
 Mixed / non conventional 19.00 20.00 23.00 24.00 16.98 3.5 0.00 -530.6 -73.155 812.038 0.00 0.00 0.00 0.00 0.00
 Mixed / non conventional 19.00 20.00 24.00 25.00 31.21 3.7 0.00 117.0 -67.229 812.038 0.00 0.00 0.00 0.00 0.00
 Mixed / non conventional 19.00 20.00 25.00 26.00 54.34 0.0 0.00 -14.9 -66.882 812.038 0.00 0.00 0.00 0.00 0.00
 Mixed / non conventional 19.00 20.00 26.00 27.00 62.43 0.1 0.00 -10.1 -48.027 812.038 0.00 0.00 0.00 0.00 0.00
 Mixed / non conventional 19.00 20.00 27.00 28.00 43.85 0.1 0.00 7.5 -22.488 812.038 0.00 0.00 0.00 0.00 0.00
 Mixed / non conventional 19.00 20.00 28.00 29.00 40.16 0.1 0.00 7.1 -14.416 812.038 0.00 0.00 0.00 0.00 0.00
 Mixed / non conventional 19.00 20.00 29.00 30.00 38.27 0.1 0.00 10.0 -9.991 812.038 0.00 0.00 0.00 0.00 0.00
 Mixed / non conventional 19.00 20.00 30.00 31.00 35.95 0.2 0.00 16.1 -7.039 812.038 0.00 0.00 0.00 0.00 0.00
 Mixed / non conventional 19.00 21.00 23.00 25.00 20.63 0.0 0.00 -408.0 -462.840 845.818 0.00 0.00 0.00 0.00 0.00
 Mixed / non conventional 19.00 21.00 25.00 27.00 57.88 0.0 0.00 -26.5 -324.627 845.818 0.00 0.00 0.00 0.00 0.00
 Mixed / non conventional 19.00 21.00 27.00 29.00 44.23 0.0 0.00 14.3 -99.235 845.818 0.00 0.00 0.00 0.00 0.00
 Mixed / non conventional 19.00 21.00 29.00 31.00 39.67 0.0 0.00 26.5 -44.505 845.818 0.00 0.00 0.00 0.00 0.00
 Mixed / non conventional 19.00 21.00 31.00 33.00 55.19 0.1 0.00 149.2 -35.379 845.818 0.00 0.00 0.00 0.00 0.00
 Mixed / non conventional 19.00 21.00 33.00 35.00 80.06 0.1 0.00 -84.7 -32.077 845.818 0.00 0.00 0.00 0.00 0.00
 Mixed / non conventional 19.00 21.00 35.00 37.00 71.66 0.2 0.00 68.2 -19.140 845.818 0.00 0.00 0.00 0.00 0.00
 Mixed / non conventional 19.00 21.00 37.00 39.00 76.32 0.2 0.00 -88.9 -14.270 845.818 0.00 0.00 0.00 0.00 0.00
 Mixed / non conventional 19.00 21.00 39.00 41.00 57.74 0.2 0.00 -48.5 -7.851 845.818 0.00 0.00 0.00 0.00 0.00
 Mixed / non conventional 19.00 21.00 41.00 43.00 33.01 0.4 0.00 -36.4 -3.367 845.818 0.00 0.00 0.00 0.00 0.00
 Mixed / non conventional 19.00 21.00 24.00 26.00 38.91 0.0 0.00 -137.9 -400.354 848.554 0.00 0.00 0.00 0.00 0.00
 Mixed / non conventional 19.00 21.00 26.00 28.00 56.75 0.0 0.00 -3.5 -194.647 848.554 0.00 0.00 0.00 0.00 0.00
 Mixed / non conventional 19.00 21.00 28.00 30.00 41.54 0.0 0.00 17.2 -64.770 848.554 0.00 0.00 0.00 0.00 0.00
 Mixed / non conventional 19.00 21.00 30.00 32.00 43.71 0.0 0.00 42.3 -36.695 848.554 0.00 0.00 0.00 0.00 0.00
 Mixed / non conventional 19.00 21.00 32.00 34.00 70.35 0.1 0.00 50.5 -35.436 848.554 0.00 0.00 0.00 0.00 0.00
 Mixed / non conventional 19.00 21.00 34.00 36.00 80.75 0.1 0.00 -5.5 -26.317 848.554 0.00 0.00 0.00 0.00 0.00
 Mixed / non conventional 19.00 21.00 36.00 38.00 65.53 0.1 0.00 -38.8 -14.614 848.554 0.00 0.00 0.00 0.00 0.00
 Mixed / non conventional 19.00 21.00 38.00 40.00 72.73 0.2 0.00 -22.6 -11.585 848.554 0.00 0.00 0.00 0.00 0.00
 Mixed / non conventional 19.00 21.00 40.00 42.00 39.37 0.4 0.00 -19.7 -4.635 848.554 0.00 0.00 0.00 0.00 0.00
 Mixed / non conventional 19.00 21.00 42.00 44.00 28.65 0.3 0.00 -0.3 -2.563 848.554 0.00 0.00 0.00 0.00 0.00
 Mixed / non conventional 19.00 22.00 25.00 28.00 54.84 0.0 0.00 -19.4 -745.642 768.845 0.00 0.00 0.00 0.00 0.00
 Mixed / non conventional 19.00 22.00 28.00 31.00 43.07 0.0 0.00 33.0 -146.405 768.845 0.00 0.00 0.00 0.00 0.00
 Mixed / non conventional 19.00 22.00 31.00 34.00 66.72 0.0 0.00 76.1 -90.720 768.845 0.00 0.00 0.00 0.00 0.00
 Mixed / non conventional 19.00 22.00 34.00 37.00 80.08 0.1 0.00 55.6 -54.442 768.845 0.00 0.00 0.00 0.00 0.00
 Mixed / non conventional 19.00 22.00 37.00 40.00 81.01 0.2 0.00 -122.7 -31.471 768.845 0.00 0.00 0.00 0.00 0.00
 Mixed / non conventional 19.00 22.00 40.00 43.00 40.07 0.1 0.00 -50.1 -9.729 768.845 0.00 0.00 0.00 0.00 0.00
 Mixed / non conventional 19.00 22.00 43.00 46.00 34.04 0.1 0.00 79.8 -5.510 768.845 0.00 0.00 0.00 0.00 0.00
 Mixed / non conventional 19.00 22.00 26.00 29.00 54.94 0.0 0.00 3.4 -432.706 769.810 0.00 0.00 0.00 0.00 0.00
 Mixed / non conventional 19.00 22.00 29.00 32.00 45.14 0.0 0.00 51.9 -109.407 769.810 0.00 0.00 0.00 0.00 0.00
 Mixed / non conventional 19.00 22.00 32.00 35.00 77.76 0.0 0.00 38.3 -82.451 769.810 0.00 0.00 0.00 0.00 0.00
 Mixed / non conventional 19.00 22.00 35.00 38.00 79.57 0.0 0.00 -32.5 -44.400 769.810 0.00 0.00 0.00 0.00 0.00
 Mixed / non conventional 19.00 22.00 38.00 41.00 69.88 0.1 0.00 -36.5 -23.042 769.810 0.00 0.00 0.00 0.00 0.00
 Mixed / non conventional 19.00 22.00 41.00 44.00 33.87 0.2 0.00 -5.6 -7.148 769.810 0.00 0.00 0.00 0.00 0.00
 Mixed / non conventional 19.00 22.00 44.00 47.00 38.67 0.2 0.00 1.7 -5.538 769.810 0.00 0.00 0.00 0.00 0.00
 Mixed / non conventional 19.00 22.00 27.00 30.00 45.23 0.0 0.00 24.2 -227.212 771.612 0.00 0.00 0.00 0.00 0.00
 Mixed / non conventional 19.00 22.00 30.00 33.00 51.27 0.1 0.00 165.0 -91.983 771.612 0.00 0.00 0.00 0.00 0.00
 Mixed / non conventional 19.00 22.00 33.00 36.00 88.12 0.0 0.00 -78.3 -74.401 771.612 0.00 0.00 0.00 0.00 0.00
 Mixed / non conventional 19.00 22.00 36.00 39.00 73.85 0.0 0.00 -27.0 -34.295 771.612 0.00 0.00 0.00 0.00 0.00
 Mixed / non conventional 19.00 22.00 39.00 42.00 55.70 0.1 0.00 -53.8 -15.746 771.612 0.00 0.00 0.00 0.00 0.00
 Mixed / non conventional 19.00 22.00 42.00 45.00 31.78 0.1 0.00 -8.7 -5.874 771.612 0.00 0.00 0.00 0.00 0.00
 Mixed / non conventional 19.00 24.00 29.00 34.00 61.91 0.0 0.00 101.5 -519.634 791.048 0.00 0.00 0.00 0.00 0.00
 Mixed / non conventional 19.00 24.00 34.00 39.00 101.05 0.0 0.00 -33.4 -212.033 791.048 0.00 0.00 0.00 0.00 0.00
 Mixed / non conventional 19.00 24.00 39.00 44.00 60.61 0.1 0.00 -54.2 -50.872 791.048 0.00 0.00 0.00 0.00 0.00
 Mixed / non conventional 19.00 24.00 30.00 35.00 72.17 0.0 0.00 80.1 -431.266 792.951 0.00 0.00 0.00 0.00 0.00
 Mixed / non conventional 19.00 24.00 35.00 40.00 99.38 0.0 0.00 -55.0 -169.664 792.951 0.00 0.00 0.00 0.00 0.00
 Mixed / non conventional 19.00 24.00 40.00 45.00 46.99 0.1 0.00 -28.2 -33.939 792.951 0.00 0.00 0.00 0.00 0.00
 Mixed / non conventional 19.00 24.00 31.00 36.00 87.81 0.0 0.00 69.8 -390.272 797.602 0.00 0.00 0.00 0.00 0.00
 Mixed / non conventional 19.00 24.00 36.00 41.00 88.36 0.0 0.00 -75.8 -124.963 797.602 0.00 0.00 0.00 0.00 0.00
 Mixed / non conventional 19.00 24.00 41.00 46.00 44.10 0.1 0.00 43.5 -27.722 797.602 0.00 0.00 0.00 0.00 0.00
 Mixed / non conventional 19.00 24.00 32.00 37.00 95.90 0.0 0.00 100.9 -326.379 800.615 0.00 0.00 0.00 0.00 0.00
 Mixed / non conventional 19.00 24.00 37.00 42.00 87.16 0.1 0.00 -138.1 -103.179 800.615 0.00 0.00 0.00 0.00 0.00
 Mixed / non conventional 19.00 24.00 42.00 47.00 44.12 0.1 0.00 1.4 -24.249 800.615 0.00 0.00 0.00 0.00 0.00
 Mixed / non conventional 19.00 24.00 33.00 38.00 103.63 0.0 0.00 -117.5 -276.619 802.994 0.00 0.00 0.00 0.00 0.00
 Mixed / non conventional 19.00 24.00 38.00 43.00 74.76 0.1 0.00 -73.1 -74.834 802.994 0.00 0.00 0.00 0.00 0.00
 Mixed / non conventional 19.00 25.00 31.00 37.00 116.10 0.1 0.00 121.8 -797.365 776.755 0.00 0.00 0.00 0.00 0.00
 Mixed / non conventional 19.00 25.00 37.00 43.00 111.70 0.1 0.00 -163.1 -191.795 776.755 0.00 0.00 0.00 0.00 0.00
 Mixed / non conventional 19.00 25.00 32.00 38.00 130.31 0.1 0.00 4.9 -672.324 778.452 0.00 0.00 0.00 0.00 0.00
 Mixed / non conventional 19.00 25.00 38.00 44.00 95.80 0.1 0.00 -42.7 -138.392 778.452 0.00 0.00 0.00 0.00 0.00
 Mixed / non conventional 19.00 25.00 33.00 39.00 140.18 0.0 0.00 -105.5 -559.234 779.860 0.00 0.00 0.00 0.00 0.00
 Mixed / non conventional 19.00 25.00 39.00 45.00 79.51 0.0 0.00 -63.0 -97.600 779.860 0.00 0.00 0.00 0.00 0.00
 Mixed / non conventional 19.00 25.00 34.00 40.00 136.18 0.0 0.00 -67.4 -430.278 781.685 0.00 0.00 0.00 0.00 0.00
 Mixed / non conventional 19.00 25.00 40.00 46.00 64.33 0.1 0.00 29.3 -67.747 781.685 0.00 0.00 0.00 0.00 0.00
 Mixed / non conventional 19.00 25.00 35.00 41.00 129.33 0.0 0.00 -69.4 -329.678 783.042 0.00 0.00 0.00 0.00 0.00
 Mixed / non conventional 19.00 25.00 41.00 47.00 60.86 0.1 0.00 -4.3 -55.405 783.042 0.00 0.00 0.00 0.00 0.00
 Mixed / non conventional 19.00 25.00 36.00 42.00 114.13 0.0 0.00 -80.7 -238.353 783.858 0.00 0.00 0.00 0.00 0.00
 Mixed / non conventional 20.00 21.00 22.00 23.00 14.63 0.0 0.00 28.5 -635.718 819.325 0.00 0.00 0.00 0.00 0.00
 Mixed / non conventional 20.00 21.00 23.00 24.00 16.01 0.0 0.00 66.4 -173.978 819.325 0.00 0.00 0.00 0.00 0.00
 Mixed / non conventional 20.00 21.00 24.00 25.00 30.68 2.4 0.00 -650.5 -133.348 819.325 0.00 0.00 0.00 0.00 0.00
 Mixed / non conventional 20.00 21.00 25.00 26.00 54.00 2.7 0.00 210.9 -117.359 819.325 0.00 0.00 0.00 0.00 0.00
 Mixed / non conventional 20.00 21.00 26.00 27.00 64.76 0.1 0.00 -10.7 -80.425 819.325 0.00 0.00 0.00 0.00 0.00
 Mixed / non conventional 20.00 21.00 27.00 28.00 46.75 0.1 0.00 7.6 -36.289 819.325 0.00 0.00 0.00 0.00 0.00
 Mixed / non conventional 20.00 21.00 28.00 29.00 43.52 0.1 0.00 7.3 -22.520 819.325 0.00 0.00 0.00 0.00 0.00
 Mixed / non conventional 20.00 21.00 29.00 30.00 42.36 0.2 0.00 10.2 -15.345 819.325 0.00 0.00 0.00 0.00 0.00
 Mixed / non conventional 20.00 21.00 30.00 31.00 40.09 0.1 0.00 16.2 -10.560 819.325 0.00 0.00 0.00 0.00 0.00
 Mixed / non conventional 20.00 21.00 31.00 32.00 53.26 0.2 0.00 25.9 -10.523 819.325 0.00 0.00 0.00 0.00 0.00
 Mixed / non conventional 20.00 22.00 24.00 26.00 35.63 0.0 0.00 -433.3 -707.293 748.410 0.00 0.00 0.00 0.00 0.00
 Mixed / non conventional 20.00 22.00 26.00 28.00 58.25 0.0 0.00 -4.8 -289.090 748.410 0.00 0.00 0.00 0.00 0.00
 Mixed / non conventional 20.00 22.00 28.00 30.00 44.95 0.0 0.00 17.0 -89.229 748.410 0.00 0.00 0.00 0.00 0.00
 Mixed / non conventional 20.00 22.00 30.00 32.00 48.50 0.0 0.00 42.2 -48.139 748.410 0.00 0.00 0.00 0.00 0.00
 Mixed / non conventional 20.00 22.00 32.00 34.00 79.25 0.0 0.00 50.3 -44.949 748.410 0.00 0.00 0.00 0.00 0.00
 Mixed / non conventional 20.00 22.00 34.00 36.00 92.08 0.1 0.00 -5.5 -32.641 748.410 0.00 0.00 0.00 0.00 0.00
 Mixed / non conventional 20.00 22.00 36.00 38.00 74.95 0.1 0.00 -38.6 -17.714 748.410 0.00 0.00 0.00 0.00 0.00
 Mixed / non conventional 20.00 22.00 38.00 40.00 83.36 0.2 0.00 -22.3 -13.790 748.410 0.00 0.00 0.00 0.00 0.00
 Mixed / non conventional 20.00 22.00 40.00 42.00 45.40 0.4 0.00 -20.0 -5.462 748.410 0.00 0.00 0.00 0.00 0.00
 Mixed / non conventional 20.00 22.00 42.00 44.00 32.94 0.6 0.00 -0.2 -2.973 748.410 0.00 0.00 0.00 0.00 0.00
 Mixed / non conventional 20.00 22.00 25.00 27.00 56.32 0.0 0.00 -97.0 -511.608 749.132 0.00 0.00 0.00 0.00 0.00
 Mixed / non conventional 20.00 22.00 27.00 29.00 46.69 0.0 0.00 13.9 -141.383 749.132 0.00 0.00 0.00 0.00 0.00
 Mixed / non conventional 20.00 22.00 29.00 31.00 43.79 0.0 0.00 26.3 -60.264 749.132 0.00 0.00 0.00 0.00 0.00
 Mixed / non conventional 20.00 22.00 31.00 33.00 61.65 0.0 0.00 148.0 -45.689 749.132 0.00 0.00 0.00 0.00 0.00
 Mixed / non conventional 20.00 22.00 33.00 35.00 90.94 0.1 0.00 -83.6 -40.437 749.132 0.00 0.00 0.00 0.00 0.00
 Mixed / non conventional 20.00 22.00 35.00 37.00 82.19 0.1 0.00 57.1 -23.648 749.132 0.00 0.00 0.00 0.00 0.00
 Mixed / non conventional 20.00 22.00 37.00 39.00 87.29 0.1 0.00 -77.5 -17.184 749.132 0.00 0.00 0.00 0.00 0.00
 Mixed / non conventional 20.00 22.00 39.00 41.00 66.36 0.4 0.00 -48.4 -9.332 749.132 0.00 0.00 0.00 0.00 0.00
 Mixed / non conventional 20.00 22.00 41.00 43.00 38.05 0.4 0.00 -36.3 -3.955 749.132 0.00 0.00 0.00 0.00 0.00
 Mixed / non conventional 20.00 22.00 43.00 45.00 33.10 0.6 0.00 21.7 -2.615 749.132 0.00 0.00 0.00 0.00 0.00
 Mixed / non conventional 20.00 23.00 26.00 29.00 55.72 0.0 0.00 3.3 -736.597 747.570 0.00 0.00 0.00 0.00 0.00
 Mixed / non conventional 20.00 23.00 29.00 32.00 49.64 0.0 0.00 52.0 -164.059 747.570 0.00 0.00 0.00 0.00 0.00
 Mixed / non conventional 20.00 23.00 32.00 35.00 88.11 0.0 0.00 38.3 -116.486 747.570 0.00 0.00 0.00 0.00 0.00
 Mixed / non conventional 20.00 23.00 35.00 38.00 91.76 0.0 0.00 -32.2 -60.653 747.570 0.00 0.00 0.00 0.00 0.00
 Mixed / non conventional 20.00 23.00 38.00 41.00 81.07 0.1 0.00 -36.4 -30.622 747.570 0.00 0.00 0.00 0.00 0.00
 Mixed / non conventional 20.00 23.00 41.00 44.00 39.51 0.2 0.00 -5.4 -9.328 747.570 0.00 0.00 0.00 0.00 0.00
 Mixed / non conventional 20.00 23.00 44.00 47.00 45.03 0.4 0.00 1.6 -7.087 747.570 0.00 0.00 0.00 0.00 0.00
 Mixed / non conventional 20.00 23.00 27.00 30.00 47.53 0.0 0.00 24.3 -363.209 746.916 0.00 0.00 0.00 0.00 0.00
 Mixed / non conventional 20.00 23.00 30.00 33.00 56.94 0.0 0.00 163.9 -133.896 746.916 0.00 0.00 0.00 0.00 0.00
 Mixed / non conventional 20.00 23.00 33.00 36.00 100.66 0.0 0.00 -77.4 -103.553 746.916 0.00 0.00 0.00 0.00 0.00
 Mixed / non conventional 20.00 23.00 36.00 39.00 85.20 0.1 0.00 -26.9 -46.130 746.916 0.00 0.00 0.00 0.00 0.00
 Mixed / non conventional 20.00 23.00 39.00 42.00 64.83 0.2 0.00 -53.9 -20.741 746.916 0.00 0.00 0.00 0.00 0.00
 Mixed / non conventional 20.00 23.00 42.00 45.00 37.12 0.3 0.00 -8.6 -7.600 746.916 0.00 0.00 0.00 0.00 0.00
 Mixed / non conventional 20.00 23.00 28.00 31.00 46.51 0.1 0.00 33.2 -227.225 750.305 0.00 0.00 0.00 0.00 0.00
 Mixed / non conventional 20.00 23.00 31.00 34.00 74.83 0.1 0.00 75.7 -130.552 750.305 0.00 0.00 0.00 0.00 0.00
 Mixed / non conventional 20.00 23.00 34.00 37.00 92.16 0.2 0.00 38.9 -75.665 750.305 0.00 0.00 0.00 0.00 0.00
 Mixed / non conventional 20.00 23.00 37.00 40.00 93.61 0.3 0.00 -105.5 -42.271 750.305 0.00 0.00 0.00 0.00 0.00
 Mixed / non conventional 20.00 23.00 40.00 43.00 46.64 0.7 0.00 -50.3 -12.819 750.305 0.00 0.00 0.00 0.00 0.00
 Mixed / non conventional 20.00 23.00 43.00 46.00 39.89 1.0 0.00 79.8 -7.169 750.305 0.00 0.00 0.00 0.00 0.00
 Mixed / non conventional 20.00 25.00 30.00 35.00 98.55 0.0 0.00 80.3 -795.049 760.360 0.00 0.00 0.00 0.00 0.00
 Mixed / non conventional 20.00 25.00 35.00 40.00 142.01 0.0 0.00 -54.8 -286.416 760.360 0.00 0.00 0.00 0.00 0.00
 Mixed / non conventional 20.00 25.00 40.00 45.00 67.78 0.1 0.00 -28.5 -54.684 760.360 0.00 0.00 0.00 0.00 0.00
 Mixed / non conventional 20.00 25.00 31.00 36.00 121.75 0.0 0.00 70.2 -698.188 760.961 0.00 0.00 0.00 0.00 0.00
 Mixed / non conventional 20.00 25.00 36.00 41.00 126.35 0.1 0.00 -75.4 -207.011 760.961 0.00 0.00 0.00 0.00 0.00
 Mixed / non conventional 20.00 25.00 41.00 46.00 63.43 0.3 0.00 43.6 -43.967 760.961 0.00 0.00 0.00 0.00 0.00
 Mixed / non conventional 20.00 25.00 32.00 37.00 134.80 0.0 0.00 85.2 -572.946 762.713 0.00 0.00 0.00 0.00 0.00
 Mixed / non conventional 20.00 25.00 37.00 42.00 125.09 0.1 0.00 -121.4 -169.174 762.713 0.00 0.00 0.00 0.00 0.00
 Mixed / non conventional 20.00 25.00 42.00 47.00 63.34 0.3 0.00 1.6 -38.073 762.713 0.00 0.00 0.00 0.00 0.00
 Mixed / non conventional 20.00 25.00 33.00 38.00 147.02 0.1 0.00 -116.0 -477.355 763.786 0.00 0.00 0.00 0.00 0.00
 Mixed / non conventional 20.00 25.00 38.00 43.00 107.48 0.3 0.00 -73.2 -121.375 763.786 0.00 0.00 0.00 0.00 0.00
 Mixed / non conventional 20.00 25.00 34.00 39.00 143.82 0.1 0.00 -32.9 -365.422 764.355 0.00 0.00 0.00 0.00 0.00
 Mixed / non conventional 20.00 25.00 39.00 44.00 87.30 0.3 0.00 -54.3 -83.173 764.355 0.00 0.00 0.00 0.00 0.00
 Mixed / non conventional 20.00 26.00 32.00 38.00 205.03 0.1 0.00 4.4 -1090.484 601.534 0.00 0.00 0.00 0.00 0.00
 Mixed / non conventional 20.00 26.00 38.00 44.00 154.69 0.1 0.00 -42.8 -205.685 601.534 0.00 0.00 0.00 0.00 0.00
 Mixed / non conventional 20.00 26.00 33.00 39.00 222.52 0.1 0.00 -105.8 -892.216 604.991 0.00 0.00 0.00 0.00 0.00
 Mixed / non conventional 20.00 26.00 39.00 45.00 128.38 0.2 0.00 -63.3 -144.130 604.991 0.00 0.00 0.00 0.00 0.00
 Mixed / non conventional 20.00 26.00 34.00 40.00 217.20 0.1 0.00 -68.4 -675.308 607.763 0.00 0.00 0.00 0.00 0.00
 Mixed / non conventional 20.00 26.00 40.00 46.00 103.71 0.2 0.00 28.6 -99.216 607.763 0.00 0.00 0.00 0.00 0.00
 Mixed / non conventional 20.00 26.00 35.00 41.00 207.23 0.1 0.00 -70.4 -512.959 612.400 0.00 0.00 0.00 0.00 0.00
 Mixed / non conventional 20.00 26.00 41.00 47.00 98.05 0.2 0.00 -4.6 -80.904 612.400 0.00 0.00 0.00 0.00 0.00
 Mixed / non conventional 20.00 26.00 36.00 42.00 183.15 0.1 0.00 -81.3 -366.409 614.532 0.00 0.00 0.00 0.00 0.00
 Mixed / non conventional 20.00 26.00 37.00 43.00 180.00 0.1 0.00 -145.8 -295.130 615.414 0.00 0.00 0.00 0.00 0.00
 Mixed / non conventional 21.00 22.00 23.00 24.00 14.65 0.0 0.00 -30.8 -604.325 777.329 0.00 0.00 0.00 0.00 0.00
 Mixed / non conventional 21.00 22.00 24.00 25.00 27.81 0.0 0.00 66.1 -286.668 777.329 0.00 0.00 0.00 0.00 0.00
 Mixed / non conventional 21.00 22.00 25.00 26.00 50.38 2.5 0.00 245.2 -207.760 777.329 0.00 0.00 0.00 0.00 0.00
 Mixed / non conventional 21.00 22.00 26.00 27.00 65.36 3.8 0.00 -690.8 -134.759 777.329 0.00 0.00 0.00 0.00 0.00
 Mixed / non conventional 21.00 22.00 27.00 28.00 48.31 0.2 0.00 4.5 -56.917 777.329 0.00 0.00 0.00 0.00 0.00
 Mixed / non conventional 21.00 22.00 28.00 29.00 46.16 0.2 0.00 5.6 -33.996 777.329 0.00 0.00 0.00 0.00 0.00
 Mixed / non conventional 21.00 22.00 29.00 30.00 46.27 0.1 0.00 9.2 -22.715 777.329 0.00 0.00 0.00 0.00 0.00
 Mixed / non conventional 21.00 22.00 30.00 31.00 44.24 0.1 0.00 15.7 -15.202 777.329 0.00 0.00 0.00 0.00 0.00
 Mixed / non conventional 21.00 22.00 31.00 32.00 59.14 0.2 0.00 25.2 -14.780 777.329 0.00 0.00 0.00 0.00 0.00
 Mixed / non conventional 21.00 22.00 32.00 33.00 71.43 0.3 0.00 120.6 -13.390 777.329 0.00 0.00 0.00 0.00 0.00
 Mixed / non conventional 21.00 23.00 25.00 27.00 51.30 0.0 0.00 -441.3 -1053.754 774.330 0.00 0.00 0.00 0.00 0.00
 Mixed / non conventional 21.00 23.00 27.00 29.00 48.12 0.0 0.00 12.4 -247.119 774.330 0.00 0.00 0.00 0.00 0.00
 Mixed / non conventional 21.00 23.00 29.00 31.00 47.78 0.1 0.00 25.6 -98.141 774.330 0.00 0.00 0.00 0.00 0.00
 Mixed / non conventional 21.00 23.00 31.00 33.00 68.79 0.1 0.00 146.8 -70.643 774.330 0.00 0.00 0.00 0.00 0.00
 Mixed / non conventional 21.00 23.00 33.00 35.00 103.45 0.1 0.00 -83.1 -60.711 774.330 0.00 0.00 0.00 0.00 0.00
 Mixed / non conventional 21.00 23.00 35.00 37.00 94.57 0.1 0.00 38.4 -34.686 774.330 0.00 0.00 0.00 0.00 0.00
 Mixed / non conventional 21.00 23.00 37.00 39.00 100.76 0.2 0.00 -58.7 -24.639 774.330 0.00 0.00 0.00 0.00 0.00
 Mixed / non conventional 21.00 23.00 39.00 41.00 76.80 0.4 0.00 -48.4 -13.145 774.330 0.00 0.00 0.00 0.00 0.00
 Mixed / non conventional 21.00 23.00 41.00 43.00 44.08 0.5 0.00 -36.3 -5.487 774.330 0.00 0.00 0.00 0.00 0.00
 Mixed / non conventional 21.00 23.00 43.00 45.00 38.17 0.7 0.00 21.8 -3.564 774.330 0.00 0.00 0.00 0.00 0.00
 Mixed / non conventional 21.00 23.00 26.00 28.00 57.59 0.0 0.00 -464.4 -541.501 775.434 0.00 0.00 0.00 0.00 0.00
 Mixed / non conventional 21.00 23.00 28.00 30.00 47.85 0.1 0.00 16.2 -149.975 775.434 0.00 0.00 0.00 0.00 0.00
 Mixed / non conventional 21.00 23.00 30.00 32.00 53.59 0.1 0.00 41.9 -76.347 775.434 0.00 0.00 0.00 0.00 0.00
 Mixed / non conventional 21.00 23.00 32.00 34.00 89.38 0.2 0.00 50.1 -68.570 775.434 0.00 0.00 0.00 0.00 0.00
 Mixed / non conventional 21.00 23.00 34.00 36.00 105.52 0.3 0.00 -5.5 -48.570 775.434 0.00 0.00 0.00 0.00 0.00
 Mixed / non conventional 21.00 23.00 36.00 38.00 86.59 0.4 0.00 -38.1 -25.790 775.434 0.00 0.00 0.00 0.00 0.00
 Mixed / non conventional 21.00 23.00 38.00 40.00 96.74 0.7 0.00 -22.3 -19.714 775.434 0.00 0.00 0.00 0.00 0.00
 Mixed / non conventional 21.00 23.00 40.00 42.00 53.08 1.2 0.00 -19.7 -7.727 775.434 0.00 0.00 0.00 0.00 0.00
 Mixed / non conventional 21.00 23.00 42.00 44.00 38.55 1.3 0.00 0.0 -4.147 775.434 0.00 0.00 0.00 0.00 0.00
 Mixed / non conventional 21.00 23.00 44.00 46.00 46.31 1.7 0.00 48.8 -3.786 775.434 0.00 0.00 0.00 0.00 0.00
 Mixed / non conventional 21.00 24.00 27.00 30.00 50.39 0.0 0.00 22.5 -710.446 797.224 0.00 0.00 0.00 0.00 0.00
 Mixed / non conventional 21.00 24.00 30.00 33.00 65.20 0.0 0.00 162.7 -229.803 797.224 0.00 0.00 0.00 0.00 0.00
 Mixed / non conventional 21.00 24.00 33.00 36.00 119.25 0.1 0.00 -76.8 -168.122 797.224 0.00 0.00 0.00 0.00 0.00
 Mixed / non conventional 21.00 24.00 36.00 39.00 102.16 0.2 0.00 -26.4 -72.015 797.224 0.00 0.00 0.00 0.00 0.00
 Mixed / non conventional 21.00 24.00 39.00 42.00 78.40 0.4 0.00 -53.6 -31.581 797.224 0.00 0.00 0.00 0.00 0.00
 Mixed / non conventional 21.00 24.00 42.00 45.00 44.98 0.7 0.00 -8.4 -11.323 797.224 0.00 0.00 0.00 0.00 0.00
 Mixed / non conventional 21.00 24.00 28.00 31.00 51.30 0.0 0.00 32.0 -419.808 799.800 0.00 0.00 0.00 0.00 0.00
 Mixed / non conventional 21.00 24.00 31.00 34.00 86.81 0.1 0.00 74.9 -218.573 799.800 0.00 0.00 0.00 0.00 0.00
 Mixed / non conventional 21.00 24.00 34.00 37.00 110.17 0.2 0.00 24.5 -121.362 799.800 0.00 0.00 0.00 0.00 0.00
 Mixed / non conventional 21.00 24.00 37.00 40.00 112.95 0.4 0.00 -91.4 -65.483 799.800 0.00 0.00 0.00 0.00 0.00
 Mixed / non conventional 21.00 24.00 40.00 43.00 56.97 0.8 0.00 -50.3 -19.518 799.800 0.00 0.00 0.00 0.00 0.00
 Mixed / non conventional 21.00 24.00 43.00 46.00 48.85 1.1 0.00 79.8 -10.712 799.800 0.00 0.00 0.00 0.00 0.00
 Mixed / non conventional 21.00 24.00 29.00 32.00 56.15 0.1 0.00 51.3 -294.175 804.619 0.00 0.00 0.00 0.00 0.00
 Mixed / non conventional 21.00 24.00 32.00 35.00 103.43 0.2 0.00 37.7 -193.510 804.619 0.00 0.00 0.00 0.00 0.00
 Mixed / non conventional 21.00 24.00 35.00 38.00 110.11 0.3 0.00 -32.1 -96.950 804.619 0.00 0.00 0.00 0.00 0.00
 Mixed / non conventional 21.00 24.00 38.00 41.00 98.25 0.7 0.00 -36.6 -47.580 804.619 0.00 0.00 0.00 0.00 0.00
 Mixed / non conventional 21.00 24.00 41.00 44.00 48.28 1.1 0.00 -5.1 -14.231 804.619 0.00 0.00 0.00 0.00 0.00
 Mixed / non conventional 21.00 24.00 44.00 47.00 55.17 1.3 0.00 1.7 -10.634 804.619 0.00 0.00 0.00 0.00 0.00
 Mixed / non conventional 21.00 26.00 31.00 36.00 189.55 0.1 0.00 69.0 -1259.217 626.115 0.00 0.00 0.00 0.00 0.00
 Mixed / non conventional 21.00 26.00 36.00 41.00 204.83 0.2 0.00 -75.1 -340.182 626.115 0.00 0.00 0.00 0.00 0.00
 Mixed / non conventional 21.00 26.00 41.00 46.00 103.69 0.5 0.00 43.7 -68.882 626.115 0.00 0.00 0.00 0.00 0.00
 Mixed / non conventional 21.00 26.00 32.00 37.00 213.60 0.0 0.00 72.0 -1012.540 629.044 0.00 0.00 0.00 0.00 0.00
 Mixed / non conventional 21.00 26.00 37.00 42.00 204.02 0.1 0.00 -108.8 -276.317 629.044 0.00 0.00 0.00 0.00 0.00
 Mixed / non conventional 21.00 26.00 42.00 47.00 103.83 0.3 0.00 1.8 -59.495 629.044 0.00 0.00 0.00 0.00 0.00
 Mixed / non conventional 21.00 26.00 33.00 38.00 235.38 0.0 0.00 -115.4 -827.655 630.988 0.00 0.00 0.00 0.00 0.00
 Mixed / non conventional 21.00 26.00 38.00 43.00 175.83 0.2 0.00 -72.9 -196.721 630.988 0.00 0.00 0.00 0.00 0.00
 Mixed / non conventional 21.00 26.00 34.00 39.00 231.58 0.1 0.00 -33.0 -623.065 632.915 0.00 0.00 0.00 0.00 0.00
 Mixed / non conventional 21.00 26.00 39.00 44.00 143.04 0.3 0.00 -54.0 -133.861 632.915 0.00 0.00 0.00 0.00 0.00
 Mixed / non conventional 21.00 26.00 35.00 40.00 229.40 0.1 0.00 -55.1 -484.078 634.838 0.00 0.00 0.00 0.00 0.00
 Mixed / non conventional 21.00 26.00 40.00 45.00 110.62 0.4 0.00 -28.5 -87.536 634.838 0.00 0.00 0.00 0.00 0.00
 Mixed / non conventional 21.00 27.00 33.00 39.00 303.32 0.1 0.00 -105.7 -1561.358 582.169 0.00 0.00 0.00 0.00 0.00
 Mixed / non conventional 21.00 27.00 39.00 45.00 179.83 0.0 0.00 -62.9 -231.415 582.169 0.00 0.00 0.00 0.00 0.00
 Mixed / non conventional 21.00 27.00 34.00 40.00 297.91 0.1 0.00 -67.0 -1151.665 583.287 0.00 0.00 0.00 0.00 0.00
 Mixed / non conventional 21.00 27.00 40.00 46.00 145.29 0.2 0.00 29.3 -157.269 583.287 0.00 0.00 0.00 0.00 0.00
 Mixed / non conventional 21.00 27.00 35.00 41.00 286.40 0.1 0.00 -70.6 -861.086 587.715 0.00 0.00 0.00 0.00 0.00
 Mixed / non conventional 21.00 27.00 41.00 47.00 137.71 0.3 0.00 -4.3 -127.399 587.715 0.00 0.00 0.00 0.00 0.00
 Mixed / non conventional 21.00 27.00 36.00 42.00 253.96 0.0 0.00 -81.8 -605.024 589.405 0.00 0.00 0.00 0.00 0.00
 Mixed / non conventional 21.00 27.00 37.00 43.00 251.31 0.2 0.00 -136.7 -483.524 591.007 0.00 0.00 0.00 0.00 0.00
 Mixed / non conventional 21.00 27.00 38.00 44.00 216.36 0.2 0.00 -43.1 -341.689 592.740 0.00 0.00 0.00 0.00 0.00
 Mixed / non conventional 22.00 23.00 24.00 25.00 23.26 0.0 0.00 -44.1 -883.531 715.939 0.00 0.00 0.00 0.00 0.00
 Mixed / non conventional 22.00 23.00 25.00 26.00 44.86 0.1 0.00 60.0 -425.956 715.939 0.00 0.00 0.00 0.00 0.00
 Mixed / non conventional 22.00 23.00 26.00 27.00 61.11 1.9 0.00 210.3 -232.097 715.939 0.00 0.00 0.00 0.00 0.00
 Mixed / non conventional 22.00 23.00 27.00 28.00 49.19 4.9 0.00 -640.4 -93.418 715.939 0.00 0.00 0.00 0.00 0.00
 Mixed / non conventional 22.00 23.00 28.00 29.00 48.31 0.3 0.00 1.4 -52.427 715.939 0.00 0.00 0.00 0.00 0.00
 Mixed / non conventional 22.00 23.00 29.00 30.00 49.92 0.3 0.00 7.8 -33.856 715.939 0.00 0.00 0.00 0.00 0.00
 Mixed / non conventional 22.00 23.00 30.00 31.00 48.65 0.3 0.00 15.3 -21.998 715.939 0.00 0.00 0.00 0.00 0.00
 Mixed / non conventional 22.00 23.00 31.00 32.00 65.96 0.4 0.00 24.7 -20.877 715.939 0.00 0.00 0.00 0.00 0.00
 Mixed / non conventional 22.00 23.00 32.00 33.00 80.65 0.4 0.00 119.4 -18.564 715.939 0.00 0.00 0.00 0.00 0.00
 Mixed / non conventional 22.00 23.00 33.00 34.00 111.93 0.5 0.00 -71.6 -19.325 715.939 0.00 0.00 0.00 0.00 0.00
 Mixed / non conventional 22.00 24.00 26.00 28.00 56.76 0.0 0.00 -424.4 -1107.267 735.381 0.00 0.00 0.00 0.00 0.00
 Mixed / non conventional 22.00 24.00 28.00 30.00 52.39 0.1 0.00 12.9 -255.483 735.381 0.00 0.00 0.00 0.00 0.00
 Mixed / non conventional 22.00 24.00 30.00 32.00 61.74 0.1 0.00 40.9 -120.434 735.381 0.00 0.00 0.00 0.00 0.00
 Mixed / non conventional 22.00 24.00 32.00 34.00 105.52 0.2 0.00 49.2 -102.914 735.381 0.00 0.00 0.00 0.00 0.00
 Mixed / non conventional 22.00 24.00 34.00 36.00 127.00 0.3 0.00 -6.0 -70.783 735.381 0.00 0.00 0.00 0.00 0.00
 Mixed / non conventional 22.00 24.00 36.00 38.00 105.32 0.3 0.00 -38.2 -36.687 735.381 0.00 0.00 0.00 0.00 0.00
 Mixed / non conventional 22.00 24.00 38.00 40.00 118.53 0.6 0.00 -22.7 -27.524 735.381 0.00 0.00 0.00 0.00 0.00
 Mixed / non conventional 22.00 24.00 40.00 42.00 65.65 0.9 0.00 -19.7 -10.672 735.381 0.00 0.00 0.00 0.00 0.00
 Mixed / non conventional 22.00 24.00 42.00 44.00 47.94 1.0 0.00 0.1 -5.667 735.381 0.00 0.00 0.00 0.00 0.00
 Mixed / non conventional 22.00 24.00 44.00 46.00 57.69 1.2 0.00 48.5 -5.115 735.381 0.00 0.00 0.00 0.00 0.00
 Mixed / non conventional 22.00 24.00 27.00 29.00 50.35 0.0 0.00 -419.1 -450.880 738.475 0.00 0.00 0.00 0.00 0.00
 Mixed / non conventional 22.00 24.00 29.00 31.00 54.18 0.0 0.00 24.9 -161.722 738.475 0.00 0.00 0.00 0.00 0.00
 Mixed / non conventional 22.00 24.00 31.00 33.00 80.33 0.0 0.00 145.6 -108.993 738.475 0.00 0.00 0.00 0.00 0.00
 Mixed / non conventional 22.00 24.00 33.00 35.00 123.83 0.1 0.00 -82.6 -90.469 738.475 0.00 0.00 0.00 0.00 0.00
 Mixed / non conventional 22.00 24.00 35.00 37.00 114.94 0.2 0.00 28.3 -50.382 738.475 0.00 0.00 0.00 0.00 0.00
 Mixed / non conventional 22.00 24.00 37.00 39.00 123.44 0.3 0.00 -48.7 -35.011 738.475 0.00 0.00 0.00 0.00 0.00
 Mixed / non conventional 22.00 24.00 39.00 41.00 94.90 0.6 0.00 -48.3 -18.418 738.475 0.00 0.00 0.00 0.00 0.00
 Mixed / non conventional 22.00 24.00 41.00 43.00 54.98 0.8 0.00 -36.1 -7.622 738.475 0.00 0.00 0.00 0.00 0.00
 Mixed / non conventional 22.00 24.00 43.00 45.00 48.03 1.2 0.00 21.9 -4.921 738.475 0.00 0.00 0.00 0.00 0.00
 Mixed / non conventional 22.00 24.00 45.00 47.00 64.13 1.0 0.00 10.0 -4.994 738.475 0.00 0.00 0.00 0.00 0.00
 Mixed / non conventional 22.00 25.00 28.00 31.00 68.22 0.0 0.00 31.6 -874.794 725.162 0.00 0.00 0.00 0.00 0.00
 Mixed / non conventional 22.00 25.00 31.00 34.00 124.20 0.0 0.00 75.1 -398.186 725.162 0.00 0.00 0.00 0.00 0.00
 Mixed / non conventional 22.00 25.00 34.00 37.00 163.41 0.1 0.00 16.0 -209.546 725.162 0.00 0.00 0.00 0.00 0.00
 Mixed / non conventional 22.00 25.00 37.00 40.00 169.59 0.1 0.00 -82.3 -108.739 725.162 0.00 0.00 0.00 0.00 0.00
 Mixed / non conventional 22.00 25.00 40.00 43.00 86.07 0.3 0.00 -50.2 -31.537 725.162 0.00 0.00 0.00 0.00 0.00
 Mixed / non conventional 22.00 25.00 43.00 46.00 73.96 0.4 0.00 79.8 -16.938 725.162 0.00 0.00 0.00 0.00 0.00
 Mixed / non conventional 22.00 25.00 29.00 32.00 77.29 0.0 0.00 51.0 -575.343 727.585 0.00 0.00 0.00 0.00 0.00
 Mixed / non conventional 22.00 25.00 32.00 35.00 150.19 0.1 0.00 37.5 -344.019 727.585 0.00 0.00 0.00 0.00 0.00
 Mixed / non conventional 22.00 25.00 35.00 38.00 164.28 0.0 0.00 -32.1 -164.622 727.585 0.00 0.00 0.00 0.00 0.00
 Mixed / non conventional 22.00 25.00 38.00 41.00 147.92 0.1 0.00 -36.8 -78.016 727.585 0.00 0.00 0.00 0.00 0.00
 Mixed / non conventional 22.00 25.00 41.00 44.00 73.11 0.2 0.00 -5.0 -22.784 727.585 0.00 0.00 0.00 0.00 0.00
 Mixed / non conventional 22.00 25.00 44.00 47.00 83.76 0.2 0.00 1.5 -16.707 727.585 0.00 0.00 0.00 0.00 0.00
 Mixed / non conventional 22.00 25.00 30.00 33.00 91.75 0.0 0.00 161.7 -435.091 728.304 0.00 0.00 0.00 0.00 0.00
 Mixed / non conventional 22.00 25.00 33.00 36.00 175.70 0.0 0.00 -76.3 -297.558 728.304 0.00 0.00 0.00 0.00 0.00
 Mixed / non conventional 22.00 25.00 36.00 39.00 153.18 0.0 0.00 -26.6 -122.081 728.304 0.00 0.00 0.00 0.00 0.00
 Mixed / non conventional 22.00 25.00 39.00 42.00 119.20 0.2 0.00 -53.7 -52.251 728.304 0.00 0.00 0.00 0.00 0.00
 Mixed / non conventional 22.00 25.00 42.00 45.00 68.88 0.3 0.00 -8.4 -18.378 728.304 0.00 0.00 0.00 0.00 0.00
 Mixed / non conventional 22.00 27.00 32.00 37.00 286.75 0.0 0.00 63.0 -1713.091 563.057 0.00 0.00 0.00 0.00 0.00
 Mixed / non conventional 22.00 27.00 37.00 42.00 284.98 0.0 0.00 -101.7 -425.631 563.057 0.00 0.00 0.00 0.00 0.00
 Mixed / non conventional 22.00 27.00 42.00 47.00 146.71 0.0 0.00 1.4 -87.648 563.057 0.00 0.00 0.00 0.00 0.00
 Mixed / non conventional 22.00 27.00 33.00 38.00 320.51 0.0 0.00 -115.3 -1363.402 564.495 0.00 0.00 0.00 0.00 0.00
 Mixed / non conventional 22.00 27.00 38.00 43.00 246.38 0.1 0.00 -73.6 -299.455 564.495 0.00 0.00 0.00 0.00 0.00
 Mixed / non conventional 22.00 27.00 34.00 39.00 317.55 0.0 0.00 -33.4 -1002.112 566.286 0.00 0.00 0.00 0.00 0.00
 Mixed / non conventional 22.00 27.00 39.00 44.00 201.10 0.0 0.00 -54.1 -201.924 566.286 0.00 0.00 0.00 0.00 0.00
 Mixed / non conventional 22.00 27.00 35.00 40.00 316.94 0.1 0.00 -55.2 -762.773 566.156 0.00 0.00 0.00 0.00 0.00
 Mixed / non conventional 22.00 27.00 40.00 45.00 155.68 0.1 0.00 -28.6 -130.318 566.156 0.00 0.00 0.00 0.00 0.00
 Mixed / non conventional 22.00 27.00 36.00 41.00 284.01 0.1 0.00 -75.5 -537.763 569.623 0.00 0.00 0.00 0.00 0.00
 Mixed / non conventional 22.00 27.00 41.00 46.00 146.32 0.3 0.00 43.2 -103.895 569.623 0.00 0.00 0.00 0.00 0.00
 Mixed / non conventional 22.00 28.00 34.00 40.00 316.01 0.0 0.00 -67.0 -1625.788 581.856 0.00 0.00 0.00 0.00 0.00
 Mixed / non conventional 22.00 28.00 40.00 46.00 162.40 0.1 0.00 29.0 -208.880 581.856 0.00 0.00 0.00 0.00 0.00
 Mixed / non conventional 22.00 28.00 35.00 41.00 308.09 0.0 0.00 -69.8 -1193.591 584.540 0.00 0.00 0.00 0.00 0.00
 Mixed / non conventional 22.00 28.00 41.00 47.00 154.72 0.1 0.00 -4.1 -167.833 584.540 0.00 0.00 0.00 0.00 0.00
 Mixed / non conventional 22.00 28.00 36.00 42.00 275.91 0.1 0.00 -80.5 -811.241 574.742 0.00 0.00 0.00 0.00 0.00
 Mixed / non conventional 22.00 28.00 37.00 43.00 276.04 0.1 0.00 -129.6 -655.298 587.313 0.00 0.00 0.00 0.00 0.00
 Mixed / non conventional 22.00 28.00 38.00 44.00 239.50 0.1 0.00 -42.7 -457.803 587.176 0.00 0.00 0.00 0.00 0.00
 Mixed / non conventional 22.00 28.00 39.00 45.00 200.36 0.0 0.00 -62.5 -314.017 588.244 0.00 0.00 0.00 0.00 0.00
 Mixed / non conventional 23.00 24.00 25.00 26.00 37.30 0.1 0.00 -63.0 -1463.974 739.839 0.00 0.00 0.00 0.00 0.00
 Mixed / non conventional 23.00 24.00 26.00 27.00 59.04 0.1 0.00 37.9 -579.330 739.839 0.00 0.00 0.00 0.00 0.00
 Mixed / non conventional 23.00 24.00 27.00 28.00 50.85 2.1 0.00 -618.0 -199.585 739.839 0.00 0.00 0.00 0.00 0.00
 Mixed / non conventional 23.00 24.00 28.00 29.00 52.32 3.9 0.00 223.1 -102.677 739.839 0.00 0.00 0.00 0.00 0.00
 Mixed / non conventional 23.00 24.00 29.00 30.00 57.24 0.1 0.00 8.5 -64.190 739.839 0.00 0.00 0.00 0.00 0.00
 Mixed / non conventional 23.00 24.00 30.00 31.00 57.27 0.1 0.00 15.8 -40.139 739.839 0.00 0.00 0.00 0.00 0.00
 Mixed / non conventional 23.00 24.00 31.00 32.00 78.51 0.1 0.00 25.4 -36.685 739.839 0.00 0.00 0.00 0.00 0.00
 Mixed / non conventional 23.00 24.00 32.00 33.00 97.11 0.2 0.00 119.2 -31.762 739.839 0.00 0.00 0.00 0.00 0.00
 Mixed / non conventional 23.00 24.00 33.00 34.00 137.02 0.2 0.00 -70.5 -32.593 739.839 0.00 0.00 0.00 0.00 0.00
 Mixed / non conventional 23.00 24.00 34.00 35.00 131.37 0.3 0.00 -12.0 -23.437 739.839 0.00 0.00 0.00 0.00 0.00
 Mixed / non conventional 23.00 25.00 27.00 29.00 63.48 0.0 0.00 -387.0 -1225.690 727.887 0.00 0.00 0.00 0.00 0.00
 Mixed / non conventional 23.00 25.00 29.00 31.00 77.14 0.0 0.00 23.2 -372.331 727.887 0.00 0.00 0.00 0.00 0.00
 Mixed / non conventional 23.00 25.00 31.00 33.00 120.07 0.0 0.00 144.3 -231.820 727.887 0.00 0.00 0.00 0.00 0.00
 Mixed / non conventional 23.00 25.00 33.00 35.00 191.51 0.0 0.00 -82.2 -184.884 727.887 0.00 0.00 0.00 0.00 0.00
 Mixed / non conventional 23.00 25.00 35.00 37.00 181.25 0.0 0.00 22.2 -99.985 727.887 0.00 0.00 0.00 0.00 0.00
 Mixed / non conventional 23.00 25.00 37.00 39.00 196.36 0.1 0.00 -42.5 -67.701 727.887 0.00 0.00 0.00 0.00 0.00
 Mixed / non conventional 23.00 25.00 39.00 41.00 152.37 0.1 0.00 -48.2 -35.022 727.887 0.00 0.00 0.00 0.00 0.00
 Mixed / non conventional 23.00 25.00 41.00 43.00 88.88 0.2 0.00 -36.0 -14.301 727.887 0.00 0.00 0.00 0.00 0.00
 Mixed / non conventional 23.00 25.00 43.00 45.00 77.94 0.3 0.00 22.1 -9.120 727.887 0.00 0.00 0.00 0.00 0.00
 Mixed / non conventional 23.00 25.00 45.00 47.00 104.54 0.2 0.00 10.1 -9.175 727.887 0.00 0.00 0.00 0.00 0.00
 Mixed / non conventional 23.00 25.00 28.00 30.00 71.09 0.0 0.00 -55.4 -628.379 728.939 0.00 0.00 0.00 0.00 0.00
 Mixed / non conventional 23.00 25.00 30.00 32.00 90.40 0.0 0.00 40.5 -266.343 728.939 0.00 0.00 0.00 0.00 0.00
 Mixed / non conventional 23.00 25.00 32.00 34.00 160.50 0.0 0.00 49.0 -214.953 728.939 0.00 0.00 0.00 0.00 0.00
 Mixed / non conventional 23.00 25.00 34.00 36.00 198.03 0.0 0.00 -5.8 -142.811 728.939 0.00 0.00 0.00 0.00 0.00
 Mixed / non conventional 23.00 25.00 36.00 38.00 166.58 0.1 0.00 -37.6 -72.079 728.939 0.00 0.00 0.00 0.00 0.00
 Mixed / non conventional 23.00 25.00 38.00 40.00 189.29 0.1 0.00 -22.4 -52.996 728.939 0.00 0.00 0.00 0.00 0.00
 Mixed / non conventional 23.00 25.00 40.00 42.00 105.33 0.2 0.00 -19.3 -20.178 728.939 0.00 0.00 0.00 0.00 0.00
 Mixed / non conventional 23.00 25.00 42.00 44.00 77.52 0.2 0.00 0.4 -10.607 728.939 0.00 0.00 0.00 0.00 0.00
 Mixed / non conventional 23.00 25.00 44.00 46.00 93.52 0.3 0.00 48.5 -9.458 728.939 0.00 0.00 0.00 0.00 0.00
 Mixed / non conventional 23.00 26.00 29.00 32.00 116.93 0.1 0.00 48.3 -1230.350 594.997 0.00 0.00 0.00 0.00 0.00
 Mixed / non conventional 23.00 26.00 32.00 35.00 245.46 0.1 0.00 36.5 -645.673 594.997 0.00 0.00 0.00 0.00 0.00
 Mixed / non conventional 23.00 26.00 35.00 38.00 277.88 0.1 0.00 -32.1 -292.377 594.997 0.00 0.00 0.00 0.00 0.00
 Mixed / non conventional 23.00 26.00 38.00 41.00 253.89 0.1 0.00 -36.8 -133.570 594.997 0.00 0.00 0.00 0.00 0.00
 Mixed / non conventional 23.00 26.00 41.00 44.00 126.72 0.2 0.00 -4.7 -38.097 594.997 0.00 0.00 0.00 0.00 0.00
 Mixed / non conventional 23.00 26.00 44.00 47.00 145.99 0.2 0.00 1.6 -27.430 594.997 0.00 0.00 0.00 0.00 0.00
 Mixed / non conventional 23.00 26.00 30.00 33.00 143.79 0.0 0.00 159.2 -879.301 597.707 0.00 0.00 0.00 0.00 0.00
 Mixed / non conventional 23.00 26.00 33.00 36.00 291.18 0.0 0.00 -76.7 -547.901 597.707 0.00 0.00 0.00 0.00 0.00
 Mixed / non conventional 23.00 26.00 36.00 39.00 260.05 0.1 0.00 -26.5 -214.083 597.707 0.00 0.00 0.00 0.00 0.00
 Mixed / non conventional 23.00 26.00 39.00 42.00 205.44 0.1 0.00 -53.5 -89.012 597.707 0.00 0.00 0.00 0.00 0.00
 Mixed / non conventional 23.00 26.00 42.00 45.00 119.59 0.2 0.00 -8.3 -30.619 597.707 0.00 0.00 0.00 0.00 0.00
 Mixed / non conventional 23.00 26.00 31.00 34.00 199.04 0.0 0.00 73.8 -776.075 598.872 0.00 0.00 0.00 0.00 0.00
 Mixed / non conventional 23.00 26.00 34.00 37.00 274.17 0.0 0.00 8.5 -381.795 598.872 0.00 0.00 0.00 0.00 0.00
 Mixed / non conventional 23.00 26.00 37.00 40.00 289.57 0.1 0.00 -75.3 -189.761 598.872 0.00 0.00 0.00 0.00 0.00
 Mixed / non conventional 23.00 26.00 40.00 43.00 148.73 0.1 0.00 -50.1 -53.607 598.872 0.00 0.00 0.00 0.00 0.00
 Mixed / non conventional 23.00 26.00 43.00 46.00 128.53 0.2 0.00 79.9 -28.199 598.872 0.00 0.00 0.00 0.00 0.00
 Mixed / non conventional 23.00 28.00 33.00 38.00 331.13 0.0 0.00 -114.4 -2053.120 584.366 0.00 0.00 0.00 0.00 0.00
 Mixed / non conventional 23.00 28.00 38.00 43.00 270.53 0.1 0.00 -73.3 -419.348 584.366 0.00 0.00 0.00 0.00 0.00
 Mixed / non conventional 23.00 28.00 34.00 39.00 333.42 0.1 0.00 -34.4 -1470.968 585.440 0.00 0.00 0.00 0.00 0.00
 Mixed / non conventional 23.00 28.00 39.00 44.00 222.27 0.0 0.00 -54.0 -280.172 585.440 0.00 0.00 0.00 0.00 0.00
 Mixed / non conventional 23.00 28.00 35.00 40.00 337.60 0.0 0.00 -56.0 -1102.960 586.263 0.00 0.00 0.00 0.00 0.00
 Mixed / non conventional 23.00 28.00 40.00 45.00 173.04 0.0 0.00 -28.5 -179.881 586.263 0.00 0.00 0.00 0.00 0.00
 Mixed / non conventional 23.00 28.00 36.00 41.00 305.66 0.1 0.00 -76.8 -762.797 587.070 0.00 0.00 0.00 0.00 0.00
 Mixed / non conventional 23.00 28.00 41.00 46.00 163.64 0.1 0.00 42.8 -142.041 587.070 0.00 0.00 0.00 0.00 0.00
 Mixed / non conventional 23.00 28.00 37.00 42.00 310.16 0.0 0.00 -95.0 -606.120 587.902 0.00 0.00 0.00 0.00 0.00
 Mixed / non conventional 23.00 28.00 42.00 47.00 164.82 0.0 0.00 0.9 -120.783 587.902 0.00 0.00 0.00 0.00 0.00
 Mixed / non conventional 23.00 29.00 35.00 41.00 319.31 0.0 0.00 -72.8 -1606.542 569.021 0.00 0.00 0.00 0.00 0.00
 Mixed / non conventional 23.00 29.00 41.00 47.00 167.62 0.0 0.00 -4.6 -210.830 569.021 0.00 0.00 0.00 0.00 0.00
 Mixed / non conventional 23.00 29.00 36.00 42.00 288.50 0.1 0.00 -82.7 -804.380 420.679 0.00 0.00 0.00 0.00 0.00
 Mixed / non conventional 23.00 29.00 37.00 43.00 292.11 0.1 0.00 -125.3 -801.301 536.231 0.00 0.00 0.00 0.00 0.00
 Mixed / non conventional 23.00 29.00 38.00 44.00 255.39 0.1 0.00 -43.5 -591.448 572.956 0.00 0.00 0.00 0.00 0.00
 Mixed / non conventional 23.00 29.00 39.00 45.00 214.94 0.0 0.00 -63.5 -401.109 573.235 0.00 0.00 0.00 0.00 0.00
 Mixed / non conventional 23.00 29.00 40.00 46.00 174.98 0.1 0.00 28.2 -267.593 573.977 0.00 0.00 0.00 0.00 0.00
 Mixed / non conventional 24.00 25.00 26.00 27.00 64.19 0.0 0.00 -61.0 -2555.943 750.617 0.00 0.00 0.00 0.00 0.00
 Mixed / non conventional 24.00 25.00 27.00 28.00 65.73 0.0 0.00 73.4 -654.352 750.617 0.00 0.00 0.00 0.00 0.00
 Mixed / non conventional 24.00 25.00 28.00 29.00 75.83 1.2 0.00 206.1 -301.960 750.617 0.00 0.00 0.00 0.00 0.00
 Mixed / non conventional 24.00 25.00 29.00 30.00 87.87 2.1 0.00 -585.4 -174.959 750.617 0.00 0.00 0.00 0.00 0.00
 Mixed / non conventional 24.00 25.00 30.00 31.00 91.65 0.1 0.00 11.1 -104.281 750.617 0.00 0.00 0.00 0.00 0.00
 Mixed / non conventional 24.00 25.00 31.00 32.00 129.46 0.1 0.00 22.4 -92.055 750.617 0.00 0.00 0.00 0.00 0.00
 Mixed / non conventional 24.00 25.00 32.00 33.00 163.64 0.1 0.00 116.6 -77.575 750.617 0.00 0.00 0.00 0.00 0.00
 Mixed / non conventional 24.00 25.00 33.00 34.00 236.57 0.1 0.00 -71.7 -78.504 750.617 0.00 0.00 0.00 0.00 0.00
 Mixed / non conventional 24.00 25.00 34.00 35.00 229.27 0.0 0.00 -13.3 -55.333 750.617 0.00 0.00 0.00 0.00 0.00
 Mixed / non conventional 24.00 25.00 35.00 36.00 261.76 0.0 0.00 4.7 -47.381 750.617 0.00 0.00 0.00 0.00 0.00
 Mixed / non conventional 24.00 26.00 28.00 30.00 102.22 0.1 0.00 -372.0 -1647.135 607.457 0.00 0.00 0.00 0.00 0.00
 Mixed / non conventional 24.00 26.00 30.00 32.00 144.98 0.0 0.00 37.9 -584.006 607.457 0.00 0.00 0.00 0.00 0.00
 Mixed / non conventional 24.00 26.00 32.00 34.00 270.94 0.1 0.00 47.4 -436.574 607.457 0.00 0.00 0.00 0.00 0.00
 Mixed / non conventional 24.00 26.00 34.00 36.00 344.71 0.0 0.00 -6.4 -277.721 607.457 0.00 0.00 0.00 0.00 0.00
 Mixed / non conventional 24.00 26.00 36.00 38.00 295.65 0.1 0.00 -37.7 -136.112 607.457 0.00 0.00 0.00 0.00 0.00
 Mixed / non conventional 24.00 26.00 38.00 40.00 340.05 0.2 0.00 -22.6 -97.845 607.457 0.00 0.00 0.00 0.00 0.00
 Mixed / non conventional 24.00 26.00 40.00 42.00 191.22 0.1 0.00 -19.4 -36.680 607.457 0.00 0.00 0.00 0.00 0.00
 Mixed / non conventional 24.00 26.00 42.00 44.00 142.14 0.2 0.00 0.5 -19.086 607.457 0.00 0.00 0.00 0.00 0.00
 Mixed / non conventional 24.00 26.00 44.00 46.00 171.86 0.2 0.00 48.4 -16.783 607.457 0.00 0.00 0.00 0.00 0.00
 Mixed / non conventional 24.00 26.00 29.00 31.00 118.49 0.0 0.00 -391.0 -876.393 609.949 0.00 0.00 0.00 0.00 0.00
 Mixed / non conventional 24.00 26.00 31.00 33.00 198.78 0.0 0.00 142.4 -490.069 609.949 0.00 0.00 0.00 0.00 0.00
 Mixed / non conventional 24.00 26.00 33.00 35.00 328.63 0.1 0.00 -81.8 -368.283 609.949 0.00 0.00 0.00 0.00 0.00
 Mixed / non conventional 24.00 26.00 35.00 37.00 319.77 0.0 0.00 17.0 -192.960 609.949 0.00 0.00 0.00 0.00 0.00
 Mixed / non conventional 24.00 26.00 37.00 39.00 350.79 0.1 0.00 -37.1 -127.006 609.949 0.00 0.00 0.00 0.00 0.00
 Mixed / non conventional 24.00 26.00 39.00 41.00 275.12 0.2 0.00 -48.0 -64.452 609.949 0.00 0.00 0.00 0.00 0.00
 Mixed / non conventional 24.00 26.00 41.00 43.00 161.38 0.2 0.00 -35.7 -25.867 609.949 0.00 0.00 0.00 0.00 0.00
 Mixed / non conventional 24.00 26.00 43.00 45.00 142.55 0.3 0.00 22.4 -16.321 609.949 0.00 0.00 0.00 0.00 0.00
 Mixed / non conventional 24.00 26.00 45.00 47.00 192.41 0.3 0.00 10.1 -16.283 609.949 0.00 0.00 0.00 0.00 0.00
 Mixed / non conventional 24.00 27.00 30.00 33.00 181.50 0.0 0.00 157.3 -1839.507 573.127 0.00 0.00 0.00 0.00 0.00
 Mixed / non conventional 24.00 27.00 33.00 36.00 393.88 0.0 0.00 -76.5 -998.007 573.127 0.00 0.00 0.00 0.00 0.00
 Mixed / non conventional 24.00 27.00 36.00 39.00 361.86 0.0 0.00 -26.4 -366.744 573.127 0.00 0.00 0.00 0.00 0.00
 Mixed / non conventional 24.00 27.00 39.00 42.00 290.68 0.1 0.00 -53.5 -147.305 573.127 0.00 0.00 0.00 0.00 0.00
 Mixed / non conventional 24.00 27.00 42.00 45.00 171.37 0.1 0.00 -8.1 -49.624 573.127 0.00 0.00 0.00 0.00 0.00
 Mixed / non conventional 24.00 27.00 31.00 34.00 258.80 0.1 0.00 72.5 -1523.111 575.217 0.00 0.00 0.00 0.00 0.00
 Mixed / non conventional 24.00 27.00 34.00 37.00 375.44 0.1 0.00 3.6 -679.858 575.217 0.00 0.00 0.00 0.00 0.00
 Mixed / non conventional 24.00 27.00 37.00 40.00 406.09 0.1 0.00 -71.5 -321.721 575.217 0.00 0.00 0.00 0.00 0.00
 Mixed / non conventional 24.00 27.00 40.00 43.00 210.87 0.1 0.00 -50.3 -87.929 575.217 0.00 0.00 0.00 0.00 0.00
 Mixed / non conventional 24.00 27.00 43.00 46.00 184.36 0.2 0.00 79.7 -45.426 575.217 0.00 0.00 0.00 0.00 0.00
 Mixed / non conventional 24.00 27.00 32.00 35.00 326.56 0.0 0.00 35.8 -1226.449 576.827 0.00 0.00 0.00 0.00 0.00
 Mixed / non conventional 24.00 27.00 35.00 38.00 384.71 0.0 0.00 -32.6 -516.019 576.827 0.00 0.00 0.00 0.00 0.00
 Mixed / non conventional 24.00 27.00 38.00 41.00 357.64 0.0 0.00 -37.4 -225.740 576.827 0.00 0.00 0.00 0.00 0.00
 Mixed / non conventional 24.00 27.00 41.00 44.00 180.63 0.0 0.00 -4.7 -62.707 576.827 0.00 0.00 0.00 0.00 0.00
 Mixed / non conventional 24.00 27.00 44.00 47.00 210.30 0.0 0.00 1.4 -44.440 576.827 0.00 0.00 0.00 0.00 0.00
 Mixed / non conventional 24.00 29.00 34.00 39.00 336.40 0.0 0.00 -32.9 -2082.188 583.364 0.00 0.00 0.00 0.00 0.00
 Mixed / non conventional 24.00 29.00 39.00 44.00 235.91 0.0 0.00 -53.6 -365.054 583.364 0.00 0.00 0.00 0.00 0.00
 Mixed / non conventional 24.00 29.00 35.00 40.00 345.03 0.1 0.00 -55.6 -1520.261 584.710 0.00 0.00 0.00 0.00 0.00
 Mixed / non conventional 24.00 29.00 40.00 45.00 184.60 0.1 0.00 -28.4 -232.391 584.710 0.00 0.00 0.00 0.00 0.00
 Mixed / non conventional 24.00 29.00 36.00 41.00 315.11 0.0 0.00 -75.6 -1028.979 585.984 0.00 0.00 0.00 0.00 0.00
 Mixed / non conventional 24.00 29.00 41.00 46.00 175.53 0.1 0.00 43.2 -182.381 585.984 0.00 0.00 0.00 0.00 0.00
 Mixed / non conventional 24.00 29.00 37.00 42.00 323.81 0.1 0.00 -90.1 -808.179 587.132 0.00 0.00 0.00 0.00 0.00
 Mixed / non conventional 24.00 29.00 42.00 47.00 177.78 0.0 0.00 1.5 -154.331 587.132 0.00 0.00 0.00 0.00 0.00
 Mixed / non conventional 24.00 29.00 38.00 43.00 284.78 0.1 0.00 -74.1 -556.942 588.343 0.00 0.00 0.00 0.00 0.00
 Mixed / non conventional 24.00 30.00 36.00 42.00 294.82 0.0 0.00 -82.5 -812.325 311.622 0.00 0.00 0.00 0.00 0.00
 Mixed / non conventional 24.00 30.00 37.00 43.00 302.43 0.1 0.00 -121.5 -811.507 404.870 0.00 0.00 0.00 0.00 0.00
 Mixed / non conventional 24.00 30.00 38.00 44.00 265.95 0.1 0.00 -43.8 -758.629 557.609 0.00 0.00 0.00 0.00 0.00
 Mixed / non conventional 24.00 30.00 39.00 45.00 224.92 0.0 0.00 -63.2 -509.560 560.485 0.00 0.00 0.00 0.00 0.00
 Mixed / non conventional 24.00 30.00 40.00 46.00 183.33 0.0 0.00 28.5 -335.276 561.766 0.00 0.00 0.00 0.00 0.00
 Mixed / non conventional 24.00 30.00 41.00 47.00 176.59 0.0 0.00 -4.0 -264.745 562.693 0.00 0.00 0.00 0.00 0.00
 Mixed / non conventional 25.00 26.00 27.00 28.00 77.95 0.0 0.00 -40.8 -2509.706 606.904 0.00 0.00 0.00 0.00 0.00
 Mixed / non conventional 25.00 26.00 28.00 29.00 104.97 0.0 0.00 89.2 -844.906 606.904 0.00 0.00 0.00 0.00 0.00
 Mixed / non conventional 25.00 26.00 29.00 30.00 129.44 1.0 0.00 -728.3 -416.765 606.904 0.00 0.00 0.00 0.00 0.00
 Mixed / non conventional 25.00 26.00 30.00 31.00 143.12 1.7 0.00 341.3 -230.401 606.904 0.00 0.00 0.00 0.00 0.00
 Mixed / non conventional 25.00 26.00 31.00 32.00 209.91 0.0 0.00 24.3 -193.101 606.904 0.00 0.00 0.00 0.00 0.00
 Mixed / non conventional 25.00 26.00 32.00 33.00 273.80 0.0 0.00 117.1 -157.423 606.904 0.00 0.00 0.00 0.00 0.00
 Mixed / non conventional 25.00 26.00 33.00 34.00 398.12 0.0 0.00 -69.8 -152.599 606.904 0.00 0.00 0.00 0.00 0.00
 Mixed / non conventional 25.00 26.00 34.00 35.00 393.69 0.0 0.00 -12.3 -105.630 606.904 0.00 0.00 0.00 0.00 0.00
 Mixed / non conventional 25.00 26.00 35.00 36.00 455.49 0.0 0.00 5.3 -88.881 606.904 0.00 0.00 0.00 0.00 0.00
 Mixed / non conventional 25.00 26.00 36.00 37.00 308.25 0.1 0.00 7.8 -45.113 606.904 0.00 0.00 0.00 0.00 0.00
 Mixed / non conventional 25.00 27.00 29.00 31.00 137.33 0.1 0.00 -380.8 -2083.305 571.883 0.00 0.00 0.00 0.00 0.00
 Mixed / non conventional 25.00 27.00 31.00 33.00 247.99 0.1 0.00 138.6 -940.480 571.883 0.00 0.00 0.00 0.00 0.00
 Mixed / non conventional 25.00 27.00 33.00 35.00 424.44 0.1 0.00 -83.3 -643.866 571.883 0.00 0.00 0.00 0.00 0.00
 Mixed / non conventional 25.00 27.00 35.00 37.00 422.92 0.0 0.00 12.8 -320.775 571.883 0.00 0.00 0.00 0.00 0.00
 Mixed / non conventional 25.00 27.00 37.00 39.00 470.08 0.0 0.00 -34.6 -203.743 571.883 0.00 0.00 0.00 0.00 0.00
 Mixed / non conventional 25.00 27.00 39.00 41.00 371.45 0.0 0.00 -48.6 -100.622 571.883 0.00 0.00 0.00 0.00 0.00
 Mixed / non conventional 25.00 27.00 41.00 43.00 219.69 0.1 0.00 -35.8 -39.674 571.883 0.00 0.00 0.00 0.00 0.00
 Mixed / non conventional 25.00 27.00 43.00 45.00 195.84 0.0 0.00 22.4 -24.757 571.883 0.00 0.00 0.00 0.00 0.00
 Mixed / non conventional 25.00 27.00 45.00 47.00 265.58 0.1 0.00 9.8 -24.416 571.883 0.00 0.00 0.00 0.00 0.00
 Mixed / non conventional 25.00 27.00 30.00 32.00 175.22 0.0 0.00 32.2 -1219.369 573.897 0.00 0.00 0.00 0.00 0.00
 Mixed / non conventional 25.00 27.00 32.00 34.00 344.65 0.1 0.00 45.9 -799.496 573.897 0.00 0.00 0.00 0.00 0.00
 Mixed / non conventional 25.00 27.00 34.00 36.00 449.61 0.0 0.00 -7.4 -474.074 573.897 0.00 0.00 0.00 0.00 0.00
 Mixed / non conventional 25.00 27.00 36.00 38.00 393.09 0.1 0.00 -37.8 -223.183 573.897 0.00 0.00 0.00 0.00 0.00
 Mixed / non conventional 25.00 27.00 38.00 40.00 456.90 0.1 0.00 -23.1 -155.648 573.897 0.00 0.00 0.00 0.00 0.00
 Mixed / non conventional 25.00 27.00 40.00 42.00 258.13 0.0 0.00 -19.5 -56.898 573.897 0.00 0.00 0.00 0.00 0.00
 Mixed / non conventional 25.00 27.00 42.00 44.00 193.37 0.1 0.00 0.7 -29.164 573.897 0.00 0.00 0.00 0.00 0.00
 Mixed / non conventional 25.00 27.00 44.00 46.00 236.02 0.1 0.00 48.2 -25.426 573.897 0.00 0.00 0.00 0.00 0.00
 Mixed / non conventional 25.00 28.00 31.00 34.00 230.93 0.0 0.00 68.9 -2411.617 590.548 0.00 0.00 0.00 0.00 0.00
 Mixed / non conventional 25.00 28.00 34.00 37.00 367.99 0.0 0.00 -0.5 -960.751 590.548 0.00 0.00 0.00 0.00 0.00
 Mixed / non conventional 25.00 28.00 37.00 40.00 412.36 0.0 0.00 -68.6 -430.636 590.548 0.00 0.00 0.00 0.00 0.00
 Mixed / non conventional 25.00 28.00 40.00 43.00 219.06 0.0 0.00 -50.5 -114.384 590.548 0.00 0.00 0.00 0.00 0.00
 Mixed / non conventional 25.00 28.00 43.00 46.00 195.07 0.1 0.00 79.6 -58.205 590.548 0.00 0.00 0.00 0.00 0.00
 Mixed / non conventional 25.00 28.00 32.00 35.00 304.72 0.1 0.00 33.2 -1844.659 591.676 0.00 0.00 0.00 0.00 0.00
 Mixed / non conventional 25.00 28.00 35.00 38.00 382.61 0.1 0.00 -33.1 -712.681 591.676 0.00 0.00 0.00 0.00 0.00
 Mixed / non conventional 25.00 28.00 38.00 41.00 366.18 0.1 0.00 -38.0 -298.403 591.676 0.00 0.00 0.00 0.00 0.00
 Mixed / non conventional 25.00 28.00 41.00 44.00 189.07 0.1 0.00 -4.7 -81.095 591.676 0.00 0.00 0.00 0.00 0.00
 Mixed / non conventional 25.00 28.00 44.00 47.00 223.43 0.1 0.00 1.2 -56.626 591.676 0.00 0.00 0.00 0.00 0.00
 Mixed / non conventional 25.00 28.00 33.00 36.00 378.17 0.0 0.00 -77.7 -1459.352 592.695 0.00 0.00 0.00 0.00 0.00
 Mixed / non conventional 25.00 28.00 36.00 39.00 363.03 0.0 0.00 -27.5 -500.330 592.695 0.00 0.00 0.00 0.00 0.00
 Mixed / non conventional 25.00 28.00 39.00 42.00 299.95 0.0 0.00 -54.1 -194.537 592.695 0.00 0.00 0.00 0.00 0.00
 Mixed / non conventional 25.00 28.00 42.00 45.00 180.26 0.0 0.00 -8.3 -64.302 592.695 0.00 0.00 0.00 0.00 0.00
 Mixed / non conventional 25.00 30.00 35.00 40.00 340.02 0.0 0.00 -58.8 -2010.679 557.324 0.00 0.00 0.00 0.00 0.00
 Mixed / non conventional 25.00 30.00 40.00 45.00 187.22 0.0 0.00 -28.9 -276.774 557.324 0.00 0.00 0.00 0.00 0.00
 Mixed / non conventional 25.00 30.00 36.00 41.00 312.08 0.1 0.00 -78.3 -1314.244 558.830 0.00 0.00 0.00 0.00 0.00
 Mixed / non conventional 25.00 30.00 41.00 46.00 178.98 0.1 0.00 42.6 -215.348 558.830 0.00 0.00 0.00 0.00 0.00
 Mixed / non conventional 25.00 30.00 37.00 42.00 324.67 0.0 0.00 -90.0 -1013.628 560.237 0.00 0.00 0.00 0.00 0.00
 Mixed / non conventional 25.00 30.00 42.00 47.00 182.25 0.1 0.00 0.7 -181.042 560.237 0.00 0.00 0.00 0.00 0.00
 Mixed / non conventional 25.00 30.00 38.00 43.00 287.11 0.0 0.00 -75.9 -685.193 561.416 0.00 0.00 0.00 0.00 0.00
 Mixed / non conventional 25.00 30.00 39.00 44.00 238.91 0.0 0.00 -54.7 -446.396 562.113 0.00 0.00 0.00 0.00 0.00
 Mixed / non conventional 25.00 31.00 37.00 43.00 311.01 0.1 0.00 -120.8 -797.705 290.085 0.00 0.00 0.00 0.00 0.00
 Mixed / non conventional 25.00 31.00 38.00 44.00 275.24 0.1 0.00 -44.5 -796.810 436.808 0.00 0.00 0.00 0.00 0.00
 Mixed / non conventional 25.00 31.00 39.00 45.00 233.94 0.0 0.00 -64.0 -607.766 507.839 0.00 0.00 0.00 0.00 0.00
 Mixed / non conventional 25.00 31.00 40.00 46.00 190.87 0.1 0.00 27.6 -392.943 509.317 0.00 0.00 0.00 0.00 0.00
 Mixed / non conventional 25.00 31.00 41.00 47.00 184.80 0.0 0.00 -4.5 -307.218 510.655 0.00 0.00 0.00 0.00 0.00
 Mixed / non conventional 26.00 27.00 28.00 29.00 112.56 0.0 0.00 -18.1 -3104.095 519.814 0.00 0.00 0.00 0.00 0.00
 Mixed / non conventional 26.00 27.00 29.00 30.00 132.63 0.0 0.00 98.1 -914.372 519.814 0.00 0.00 0.00 0.00 0.00
 Mixed / non conventional 26.00 27.00 30.00 31.00 153.88 0.9 0.00 238.5 -424.363 519.814 0.00 0.00 0.00 0.00 0.00
 Mixed / non conventional 26.00 27.00 31.00 32.00 229.55 1.3 0.00 -623.7 -316.521 519.814 0.00 0.00 0.00 0.00 0.00
 Mixed / non conventional 26.00 27.00 32.00 33.00 303.49 0.1 0.00 106.9 -239.125 519.814 0.00 0.00 0.00 0.00 0.00
 Mixed / non conventional 26.00 27.00 33.00 34.00 446.01 0.1 0.00 -75.8 -219.637 519.814 0.00 0.00 0.00 0.00 0.00
 Mixed / non conventional 26.00 27.00 34.00 35.00 440.04 0.1 0.00 -16.0 -144.465 519.814 0.00 0.00 0.00 0.00 0.00
 Mixed / non conventional 26.00 27.00 35.00 36.00 515.10 0.0 0.00 2.9 -118.375 519.814 0.00 0.00 0.00 0.00 0.00
 Mixed / non conventional 26.00 27.00 36.00 37.00 349.92 0.0 0.00 4.7 -58.483 519.814 0.00 0.00 0.00 0.00 0.00
 Mixed / non conventional 26.00 27.00 37.00 38.00 501.59 0.1 0.00 -44.9 -62.875 519.814 0.00 0.00 0.00 0.00 0.00
 Mixed / non conventional 26.00 28.00 30.00 32.00 129.76 0.0 0.00 -374.5 -1824.319 530.003 0.00 0.00 0.00 0.00 0.00
 Mixed / non conventional 26.00 28.00 32.00 34.00 282.25 0.1 0.00 39.4 -992.022 530.003 0.00 0.00 0.00 0.00 0.00
 Mixed / non conventional 26.00 28.00 34.00 36.00 381.81 0.0 0.00 -9.8 -536.783 530.003 0.00 0.00 0.00 0.00 0.00
 Mixed / non conventional 26.00 28.00 36.00 38.00 340.76 0.0 0.00 -38.5 -239.537 530.003 0.00 0.00 0.00 0.00 0.00
 Mixed / non conventional 26.00 28.00 38.00 40.00 401.55 0.0 0.00 -23.9 -161.296 530.003 0.00 0.00 0.00 0.00 0.00
 Mixed / non conventional 26.00 28.00 40.00 42.00 229.01 0.1 0.00 -19.8 -57.492 530.003 0.00 0.00 0.00 0.00 0.00
 Mixed / non conventional 26.00 28.00 42.00 44.00 174.10 0.1 0.00 0.6 -29.138 530.003 0.00 0.00 0.00 0.00 0.00
 Mixed / non conventional 26.00 28.00 44.00 46.00 214.37 0.1 0.00 47.9 -25.114 530.003 0.00 0.00 0.00 0.00 0.00
 Mixed / non conventional 26.00 28.00 31.00 33.00 195.98 0.1 0.00 -299.5 -1263.524 531.668 0.00 0.00 0.00 0.00 0.00
 Mixed / non conventional 26.00 28.00 33.00 35.00 356.34 0.1 0.00 -85.0 -765.775 531.668 0.00 0.00 0.00 0.00 0.00
 Mixed / non conventional 26.00 28.00 35.00 37.00 364.62 0.1 0.00 9.9 -356.174 531.668 0.00 0.00 0.00 0.00 0.00
 Mixed / non conventional 26.00 28.00 37.00 39.00 411.10 0.1 0.00 -33.0 -216.234 531.668 0.00 0.00 0.00 0.00 0.00
 Mixed / non conventional 26.00 28.00 39.00 41.00 328.37 0.1 0.00 -48.9 -103.630 531.668 0.00 0.00 0.00 0.00 0.00
 Mixed / non conventional 26.00 28.00 41.00 43.00 196.70 0.1 0.00 -35.9 -40.168 531.668 0.00 0.00 0.00 0.00 0.00
 Mixed / non conventional 26.00 28.00 43.00 45.00 176.45 0.2 0.00 22.6 -24.653 531.668 0.00 0.00 0.00 0.00 0.00
 Mixed / non conventional 26.00 28.00 45.00 47.00 242.33 0.2 0.00 9.8 -24.184 531.668 0.00 0.00 0.00 0.00 0.00
 Mixed / non conventional 26.00 29.00 32.00 35.00 261.79 0.0 0.00 28.2 -2414.626 521.582 0.00 0.00 0.00 0.00 0.00
 Mixed / non conventional 26.00 29.00 35.00 38.00 343.54 0.0 0.00 -34.1 -792.169 521.582 0.00 0.00 0.00 0.00 0.00
 Mixed / non conventional 26.00 29.00 38.00 41.00 333.31 0.0 0.00 -38.7 -307.434 521.582 0.00 0.00 0.00 0.00 0.00
 Mixed / non conventional 26.00 29.00 41.00 44.00 174.87 0.1 0.00 -4.6 -80.646 521.582 0.00 0.00 0.00 0.00 0.00
 Mixed / non conventional 26.00 29.00 44.00 47.00 209.09 0.1 0.00 1.1 -55.101 521.582 0.00 0.00 0.00 0.00 0.00
 Mixed / non conventional 26.00 29.00 33.00 36.00 333.25 0.0 0.00 -79.5 -1785.234 523.594 0.00 0.00 0.00 0.00 0.00
 Mixed / non conventional 26.00 29.00 36.00 39.00 325.99 0.1 0.00 -28.0 -537.337 523.594 0.00 0.00 0.00 0.00 0.00
 Mixed / non conventional 26.00 29.00 39.00 42.00 274.76 0.0 0.00 -54.2 -198.139 523.594 0.00 0.00 0.00 0.00 0.00
 Mixed / non conventional 26.00 29.00 42.00 45.00 167.57 0.0 0.00 -8.2 -63.601 523.594 0.00 0.00 0.00 0.00 0.00
 Mixed / non conventional 26.00 29.00 34.00 37.00 328.30 0.0 0.00 -3.8 -1120.958 524.421 0.00 0.00 0.00 0.00 0.00
 Mixed / non conventional 26.00 29.00 37.00 40.00 373.16 0.0 0.00 -67.2 -455.052 524.421 0.00 0.00 0.00 0.00 0.00
 Mixed / non conventional 26.00 29.00 40.00 43.00 201.52 0.0 0.00 -50.8 -115.645 524.421 0.00 0.00 0.00 0.00 0.00
 Mixed / non conventional 26.00 29.00 43.00 46.00 181.92 0.1 0.00 79.4 -57.419 524.421 0.00 0.00 0.00 0.00 0.00
 Mixed / non conventional 26.00 31.00 36.00 41.00 302.60 0.1 0.00 -77.8 -1486.744 463.066 0.00 0.00 0.00 0.00 0.00
 Mixed / non conventional 26.00 31.00 41.00 46.00 177.62 0.1 0.00 42.7 -218.169 463.066 0.00 0.00 0.00 0.00 0.00
 Mixed / non conventional 26.00 31.00 37.00 42.00 318.37 0.1 0.00 -88.0 -1114.438 464.507 0.00 0.00 0.00 0.00 0.00
 Mixed / non conventional 26.00 31.00 42.00 47.00 181.54 0.1 0.00 0.9 -181.562 464.507 0.00 0.00 0.00 0.00 0.00
 Mixed / non conventional 26.00 31.00 38.00 43.00 282.76 0.0 0.00 -75.7 -732.803 465.058 0.00 0.00 0.00 0.00 0.00
 Mixed / non conventional 26.00 31.00 39.00 44.00 236.29 0.1 0.00 -54.3 -467.834 465.762 0.00 0.00 0.00 0.00 0.00
 Mixed / non conventional 26.00 31.00 40.00 45.00 169.44 15.9 0.00 -28.7 -287.281 510.079 0.00 0.00 0.00 0.00 0.00
 Mixed / non conventional 26.00 32.00 38.00 44.00 310.53 0.0 0.00 -44.6 -804.962 293.169 0.00 0.00 0.00 0.00 0.00
 Mixed / non conventional 26.00 32.00 39.00 45.00 264.30 0.1 0.00 -63.8 -741.655 423.400 0.00 0.00 0.00 0.00 0.00
 Mixed / non conventional 26.00 32.00 40.00 46.00 215.04 0.0 0.00 27.5 -467.230 424.717 0.00 0.00 0.00 0.00 0.00
 Mixed / non conventional 26.00 32.00 41.00 47.00 208.71 0.0 0.00 -4.2 -357.711 424.025 0.00 0.00 0.00 0.00 0.00
 Mixed / non conventional 27.00 28.00 29.00 30.00 69.95 0.0 0.00 -20.5 -1919.772 517.321 0.00 0.00 0.00 0.00 0.00
 Mixed / non conventional 27.00 28.00 30.00 31.00 93.57 0.0 0.00 113.4 -642.029 517.321 0.00 0.00 0.00 0.00 0.00
 Mixed / non conventional 27.00 28.00 31.00 32.00 146.01 1.3 0.00 126.8 -400.733 517.321 0.00 0.00 0.00 0.00 0.00
 Mixed / non conventional 27.00 28.00 32.00 33.00 201.99 1.8 0.00 -420.8 -277.182 517.321 0.00 0.00 0.00 0.00 0.00
 Mixed / non conventional 27.00 28.00 33.00 34.00 300.99 0.1 0.00 -78.1 -236.013 517.321 0.00 0.00 0.00 0.00 0.00
 Mixed / non conventional 27.00 28.00 34.00 35.00 300.14 0.1 0.00 -16.7 -147.096 517.321 0.00 0.00 0.00 0.00 0.00
 Mixed / non conventional 27.00 28.00 35.00 36.00 353.26 0.1 0.00 2.9 -115.417 517.321 0.00 0.00 0.00 0.00 0.00
 Mixed / non conventional 27.00 28.00 36.00 37.00 241.82 0.1 0.00 3.3 -55.307 517.321 0.00 0.00 0.00 0.00 0.00
 Mixed / non conventional 27.00 28.00 37.00 38.00 347.91 0.1 0.00 -43.1 -57.868 517.321 0.00 0.00 0.00 0.00 0.00
 Mixed / non conventional 27.00 28.00 38.00 39.00 343.00 0.1 0.00 9.8 -42.789 517.321 0.00 0.00 0.00 0.00 0.00
 Mixed / non conventional 27.00 29.00 31.00 33.00 152.82 0.0 0.00 -283.0 -2058.778 507.879 0.00 0.00 0.00 0.00 0.00
 Mixed / non conventional 27.00 29.00 33.00 35.00 292.21 0.0 0.00 -87.5 -984.169 507.879 0.00 0.00 0.00 0.00 0.00
 Mixed / non conventional 27.00 29.00 35.00 37.00 301.16 0.0 0.00 8.0 -405.726 507.879 0.00 0.00 0.00 0.00 0.00
 Mixed / non conventional 27.00 29.00 37.00 39.00 337.81 0.0 0.00 -31.7 -227.544 507.879 0.00 0.00 0.00 0.00 0.00
 Mixed / non conventional 27.00 29.00 39.00 41.00 272.28 0.0 0.00 -48.9 -104.806 507.879 0.00 0.00 0.00 0.00 0.00
 Mixed / non conventional 27.00 29.00 41.00 43.00 164.85 0.0 0.00 -35.9 -39.659 507.879 0.00 0.00 0.00 0.00 0.00
 Mixed / non conventional 27.00 29.00 43.00 45.00 148.98 0.0 0.00 22.7 -23.893 507.879 0.00 0.00 0.00 0.00 0.00
 Mixed / non conventional 27.00 29.00 45.00 47.00 206.07 0.1 0.00 9.8 -23.135 507.879 0.00 0.00 0.00 0.00 0.00
 Mixed / non conventional 27.00 29.00 32.00 34.00 226.62 0.0 0.00 -289.4 -1398.333 508.844 0.00 0.00 0.00 0.00 0.00
 Mixed / non conventional 27.00 29.00 34.00 36.00 313.28 0.0 0.00 -10.0 -644.347 508.844 0.00 0.00 0.00 0.00 0.00
 Mixed / non conventional 27.00 29.00 36.00 38.00 279.30 0.0 0.00 -38.3 -261.115 508.844 0.00 0.00 0.00 0.00 0.00
 Mixed / non conventional 27.00 29.00 38.00 40.00 330.83 0.0 0.00 -23.8 -166.540 508.844 0.00 0.00 0.00 0.00 0.00
 Mixed / non conventional 27.00 29.00 40.00 42.00 190.72 0.0 0.00 -19.8 -57.607 508.844 0.00 0.00 0.00 0.00 0.00
 Mixed / non conventional 27.00 29.00 42.00 44.00 146.66 0.0 0.00 0.8 -28.662 508.844 0.00 0.00 0.00 0.00 0.00
 Mixed / non conventional 27.00 29.00 44.00 46.00 181.02 0.1 0.00 47.9 -24.207 508.844 0.00 0.00 0.00 0.00 0.00
 Mixed / non conventional 27.00 30.00 33.00 36.00 295.53 0.1 0.00 -81.6 -2579.648 493.602 0.00 0.00 0.00 0.00 0.00
 Mixed / non conventional 27.00 30.00 36.00 39.00 289.00 0.0 0.00 -28.2 -630.650 493.602 0.00 0.00 0.00 0.00 0.00
 Mixed / non conventional 27.00 30.00 39.00 42.00 245.01 0.0 0.00 -54.3 -213.863 493.602 0.00 0.00 0.00 0.00 0.00
 Mixed / non conventional 27.00 30.00 42.00 45.00 150.48 0.0 0.00 -8.2 -65.677 493.602 0.00 0.00 0.00 0.00 0.00
 Mixed / non conventional 27.00 30.00 34.00 37.00 293.14 0.0 0.00 -5.2 -1482.494 494.289 0.00 0.00 0.00 0.00 0.00
 Mixed / non conventional 27.00 30.00 37.00 40.00 332.16 0.0 0.00 -65.5 -516.874 494.289 0.00 0.00 0.00 0.00 0.00
 Mixed / non conventional 27.00 30.00 40.00 43.00 179.36 0.0 0.00 -50.7 -122.107 494.289 0.00 0.00 0.00 0.00 0.00
 Mixed / non conventional 27.00 30.00 43.00 46.00 163.20 0.1 0.00 79.4 -58.474 494.289 0.00 0.00 0.00 0.00 0.00
 Mixed / non conventional 27.00 30.00 35.00 38.00 307.22 0.0 0.00 -33.8 -989.507 494.692 0.00 0.00 0.00 0.00 0.00
 Mixed / non conventional 27.00 30.00 38.00 41.00 296.67 0.0 0.00 -39.0 -341.262 494.692 0.00 0.00 0.00 0.00 0.00
 Mixed / non conventional 27.00 30.00 41.00 44.00 156.55 0.0 0.00 -4.6 -84.744 494.692 0.00 0.00 0.00 0.00 0.00
 Mixed / non conventional 27.00 30.00 44.00 47.00 188.86 0.0 0.00 1.0 -56.231 494.692 0.00 0.00 0.00 0.00 0.00
 Mixed / non conventional 27.00 32.00 37.00 42.00 356.81 0.0 0.00 -87.4 -1575.482 416.145 0.00 0.00 0.00 0.00 0.00
 Mixed / non conventional 27.00 32.00 42.00 47.00 204.99 0.0 0.00 0.9 -226.281 416.145 0.00 0.00 0.00 0.00 0.00
 Mixed / non conventional 27.00 32.00 38.00 43.00 317.87 0.1 0.00 -75.2 -796.230 332.403 0.00 0.00 0.00 0.00 0.00
 Mixed / non conventional 27.00 32.00 39.00 44.00 266.21 0.1 0.00 -54.6 -623.096 420.020 0.00 0.00 0.00 0.00 0.00
 Mixed / non conventional 27.00 32.00 40.00 45.00 208.12 0.0 0.00 -29.0 -372.168 420.676 0.00 0.00 0.00 0.00 0.00
 Mixed / non conventional 27.00 32.00 41.00 46.00 199.91 0.1 0.00 42.5 -279.924 421.245 0.00 0.00 0.00 0.00 0.00
 Mixed / non conventional 27.00 33.00 39.00 45.00 307.27 0.1 0.00 -74.8 -820.261 301.917 0.00 0.00 0.00 0.00 0.00
 Mixed / non conventional 27.00 33.00 40.00 46.00 250.07 0.1 0.00 22.9 -638.469 385.223 0.00 0.00 0.00 0.00 0.00
 Mixed / non conventional 27.00 33.00 41.00 47.00 243.58 0.1 0.00 -7.2 -483.511 388.025 0.00 0.00 0.00 0.00 0.00
 Mixed / non conventional 28.00 29.00 30.00 31.00 78.57 0.0 0.00 6.5 -2198.090 527.370 0.00 0.00 0.00 0.00 0.00
 Mixed / non conventional 28.00 29.00 31.00 32.00 131.62 0.0 0.00 77.1 -920.577 527.370 0.00 0.00 0.00 0.00 0.00
 Mixed / non conventional 28.00 29.00 32.00 33.00 187.68 0.9 0.00 167.4 -525.085 527.370 0.00 0.00 0.00 0.00 0.00
 Mixed / non conventional 28.00 29.00 33.00 34.00 287.80 1.3 0.00 -520.1 -402.596 527.370 0.00 0.00 0.00 0.00 0.00
 Mixed / non conventional 28.00 29.00 34.00 35.00 288.53 0.1 0.00 -24.7 -230.640 527.370 0.00 0.00 0.00 0.00 0.00
 Mixed / non conventional 28.00 29.00 35.00 36.00 339.95 0.1 0.00 -0.2 -169.838 527.370 0.00 0.00 0.00 0.00 0.00
 Mixed / non conventional 28.00 29.00 36.00 37.00 232.77 0.1 0.00 0.8 -77.529 527.370 0.00 0.00 0.00 0.00 0.00
 Mixed / non conventional 28.00 29.00 37.00 38.00 333.93 0.1 0.00 -42.7 -77.855 527.370 0.00 0.00 0.00 0.00 0.00
 Mixed / non conventional 28.00 29.00 38.00 39.00 329.97 0.1 0.00 8.9 -55.951 527.370 0.00 0.00 0.00 0.00 0.00
 Mixed / non conventional 28.00 29.00 39.00 40.00 320.11 0.1 0.00 -35.1 -40.709 527.370 0.00 0.00 0.00 0.00 0.00
 Mixed / non conventional 28.00 30.00 32.00 34.00 211.24 0.0 0.00 -338.3 -2856.152 509.716 0.00 0.00 0.00 0.00 0.00
 Mixed / non conventional 28.00 30.00 34.00 36.00 304.56 0.0 0.00 -16.9 -1029.452 509.716 0.00 0.00 0.00 0.00 0.00
 Mixed / non conventional 28.00 30.00 36.00 38.00 273.50 0.0 0.00 -39.9 -369.788 509.716 0.00 0.00 0.00 0.00 0.00
 Mixed / non conventional 28.00 30.00 38.00 40.00 324.59 0.0 0.00 -24.7 -219.433 509.716 0.00 0.00 0.00 0.00 0.00
 Mixed / non conventional 28.00 30.00 40.00 42.00 186.59 0.0 0.00 -20.0 -72.079 509.716 0.00 0.00 0.00 0.00 0.00
 Mixed / non conventional 28.00 30.00 42.00 44.00 145.63 0.1 0.00 0.8 -35.160 509.716 0.00 0.00 0.00 0.00 0.00
 Mixed / non conventional 28.00 30.00 44.00 46.00 179.99 0.1 0.00 47.8 -28.972 509.716 0.00 0.00 0.00 0.00 0.00
 Mixed / non conventional 28.00 30.00 33.00 35.00 282.98 0.0 0.00 -312.1 -1751.259 510.362 0.00 0.00 0.00 0.00 0.00
 Mixed / non conventional 28.00 30.00 35.00 37.00 296.80 0.0 0.00 4.2 -612.278 510.362 0.00 0.00 0.00 0.00 0.00
 Mixed / non conventional 28.00 30.00 37.00 39.00 332.20 0.0 0.00 -31.1 -311.499 510.362 0.00 0.00 0.00 0.00 0.00
 Mixed / non conventional 28.00 30.00 39.00 41.00 267.63 0.0 0.00 -49.3 -135.130 510.362 0.00 0.00 0.00 0.00 0.00
 Mixed / non conventional 28.00 30.00 41.00 43.00 162.77 0.0 0.00 -35.9 -49.309 510.362 0.00 0.00 0.00 0.00 0.00
 Mixed / non conventional 28.00 30.00 43.00 45.00 147.83 0.0 0.00 22.8 -28.977 510.362 0.00 0.00 0.00 0.00 0.00
 Mixed / non conventional 28.00 30.00 45.00 47.00 206.44 0.0 0.00 9.9 -27.688 510.362 0.00 0.00 0.00 0.00 0.00
 Mixed / non conventional 28.00 31.00 34.00 37.00 295.08 0.1 0.00 -13.5 -2426.953 465.104 0.00 0.00 0.00 0.00 0.00
 Mixed / non conventional 28.00 31.00 37.00 40.00 338.97 0.1 0.00 -65.9 -697.000 465.104 0.00 0.00 0.00 0.00 0.00
 Mixed / non conventional 28.00 31.00 40.00 43.00 185.77 0.1 0.00 -51.2 -152.793 465.104 0.00 0.00 0.00 0.00 0.00
 Mixed / non conventional 28.00 31.00 43.00 46.00 171.16 0.1 0.00 79.1 -70.387 465.104 0.00 0.00 0.00 0.00 0.00
 Mixed / non conventional 28.00 31.00 35.00 38.00 312.67 0.0 0.00 -36.6 -1492.640 466.595 0.00 0.00 0.00 0.00 0.00
 Mixed / non conventional 28.00 31.00 38.00 41.00 304.43 0.0 0.00 -40.0 -447.175 466.595 0.00 0.00 0.00 0.00 0.00
 Mixed / non conventional 28.00 31.00 41.00 44.00 163.16 0.0 0.00 -4.6 -104.855 466.595 0.00 0.00 0.00 0.00 0.00
 Mixed / non conventional 28.00 31.00 44.00 47.00 199.29 0.0 0.00 0.9 -67.406 466.595 0.00 0.00 0.00 0.00 0.00
 Mixed / non conventional 28.00 31.00 36.00 39.00 292.41 0.1 0.00 -29.5 -890.698 467.844 0.00 0.00 0.00 0.00 0.00
 Mixed / non conventional 28.00 31.00 39.00 42.00 252.89 0.1 0.00 -54.9 -275.119 467.844 0.00 0.00 0.00 0.00 0.00
 Mixed / non conventional 28.00 31.00 42.00 45.00 157.49 0.1 0.00 -8.3 -80.625 467.844 0.00 0.00 0.00 0.00 0.00
 Mixed / non conventional 28.00 33.00 38.00 43.00 378.07 0.0 0.00 -81.2 -804.142 200.461 0.00 0.00 0.00 0.00 0.00
 Mixed / non conventional 28.00 33.00 39.00 44.00 320.62 0.1 0.00 -60.8 -795.912 329.417 0.00 0.00 0.00 0.00 0.00
 Mixed / non conventional 28.00 33.00 40.00 45.00 251.85 0.0 0.00 -31.6 -559.760 398.845 0.00 0.00 0.00 0.00 0.00
 Mixed / non conventional 28.00 33.00 41.00 46.00 243.42 0.1 0.00 40.6 -415.276 401.325 0.00 0.00 0.00 0.00 0.00
 Mixed / non conventional 28.00 33.00 42.00 47.00 250.95 0.1 0.00 -0.6 -336.577 403.496 0.00 0.00 0.00 0.00 0.00
 Mixed / non conventional 28.00 34.00 40.00 46.00 327.52 0.1 0.00 20.2 -817.333 282.236 0.00 0.00 0.00 0.00 0.00
 Mixed / non conventional 28.00 34.00 41.00 47.00 321.78 0.1 0.00 -12.0 -802.155 376.134 0.00 0.00 0.00 0.00 0.00
 Mixed / non conventional 29.00 30.00 31.00 32.00 110.15 0.0 0.00 -66.2 -2972.886 508.748 0.00 0.00 0.00 0.00 0.00
 Mixed / non conventional 29.00 30.00 32.00 33.00 178.03 0.0 0.00 116.9 -1201.260 508.748 0.00 0.00 0.00 0.00 0.00
 Mixed / non conventional 29.00 30.00 33.00 34.00 279.75 0.6 0.00 129.2 -755.036 508.748 0.00 0.00 0.00 0.00 0.00
 Mixed / non conventional 29.00 30.00 34.00 35.00 282.83 1.1 0.00 -504.4 -381.684 508.748 0.00 0.00 0.00 0.00 0.00
 Mixed / non conventional 29.00 30.00 35.00 36.00 337.70 0.1 0.00 -6.4 -260.412 508.748 0.00 0.00 0.00 0.00 0.00
 Mixed / non conventional 29.00 30.00 36.00 37.00 231.51 0.1 0.00 -3.0 -111.577 508.748 0.00 0.00 0.00 0.00 0.00
 Mixed / non conventional 29.00 30.00 37.00 38.00 335.38 0.1 0.00 -43.0 -107.761 508.748 0.00 0.00 0.00 0.00 0.00
 Mixed / non conventional 29.00 30.00 38.00 39.00 328.19 0.1 0.00 7.8 -73.815 508.748 0.00 0.00 0.00 0.00 0.00
 Mixed / non conventional 29.00 30.00 39.00 40.00 318.92 0.1 0.00 -35.8 -52.168 508.748 0.00 0.00 0.00 0.00 0.00
 Mixed / non conventional 29.00 30.00 40.00 41.00 197.56 0.1 0.00 -15.6 -24.237 508.748 0.00 0.00 0.00 0.00 0.00
 Mixed / non conventional 29.00 31.00 33.00 35.00 275.15 0.0 0.00 -349.6 -3384.872 463.779 0.00 0.00 0.00 0.00 0.00
 Mixed / non conventional 29.00 31.00 35.00 37.00 306.97 0.0 0.00 -1.6 -944.083 463.779 0.00 0.00 0.00 0.00 0.00
 Mixed / non conventional 29.00 31.00 37.00 39.00 344.39 0.0 0.00 -31.8 -423.679 463.779 0.00 0.00 0.00 0.00 0.00
 Mixed / non conventional 29.00 31.00 39.00 41.00 280.31 0.0 0.00 -50.0 -172.422 463.779 0.00 0.00 0.00 0.00 0.00
 Mixed / non conventional 29.00 31.00 41.00 43.00 172.50 0.0 0.00 -36.1 -60.633 463.779 0.00 0.00 0.00 0.00 0.00
 Mixed / non conventional 29.00 31.00 43.00 45.00 158.06 0.0 0.00 22.8 -34.723 463.779 0.00 0.00 0.00 0.00 0.00
 Mixed / non conventional 29.00 31.00 45.00 47.00 223.21 0.0 0.00 9.7 -32.690 463.779 0.00 0.00 0.00 0.00 0.00
 Mixed / non conventional 29.00 31.00 34.00 36.00 302.51 2.2 0.00 -284.4 -1729.754 471.547 0.00 0.00 0.00 0.00 0.00
 Mixed / non conventional 29.00 31.00 36.00 38.00 277.68 2.2 0.00 -41.0 -529.259 471.547 0.00 0.00 0.00 0.00 0.00
 Mixed / non conventional 29.00 31.00 38.00 40.00 333.00 2.2 0.00 -25.3 -288.498 471.547 0.00 0.00 0.00 0.00 0.00
 Mixed / non conventional 29.00 31.00 40.00 42.00 193.51 2.3 0.00 -20.2 -90.271 471.547 0.00 0.00 0.00 0.00 0.00
 Mixed / non conventional 29.00 31.00 42.00 44.00 153.26 2.2 0.00 0.8 -42.897 471.547 0.00 0.00 0.00 0.00 0.00
 Mixed / non conventional 29.00 31.00 44.00 46.00 191.22 2.3 0.00 47.6 -34.632 471.547 0.00 0.00 0.00 0.00 0.00
 Mixed / non conventional 29.00 32.00 35.00 38.00 372.00 0.0 0.00 -40.8 -2792.890 424.558 0.00 0.00 0.00 0.00 0.00
 Mixed / non conventional 29.00 32.00 38.00 41.00 371.41 0.0 0.00 -41.2 -697.115 424.558 0.00 0.00 0.00 0.00 0.00
 Mixed / non conventional 29.00 32.00 41.00 44.00 203.64 0.0 0.00 -4.7 -152.892 424.558 0.00 0.00 0.00 0.00 0.00
 Mixed / non conventional 29.00 32.00 44.00 47.00 252.45 0.0 0.00 0.7 -94.768 424.558 0.00 0.00 0.00 0.00 0.00
 Mixed / non conventional 29.00 32.00 36.00 39.00 348.38 0.0 0.00 -32.2 -1517.277 425.670 0.00 0.00 0.00 0.00 0.00
 Mixed / non conventional 29.00 32.00 39.00 42.00 311.59 0.0 0.00 -55.7 -417.555 425.670 0.00 0.00 0.00 0.00 0.00
 Mixed / non conventional 29.00 32.00 42.00 45.00 197.65 0.0 0.00 -8.4 -115.880 425.670 0.00 0.00 0.00 0.00 0.00
 Mixed / non conventional 29.00 32.00 37.00 40.00 409.46 0.1 0.00 -65.6 -1136.926 426.464 0.00 0.00 0.00 0.00 0.00
 Mixed / non conventional 29.00 32.00 40.00 43.00 230.17 0.1 0.00 -51.7 -228.255 426.464 0.00 0.00 0.00 0.00 0.00
 Mixed / non conventional 29.00 32.00 43.00 46.00 215.53 0.0 0.00 78.9 -100.582 426.464 0.00 0.00 0.00 0.00 0.00
 Mixed / non conventional 29.00 34.00 39.00 44.00 420.56 0.0 0.00 -60.5 -809.054 181.310 0.00 0.00 0.00 0.00 0.00
 Mixed / non conventional 29.00 34.00 40.00 45.00 333.51 0.1 0.00 -36.5 -803.577 319.734 0.00 0.00 0.00 0.00 0.00
 Mixed / non conventional 29.00 34.00 41.00 46.00 325.57 0.0 0.00 37.4 -764.907 421.599 0.00 0.00 0.00 0.00 0.00
 Mixed / non conventional 29.00 34.00 42.00 47.00 338.45 0.0 0.00 -2.6 -607.931 422.546 0.00 0.00 0.00 0.00 0.00
 Mixed / non conventional 29.00 35.00 41.00 47.00 394.77 0.0 0.00 -7.2 -813.484 233.056 0.00 0.00 0.00 0.00 0.00
 Mixed / non conventional 30.00 31.00 32.00 33.00 147.36 0.0 0.00 -84.4 -1807.503 231.215 0.00 0.00 0.00 0.00 0.00
 Mixed / non conventional 30.00 31.00 33.00 34.00 266.96 0.0 0.00 -609.4 -818.649 231.215 0.00 0.00 0.00 0.00 0.00
 Mixed / non conventional 30.00 31.00 34.00 35.00 283.14 3.7 0.00 1058.5 -347.305 231.215 0.00 0.00 0.00 0.00 0.00
 Mixed / non conventional 30.00 31.00 35.00 36.00 361.67 5.7 0.00 -698.8 -221.818 231.215 0.00 0.00 0.00 0.00 0.00
 Mixed / non conventional 30.00 31.00 36.00 37.00 244.92 0.0 0.00 -2.9 -170.887 460.312 0.00 0.00 0.00 0.00 0.00
 Mixed / non conventional 30.00 31.00 37.00 38.00 354.52 0.0 0.00 -40.3 -154.598 460.312 0.00 0.00 0.00 0.00 0.00
 Mixed / non conventional 30.00 31.00 38.00 39.00 350.08 0.1 0.00 9.1 -101.775 460.312 0.00 0.00 0.00 0.00 0.00
 Mixed / non conventional 30.00 31.00 39.00 40.00 343.59 0.0 0.00 -34.6 -69.921 460.312 0.00 0.00 0.00 0.00 0.00
 Mixed / non conventional 30.00 31.00 40.00 41.00 217.31 0.1 0.00 -15.0 -32.162 460.312 0.00 0.00 0.00 0.00 0.00
 Mixed / non conventional 30.00 31.00 41.00 42.00 187.93 0.1 0.00 -5.0 -20.861 460.312 0.00 0.00 0.00 0.00 0.00
 Mixed / non conventional 30.00 32.00 34.00 36.00 354.03 0.1 0.00 204.1 -3949.325 420.546 0.00 0.00 0.00 0.00 0.00
 Mixed / non conventional 30.00 32.00 36.00 38.00 348.10 0.1 0.00 -41.6 -970.786 420.546 0.00 0.00 0.00 0.00 0.00
 Mixed / non conventional 30.00 32.00 38.00 40.00 429.45 0.1 0.00 -25.4 -479.070 420.546 0.00 0.00 0.00 0.00 0.00
 Mixed / non conventional 30.00 32.00 40.00 42.00 257.34 0.1 0.00 -20.2 -143.535 420.546 0.00 0.00 0.00 0.00 0.00
 Mixed / non conventional 30.00 32.00 42.00 44.00 207.49 0.1 0.00 0.8 -66.132 420.546 0.00 0.00 0.00 0.00 0.00
 Mixed / non conventional 30.00 32.00 44.00 46.00 262.47 0.1 0.00 47.5 -52.285 420.546 0.00 0.00 0.00 0.00 0.00
 Mixed / non conventional 30.00 32.00 35.00 37.00 376.95 0.1 0.00 -252.5 -1925.792 421.311 0.00 0.00 0.00 0.00 0.00
 Mixed / non conventional 30.00 32.00 37.00 39.00 432.79 0.1 0.00 -30.4 -737.017 421.311 0.00 0.00 0.00 0.00 0.00
 Mixed / non conventional 30.00 32.00 39.00 41.00 362.52 0.1 0.00 -49.8 -280.615 421.311 0.00 0.00 0.00 0.00 0.00
 Mixed / non conventional 30.00 32.00 41.00 43.00 228.42 0.1 0.00 -36.0 -95.209 421.311 0.00 0.00 0.00 0.00 0.00
 Mixed / non conventional 30.00 32.00 43.00 45.00 212.57 0.1 0.00 22.9 -53.161 421.311 0.00 0.00 0.00 0.00 0.00
 Mixed / non conventional 30.00 32.00 45.00 47.00 304.15 0.1 0.00 9.7 -49.218 421.311 0.00 0.00 0.00 0.00 0.00
 Mixed / non conventional 30.00 33.00 36.00 39.00 398.40 0.1 0.00 -45.5 -2754.847 391.017 0.00 0.00 0.00 0.00 0.00
 Mixed / non conventional 30.00 33.00 39.00 42.00 385.12 0.0 0.00 -58.7 -665.748 391.017 0.00 0.00 0.00 0.00 0.00
 Mixed / non conventional 30.00 33.00 42.00 45.00 253.44 0.0 0.00 -9.1 -175.247 391.017 0.00 0.00 0.00 0.00 0.00
 Mixed / non conventional 30.00 33.00 37.00 40.00 484.60 0.1 0.00 -73.7 -1950.386 393.375 0.00 0.00 0.00 0.00 0.00
 Mixed / non conventional 30.00 33.00 40.00 43.00 288.55 0.0 0.00 -53.2 -357.343 393.375 0.00 0.00 0.00 0.00 0.00
 Mixed / non conventional 30.00 33.00 43.00 46.00 278.61 0.1 0.00 78.3 -150.951 393.375 0.00 0.00 0.00 0.00 0.00
 Mixed / non conventional 30.00 33.00 38.00 41.00 449.81 0.0 0.00 -45.3 -1156.703 394.962 0.00 0.00 0.00 0.00 0.00
 Mixed / non conventional 30.00 33.00 41.00 44.00 258.65 0.0 0.00 -5.6 -237.546 394.962 0.00 0.00 0.00 0.00 0.00
 Mixed / non conventional 30.00 33.00 44.00 47.00 329.15 0.1 0.00 0.0 -142.257 394.962 0.00 0.00 0.00 0.00 0.00
 Mixed / non conventional 30.00 35.00 40.00 45.00 405.30 0.0 0.00 -31.3 -796.488 185.215 0.00 0.00 0.00 0.00 0.00
 Mixed / non conventional 30.00 35.00 41.00 46.00 400.51 0.1 0.00 39.7 -802.202 265.796 0.00 0.00 0.00 0.00 0.00
 Mixed / non conventional 30.00 35.00 42.00 47.00 420.98 0.1 0.00 -0.5 -666.100 283.935 0.00 0.00 0.00 0.00 0.00
 Mixed / non conventional 31.00 32.00 33.00 34.00 265.05 0.0 0.00 -389.9 -1830.354 130.168 0.00 0.00 0.00 0.00 0.00
 Mixed / non conventional 31.00 32.00 34.00 35.00 340.42 1.8 0.00 780.1 -587.698 130.168 0.00 0.00 0.00 0.00 0.00
 Mixed / non conventional 31.00 32.00 35.00 36.00 456.11 3.5 0.00 -738.9 -314.974 130.168 0.00 0.00 0.00 0.00 0.00
 Mixed / non conventional 31.00 32.00 36.00 37.00 327.42 0.0 0.00 -3.5 -348.914 401.743 0.00 0.00 0.00 0.00 0.00
 Mixed / non conventional 31.00 32.00 37.00 38.00 483.24 0.1 0.00 -41.5 -294.268 401.743 0.00 0.00 0.00 0.00 0.00
 Mixed / non conventional 31.00 32.00 38.00 39.00 485.52 0.0 0.00 8.7 -184.784 401.743 0.00 0.00 0.00 0.00 0.00
 Mixed / non conventional 31.00 32.00 39.00 40.00 484.91 0.1 0.00 -34.8 -123.035 401.743 0.00 0.00 0.00 0.00 0.00
 Mixed / non conventional 31.00 32.00 40.00 41.00 312.28 0.1 0.00 -15.1 -55.465 401.743 0.00 0.00 0.00 0.00 0.00
 Mixed / non conventional 31.00 32.00 41.00 42.00 273.98 0.0 0.00 -5.0 -35.391 401.743 0.00 0.00 0.00 0.00 0.00
 Mixed / non conventional 31.00 32.00 42.00 43.00 252.26 0.1 0.00 -30.8 -24.439 401.743 0.00 0.00 0.00 0.00 0.00
 Mixed / non conventional 31.00 33.00 35.00 37.00 414.35 0.0 0.00 -360.8 -4129.464 375.711 0.00 0.00 0.00 0.00 0.00
 Mixed / non conventional 31.00 33.00 37.00 39.00 515.38 0.0 0.00 -36.7 -1284.087 375.711 0.00 0.00 0.00 0.00 0.00
 Mixed / non conventional 31.00 33.00 39.00 41.00 453.54 0.1 0.00 -51.8 -452.004 375.711 0.00 0.00 0.00 0.00 0.00
 Mixed / non conventional 31.00 33.00 41.00 43.00 295.72 0.0 0.00 -36.6 -147.356 375.711 0.00 0.00 0.00 0.00 0.00
 Mixed / non conventional 31.00 33.00 43.00 45.00 281.64 0.0 0.00 22.6 -80.194 375.711 0.00 0.00 0.00 0.00 0.00
 Mixed / non conventional 31.00 33.00 45.00 47.00 410.48 0.0 0.00 9.4 -73.052 375.711 0.00 0.00 0.00 0.00 0.00
 Mixed / non conventional 31.00 33.00 36.00 38.00 398.73 0.0 0.00 -47.3 -1827.952 378.064 0.00 0.00 0.00 0.00 0.00
 Mixed / non conventional 31.00 33.00 38.00 40.00 523.92 0.1 0.00 -28.3 -800.622 378.064 0.00 0.00 0.00 0.00 0.00
 Mixed / non conventional 31.00 33.00 40.00 42.00 327.83 0.1 0.00 -21.0 -227.715 378.064 0.00 0.00 0.00 0.00 0.00
 Mixed / non conventional 31.00 33.00 42.00 44.00 272.18 0.0 0.00 0.6 -101.803 378.064 0.00 0.00 0.00 0.00 0.00
 Mixed / non conventional 31.00 33.00 44.00 46.00 350.94 0.1 0.00 47.1 -78.756 378.064 0.00 0.00 0.00 0.00 0.00
 Mixed / non conventional 31.00 34.00 37.00 40.00 603.21 0.1 0.00 -88.5 -4184.185 392.251 0.00 0.00 0.00 0.00 0.00
 Mixed / non conventional 31.00 34.00 40.00 43.00 389.80 0.1 0.00 -55.3 -675.956 392.251 0.00 0.00 0.00 0.00 0.00
 Mixed / non conventional 31.00 34.00 43.00 46.00 391.84 0.1 0.00 77.4 -271.800 392.251 0.00 0.00 0.00 0.00 0.00
 Mixed / non conventional 31.00 34.00 38.00 41.00 580.33 0.1 0.00 -53.4 -2339.331 393.985 0.00 0.00 0.00 0.00 0.00
 Mixed / non conventional 31.00 34.00 41.00 44.00 355.54 0.1 0.00 -7.0 -440.982 393.985 0.00 0.00 0.00 0.00 0.00
 Mixed / non conventional 31.00 34.00 44.00 47.00 467.84 0.1 0.00 -0.9 -253.868 393.985 0.00 0.00 0.00 0.00 0.00
 Mixed / non conventional 31.00 34.00 39.00 42.00 510.72 0.1 0.00 -62.4 -1314.225 395.225 0.00 0.00 0.00 0.00 0.00
 Mixed / non conventional 31.00 34.00 42.00 45.00 352.92 0.1 0.00 -10.2 -324.339 395.225 0.00 0.00 0.00 0.00 0.00
 Mixed / non conventional 31.00 36.00 41.00 46.00 480.79 0.0 0.00 37.5 -819.348 160.615 0.00 0.00 0.00 0.00 0.00
 Mixed / non conventional 31.00 36.00 42.00 47.00 514.54 0.0 0.00 -3.6 -805.995 207.869 0.00 0.00 0.00 0.00 0.00
 Mixed / non conventional 32.00 33.00 34.00 35.00 284.94 0.0 0.00 -117.9 -5478.433 362.411 0.00 0.00 0.00 0.00 0.00
 Mixed / non conventional 32.00 33.00 35.00 36.00 444.00 0.2 0.00 271.2 -2134.122 362.411 0.00 0.00 0.00 0.00 0.00
 Mixed / non conventional 32.00 33.00 36.00 37.00 346.32 0.7 0.00 -487.3 -665.848 362.411 0.00 0.00 0.00 0.00 0.00
 Mixed / non conventional 32.00 33.00 37.00 38.00 528.14 0.1 0.00 -53.6 -507.714 362.411 0.00 0.00 0.00 0.00 0.00
 Mixed / non conventional 32.00 33.00 38.00 39.00 543.85 0.0 0.00 3.8 -298.753 362.411 0.00 0.00 0.00 0.00 0.00
 Mixed / non conventional 32.00 33.00 39.00 40.00 556.73 0.0 0.00 -37.3 -191.142 362.411 0.00 0.00 0.00 0.00 0.00
 Mixed / non conventional 32.00 33.00 40.00 41.00 366.27 0.0 0.00 -16.2 -83.834 362.411 0.00 0.00 0.00 0.00 0.00
 Mixed / non conventional 32.00 33.00 41.00 42.00 328.10 0.1 0.00 -5.8 -52.569 362.411 0.00 0.00 0.00 0.00 0.00
 Mixed / non conventional 32.00 33.00 42.00 43.00 306.87 0.0 0.00 -31.5 -35.758 362.411 0.00 0.00 0.00 0.00 0.00
 Mixed / non conventional 32.00 33.00 43.00 44.00 280.73 0.1 0.00 31.4 -24.534 362.411 0.00 0.00 0.00 0.00 0.00
 Mixed / non conventional 32.00 34.00 36.00 38.00 448.09 0.0 0.00 -398.5 -4429.197 372.639 0.00 0.00 0.00 0.00 0.00
 Mixed / non conventional 32.00 34.00 38.00 40.00 652.68 0.0 0.00 -35.9 -1612.853 372.639 0.00 0.00 0.00 0.00 0.00
 Mixed / non conventional 32.00 34.00 40.00 42.00 431.21 0.0 0.00 -22.9 -426.233 372.639 0.00 0.00 0.00 0.00 0.00
 Mixed / non conventional 32.00 34.00 42.00 44.00 371.28 0.0 0.00 0.0 -183.496 372.639 0.00 0.00 0.00 0.00 0.00
 Mixed / non conventional 32.00 34.00 44.00 46.00 489.39 0.0 0.00 46.5 -138.212 372.639 0.00 0.00 0.00 0.00 0.00
 Mixed / non conventional 32.00 34.00 37.00 39.00 620.38 0.0 0.00 -49.7 -2804.712 372.829 0.00 0.00 0.00 0.00 0.00
 Mixed / non conventional 32.00 34.00 39.00 41.00 583.53 0.1 0.00 -55.3 -879.376 372.829 0.00 0.00 0.00 0.00 0.00
 Mixed / non conventional 32.00 34.00 41.00 43.00 396.94 0.0 0.00 -37.6 -271.902 372.829 0.00 0.00 0.00 0.00 0.00
 Mixed / non conventional 32.00 34.00 43.00 45.00 388.47 0.0 0.00 22.2 -143.284 372.829 0.00 0.00 0.00 0.00 0.00
 Mixed / non conventional 32.00 34.00 45.00 47.00 578.14 0.0 0.00 8.9 -127.946 372.829 0.00 0.00 0.00 0.00 0.00
 Mixed / non conventional 32.00 35.00 38.00 41.00 648.01 0.1 0.00 -49.5 -3056.469 266.724 0.00 0.00 0.00 0.00 0.00
 Mixed / non conventional 32.00 35.00 41.00 44.00 425.52 0.1 0.00 -5.9 -501.764 266.724 0.00 0.00 0.00 0.00 0.00
 Mixed / non conventional 32.00 35.00 44.00 47.00 579.95 0.1 0.00 -0.2 -273.548 266.724 0.00 0.00 0.00 0.00 0.00
 Mixed / non conventional 32.00 35.00 39.00 42.00 588.62 0.1 0.00 -58.7 -1605.826 266.641 0.00 0.00 0.00 0.00 0.00
 Mixed / non conventional 32.00 35.00 42.00 45.00 428.20 0.1 0.00 -9.1 -359.442 266.641 0.00 0.00 0.00 0.00 0.00
 Mixed / non conventional 32.00 35.00 40.00 43.00 458.09 0.0 0.00 -53.2 -797.925 267.528 0.00 0.00 0.00 0.00 0.00
 Mixed / non conventional 32.00 35.00 43.00 46.00 480.16 0.1 0.00 78.0 -298.703 267.528 0.00 0.00 0.00 0.00 0.00
 Mixed / non conventional 32.00 37.00 42.00 47.00 503.05 0.1 0.00 0.7 -799.379 149.766 0.00 0.00 0.00 0.00 0.00
 Mixed / non conventional 33.00 34.00 35.00 36.00 423.74 0.0 0.00 -296.1 -8118.838 361.154 0.00 0.00 0.00 0.00 0.00
 Mixed / non conventional 33.00 34.00 36.00 37.00 392.00 0.4 0.00 320.6 -1877.674 361.154 0.00 0.00 0.00 0.00 0.00
 Mixed / non conventional 33.00 34.00 37.00 38.00 650.48 0.7 0.00 -579.9 -1246.305 361.154 0.00 0.00 0.00 0.00 0.00
 Mixed / non conventional 33.00 34.00 38.00 39.00 698.39 0.1 0.00 0.7 -669.053 361.154 0.00 0.00 0.00 0.00 0.00
 Mixed / non conventional 33.00 34.00 39.00 40.00 741.22 0.0 0.00 -37.9 -405.761 361.154 0.00 0.00 0.00 0.00 0.00
 Mixed / non conventional 33.00 34.00 40.00 41.00 502.93 0.0 0.00 -16.4 -172.072 361.154 0.00 0.00 0.00 0.00 0.00
 Mixed / non conventional 33.00 34.00 41.00 42.00 460.65 0.0 0.00 -5.6 -105.071 361.154 0.00 0.00 0.00 0.00 0.00
 Mixed / non conventional 33.00 34.00 42.00 43.00 441.26 0.1 0.00 -31.4 -70.454 361.154 0.00 0.00 0.00 0.00 0.00
 Mixed / non conventional 33.00 34.00 43.00 44.00 409.20 0.0 0.00 31.4 -47.517 361.154 0.00 0.00 0.00 0.00 0.00
 Mixed / non conventional 33.00 34.00 44.00 45.00 505.50 0.1 0.00 -9.3 -44.024 361.154 0.00 0.00 0.00 0.00 0.00
 Mixed / non conventional 33.00 35.00 37.00 39.00 656.73 0.1 0.00 -349.4 -4530.627 260.076 0.00 0.00 0.00 0.00 0.00
 Mixed / non conventional 33.00 35.00 39.00 41.00 659.02 0.1 0.00 -50.5 -1136.602 260.076 0.00 0.00 0.00 0.00 0.00
 Mixed / non conventional 33.00 35.00 41.00 43.00 469.10 0.1 0.00 -36.1 -323.618 260.076 0.00 0.00 0.00 0.00 0.00
 Mixed / non conventional 33.00 35.00 43.00 45.00 471.99 0.1 0.00 23.0 -162.805 260.076 0.00 0.00 0.00 0.00 0.00
 Mixed / non conventional 33.00 35.00 45.00 47.00 719.09 0.1 0.00 9.6 -141.737 260.076 0.00 0.00 0.00 0.00 0.00
 Mixed / non conventional 33.00 35.00 38.00 40.00 710.49 0.1 0.00 -25.5 -2247.862 260.910 0.00 0.00 0.00 0.00 0.00
 Mixed / non conventional 33.00 35.00 40.00 42.00 499.04 0.0 0.00 -20.4 -526.286 260.910 0.00 0.00 0.00 0.00 0.00
 Mixed / non conventional 33.00 35.00 42.00 44.00 445.93 0.0 0.00 1.1 -213.765 260.910 0.00 0.00 0.00 0.00 0.00
 Mixed / non conventional 33.00 35.00 44.00 46.00 601.35 0.0 0.00 47.3 -155.220 260.910 0.00 0.00 0.00 0.00 0.00
 Mixed / non conventional 33.00 36.00 39.00 42.00 641.14 0.0 0.00 -58.6 -3672.401 323.907 0.00 0.00 0.00 0.00 0.00
 Mixed / non conventional 33.00 36.00 42.00 45.00 508.56 0.0 0.00 -9.0 -728.253 323.907 0.00 0.00 0.00 0.00 0.00
 Mixed / non conventional 33.00 36.00 40.00 43.00 517.36 0.1 0.00 -51.8 -1723.877 325.672 0.00 0.00 0.00 0.00 0.00
 Mixed / non conventional 33.00 36.00 43.00 46.00 578.88 0.1 0.00 78.7 -593.501 325.672 0.00 0.00 0.00 0.00 0.00
 Mixed / non conventional 33.00 36.00 41.00 44.00 495.19 0.1 0.00 -3.9 -1053.769 326.836 0.00 0.00 0.00 0.00 0.00
 Mixed / non conventional 33.00 36.00 44.00 47.00 710.78 0.0 0.00 0.3 -540.191 326.836 0.00 0.00 0.00 0.00 0.00
 Mixed / non conventional 34.00 35.00 36.00 37.00 364.03 0.2 0.00 -386.6 -5265.951 272.671 0.00 0.00 0.00 0.00 0.00
 Mixed / non conventional 34.00 35.00 37.00 38.00 638.05 0.1 0.00 -249.0 -2307.437 272.671 0.00 0.00 0.00 0.00 0.00
 Mixed / non conventional 34.00 35.00 38.00 39.00 690.04 0.1 0.00 2.2 -998.190 272.671 0.00 0.00 0.00 0.00 0.00
 Mixed / non conventional 34.00 35.00 39.00 40.00 746.52 0.1 0.00 -37.7 -539.946 272.671 0.00 0.00 0.00 0.00 0.00
 Mixed / non conventional 34.00 35.00 40.00 41.00 520.55 0.1 0.00 -16.4 -215.145 272.671 0.00 0.00 0.00 0.00 0.00
 Mixed / non conventional 34.00 35.00 41.00 42.00 486.16 0.1 0.00 -5.6 -125.582 272.671 0.00 0.00 0.00 0.00 0.00
 Mixed / non conventional 34.00 35.00 42.00 43.00 471.14 0.1 0.00 -31.2 -81.135 272.671 0.00 0.00 0.00 0.00 0.00
 Mixed / non conventional 34.00 35.00 43.00 44.00 442.57 0.1 0.00 31.6 -53.351 272.671 0.00 0.00 0.00 0.00 0.00
 Mixed / non conventional 34.00 35.00 44.00 45.00 551.58 0.1 0.00 -9.3 -48.358 272.671 0.00 0.00 0.00 0.00 0.00
 Mixed / non conventional 34.00 35.00 45.00 46.00 722.79 0.1 0.00 55.5 -47.526 272.671 0.00 0.00 0.00 0.00 0.00
 Mixed / non conventional 34.00 36.00 38.00 40.00 684.50 0.1 0.00 -19.5 -6172.233 339.937 0.00 0.00 0.00 0.00 0.00
 Mixed / non conventional 34.00 36.00 40.00 42.00 531.39 0.0 0.00 -19.6 -1197.895 339.937 0.00 0.00 0.00 0.00 0.00
 Mixed / non conventional 34.00 36.00 42.00 44.00 502.21 0.0 0.00 1.5 -452.848 339.937 0.00 0.00 0.00 0.00 0.00
 Mixed / non conventional 34.00 36.00 44.00 46.00 697.76 0.0 0.00 47.5 -314.591 339.937 0.00 0.00 0.00 0.00 0.00
 Mixed / non conventional 34.00 36.00 39.00 41.00 674.20 0.1 0.00 -47.0 -2792.598 341.587 0.00 0.00 0.00 0.00 0.00
 Mixed / non conventional 34.00 36.00 41.00 43.00 515.76 0.0 0.00 -35.4 -712.113 341.587 0.00 0.00 0.00 0.00 0.00
 Mixed / non conventional 34.00 36.00 43.00 45.00 539.57 0.0 0.00 23.4 -338.634 341.587 0.00 0.00 0.00 0.00 0.00
 Mixed / non conventional 34.00 36.00 45.00 47.00 846.52 0.0 0.00 9.8 -286.069 341.587 0.00 0.00 0.00 0.00 0.00
 Mixed / non conventional 34.00 37.00 40.00 43.00 439.69 0.0 0.00 -48.5 -2191.344 281.831 0.00 0.00 0.00 0.00 0.00
 Mixed / non conventional 34.00 37.00 43.00 46.00 528.96 0.1 0.00 79.6 -659.071 281.831 0.00 0.00 0.00 0.00 0.00
 Mixed / non conventional 34.00 37.00 41.00 44.00 435.99 0.1 0.00 -1.7 -1267.180 284.074 0.00 0.00 0.00 0.00 0.00
 Mixed / non conventional 34.00 37.00 44.00 47.00 661.98 0.1 0.00 1.2 -592.006 284.074 0.00 0.00 0.00 0.00 0.00
 Mixed / non conventional 34.00 37.00 42.00 45.00 458.94 0.1 0.00 -3.6 -794.173 265.778 0.00 0.00 0.00 0.00 0.00
 Mixed / non conventional 35.00 36.00 37.00 38.00 554.87 0.3 0.00 -844.2 -5653.201 192.045 0.00 0.00 0.00 0.00 0.00
 Mixed / non conventional 35.00 36.00 38.00 39.00 646.59 0.1 0.00 -6.9 -1646.914 192.045 0.00 0.00 0.00 0.00 0.00
 Mixed / non conventional 35.00 36.00 39.00 40.00 744.57 0.1 0.00 -39.8 -758.591 192.045 0.00 0.00 0.00 0.00 0.00
 Mixed / non conventional 35.00 36.00 40.00 41.00 550.62 0.0 0.00 -16.2 -377.959 258.775 0.00 0.00 0.00 0.00 0.00
 Mixed / non conventional 35.00 36.00 41.00 42.00 537.51 0.0 0.00 -5.6 -210.833 258.775 0.00 0.00 0.00 0.00 0.00
 Mixed / non conventional 35.00 36.00 42.00 43.00 540.70 0.0 0.00 -31.0 -132.552 258.775 0.00 0.00 0.00 0.00 0.00
 Mixed / non conventional 35.00 36.00 43.00 44.00 518.34 0.0 0.00 32.0 -84.714 258.775 0.00 0.00 0.00 0.00 0.00
 Mixed / non conventional 35.00 36.00 44.00 45.00 659.86 0.0 0.00 -8.8 -75.490 258.775 0.00 0.00 0.00 0.00 0.00
 Mixed / non conventional 35.00 36.00 45.00 46.00 879.34 0.0 0.00 56.0 -73.163 258.775 0.00 0.00 0.00 0.00 0.00
 Mixed / non conventional 35.00 36.00 46.00 47.00 973.73 0.0 0.00 -46.4 -60.763 258.775 0.00 0.00 0.00 0.00 0.00
 Mixed / non conventional 35.00 37.00 39.00 41.00 521.41 0.0 0.00 -44.0 -3030.238 219.093 0.00 0.00 0.00 0.00 0.00
 Mixed / non conventional 35.00 37.00 41.00 43.00 429.25 0.0 0.00 -35.1 -623.659 219.093 0.00 0.00 0.00 0.00 0.00
 Mixed / non conventional 35.00 37.00 43.00 45.00 467.76 0.0 0.00 23.5 -271.845 219.093 0.00 0.00 0.00 0.00 0.00
 Mixed / non conventional 35.00 37.00 45.00 47.00 760.57 0.1 0.00 9.9 -221.007 219.093 0.00 0.00 0.00 0.00 0.00
 Mixed / non conventional 35.00 37.00 40.00 42.00 425.13 0.0 0.00 -17.7 -1132.624 219.708 0.00 0.00 0.00 0.00 0.00
 Mixed / non conventional 35.00 37.00 42.00 44.00 430.33 0.0 0.00 1.8 -382.165 219.708 0.00 0.00 0.00 0.00 0.00
 Mixed / non conventional 35.00 37.00 44.00 46.00 614.94 0.0 0.00 47.6 -248.230 219.708 0.00 0.00 0.00 0.00 0.00
 Mixed / non conventional 35.00 38.00 41.00 44.00 543.03 0.0 0.00 -2.6 -1616.545 168.341 0.00 0.00 0.00 0.00 0.00
 Mixed / non conventional 35.00 38.00 44.00 47.00 812.36 0.0 0.00 0.6 -604.581 168.341 0.00 0.00 0.00 0.00 0.00
 Mixed / non conventional 35.00 38.00 42.00 45.00 565.57 0.1 0.00 -7.1 -797.720 137.856 0.00 0.00 0.00 0.00 0.00
 Mixed / non conventional 35.00 38.00 43.00 46.00 645.72 0.1 0.00 80.0 -716.708 170.473 0.00 0.00 0.00 0.00 0.00
 Mixed / non conventional 36.00 37.00 38.00 39.00 453.37 0.6 0.00 -830.8 -2720.202 113.098 0.00 0.00 0.00 0.00 0.00
 Mixed / non conventional 36.00 37.00 39.00 40.00 489.91 0.1 0.00 -49.5 -734.869 113.098 0.00 0.00 0.00 0.00 0.00
 Mixed / non conventional 36.00 37.00 40.00 41.00 362.86 0.0 0.00 -16.5 -535.728 278.294 0.00 0.00 0.00 0.00 0.00
 Mixed / non conventional 36.00 37.00 41.00 42.00 359.77 0.1 0.00 -5.5 -265.584 278.294 0.00 0.00 0.00 0.00 0.00
 Mixed / non conventional 36.00 37.00 42.00 43.00 372.57 0.0 0.00 -31.0 -157.160 278.294 0.00 0.00 0.00 0.00 0.00
 Mixed / non conventional 36.00 37.00 43.00 44.00 353.99 0.1 0.00 32.2 -93.327 278.294 0.00 0.00 0.00 0.00 0.00
 Mixed / non conventional 36.00 37.00 44.00 45.00 453.15 0.1 0.00 -8.8 -79.647 278.294 0.00 0.00 0.00 0.00 0.00
 Mixed / non conventional 36.00 37.00 45.00 46.00 608.86 0.0 0.00 56.0 -74.909 278.294 0.00 0.00 0.00 0.00 0.00
 Mixed / non conventional 36.00 37.00 46.00 47.00 690.11 0.1 0.00 -46.3 -61.750 278.294 0.00 0.00 0.00 0.00 0.00
 Mixed / non conventional 36.00 38.00 40.00 42.00 553.71 0.0 0.00 -15.8 -3165.295 215.507 0.00 0.00 0.00 0.00 0.00
 Mixed / non conventional 36.00 38.00 42.00 44.00 543.27 0.0 0.00 2.0 -776.401 215.507 0.00 0.00 0.00 0.00 0.00
 Mixed / non conventional 36.00 38.00 44.00 46.00 758.52 0.1 0.00 47.5 -433.610 215.507 0.00 0.00 0.00 0.00 0.00
 Mixed / non conventional 36.00 38.00 41.00 43.00 549.16 0.1 0.00 -35.0 -1450.309 217.793 0.00 0.00 0.00 0.00 0.00
 Mixed / non conventional 36.00 38.00 43.00 45.00 580.53 0.2 0.00 23.2 -511.057 217.793 0.00 0.00 0.00 0.00 0.00
 Mixed / non conventional 36.00 38.00 45.00 47.00 940.97 0.2 0.00 9.7 -376.528 217.793 0.00 0.00 0.00 0.00 0.00
 Mixed / non conventional 36.00 39.00 42.00 45.00 625.18 0.1 0.00 -8.8 -808.103 73.094 0.00 0.00 0.00 0.00 0.00
 Mixed / non conventional 36.00 39.00 43.00 46.00 722.34 0.1 0.00 78.5 -801.937 108.508 0.00 0.00 0.00 0.00 0.00
 Mixed / non conventional 36.00 39.00 44.00 47.00 925.24 0.1 0.00 0.4 -799.731 132.755 0.00 0.00 0.00 0.00 0.00
 Mixed / non conventional 37.00 38.00 39.00 40.00 774.26 0.3 0.00 -663.2 -3666.991 89.274 0.00 0.00 0.00 0.00 0.00
 Mixed / non conventional 37.00 38.00 40.00 41.00 634.63 0.1 0.00 -24.6 -751.428 89.274 0.00 0.00 0.00 0.00 0.00
 Mixed / non conventional 37.00 38.00 41.00 42.00 640.01 0.1 0.00 -6.2 -644.888 189.933 0.00 0.00 0.00 0.00 0.00
 Mixed / non conventional 37.00 38.00 42.00 43.00 658.17 0.1 0.00 -31.5 -331.594 189.933 0.00 0.00 0.00 0.00 0.00
 Mixed / non conventional 37.00 38.00 43.00 44.00 631.19 0.1 0.00 32.0 -181.716 189.933 0.00 0.00 0.00 0.00 0.00
 Mixed / non conventional 37.00 38.00 44.00 45.00 810.86 0.1 0.00 -8.9 -145.901 189.933 0.00 0.00 0.00 0.00 0.00
 Mixed / non conventional 37.00 38.00 45.00 46.00 1090.52 0.1 0.00 55.8 -130.813 189.933 0.00 0.00 0.00 0.00 0.00
 Mixed / non conventional 37.00 38.00 46.00 47.00 1241.79 0.1 0.00 -46.3 -104.271 189.933 0.00 0.00 0.00 0.00 0.00
 Mixed / non conventional 37.00 39.00 41.00 43.00 616.07 0.0 0.00 -41.9 -3705.560 226.752 0.00 0.00 0.00 0.00 0.00
 Mixed / non conventional 37.00 39.00 43.00 45.00 710.80 0.0 0.00 21.2 -1068.822 226.752 0.00 0.00 0.00 0.00 0.00
 Mixed / non conventional 37.00 39.00 45.00 47.00 1204.81 0.0 0.00 8.0 -724.670 226.752 0.00 0.00 0.00 0.00 0.00
 Mixed / non conventional 37.00 39.00 42.00 44.00 645.07 0.1 0.00 -0.7 -1591.360 203.441 0.00 0.00 0.00 0.00 0.00
 Mixed / non conventional 37.00 39.00 44.00 46.00 950.98 0.1 0.00 45.5 -782.003 203.441 0.00 0.00 0.00 0.00 0.00
 Mixed / non conventional 37.00 40.00 43.00 46.00 759.05 0.1 0.00 78.8 -808.613 60.241 0.00 0.00 0.00 0.00 0.00
 Mixed / non conventional 37.00 40.00 44.00 47.00 1010.90 0.1 0.00 0.0 -801.082 77.452 0.00 0.00 0.00 0.00 0.00
 Mixed / non conventional 38.00 39.00 40.00 41.00 491.49 0.2 0.00 -514.9 -4819.898 184.852 0.00 0.00 0.00 0.00 0.00
 Mixed / non conventional 38.00 39.00 41.00 42.00 587.22 0.1 0.00 -10.3 -1439.667 184.852 0.00 0.00 0.00 0.00 0.00
 Mixed / non conventional 38.00 39.00 42.00 43.00 644.51 0.1 0.00 -32.7 -632.054 184.852 0.00 0.00 0.00 0.00 0.00
 Mixed / non conventional 38.00 39.00 43.00 44.00 642.38 0.1 0.00 31.4 -314.982 184.852 0.00 0.00 0.00 0.00 0.00
 Mixed / non conventional 38.00 39.00 44.00 45.00 848.67 0.1 0.00 -9.4 -237.790 184.852 0.00 0.00 0.00 0.00 0.00
 Mixed / non conventional 38.00 39.00 45.00 46.00 1163.60 0.1 0.00 55.3 -203.769 184.852 0.00 0.00 0.00 0.00 0.00
 Mixed / non conventional 38.00 39.00 46.00 47.00 1356.32 0.1 0.00 -46.7 -158.346 184.852 0.00 0.00 0.00 0.00 0.00
 Mixed / non conventional 38.00 40.00 42.00 44.00 584.34 0.0 0.00 2.1 -1979.731 127.724 0.00 0.00 0.00 0.00 0.00
 Mixed / non conventional 38.00 40.00 44.00 46.00 937.59 0.1 0.00 46.6 -794.135 127.724 0.00 0.00 0.00 0.00 0.00
 Mixed / non conventional 38.00 40.00 43.00 45.00 677.53 0.0 0.00 24.7 -1313.236 159.842 0.00 0.00 0.00 0.00 0.00
 Mixed / non conventional 38.00 40.00 45.00 47.00 1220.08 0.0 0.00 9.5 -788.277 159.842 0.00 0.00 0.00 0.00 0.00
 Mixed / non conventional 38.00 41.00 44.00 47.00 747.05 0.0 0.00 -0.4 -796.230 60.271 0.00 0.00 0.00 0.00 0.00
 Mixed / non conventional 39.00 40.00 41.00 42.00 463.03 0.1 0.00 -418.4 -5938.027 241.731 0.00 0.00 0.00 0.00 0.00
 Mixed / non conventional 39.00 40.00 42.00 43.00 549.42 0.1 0.00 -30.9 -1761.465 241.731 0.00 0.00 0.00 0.00 0.00
 Mixed / non conventional 39.00 40.00 43.00 44.00 584.18 0.1 0.00 32.3 -749.166 241.731 0.00 0.00 0.00 0.00 0.00
 Mixed / non conventional 39.00 40.00 44.00 45.00 802.29 0.1 0.00 -8.7 -514.439 241.731 0.00 0.00 0.00 0.00 0.00
 Mixed / non conventional 39.00 40.00 45.00 46.00 1124.54 0.1 0.00 55.7 -412.038 241.731 0.00 0.00 0.00 0.00 0.00
 Mixed / non conventional 39.00 40.00 46.00 47.00 1340.09 0.1 0.00 -46.3 -306.886 241.731 0.00 0.00 0.00 0.00 0.00
 Mixed / non conventional 39.00 41.00 43.00 45.00 420.22 0.1 0.00 26.7 -1571.695 141.000 0.00 0.00 0.00 0.00 0.00
 Mixed / non conventional 39.00 41.00 45.00 47.00 854.87 0.0 0.00 10.3 -799.328 141.000 0.00 0.00 0.00 0.00 0.00
 Mixed / non conventional 39.00 41.00 44.00 46.00 624.82 0.1 0.00 47.6 -799.602 105.535 0.00 0.00 0.00 0.00 0.00
 Mixed / non conventional 40.00 41.00 42.00 43.00 241.36 0.1 0.00 -32.9 -3672.969 286.852 0.00 0.00 0.00 0.00 0.00
 Mixed / non conventional 40.00 41.00 43.00 44.00 282.41 0.1 0.00 31.1 -1074.431 286.852 0.00 0.00 0.00 0.00 0.00
 Mixed / non conventional 40.00 41.00 44.00 45.00 409.80 0.1 0.00 -9.5 -623.635 286.852 0.00 0.00 0.00 0.00 0.00
 Mixed / non conventional 40.00 41.00 45.00 46.00 592.40 0.1 0.00 55.1 -450.752 286.852 0.00 0.00 0.00 0.00 0.00
 Mixed / non conventional 40.00 41.00 46.00 47.00 741.71 0.1 0.00 -46.7 -322.495 286.852 0.00 0.00 0.00 0.00 0.00
 Mixed / non conventional 40.00 42.00 44.00 46.00 372.82 0.1 0.00 47.6 -807.610 81.664 0.00 0.00 0.00 0.00 0.00
 Mixed / non conventional 40.00 42.00 45.00 47.00 535.82 0.1 0.00 9.8 -802.312 123.482 0.00 0.00 0.00 0.00 0.00
 Mixed / non conventional 41.00 42.00 43.00 44.00 177.29 0.1 0.00 32.2 -3401.688 361.674 0.00 0.00 0.00 0.00 0.00
 Mixed / non conventional 41.00 42.00 44.00 45.00 288.77 0.1 0.00 -9.5 -1385.207 361.674 0.00 0.00 0.00 0.00 0.00
 Mixed / non conventional 41.00 42.00 45.00 46.00 435.85 0.1 0.00 54.9 -836.280 361.674 0.00 0.00 0.00 0.00 0.00
 Mixed / non conventional 41.00 42.00 46.00 47.00 561.12 0.1 0.00 -46.7 -538.320 361.674 0.00 0.00 0.00 0.00 0.00
 Mixed / non conventional 41.00 43.00 45.00 47.00 400.48 0.0 0.00 9.6 -803.651 75.651 0.00 0.00 0.00 0.00 0.00
 Mixed / non conventional 42.00 43.00 44.00 45.00 200.53 0.0 0.00 -8.9 -3480.148 327.124 0.00 0.00 0.00 0.00 0.00
 Mixed / non conventional 42.00 43.00 45.00 46.00 332.64 0.0 0.00 54.6 -1443.182 327.124 0.00 0.00 0.00 0.00 0.00
 Mixed / non conventional 42.00 43.00 46.00 47.00 454.55 0.0 0.00 -46.9 -788.855 327.124 0.00 0.00 0.00 0.00 0.00
 Mixed / non conventional 43.00 44.00 45.00 46.00 209.82 0.1 0.00 49.7 -1935.919 173.914 0.00 0.00 0.00 0.00 0.00
 Mixed / non conventional 43.00 44.00 46.00 47.00 332.83 0.1 0.00 -49.5 -767.706 173.914 0.00 0.00 0.00 0.00 0.00
 Mixed / non conventional 44.00 45.00 46.00 47.00 291.37 0.1 0.00 -49.6 -790.830 51.161 0.00 0.00 0.00 0.00 0.00
